/* Generated by convert_portraits.py from the official card art. Do not edit. */
#ifndef COUP_ANIM_SPRITE_DATA_H
#define COUP_ANIM_SPRITE_DATA_H

#include <stdint.h>

static const uint8_t coup_animdata_duke_f00[3072] = {
    0xBC, 0x99, 0x9B, 0xEB, 0xBB, 0xB9, 0x99, 0x68, 0xCB, 0xBB, 0xB9, 0x96, 0x66, 0x66, 0x66, 0x66,
    0x66, 0x66, 0x66, 0x66, 0x63, 0x45, 0x56, 0x66, 0x66, 0x89, 0x99, 0x9B, 0xBB, 0xB9, 0xBB, 0x99,
    0xBB, 0x98, 0x9B, 0x69, 0x99, 0x99, 0x96, 0x7E, 0xCB, 0xBB, 0x99, 0xB9, 0x22, 0x22, 0x22, 0x22,
    0x22, 0x23, 0x22, 0x22, 0x16, 0x99, 0x99, 0x99, 0x99, 0xBB, 0xBB, 0xF9, 0x8E, 0xBB, 0xBB, 0x99,
    0xB9, 0x86, 0xB6, 0x9C, 0xCE, 0xCC, 0xB8, 0xBE, 0xBB, 0xBB, 0x99, 0x9B, 0x99, 0x88, 0x86, 0x68,
    0x75, 0x68, 0x87, 0x68, 0x7B, 0xB9, 0xBB, 0xBC, 0xCB, 0xBB, 0xBB, 0xB2, 0x3B, 0xBB, 0xCC, 0xB8,
    0x98, 0x6B, 0x69, 0xCB, 0xCB, 0xBB, 0x88, 0xBE, 0xBB, 0xBB, 0x99, 0x99, 0x99, 0x99, 0x98, 0x9B,
    0x96, 0x69, 0x99, 0x89, 0x99, 0x98, 0xBB, 0xBB, 0xBB, 0x99, 0xBE, 0x83, 0x39, 0xEE, 0xCE, 0x98,
    0x96, 0x96, 0x7C, 0xBB, 0xBB, 0xB9, 0x86, 0x9C, 0xBB, 0xBB, 0x78, 0x99, 0x88, 0x99, 0x88, 0x99,
    0x98, 0x68, 0x98, 0x88, 0x78, 0x98, 0xBB, 0xBB, 0xBB, 0x9E, 0xCE, 0x93, 0x3B, 0xFE, 0xFE, 0xB8,
    0x69, 0x85, 0xEB, 0xBB, 0xBB, 0xB9, 0x73, 0x9B, 0xBB, 0xB9, 0x58, 0x99, 0x88, 0x98, 0x68, 0x99,
    0x99, 0x88, 0x88, 0x86, 0x67, 0x86, 0xBB, 0xBB, 0xBB, 0xBB, 0x3E, 0xB2, 0x3B, 0xF3, 0xBF, 0xFB,
    0x89, 0x3B, 0xCB, 0xB9, 0xBB, 0xB7, 0x63, 0x8B, 0xB9, 0x98, 0x46, 0x88, 0x86, 0x67, 0x69, 0x89,
    0x98, 0x88, 0x76, 0x67, 0x78, 0x63, 0x9B, 0xBB, 0xEE, 0x92, 0x3E, 0xB2, 0x2B, 0xE2, 0x3E, 0xFF,
    0xB6, 0x8B, 0xBB, 0x99, 0x9B, 0x96, 0x42, 0x6B, 0x99, 0x99, 0x33, 0x88, 0x75, 0x67, 0x89, 0x9B,
    0x99, 0x88, 0x64, 0x56, 0x88, 0x33, 0x99, 0x9C, 0xFB, 0xB3, 0x2B, 0xB1, 0x19, 0x92, 0x6F, 0xFF,
    0x66, 0x9B, 0xBB, 0x99, 0x9B, 0x66, 0x62, 0x59, 0x99, 0x99, 0x52, 0x89, 0x66, 0x55, 0x9B, 0x99,
    0x99, 0x98, 0x66, 0x56, 0x86, 0x35, 0x98, 0x9F, 0xEB, 0xB6, 0x22, 0x33, 0x53, 0x22, 0x9F, 0xEF,
    0x69, 0x9B, 0xB9, 0x9B, 0x99, 0x69, 0x62, 0x39, 0x89, 0x99, 0x62, 0x78, 0x68, 0x75, 0x99, 0x99,
    0x99, 0x65, 0x57, 0x76, 0x65, 0x27, 0x98, 0xCF, 0xE9, 0xB5, 0x38, 0xBC, 0xEE, 0x93, 0x6F, 0xEE,
    0x88, 0x9B, 0xB9, 0x9B, 0x98, 0x8B, 0x83, 0x38, 0x87, 0x88, 0x75, 0x66, 0x79, 0x85, 0x36, 0x99,
    0x99, 0x53, 0x69, 0x96, 0x75, 0x49, 0x89, 0xEE, 0xCB, 0x52, 0xBC, 0x71, 0x1B, 0xCC, 0x26, 0xFE,
    0x68, 0xBB, 0xB9, 0x9B, 0x98, 0x9B, 0xB3, 0x36, 0x76, 0x99, 0x78, 0x76, 0x99, 0x96, 0x36, 0x68,
    0x88, 0x53, 0x88, 0x86, 0x67, 0x79, 0x8B, 0xCC, 0xC9, 0x29, 0xBB, 0x62, 0x1B, 0xBC, 0xB2, 0xBF,
    0x68, 0xBB, 0x99, 0x99, 0x88, 0x9B, 0xB5, 0x35, 0x68, 0x95, 0x46, 0x67, 0x99, 0x98, 0x33, 0x38,
    0x55, 0x33, 0x68, 0x87, 0x66, 0x54, 0x8E, 0xCB, 0xB5, 0x6B, 0x99, 0xB6, 0x2B, 0xBB, 0xB5, 0x5F,
    0x69, 0xCB, 0x98, 0x89, 0x77, 0xBB, 0x95, 0x35, 0x89, 0x32, 0x46, 0x68, 0x98, 0x85, 0x32, 0x79,
    0x85, 0x26, 0x88, 0x78, 0x67, 0x63, 0x5E, 0xCC, 0xC3, 0x9B, 0xB9, 0xB6, 0x29, 0xBB, 0x99, 0x3E,
    0x69, 0xCB, 0x87, 0x69, 0x76, 0xB9, 0x96, 0x46, 0x96, 0x25, 0x77, 0x89, 0x88, 0x64, 0x55, 0x98,
    0x86, 0x26, 0x87, 0x76, 0x76, 0x56, 0x8C, 0x72, 0x8B, 0xCB, 0xBB, 0xB6, 0x29, 0xB9, 0x9B, 0xB9,
    0x69, 0xCB, 0x86, 0x79, 0x76, 0xB8, 0x86, 0x58, 0x94, 0x47, 0x76, 0x77, 0x87, 0x55, 0x44, 0x77,
    0x86, 0x25, 0x87, 0x77, 0x66, 0x66, 0xBB, 0x96, 0x38, 0xCC, 0xCE, 0xC6, 0x29, 0xB9, 0x9E, 0x96,
    0x69, 0xC9, 0x76, 0x69, 0x46, 0xB8, 0x77, 0x67, 0x94, 0x66, 0x65, 0x64, 0x67, 0x64, 0x33, 0x67,
    0x83, 0x25, 0x67, 0x77, 0x66, 0x65, 0xBE, 0xCE, 0xFE, 0xCB, 0xCE, 0xE6, 0x29, 0x99, 0x9E, 0xFF,
    0x6B, 0xC8, 0x86, 0x69, 0x26, 0xB7, 0x77, 0x66, 0x83, 0x65, 0x46, 0x66, 0x56, 0x53, 0x53, 0x37,
    0x52, 0x34, 0x56, 0x77, 0x56, 0x75, 0xBF, 0xB8, 0x65, 0x6B, 0xBC, 0xE8, 0x39, 0x99, 0x95, 0x68,
    0x6C, 0xB8, 0x76, 0x78, 0x28, 0x98, 0x76, 0x76, 0x65, 0x65, 0x56, 0x76, 0x63, 0x22, 0x34, 0x23,
    0x24, 0x65, 0x46, 0x76, 0x56, 0x65, 0xBF, 0x63, 0x33, 0x6B, 0xBB, 0xEB, 0xB9, 0x9B, 0xB3, 0x33,
    0x6B, 0xB8, 0x86, 0x76, 0x18, 0x99, 0x86, 0x87, 0x65, 0x66, 0x56, 0x66, 0x52, 0x22, 0x23, 0x21,
    0x26, 0x66, 0x65, 0x75, 0x46, 0x63, 0x8E, 0x66, 0x36, 0xBB, 0xB9, 0x33, 0x55, 0x85, 0x8B, 0x36,
    0x6B, 0xB7, 0x87, 0x75, 0x18, 0x98, 0x76, 0x99, 0x77, 0x65, 0x56, 0x66, 0x53, 0x55, 0x42, 0x21,
    0x36, 0x65, 0x66, 0x64, 0x46, 0x52, 0x7C, 0xCC, 0xCC, 0xBB, 0xC3, 0x66, 0x93, 0x63, 0xBC, 0xCE,
    0x6B, 0x98, 0x97, 0x74, 0x18, 0x98, 0x57, 0x99, 0x44, 0x64, 0x35, 0x66, 0x55, 0x64, 0x32, 0x37,
    0xBE, 0xEB, 0x96, 0x53, 0x46, 0x31, 0x6E, 0xCC, 0x99, 0xB6, 0x63, 0x67, 0x96, 0x36, 0xCB, 0xB9,
    0x6B, 0x98, 0x97, 0x83, 0x28, 0x87, 0x47, 0x99, 0x32, 0x64, 0x24, 0x65, 0x55, 0x54, 0x46, 0xEF,
    0xFF, 0xFF, 0xFE, 0x63, 0x45, 0x32, 0x5B, 0xCB, 0x56, 0xC3, 0x38, 0x33, 0x35, 0x36, 0xBC, 0x66,
    0x6B, 0x99, 0x97, 0x73, 0x28, 0x72, 0x43, 0x55, 0x32, 0x43, 0x23, 0x65, 0x45, 0x43, 0x5B, 0xFE,
    0xEE, 0xFF, 0xFF, 0x93, 0x54, 0x32, 0x49, 0xB9, 0x83, 0xEB, 0x99, 0xE9, 0x33, 0x63, 0xBB, 0x6B,
    0x6B, 0x99, 0x97, 0x62, 0x28, 0x62, 0x84, 0x36, 0x31, 0x44, 0x23, 0x55, 0x44, 0x32, 0x44, 0x8F,
    0xCC, 0xEE, 0xFF, 0xC3, 0x44, 0x32, 0x45, 0x9B, 0xB3, 0x9E, 0xB5, 0x32, 0x33, 0x96, 0x89, 0x3E,
    0x6B, 0x99, 0x97, 0x71, 0x37, 0x55, 0x97, 0x37, 0x51, 0x33, 0x23, 0x55, 0x44, 0x22, 0x44, 0x2B,
    0xFE, 0xFF, 0xFF, 0xE8, 0x43, 0x22, 0x43, 0x4B, 0xB9, 0x5C, 0xB9, 0x99, 0x89, 0xBB, 0xB5, 0x9E,
    0x69, 0x9B, 0x98, 0x72, 0x35, 0x47, 0xB8, 0x56, 0x52, 0x43, 0x23, 0x44, 0x42, 0x44, 0x42, 0x24,
    0xFF, 0xFF, 0xFF, 0xE8, 0x72, 0x22, 0x43, 0x19, 0xBE, 0x96, 0xBB, 0xE9, 0x7B, 0xBB, 0x56, 0xFE,
    0x69, 0xBB, 0x98, 0x72, 0x46, 0x58, 0x88, 0x55, 0x62, 0x33, 0x23, 0x42, 0x24, 0x42, 0x22, 0x22,
    0x7C, 0x86, 0x9F, 0xB7, 0x95, 0x22, 0x42, 0x25, 0xBE, 0x96, 0x37, 0xC3, 0x3B, 0x82, 0x3B, 0xEE,
    0x69, 0xBB, 0x98, 0x72, 0x56, 0x69, 0x78, 0x63, 0x73, 0x23, 0x22, 0x21, 0x24, 0x42, 0x21, 0x11,
    0x11, 0x23, 0x64, 0x47, 0x89, 0x41, 0x33, 0x24, 0x5C, 0xBB, 0x89, 0xC3, 0x3B, 0x96, 0xBB, 0xBC,
    0x69, 0xBB, 0x99, 0x62, 0x55, 0x79, 0x78, 0x74, 0x64, 0x24, 0x32, 0x22, 0x44, 0x22, 0x21, 0x11,
    0x22, 0x23, 0x34, 0x45, 0x78, 0x92, 0x23, 0x24, 0x46, 0xBB, 0xCC, 0xE6, 0x3B, 0xEC, 0xB9, 0x9B,
    0x69, 0xCB, 0x99, 0x73, 0x55, 0x99, 0x77, 0x85, 0x54, 0x34, 0x22, 0x24, 0x42, 0x22, 0x11, 0x11,
    0x11, 0x22, 0x23, 0x34, 0x78, 0x97, 0x12, 0x34, 0x57, 0x57, 0xBC, 0xFB, 0x9B, 0xB9, 0x89, 0x9B,
    0x69, 0xCB, 0x99, 0x73, 0x54, 0x98, 0x76, 0x86, 0x55, 0x33, 0x22, 0x24, 0x22, 0x11, 0x11, 0x11,
    0x11, 0x22, 0x13, 0x23, 0x57, 0x89, 0x42, 0x34, 0x45, 0x44, 0x58, 0x97, 0x25, 0x88, 0x89, 0x9B,
    0x6B, 0xCB, 0x99, 0x74, 0x44, 0x77, 0x76, 0x76, 0x44, 0x42, 0x22, 0x44, 0x22, 0x11, 0x11, 0x11,
    0x11, 0x23, 0x35, 0x23, 0x56, 0x89, 0x71, 0x34, 0x44, 0x45, 0x57, 0x84, 0x25, 0x88, 0x89, 0xBB,
    0x6B, 0xCB, 0xB9, 0x94, 0x36, 0x98, 0x87, 0x77, 0x43, 0x22, 0x23, 0x44, 0x22, 0x11, 0x11, 0x11,
    0x11, 0x22, 0x23, 0x32, 0x45, 0x79, 0x92, 0x22, 0x44, 0x55, 0x77, 0x84, 0x37, 0x99, 0x89, 0x9B,
    0x6B, 0xCB, 0xB9, 0x94, 0x25, 0x97, 0x88, 0x68, 0x32, 0x12, 0x23, 0x42, 0x21, 0x11, 0x11, 0x11,
    0x11, 0x22, 0x13, 0x33, 0x35, 0x79, 0x93, 0x11, 0x45, 0x55, 0x77, 0x73, 0x37, 0xB9, 0x89, 0xBB,
    0x37, 0xCB, 0xBB, 0x94, 0x25, 0x97, 0x78, 0x67, 0x32, 0x12, 0x22, 0x42, 0x11, 0x11, 0x11, 0x11,
    0x11, 0x11, 0x13, 0x35, 0x23, 0x79, 0x94, 0x11, 0x45, 0x55, 0x77, 0x63, 0x27, 0x99, 0x99, 0xBB,
    0x32, 0x9B, 0x9B, 0x84, 0x26, 0x98, 0x78, 0x76, 0x31, 0x22, 0x12, 0x41, 0x11, 0x11, 0x11, 0x11,
    0x11, 0x11, 0x22, 0x36, 0x33, 0x58, 0x97, 0x11, 0x45, 0x54, 0x57, 0x62, 0x26, 0x89, 0x98, 0x9B,
    0x31, 0x4B, 0x99, 0x84, 0x36, 0x87, 0x68, 0x75, 0x22, 0x22, 0x12, 0x31, 0x11, 0x11, 0x11, 0x11,
    0x22, 0x11, 0x33, 0x36, 0x44, 0x57, 0x97, 0x11, 0x44, 0x54, 0x55, 0x63, 0x26, 0x88, 0x98, 0x97,
    0x31, 0x38, 0xB9, 0x85, 0x35, 0x87, 0x78, 0x75, 0x22, 0x21, 0x24, 0x21, 0x11, 0x11, 0x11, 0x11,
    0x22, 0x13, 0x63, 0x36, 0x54, 0x57, 0x88, 0x21, 0x24, 0x44, 0x55, 0x54, 0x36, 0x77, 0x99, 0x84,
    0x32, 0x36, 0x99, 0x85, 0x45, 0x77, 0x67, 0x74, 0x22, 0x22, 0xC7, 0x21, 0x11, 0x11, 0x11, 0x11,
    0x22, 0x33, 0x33, 0x66, 0x54, 0x57, 0x89, 0xA1, 0x24, 0x43, 0x44, 0x53, 0x35, 0x77, 0x89, 0x73,
    0x33, 0x35, 0x99, 0x84, 0x47, 0x77, 0x57, 0x74, 0x22, 0x2A, 0xD7, 0x21, 0x11, 0x11, 0x11, 0x11,
    0x36, 0x33, 0x36, 0x66, 0x44, 0x57, 0x99, 0xD5, 0x24, 0x42, 0x44, 0x54, 0x35, 0x65, 0x89, 0x53,
    0x33, 0x45, 0x89, 0x74, 0x47, 0x75, 0x57, 0x54, 0x22, 0xAB, 0xD7, 0x22, 0x11, 0x11, 0x11, 0x11,
    0x16, 0x65, 0x36, 0x96, 0x24, 0x47, 0x99, 0xDC, 0x44, 0x42, 0x44, 0x44, 0x35, 0x55, 0x88, 0x55,
    0x34, 0x55, 0x89, 0x74, 0x47, 0x55, 0x57, 0x53, 0x25, 0xCA, 0xDA, 0x32, 0x11, 0x11, 0x11, 0x11,
    0x12, 0x89, 0x69, 0x82, 0x32, 0x37, 0x89, 0xDD, 0xA4, 0x42, 0x43, 0x44, 0x35, 0x55, 0x87, 0x55,
    0x35, 0x66, 0x89, 0x64, 0x46, 0x55, 0x47, 0x43, 0x3A, 0xBB, 0x27, 0x52, 0x11, 0x11, 0x2B, 0xB5,
    0x21, 0x24, 0x44, 0x12, 0x23, 0x57, 0x8B, 0xEC, 0xC4, 0x22, 0x32, 0x44, 0x24, 0x55, 0x87, 0x45,
    0x34, 0x78, 0x88, 0x64, 0x47, 0x74, 0x45, 0x42, 0x7B, 0xA7, 0x52, 0x62, 0x11, 0x11, 0x59, 0xFF,
    0xC6, 0x42, 0x22, 0x58, 0xCE, 0xB7, 0x8C, 0xAC, 0xC7, 0x22, 0x22, 0x43, 0x24, 0x55, 0x75, 0x56,
    0x35, 0x78, 0x88, 0x54, 0x45, 0x75, 0x44, 0x22, 0xAA, 0xAA, 0xA4, 0x43, 0x11, 0x22, 0x41, 0x16,
    0xCC, 0x75, 0x57, 0xEF, 0xCB, 0xB8, 0x8B, 0x7C, 0xCB, 0x22, 0x22, 0x22, 0x24, 0x45, 0x56, 0x77,
    0x55, 0x68, 0x98, 0x53, 0x45, 0x57, 0x43, 0x12, 0xAA, 0xA8, 0x33, 0x43, 0x11, 0x26, 0x74, 0x47,
    0x99, 0x76, 0x7B, 0xB4, 0x14, 0x99, 0x9B, 0xED, 0xDC, 0x21, 0x22, 0x23, 0x23, 0x57, 0x77, 0x87,
    0x33, 0x57, 0x7B, 0x73, 0x45, 0x75, 0x43, 0x25, 0xAA, 0xAA, 0x17, 0x72, 0x11, 0x14, 0x9E, 0xE4,
    0xCB, 0x31, 0x4B, 0xBC, 0xC9, 0xB9, 0x8C, 0xCD, 0xDD, 0x51, 0x22, 0x44, 0x24, 0x57, 0x87, 0x75,
    0x32, 0x56, 0x79, 0x73, 0x45, 0x54, 0x34, 0x37, 0xCA, 0xAA, 0x2B, 0x62, 0x21, 0x11, 0x12, 0x44,
    0x94, 0x11, 0x49, 0x9E, 0x87, 0xE6, 0x8C, 0xAE, 0xDD, 0xA1, 0x24, 0x33, 0x24, 0x45, 0x87, 0x75,
    0x31, 0x45, 0x79, 0x64, 0x57, 0x54, 0x22, 0x4A, 0xAA, 0xAD, 0x36, 0x33, 0x21, 0x11, 0x11, 0x38,
    0x41, 0x21, 0x38, 0x67, 0x45, 0x86, 0x9C, 0xBE, 0xDD, 0xC2, 0x24, 0x43, 0x23, 0x45, 0x77, 0x55,
    0x31, 0x46, 0x88, 0x54, 0x55, 0x54, 0x32, 0x5A, 0xAA, 0xAE, 0x53, 0x74, 0x31, 0x11, 0x11, 0x12,
    0x11, 0x11, 0x27, 0x55, 0x33, 0x37, 0xBC, 0xAE, 0xDD, 0xD2, 0x14, 0x42, 0x24, 0x45, 0x77, 0x65,
    0x32, 0x56, 0x88, 0x64, 0x45, 0x54, 0x32, 0x5C, 0xAA, 0xAD, 0xA1, 0x66, 0x31, 0x11, 0x11, 0x11,
    0x11, 0x11, 0x27, 0x63, 0x21, 0x15, 0xCC, 0xCE, 0xDD, 0xE4, 0x12, 0x22, 0x24, 0x45, 0x58, 0x55,
    0x32, 0x46, 0x98, 0x74, 0x47, 0x54, 0x32, 0x6C, 0xAA, 0xAD, 0xD1, 0x26, 0x52, 0x11, 0x11, 0x11,
    0x11, 0x21, 0x27, 0x63, 0x21, 0x25, 0xB9, 0xEE, 0xEE, 0xE5, 0x12, 0x42, 0x24, 0x55, 0x58, 0x55,
    0x33, 0x56, 0x87, 0x74, 0x45, 0x53, 0x42, 0x7A, 0xAA, 0xAA, 0xE4, 0x15, 0x52, 0x11, 0x11, 0x11,
    0x23, 0x21, 0x27, 0x52, 0x22, 0x37, 0xB8, 0xEE, 0xEE, 0xE7, 0x12, 0x22, 0x24, 0x55, 0x57, 0x55,
    0x36, 0x56, 0x87, 0x74, 0x45, 0x53, 0x22, 0xAA, 0xA7, 0xAA, 0xCB, 0xB8, 0x44, 0x21, 0x11, 0x11,
    0x62, 0x11, 0x15, 0x62, 0x22, 0x39, 0xBA, 0xEE, 0xEF, 0xF8, 0x12, 0x22, 0x24, 0x45, 0x57, 0x55,
    0x35, 0x56, 0x77, 0x74, 0x45, 0x53, 0x22, 0xAA, 0xA7, 0xAA, 0xCB, 0xFB, 0x44, 0x21, 0x11, 0x13,
    0x61, 0x11, 0x23, 0x63, 0x22, 0x5B, 0xEF, 0xEE, 0xEF, 0xFA, 0x12, 0x22, 0x24, 0x45, 0x57, 0x55,
    0x34, 0x55, 0x77, 0x74, 0x44, 0x44, 0x22, 0xAA, 0xAA, 0xAD, 0xDC, 0xEE, 0x44, 0x21, 0x11, 0x24,
    0x3B, 0x93, 0x6B, 0x94, 0x22, 0x69, 0xFE, 0xEE, 0xEE, 0xFA, 0x12, 0x22, 0x24, 0x45, 0x55, 0x55,
    0x34, 0x55, 0x67, 0x74, 0x45, 0x44, 0x23, 0xAC, 0xAA, 0xAA, 0xDD, 0xEE, 0x43, 0x21, 0x11, 0x22,
    0x16, 0x9B, 0xEC, 0x74, 0x33, 0x79, 0xFE, 0xEE, 0xEE, 0xFA, 0x12, 0x22, 0x24, 0x57, 0x55, 0x55,
    0x33, 0x56, 0x67, 0x74, 0x47, 0x43, 0x24, 0xCC, 0xAA, 0xAA, 0xAD, 0xEE, 0x52, 0x21, 0x11, 0x21,
    0x12, 0x27, 0x87, 0x43, 0x35, 0x7B, 0xFE, 0xEE, 0xEE, 0xFA, 0x12, 0x22, 0x24, 0x57, 0x55, 0x55,
    0x33, 0x56, 0x57, 0x74, 0x45, 0x43, 0x24, 0xBC, 0xAA, 0xAA, 0xAD, 0xEF, 0x82, 0x22, 0x11, 0x11,
    0x11, 0x13, 0x25, 0x44, 0x36, 0x8C, 0xFE, 0xEE, 0xDE, 0xEB, 0x21, 0x24, 0x24, 0x55, 0x55, 0x55,
    0x35, 0x55, 0x57, 0x74, 0x47, 0x44, 0x23, 0xCA, 0xAA, 0x7A, 0xAA, 0xDF, 0xB3, 0x32, 0x11, 0x12,
    0x12, 0x54, 0x75, 0x34, 0x47, 0x8E, 0xFE, 0xEE, 0xDE, 0xEE, 0xA1, 0x24, 0x34, 0x55, 0x54, 0x55,
    0x57, 0x86, 0x55, 0x44, 0x45, 0x42, 0x22, 0xAA, 0xAA, 0xAA, 0xAA, 0xDE, 0xF6, 0x32, 0x21, 0x28,
    0x9C, 0xEE, 0xFB, 0x95, 0x47, 0x9F, 0xFE, 0xEE, 0xDD, 0xDE, 0xE4, 0x24, 0x34, 0x55, 0x55, 0x57,
    0x66, 0x99, 0x64, 0x44, 0x44, 0x42, 0x27, 0xBA, 0xAA, 0x7A, 0xAA, 0xDE, 0xFB, 0x43, 0x32, 0x44,
    0x55, 0x59, 0x8A, 0x86, 0x58, 0xCF, 0xFE, 0xED, 0xEE, 0xDE, 0xF7, 0x23, 0x42, 0x34, 0x45, 0x89,
    0x66, 0x8A, 0x84, 0x34, 0x44, 0x22, 0xAF, 0xCA, 0xAA, 0x7A, 0xAA, 0xDE, 0xFE, 0x74, 0x43, 0x31,
    0x25, 0x78, 0x75, 0x35, 0x79, 0xFF, 0xFE, 0xEE, 0xEE, 0xDF, 0xEA, 0x22, 0x43, 0x22, 0x47, 0x89,
    0x66, 0x89, 0x85, 0x45, 0x44, 0x27, 0xDF, 0xCA, 0xAA, 0x77, 0xAA, 0xDE, 0xEE, 0x96, 0x54, 0x43,
    0x35, 0xEF, 0x95, 0x57, 0x8E, 0xFF, 0xFE, 0xEE, 0xFE, 0xEF, 0xEC, 0x42, 0x43, 0x24, 0x77, 0x89,
    0x66, 0x89, 0x87, 0x45, 0x43, 0x4A, 0xCE, 0xEA, 0xAA, 0xA7, 0xAA, 0xAC, 0xEF, 0xB9, 0x75, 0x33,
    0x22, 0x8E, 0x45, 0x78, 0xBF, 0xFF, 0xFE, 0xEE, 0xFE, 0xEF, 0xEE, 0x42, 0x42, 0x47, 0x88, 0x77,
    0x65, 0x79, 0x88, 0x55, 0x54, 0x8C, 0xBE, 0xEA, 0xAA, 0xA7, 0x7A, 0xAC, 0xDE, 0xC9, 0x98, 0x41,
    0x11, 0x26, 0x24, 0x79, 0xFF, 0xFF, 0xEE, 0xEF, 0xFE, 0xEF, 0xEF, 0xB7, 0x44, 0x57, 0x79, 0x76,
    0x56, 0x78, 0x9A, 0x55, 0x45, 0xAC, 0xDE, 0xFC, 0xAA, 0xA7, 0x5A, 0xCD, 0xDE, 0xE8, 0x9C, 0x72,
    0x11, 0x22, 0x35, 0x8E, 0xFF, 0xFF, 0xEE, 0xEF, 0xFE, 0xEE, 0xEF, 0xFE, 0xB8, 0x75, 0x78, 0x77,
    0x37, 0x77, 0x88, 0x75, 0x57, 0xCC, 0xDD, 0xFE, 0xAA, 0xA7, 0x8A, 0xAA, 0xDD, 0xEB, 0x69, 0xC5,
    0x44, 0x55, 0x78, 0xCF, 0xFF, 0xFE, 0xED, 0xEF, 0xFE, 0xEE, 0xDF, 0xFF, 0xFB, 0xA7, 0x77, 0x75,
    0x38, 0x77, 0x58, 0x85, 0x57, 0xCD, 0xDD, 0xEF, 0xDA, 0xAA, 0xAA, 0xAA, 0xDD, 0xEE, 0x85, 0xBC,
    0x99, 0x99, 0xBE, 0xFE, 0xFF, 0xFF, 0xEE, 0xEF, 0xFE, 0xEE, 0xEF, 0xFF, 0xEE, 0xCC, 0x75, 0x55,
    0x57, 0x57, 0x7A, 0x97, 0x55, 0xBD, 0xDD, 0xDE, 0xEC, 0xAA, 0xAA, 0xAA, 0xCD, 0xDD, 0xC5, 0x6C,
    0xFF, 0xEF, 0xFF, 0xEF, 0xFF, 0xFE, 0xEE, 0xEE, 0xFE, 0xEE, 0xEF, 0xFF, 0xEE, 0xDE, 0xB7, 0x85,
    0x35, 0x79, 0xA8, 0x87, 0x44, 0xBE, 0xDA, 0xCE, 0xEC, 0xCA, 0xAA, 0xAA, 0xAA, 0xDD, 0xE9, 0x47,
    0xBC, 0xEF, 0xFC, 0xCF, 0xFF, 0xEE, 0xEE, 0xFE, 0xEE, 0xFF, 0xEF, 0xFE, 0xEE, 0xEE, 0xE9, 0x97,
    0x69, 0x88, 0x97, 0x77, 0x79, 0xFE, 0xDA, 0xAD, 0xEE, 0xDA, 0xAA, 0xAA, 0xAA, 0xDD, 0xCD, 0x85,
    0x79, 0xBC, 0xEC, 0xFF, 0xFE, 0xEE, 0xEE, 0xEE, 0xEE, 0xFF, 0xFF, 0xFF, 0xED, 0xDE, 0xE9, 0x88,
    0x69, 0xB7, 0x88, 0xAC, 0xDE, 0xFF, 0xDA, 0xAA, 0xDF, 0xDD, 0xAA, 0xAA, 0xAA, 0xDA, 0xAA, 0xDA,
    0x79, 0xBC, 0xEF, 0xFF, 0xEE, 0xED, 0xEE, 0xEE, 0xEF, 0xFF, 0xFF, 0xFF, 0xED, 0xFE, 0xEA, 0x78,
    0x89, 0x97, 0x7A, 0xAD, 0xEF, 0xFF, 0xDA, 0xAA, 0xAE, 0xED, 0xAA, 0xAA, 0xAA, 0xAA, 0xAA, 0xDD,
    0xCC, 0xEE, 0xFF, 0xEE, 0xEE, 0xDD, 0xDE, 0xEE, 0xEF, 0xFF, 0xFF, 0xFE, 0xDD, 0xEF, 0xFB, 0x6A,
    0x89, 0x67, 0xAA, 0xDF, 0xEE, 0xEF, 0xED, 0xAA, 0xAC, 0xFD, 0xAA, 0xAA, 0xAA, 0x77, 0xAA, 0xAA,
    0xDD, 0xEE, 0xCB, 0xCD, 0xDD, 0xDD, 0xDD, 0xEE, 0xEF, 0xFF, 0xFF, 0xFE, 0xDD, 0xDE, 0xFB, 0x7B,
    0x99, 0x88, 0xAC, 0xEC, 0xAA, 0xDE, 0xFD, 0xAA, 0x8A, 0xEE, 0xDC, 0xAA, 0xAA, 0x77, 0xAD, 0xCA,
    0xDD, 0xDD, 0xDA, 0xAD, 0xDD, 0xDD, 0xCD, 0xEE, 0xFF, 0xFF, 0xFF, 0xFE, 0xDD, 0xDD, 0xFB, 0x7B,
    0x99, 0x8A, 0xDE, 0xAA, 0xAA, 0xDD, 0xFE, 0xCA, 0xAC, 0xEF, 0xEC, 0xCA, 0xAA, 0x78, 0xAD, 0xCC,
    0xDD, 0xDD, 0xDA, 0xAA, 0xCD, 0xDC, 0xCD, 0xEE, 0xFF, 0xFF, 0xFF, 0xFE, 0xDC, 0xDD, 0xEC, 0x79,
    0xE8, 0x8A, 0xED, 0x77, 0xAA, 0xDD, 0xEF, 0xEC, 0xCD, 0xDE, 0xED, 0xCC, 0xAA, 0xAA, 0xAA, 0xCD,
    0xDD, 0xDD, 0xDC, 0xAA, 0xBC, 0xCC, 0xDE, 0xEF, 0xFF, 0xFF, 0xFF, 0xFE, 0xDA, 0xDD, 0xEB, 0x78,
    0xB8, 0xAA, 0xFA, 0xA7, 0x7A, 0xAD, 0xDF, 0xFD, 0xDD, 0xDD, 0xDE, 0xDD, 0xCB, 0xAA, 0xAA, 0xAC,
    0xCD, 0xDD, 0xDD, 0xAA, 0xBC, 0xCC, 0xDE, 0xFF, 0xFF, 0xFF, 0xFF, 0xFE, 0xEE, 0xDD, 0xFC, 0x58,
    0xB8, 0xAC, 0xFA, 0xA7, 0x4A, 0xDE, 0xEF, 0xFE, 0xDD, 0xCC, 0xDE, 0xED, 0xDC, 0xAC, 0xBA, 0xCC,
    0xCC, 0xCC, 0xDD, 0xAA, 0xBC, 0xCC, 0xEF, 0xFF, 0xFF, 0xFF, 0xFF, 0xFF, 0xCE, 0xFE, 0xEE, 0x77,
    0xB8, 0xAE, 0xFA, 0xAA, 0xAD, 0xFF, 0xEF, 0xFF, 0xED, 0xCC, 0xDD, 0xEE, 0xED, 0xDC, 0xCB, 0xBC,
    0xCC, 0xCC, 0xCC, 0xAA, 0xCC, 0xDE, 0xFF, 0xFF, 0xFF, 0xFF, 0xFF, 0xFD, 0xCC, 0xEF, 0xEF, 0x97,
    0xB7, 0x9E, 0xFD, 0xAA, 0xDB, 0xAA, 0xDD, 0xFF, 0xFD, 0xDA, 0xCC, 0xDE, 0xFE, 0xDD, 0xCC, 0xCC,
    0xCC, 0xCC, 0xCC, 0xCC, 0xCD, 0xEE, 0xFF, 0xFF, 0xFF, 0xFF, 0xFF, 0xFD, 0xAA, 0xDF, 0xFF, 0xB5,
    0xB6, 0xBF, 0xFD, 0xDD, 0xEA, 0x7A, 0xAD, 0xEF, 0xFE, 0xDC, 0xAC, 0xDE, 0xEF, 0xED, 0xDD, 0xDD,
    0xDC, 0xDC, 0xCD, 0xDC, 0xCE, 0xEF, 0xFF, 0xFF, 0xFF, 0xFF, 0xFF, 0xFD, 0xAA, 0xDE, 0xFF, 0xC5,
    0xB5, 0x9F, 0xFE, 0xDF, 0xD7, 0x7A, 0xAD, 0xEF, 0xFF, 0xED, 0xCA, 0xCD, 0xEE, 0xEE, 0xED, 0xDD,
    0xDD, 0xDD, 0xDE, 0xEE, 0xEE, 0xFF, 0xFF, 0xFF, 0xFF, 0xFF, 0xFF, 0xFD, 0xAD, 0xDE, 0xFF, 0xE7,
    0xB5, 0x9F, 0xFE, 0xFF, 0xAA, 0x77, 0xAD, 0xDF, 0xFF, 0xFE, 0xDC, 0xCC, 0xCC, 0xDE, 0xFE, 0xED,
    0xEE, 0xEE, 0xEE, 0xEE, 0xEF, 0xFF, 0xFF, 0xFF, 0xFF, 0xFF, 0xFF, 0xFD, 0xDD, 0xDE, 0xFF, 0xFB,
    0x95, 0xBF, 0xFF, 0xFF, 0xAA, 0xA7, 0xAA, 0xDE, 0xFF, 0xFF, 0xED, 0xCC, 0xBA, 0xCE, 0xEF, 0xEE,
    0xEE, 0xEE, 0xEE, 0xEE, 0xEF, 0xFF, 0xFF, 0xFF, 0xFF, 0xFF, 0xFF, 0xFD, 0xDD, 0xDE, 0xFF, 0xFC,
    0x95, 0xEF, 0xFF, 0xFF, 0xDA, 0xA7, 0xAD, 0xEF, 0xFF, 0xFF, 0xFE, 0xDC, 0xBA, 0xCD, 0xEE, 0xEF,
    0xFF, 0xFE, 0xEF, 0xFF, 0xFF, 0xFF, 0xFF, 0xFF, 0xFF, 0xFF, 0xFF, 0xFD, 0xDD, 0xDF, 0xFF, 0xEE,
    0x87, 0xEF, 0xFF, 0xFF, 0xDD, 0xAD, 0xCE, 0xEF, 0xFF, 0xFF, 0xFF, 0xED, 0xCA, 0xCD, 0xEE, 0xEE,
    0xFF, 0xFF, 0xFF, 0xFF, 0xFF, 0xFF, 0xFF, 0xFF, 0xFF, 0xFF, 0xFF, 0xFD, 0xDE, 0xEF, 0xFE, 0xEE,
    0x6B, 0xBE, 0xCF, 0xFF, 0xED, 0xDE, 0xAA, 0xAD, 0xFF, 0xFF, 0xFF, 0xFE, 0xDC, 0xCD, 0xDD, 0xEE,
    0xEE, 0xFF, 0xFF, 0xFF, 0xFF, 0xFF, 0xFF, 0xFF, 0xFF, 0xFF, 0xEF, 0xFD, 0xDE, 0xEF, 0xFC, 0xDC,
    0x6B, 0x9C, 0x9F, 0xFF, 0xEE, 0xFD, 0xAA, 0xAD, 0xFF, 0xFF, 0xFF, 0xFF, 0xEE, 0xDC, 0xCC, 0xDD,
    0xEE, 0xEE, 0xFF, 0xFF, 0xFF, 0xFF, 0xFF, 0xFF, 0xFF, 0xFE, 0xEF, 0xFD, 0xDE, 0xFF, 0xFB, 0xCB,
    0x69, 0x89, 0x6F, 0xFF, 0xFE, 0xFA, 0xAA, 0xAD, 0xEF, 0xEF, 0xFF, 0xFF, 0xFF, 0xEE, 0xDD, 0xCC,
    0xCD, 0xDD, 0xDD, 0xDD, 0xEE, 0xFF, 0xFF, 0xFF, 0xFF, 0xEE, 0xEF, 0xFE, 0xEF, 0xFF, 0xF9, 0xBE,
    0x69, 0x98, 0x3E, 0xCF, 0xFF, 0xFD, 0xAA, 0xAD, 0xEF, 0xEE, 0xEF, 0xFF, 0xFF, 0xFE, 0xEE, 0xDD,
    0xCC, 0xCC, 0xDD, 0xCC, 0xEF, 0xFF, 0xFF, 0xFF, 0xFE, 0xDE, 0xDE, 0xFF, 0xFF, 0xFF, 0xF9, 0x9E,
    0x69, 0xB6, 0x3C, 0x8F, 0xFF, 0xFD, 0xDA, 0xAD, 0xDF, 0xDD, 0xDE, 0xFF, 0xFF, 0xFF, 0xFE, 0xEE,
    0xED, 0xDD, 0xDD, 0xDE, 0xFF, 0xFF, 0xFF, 0xFF, 0xEE, 0xDD, 0xCE, 0xFF, 0xFF, 0xFE, 0xCA, 0x6F,
    0x66, 0xB5, 0x5A, 0x6C, 0xFF, 0xFE, 0xDD, 0xAD, 0xDF, 0xDC, 0xDC, 0xEF, 0xFF, 0xFF, 0xFF, 0xFE,
    0xEE, 0xEE, 0xEE, 0xFF, 0xFF, 0xFF, 0xFF, 0xFF, 0xEE, 0xDC, 0xBE, 0xFE, 0xEF, 0xFB, 0x9B, 0x6E,
    0x69, 0xC3, 0x6A, 0x5B, 0xFF, 0xFE, 0xDD, 0xDD, 0xDF, 0xDC, 0xAA, 0xCD, 0xEF, 0xFF, 0xFF, 0xFF,
    0xFF, 0xFF, 0xFF, 0xFF, 0xFF, 0xFF, 0xFF, 0xFE, 0xDD, 0xBC, 0xBE, 0xFE, 0xCE, 0xFB, 0x9C, 0x8F,
};

static const uint8_t coup_animdata_duke_f01[3072] = {
    0xCB, 0x99, 0xBB, 0x99, 0x99, 0x99, 0x96, 0x6E, 0xCB, 0xBB, 0x99, 0x96, 0x33, 0x33, 0x33, 0x33,
    0x33, 0x33, 0x33, 0x33, 0x33, 0x66, 0x66, 0x66, 0x66, 0x9B, 0xBB, 0xCC, 0xBC, 0xCB, 0xBB, 0xB9,
    0xB9, 0x88, 0xB5, 0x9B, 0xBB, 0xBB, 0x97, 0xBE, 0xCB, 0xBB, 0x99, 0xBB, 0x53, 0x33, 0x33, 0x23,
    0x32, 0x33, 0x33, 0x33, 0x38, 0xB9, 0xBB, 0xBB, 0xBB, 0xBB, 0xBB, 0xCB, 0x2B, 0xBB, 0xBC, 0xB9,
    0x98, 0x6B, 0x69, 0xCC, 0xEC, 0xBB, 0x99, 0xCC, 0xBB, 0xBB, 0x99, 0x99, 0xBB, 0x99, 0x98, 0x9B,
    0x96, 0x79, 0x99, 0x89, 0x99, 0xB9, 0xBB, 0xBB, 0xBB, 0xBB, 0x9B, 0xB3, 0x23, 0xCB, 0xBE, 0xB9,
    0x86, 0x96, 0x7C, 0xBB, 0xBB, 0xB9, 0x87, 0xBC, 0xBB, 0xBB, 0x89, 0x99, 0x98, 0x99, 0x98, 0x99,
    0x98, 0x68, 0x99, 0x88, 0x88, 0x98, 0x9B, 0xBB, 0xBB, 0x99, 0xCE, 0xC3, 0x36, 0xFF, 0xFE, 0xB8,
    0x69, 0x66, 0xEB, 0xBB, 0xBB, 0xB9, 0x75, 0xBB, 0xBB, 0xB9, 0x69, 0x98, 0x88, 0x99, 0x78, 0x99,
    0x99, 0x88, 0x88, 0x87, 0x77, 0x96, 0x9B, 0xBB, 0xBB, 0x9E, 0xB9, 0xF3, 0x26, 0xFB, 0xBF, 0xEB,
    0x99, 0x3C, 0xCB, 0xBB, 0xBB, 0xB8, 0x53, 0xBB, 0xBB, 0xB7, 0x58, 0x98, 0x88, 0x88, 0x69, 0x99,
    0x99, 0x88, 0x78, 0x87, 0x66, 0x85, 0x9B, 0xBB, 0xBC, 0xB9, 0x29, 0xF3, 0x26, 0xF7, 0x2C, 0xFF,
    0xB5, 0x9C, 0xBB, 0x9B, 0xBB, 0x96, 0x33, 0x9B, 0x99, 0x97, 0x36, 0x88, 0x85, 0x67, 0x89, 0x89,
    0x99, 0x88, 0x75, 0x56, 0x78, 0x63, 0x89, 0xBB, 0xEE, 0xB3, 0x28, 0xF6, 0x16, 0xF6, 0x26, 0xFF,
    0x66, 0xBB, 0xB9, 0x99, 0x9B, 0x66, 0x32, 0x9B, 0x99, 0x99, 0x23, 0x89, 0x65, 0x66, 0x9B, 0x99,
    0x99, 0x88, 0x65, 0x56, 0x88, 0x53, 0x99, 0x9B, 0xFC, 0xB6, 0x25, 0x92, 0x13, 0x83, 0x3B, 0xFF,
    0x69, 0xBB, 0xB9, 0x99, 0x99, 0x68, 0x42, 0x69, 0x99, 0x99, 0x42, 0x98, 0x67, 0x55, 0xB9, 0x99,
    0x99, 0x98, 0x66, 0x66, 0x76, 0x34, 0x98, 0x9F, 0xFB, 0xBB, 0x22, 0x36, 0x98, 0x32, 0x3F, 0xFF,
    0x89, 0xBC, 0xB9, 0xB9, 0x97, 0x8B, 0x42, 0x59, 0x88, 0x98, 0x63, 0x86, 0x69, 0x75, 0x78, 0x99,
    0x99, 0x64, 0x47, 0x86, 0x66, 0x26, 0x98, 0xBE, 0xEB, 0xB5, 0x39, 0xCB, 0x8C, 0xE9, 0x38, 0xFE,
    0x69, 0xBB, 0x98, 0xB9, 0x98, 0x9B, 0x62, 0x38, 0x77, 0x98, 0x75, 0x66, 0x89, 0x85, 0x36, 0x99,
    0x99, 0x63, 0x69, 0x96, 0x66, 0x59, 0x88, 0xCE, 0xEB, 0x71, 0xBB, 0x91, 0x14, 0xCC, 0xB2, 0x9F,
    0x69, 0xBB, 0x98, 0x99, 0x88, 0x9C, 0x83, 0x36, 0x67, 0x98, 0x78, 0x76, 0x99, 0x96, 0x36, 0x57,
    0x66, 0x52, 0x78, 0x86, 0x67, 0x68, 0x8B, 0xCB, 0xCB, 0x26, 0xB9, 0x96, 0x26, 0xCB, 0xE6, 0x3E,
    0x6B, 0xB9, 0x88, 0x99, 0x88, 0xBB, 0x93, 0x36, 0x79, 0x73, 0x35, 0x68, 0x98, 0x96, 0x32, 0x58,
    0x63, 0x23, 0x68, 0x88, 0x66, 0x53, 0x5C, 0xEE, 0xC6, 0x3B, 0x9B, 0x9B, 0x26, 0xBB, 0xBB, 0x38,
    0x6B, 0xB9, 0x86, 0x99, 0x68, 0xB9, 0x84, 0x36, 0x97, 0x23, 0x56, 0x78, 0x88, 0x84, 0x33, 0x88,
    0x85, 0x26, 0x87, 0x77, 0x77, 0x64, 0x3C, 0xC9, 0xE6, 0x9B, 0xBB, 0x9B, 0x26, 0xBB, 0x9B, 0x66,
    0x6C, 0xB9, 0x86, 0x89, 0x68, 0xB9, 0x85, 0x57, 0x93, 0x36, 0x77, 0x88, 0x88, 0x65, 0x45, 0x88,
    0x86, 0x26, 0x87, 0x76, 0x76, 0x56, 0x8B, 0x91, 0x3B, 0xEC, 0xBC, 0xBB, 0x36, 0xCB, 0x9B, 0xEB,
    0x6C, 0xB9, 0x76, 0x89, 0x59, 0xB8, 0x76, 0x59, 0x83, 0x67, 0x66, 0x76, 0x77, 0x55, 0x33, 0x77,
    0x85, 0x25, 0x87, 0x77, 0x66, 0x65, 0x9C, 0xB9, 0x66, 0xBC, 0xCE, 0xEB, 0x36, 0xB9, 0x9B, 0xE8,
    0x6C, 0xB8, 0x76, 0x88, 0x39, 0x98, 0x76, 0x58, 0x83, 0x66, 0x55, 0x64, 0x67, 0x64, 0x33, 0x67,
    0x82, 0x24, 0x67, 0x77, 0x66, 0x75, 0x9E, 0xCE, 0xFE, 0xCB, 0xBE, 0xEB, 0x36, 0x99, 0x9B, 0xEF,
    0x9E, 0x98, 0x76, 0x86, 0x29, 0x97, 0x77, 0x67, 0x64, 0x65, 0x46, 0x76, 0x56, 0x33, 0x53, 0x36,
    0x42, 0x44, 0x56, 0x77, 0x66, 0x75, 0x9F, 0xB7, 0x63, 0x39, 0xBB, 0xEB, 0x66, 0x99, 0x96, 0x35,
    0x9E, 0x98, 0x76, 0x84, 0x2B, 0x88, 0x67, 0x66, 0x55, 0x65, 0x56, 0x76, 0x63, 0x22, 0x24, 0x22,
    0x24, 0x65, 0x55, 0x76, 0x56, 0x64, 0x8F, 0x83, 0x33, 0x3B, 0xBB, 0xCC, 0xB9, 0x99, 0xB9, 0x33,
    0x9C, 0x98, 0x76, 0x82, 0x29, 0x98, 0x76, 0x97, 0x66, 0x65, 0x56, 0x66, 0x52, 0x32, 0x23, 0x21,
    0x26, 0x66, 0x65, 0x66, 0x46, 0x64, 0x6E, 0x96, 0x66, 0xBB, 0xBB, 0x32, 0x36, 0x38, 0x3E, 0x86,
    0x9B, 0x88, 0x87, 0x82, 0x39, 0x87, 0x77, 0xB8, 0x77, 0x54, 0x56, 0x66, 0x53, 0x55, 0x32, 0x21,
    0x37, 0x65, 0x55, 0x64, 0x36, 0x52, 0x5C, 0xCE, 0xEE, 0xBB, 0xB7, 0x39, 0x96, 0x55, 0x6C, 0xCE,
    0x9B, 0x88, 0x86, 0x71, 0x39, 0x97, 0x58, 0xB8, 0x25, 0x64, 0x36, 0x66, 0x55, 0x64, 0x32, 0x39,
    0xCE, 0xFC, 0xB6, 0x53, 0x35, 0x41, 0x4C, 0xCC, 0xB7, 0xB8, 0x56, 0x36, 0x78, 0x33, 0xBB, 0xC7,
    0x9B, 0x89, 0x87, 0x71, 0x39, 0x75, 0x47, 0x97, 0x23, 0x53, 0x25, 0x65, 0x55, 0x44, 0x47, 0xEF,
    0xFF, 0xFF, 0xFF, 0x73, 0x45, 0x32, 0x4B, 0xEB, 0x83, 0xC8, 0x38, 0x63, 0x36, 0x33, 0xBB, 0xB3,
    0x9B, 0x99, 0x87, 0x62, 0x59, 0x52, 0x43, 0x65, 0x22, 0x52, 0x24, 0x65, 0x44, 0x33, 0x5B, 0xFE,
    0xEE, 0xFF, 0xFF, 0xB3, 0x44, 0x32, 0x37, 0xB9, 0xB3, 0xBE, 0x99, 0xBE, 0x33, 0x66, 0x6E, 0x96,
    0x9B, 0x99, 0x87, 0x42, 0x59, 0x44, 0x92, 0x46, 0x22, 0x43, 0x23, 0x55, 0x44, 0x32, 0x44, 0x7F,
    0xCC, 0xEE, 0xFF, 0xE4, 0x44, 0x32, 0x44, 0x8B, 0xB6, 0x6E, 0xB8, 0x33, 0x36, 0x6B, 0x3C, 0x59,
    0x9B, 0x99, 0x88, 0x42, 0x57, 0x37, 0x95, 0x48, 0x31, 0x43, 0x23, 0x54, 0x44, 0x22, 0x44, 0x2B,
    0xFE, 0xFF, 0xFF, 0xF9, 0x43, 0x32, 0x34, 0x2B, 0xBB, 0x69, 0xE9, 0x99, 0x88, 0xBB, 0xB9, 0x5E,
    0x8B, 0xBB, 0x89, 0x42, 0x55, 0x49, 0x97, 0x57, 0x42, 0x43, 0x23, 0x44, 0x42, 0x44, 0x42, 0x23,
    0xFF, 0xFF, 0xFF, 0xE8, 0x82, 0x22, 0x34, 0x16, 0xCC, 0xC5, 0x9B, 0xCE, 0x69, 0xBB, 0x93, 0xBE,
    0x89, 0xBB, 0x88, 0x32, 0x55, 0x69, 0x88, 0x46, 0x52, 0x33, 0x23, 0x42, 0x24, 0x42, 0x22, 0x22,
    0x7C, 0x96, 0x9F, 0xB7, 0x97, 0x22, 0x33, 0x23, 0x9E, 0xB8, 0x35, 0xB8, 0x29, 0xB3, 0x38, 0xCE,
    0x8B, 0xB9, 0x89, 0x33, 0x65, 0x89, 0x78, 0x45, 0x62, 0x33, 0x23, 0x21, 0x44, 0x42, 0x21, 0x11,
    0x11, 0x23, 0x65, 0x45, 0x79, 0x51, 0x33, 0x24, 0x4B, 0xEB, 0x96, 0xC8, 0x36, 0xE6, 0x9B, 0xBB,
    0x8B, 0xBB, 0x89, 0x33, 0x65, 0x98, 0x78, 0x64, 0x63, 0x34, 0x32, 0x22, 0x44, 0x22, 0x21, 0x11,
    0x22, 0x23, 0x34, 0x45, 0x78, 0x94, 0x13, 0x24, 0x45, 0xBB, 0xBC, 0xEB, 0x38, 0xEC, 0xBB, 0x99,
    0x8B, 0xBB, 0x89, 0x34, 0x56, 0xB8, 0x78, 0x74, 0x63, 0x34, 0x22, 0x24, 0x42, 0x22, 0x11, 0x11,
    0x11, 0x22, 0x23, 0x24, 0x58, 0x88, 0x22, 0x24, 0x45, 0x77, 0x9B, 0xEE, 0x99, 0xCB, 0x98, 0x9B,
    0x8C, 0xC9, 0x99, 0x44, 0x46, 0x97, 0x77, 0x85, 0x54, 0x33, 0x21, 0x24, 0x22, 0x11, 0x11, 0x11,
    0x11, 0x22, 0x13, 0x23, 0x47, 0x89, 0x51, 0x24, 0x45, 0x54, 0x58, 0x99, 0x43, 0x88, 0x88, 0x99,
    0x8C, 0xCB, 0x99, 0x44, 0x45, 0x87, 0x76, 0x75, 0x54, 0x42, 0x22, 0x44, 0x22, 0x11, 0x11, 0x11,
    0x11, 0x23, 0x35, 0x22, 0x46, 0x79, 0x92, 0x24, 0x45, 0x35, 0x57, 0x87, 0x22, 0x88, 0x88, 0x9B,
    0x8C, 0xBB, 0x9B, 0x63, 0x47, 0x87, 0x87, 0x75, 0x34, 0x22, 0x33, 0x43, 0x22, 0x11, 0x11, 0x11,
    0x11, 0x12, 0x23, 0x32, 0x45, 0x79, 0x93, 0x12, 0x44, 0x45, 0x76, 0x87, 0x34, 0x98, 0x98, 0x9B,
    0x9E, 0xBB, 0x9B, 0x73, 0x38, 0x87, 0x97, 0x77, 0x22, 0x12, 0x23, 0x42, 0x21, 0x11, 0x11, 0x11,
    0x11, 0x22, 0x13, 0x33, 0x35, 0x79, 0x94, 0x11, 0x34, 0x55, 0x77, 0x75, 0x24, 0xAA, 0x98, 0x9B,
    0x5C, 0xBB, 0xBB, 0x64, 0x28, 0x87, 0x88, 0x67, 0x22, 0x12, 0x22, 0x31, 0x11, 0x11, 0x11, 0x11,
    0x11, 0x11, 0x13, 0x35, 0x33, 0x69, 0x97, 0x11, 0x25, 0x54, 0x57, 0x74, 0x24, 0x99, 0x98, 0x9B,
    0x16, 0xCB, 0xBB, 0x53, 0x29, 0x88, 0x78, 0x66, 0x21, 0x22, 0x13, 0x31, 0x11, 0x11, 0x11, 0x11,
    0x11, 0x11, 0x22, 0x36, 0x33, 0x57, 0x98, 0x21, 0x25, 0x54, 0x57, 0x74, 0x24, 0x88, 0x98, 0x9B,
    0x12, 0x9B, 0x99, 0x63, 0x38, 0x87, 0x78, 0x55, 0x22, 0x22, 0x12, 0x21, 0x11, 0x11, 0x11, 0x11,
    0x22, 0x11, 0x23, 0x36, 0x53, 0x57, 0x99, 0x21, 0x24, 0x54, 0x55, 0x74, 0x24, 0x87, 0x98, 0x99,
    0x11, 0x6B, 0x99, 0x64, 0x37, 0x87, 0x78, 0x55, 0x22, 0x21, 0x13, 0x21, 0x11, 0x11, 0x11, 0x11,
    0x22, 0x13, 0x53, 0x36, 0x64, 0x56, 0x89, 0x41, 0x24, 0x44, 0x45, 0x54, 0x34, 0x86, 0x89, 0x97,
    0x22, 0x59, 0x99, 0x64, 0x46, 0x77, 0x67, 0x54, 0x22, 0x22, 0xA4, 0x21, 0x11, 0x11, 0x11, 0x11,
    0x22, 0x33, 0x33, 0x56, 0x63, 0x56, 0x89, 0xA2, 0x24, 0x43, 0x44, 0x54, 0x24, 0x75, 0x89, 0x95,
    0x32, 0x38, 0x99, 0x54, 0x47, 0x77, 0x77, 0x54, 0x22, 0x2B, 0xD4, 0x21, 0x11, 0x11, 0x11, 0x11,
    0x33, 0x33, 0x36, 0x66, 0x54, 0x46, 0x89, 0xC7, 0x24, 0x42, 0x44, 0x54, 0x34, 0x75, 0x79, 0x85,
    0x33, 0x46, 0x99, 0x54, 0x58, 0x65, 0x77, 0x53, 0x22, 0xAC, 0xC5, 0x21, 0x11, 0x11, 0x11, 0x11,
    0x26, 0x35, 0x36, 0x68, 0x24, 0x46, 0x99, 0xBD, 0x44, 0x42, 0x44, 0x44, 0x34, 0x75, 0x79, 0x75,
    0x35, 0x56, 0x99, 0x54, 0x57, 0x55, 0x57, 0x43, 0x27, 0xBA, 0xE7, 0x22, 0x11, 0x11, 0x11, 0x11,
    0x13, 0x86, 0x69, 0x93, 0x23, 0x37, 0x89, 0xCD, 0xA4, 0x42, 0x44, 0x44, 0x34, 0x55, 0x78, 0x66,
    0x55, 0x66, 0x98, 0x44, 0x56, 0x54, 0x57, 0x42, 0x3A, 0xCA, 0x58, 0x42, 0x11, 0x11, 0x17, 0x52,
    0x11, 0x36, 0x66, 0x22, 0x22, 0x37, 0x89, 0xDD, 0xC7, 0x22, 0x22, 0x44, 0x34, 0x54, 0x78, 0x55,
    0x55, 0x88, 0x88, 0x44, 0x57, 0x54, 0x45, 0x32, 0x7A, 0xA7, 0x24, 0x52, 0x11, 0x11, 0x6B, 0xFF,
    0x93, 0x32, 0x12, 0x24, 0x7B, 0xB7, 0x7B, 0xDC, 0xDA, 0x22, 0x22, 0x44, 0x23, 0x54, 0x77, 0x55,
    0x45, 0x88, 0x78, 0x44, 0x47, 0x74, 0x54, 0x24, 0xAA, 0xA8, 0xB2, 0x52, 0x11, 0x12, 0x43, 0x5B,
    0xEB, 0x74, 0x45, 0xBF, 0xFE, 0xB9, 0x7C, 0x7A, 0xCC, 0x22, 0x22, 0x33, 0x23, 0x54, 0x55, 0x67,
    0x55, 0x79, 0x87, 0x34, 0x55, 0x55, 0x43, 0x14, 0xCA, 0xA7, 0x54, 0x42, 0x11, 0x25, 0x51, 0x15,
    0x9B, 0x76, 0x79, 0xC8, 0x24, 0x99, 0x8B, 0xBC, 0xCC, 0x51, 0x22, 0x22, 0x22, 0x45, 0x57, 0x77,
    0x45, 0x67, 0x8B, 0x44, 0x47, 0x75, 0x42, 0x27, 0xAA, 0xA7, 0x15, 0x52, 0x11, 0x27, 0xBE, 0xE8,
    0xBB, 0x52, 0x4B, 0xB8, 0x77, 0x9B, 0x8B, 0xCD, 0xDD, 0x71, 0x22, 0x33, 0x42, 0x47, 0x87, 0x77,
    0x24, 0x66, 0x99, 0x44, 0x47, 0x54, 0x43, 0x2A, 0xAA, 0xA7, 0x2C, 0x52, 0x11, 0x11, 0x25, 0x72,
    0xB7, 0x21, 0x3B, 0xBF, 0xE8, 0xE8, 0x7B, 0x9D, 0xDD, 0xC2, 0x22, 0x33, 0x22, 0x45, 0x78, 0x77,
    0x23, 0x56, 0x88, 0x44, 0x55, 0x54, 0x23, 0x5A, 0xAA, 0xAA, 0x38, 0x23, 0x11, 0x11, 0x11, 0x38,
    0x71, 0x11, 0x39, 0x78, 0x44, 0x96, 0x7C, 0xBD, 0xDD, 0xD4, 0x14, 0x43, 0x22, 0x45, 0x77, 0x55,
    0x12, 0x66, 0x87, 0x54, 0x55, 0x53, 0x32, 0x7A, 0xAA, 0xAD, 0x26, 0x44, 0x21, 0x11, 0x11, 0x23,
    0x11, 0x21, 0x28, 0x56, 0x44, 0x56, 0x9C, 0xAD, 0xDD, 0xE5, 0x12, 0x42, 0x32, 0x44, 0x57, 0x65,
    0x23, 0x67, 0x97, 0x54, 0x55, 0x53, 0x32, 0x8C, 0xAA, 0xAE, 0x52, 0x85, 0x31, 0x11, 0x11, 0x11,
    0x11, 0x11, 0x27, 0x63, 0x22, 0x24, 0xBE, 0xBE, 0xDD, 0xE7, 0x12, 0x22, 0x22, 0x44, 0x58, 0x75,
    0x23, 0x67, 0x97, 0x54, 0x55, 0x53, 0x32, 0xAA, 0xAA, 0xAE, 0xA1, 0x56, 0x41, 0x11, 0x11, 0x11,
    0x11, 0x21, 0x27, 0x73, 0x21, 0x14, 0xBB, 0xCE, 0xED, 0xEA, 0x12, 0x24, 0x22, 0x55, 0x57, 0x75,
    0x33, 0x57, 0x87, 0x54, 0x57, 0x42, 0x32, 0xAA, 0xAA, 0xAD, 0xC1, 0x26, 0x52, 0x11, 0x11, 0x11,
    0x12, 0x21, 0x27, 0x53, 0x22, 0x24, 0xB9, 0xEE, 0xEE, 0xEB, 0x11, 0x24, 0x23, 0x55, 0x57, 0x74,
    0x45, 0x67, 0x87, 0x54, 0x45, 0x42, 0x33, 0xAA, 0xA8, 0xAA, 0xC6, 0x47, 0x53, 0x11, 0x11, 0x11,
    0x44, 0x21, 0x27, 0x72, 0x22, 0x37, 0xC7, 0xEE, 0xEE, 0xFC, 0x21, 0x22, 0x23, 0x54, 0x55, 0x75,
    0x65, 0x66, 0x77, 0x54, 0x45, 0x42, 0x24, 0xAA, 0xA5, 0xAA, 0xCC, 0xF8, 0x44, 0x21, 0x11, 0x12,
    0x61, 0x11, 0x13, 0x63, 0x12, 0x39, 0xCC, 0xEE, 0xEF, 0xFD, 0x22, 0x22, 0x23, 0x44, 0x55, 0x75,
    0x55, 0x65, 0x77, 0x54, 0x44, 0x42, 0x24, 0xCA, 0xAA, 0xAA, 0xDB, 0xFB, 0x34, 0x21, 0x11, 0x14,
    0x54, 0x41, 0x26, 0x75, 0x22, 0x59, 0xFF, 0xEE, 0xEE, 0xEE, 0x22, 0x22, 0x22, 0x44, 0x55, 0x54,
    0x45, 0x55, 0x77, 0x54, 0x44, 0x42, 0x25, 0xCA, 0xAA, 0xAD, 0xDD, 0xFC, 0x33, 0x21, 0x11, 0x22,
    0x1B, 0xE8, 0x9E, 0xB5, 0x23, 0x69, 0xEE, 0xED, 0xEE, 0xEE, 0x22, 0x22, 0x22, 0x44, 0x75, 0x54,
    0x35, 0x55, 0x67, 0x54, 0x45, 0x42, 0x25, 0xCC, 0xAA, 0xAA, 0xDD, 0xEE, 0x33, 0x21, 0x11, 0x21,
    0x12, 0x4B, 0xC9, 0x54, 0x34, 0x79, 0xEE, 0xEE, 0xEE, 0xEE, 0x21, 0x22, 0x22, 0x47, 0x75, 0x55,
    0x34, 0x56, 0x57, 0x54, 0x45, 0x33, 0x25, 0xCA, 0xAA, 0xAA, 0xAD, 0xEE, 0x52, 0x21, 0x11, 0x11,
    0x12, 0x14, 0x46, 0x43, 0x35, 0x79, 0xFE, 0xEE, 0xEE, 0xEE, 0x21, 0x24, 0x22, 0x57, 0x75, 0x55,
    0x34, 0x55, 0x57, 0x54, 0x45, 0x33, 0x25, 0xCA, 0xAA, 0xAA, 0xAD, 0xEF, 0x72, 0x22, 0x11, 0x11,
    0x11, 0x13, 0x25, 0x44, 0x36, 0x8B, 0xFE, 0xEE, 0xDE, 0xEE, 0xA1, 0x24, 0x42, 0x55, 0x55, 0x55,
    0x57, 0x55, 0x57, 0x44, 0x45, 0x33, 0x25, 0xCA, 0xAA, 0xAA, 0xAD, 0xEF, 0xB4, 0x32, 0x11, 0x13,
    0x37, 0x97, 0xB7, 0x44, 0x46, 0x8E, 0xFE, 0xEE, 0xDD, 0xEE, 0xF4, 0x12, 0x43, 0x55, 0x54, 0x55,
    0x58, 0x85, 0x54, 0x45, 0x44, 0x32, 0x14, 0xCA, 0xAA, 0xAA, 0xAA, 0xDE, 0xF6, 0x33, 0x21, 0x39,
    0xBB, 0xCE, 0xEC, 0xB7, 0x47, 0x9F, 0xFE, 0xEE, 0xDD, 0xDE, 0xFA, 0x22, 0x42, 0x44, 0x44, 0x57,
    0x58, 0xB8, 0x54, 0x44, 0x54, 0x22, 0x5E, 0xAA, 0xAA, 0x7A, 0xAA, 0xDE, 0xFB, 0x44, 0x32, 0x32,
    0x24, 0x36, 0x68, 0x55, 0x58, 0xCF, 0xFE, 0xED, 0xEE, 0xDE, 0xFC, 0x22, 0x42, 0x22, 0x44, 0x79,
    0x67, 0xA9, 0x73, 0x44, 0x44, 0x27, 0xDF, 0xAA, 0xAA, 0x7A, 0xAA, 0xDE, 0xFE, 0x85, 0x43, 0x42,
    0x25, 0xBC, 0x95, 0x45, 0x79, 0xFF, 0xFF, 0xED, 0xEE, 0xEE, 0xFC, 0x72, 0x44, 0x22, 0x47, 0x78,
    0x68, 0xA8, 0x84, 0x45, 0x43, 0x4A, 0xDF, 0xBA, 0xAA, 0x77, 0xAA, 0xCE, 0xEE, 0x97, 0x65, 0x44,
    0x35, 0xCF, 0x95, 0x68, 0x8E, 0xFF, 0xFE, 0xEE, 0xFE, 0xEE, 0xFE, 0x72, 0x44, 0x24, 0x77, 0x79,
    0x56, 0x98, 0x86, 0x45, 0x43, 0x8C, 0xBF, 0xCA, 0xAA, 0xA7, 0x8A, 0xAD, 0xEF, 0xB9, 0x86, 0x32,
    0x21, 0x5B, 0x34, 0x78, 0xBF, 0xFF, 0xFE, 0xEE, 0xFE, 0xEE, 0xEF, 0xA2, 0x44, 0x47, 0x78, 0x87,
    0x57, 0x88, 0x97, 0x55, 0x44, 0xCB, 0xCF, 0xEA, 0xAA, 0xA7, 0x7A, 0xAC, 0xDE, 0xC8, 0xB9, 0x41,
    0x11, 0x24, 0x24, 0x7B, 0xFF, 0xFF, 0xEE, 0xEE, 0xFF, 0xEE, 0xEE, 0xEC, 0x75, 0x57, 0x78, 0x87,
    0x66, 0x78, 0xA8, 0x55, 0x47, 0xCC, 0xDE, 0xFC, 0xAA, 0xA5, 0x7A, 0xCD, 0xDE, 0xF8, 0x8C, 0x82,
    0x22, 0x22, 0x46, 0x9F, 0xFF, 0xFF, 0xEE, 0xEF, 0xFF, 0xEE, 0xEE, 0xFF, 0xEA, 0x85, 0x57, 0x87,
    0x57, 0x78, 0x78, 0x65, 0x4A, 0xCD, 0xDD, 0xFD, 0xAA, 0xA7, 0xAA, 0xAA, 0xDD, 0xEB, 0x69, 0xC7,
    0x55, 0x67, 0x79, 0xCF, 0xFF, 0xFF, 0xED, 0xEF, 0xFF, 0xEF, 0xEE, 0xFF, 0xFE, 0xBB, 0x77, 0x77,
    0x78, 0x65, 0x6A, 0x75, 0x48, 0xDD, 0xDD, 0xEE, 0xDC, 0xAA, 0xAA, 0xAA, 0xDD, 0xEE, 0x85, 0xBE,
    0xCB, 0xBB, 0xBE, 0xFE, 0xFF, 0xFF, 0xEE, 0xEE, 0xFE, 0xEF, 0xEE, 0xFF, 0xEE, 0xDD, 0xB5, 0x55,
    0x65, 0x78, 0x8A, 0x75, 0x57, 0xED, 0xDC, 0xDE, 0xDC, 0xAA, 0xAA, 0xAA, 0xAD, 0xDD, 0xC5, 0x5B,
    0xEF, 0xFF, 0xFF, 0xCE, 0xFF, 0xFE, 0xEE, 0xEF, 0xFE, 0xEF, 0xEF, 0xFF, 0xEE, 0xEE, 0xE8, 0x87,
    0x57, 0x89, 0x98, 0x75, 0x47, 0xED, 0xAA, 0xDE, 0xEC, 0xCA, 0xAA, 0xAA, 0xAA, 0xDD, 0xDA, 0x46,
    0x9B, 0xEE, 0xFC, 0xCF, 0xFF, 0xEE, 0xEE, 0xEE, 0xEE, 0xFF, 0xEF, 0xFF, 0xEE, 0xDE, 0xFB, 0x99,
    0x99, 0x88, 0x87, 0x8A, 0x8E, 0xFD, 0xAA, 0xAD, 0xEE, 0xDA, 0xAA, 0xAA, 0xAA, 0xDD, 0xAD, 0xA5,
    0x79, 0xBC, 0xEC, 0xFF, 0xFE, 0xEE, 0xEE, 0xEE, 0xEE, 0xFF, 0xEF, 0xFF, 0xFD, 0xDE, 0xEC, 0x88,
    0x89, 0x97, 0x9A, 0xAD, 0xEF, 0xFE, 0xDA, 0xAA, 0xDF, 0xDC, 0xAA, 0xAA, 0xAA, 0xDA, 0xAA, 0xDA,
    0x79, 0xBC, 0xEF, 0xFF, 0xEE, 0xED, 0xEE, 0xEE, 0xEE, 0xFF, 0xFF, 0xFF, 0xED, 0xEF, 0xED, 0x77,
    0x99, 0x77, 0xAA, 0xDD, 0xEF, 0xFF, 0xDA, 0xAA, 0xAF, 0xEC, 0xAA, 0xAA, 0xAA, 0xAA, 0xAA, 0xDD,
    0xDD, 0xEF, 0xEE, 0xEE, 0xED, 0xDD, 0xDD, 0xEE, 0xEE, 0xFF, 0xFF, 0xFE, 0xED, 0xEE, 0xFE, 0x77,
    0xB8, 0x7A, 0xAA, 0xEE, 0xEE, 0xFF, 0xDC, 0xAA, 0xAC, 0xFD, 0xCA, 0xAA, 0xAA, 0x7A, 0xAC, 0xAA,
    0xDD, 0xEE, 0xCA, 0xCD, 0xDD, 0xDD, 0xDD, 0xEE, 0xEF, 0xFF, 0xFF, 0xFE, 0xED, 0xDD, 0xFF, 0x78,
    0xB9, 0x7A, 0xAE, 0xCA, 0xAD, 0xDE, 0xFD, 0xAA, 0xAC, 0xFE, 0xDC, 0xAA, 0xAA, 0x77, 0xAD, 0xCA,
    0xDD, 0xDD, 0xDA, 0xAC, 0xDD, 0xDD, 0xCD, 0xEE, 0xEF, 0xFF, 0xFF, 0xFE, 0xED, 0xDD, 0xEF, 0x78,
    0x98, 0xAA, 0xEB, 0x7A, 0xAA, 0xDE, 0xFE, 0xCA, 0xAD, 0xEF, 0xDC, 0xCA, 0xAA, 0xA8, 0xAC, 0xDC,
    0xDD, 0xDD, 0xDB, 0xAA, 0xCC, 0xCC, 0xCD, 0xEE, 0xFF, 0xFF, 0xFF, 0xFE, 0xEC, 0xDD, 0xEE, 0x87,
    0x97, 0xAD, 0xFA, 0x77, 0xAA, 0xDD, 0xEF, 0xDA, 0xCD, 0xDE, 0xED, 0xCC, 0xAA, 0xAA, 0xAA, 0xAD,
    0xDD, 0xDD, 0xDC, 0xAA, 0xBC, 0xCC, 0xCE, 0xEF, 0xFF, 0xFF, 0xFF, 0xFE, 0xDA, 0xDD, 0xEE, 0x77,
    0x98, 0xAE, 0xEA, 0x77, 0xAA, 0xAD, 0xEF, 0xFD, 0xDD, 0xDD, 0xEE, 0xDD, 0xCA, 0xAA, 0xAA, 0xAC,
    0xCD, 0xDD, 0xDD, 0xAA, 0xAC, 0xCC, 0xDE, 0xFF, 0xFF, 0xFF, 0xFF, 0xFF, 0xEE, 0xED, 0xDF, 0x86,
    0x98, 0xAF, 0xDA, 0xA4, 0x7A, 0xDE, 0xFF, 0xFE, 0xDD, 0xCD, 0xDE, 0xED, 0xDC, 0xAC, 0xBA, 0xCC,
    0xCC, 0xCC, 0xDD, 0xAA, 0xAC, 0xCC, 0xEF, 0xFF, 0xFF, 0xFF, 0xFF, 0xFF, 0xEB, 0xFE, 0xEF, 0xB7,
    0x98, 0xBF, 0xDA, 0xAA, 0xDE, 0xFE, 0xEF, 0xFF, 0xED, 0xAC, 0xDD, 0xEE, 0xED, 0xCC, 0xCB, 0xBC,
    0xCC, 0xCC, 0xCC, 0xBA, 0xCC, 0xDD, 0xFF, 0xFF, 0xFF, 0xFF, 0xFF, 0xFE, 0xDA, 0xDE, 0xFF, 0xE7,
    0x98, 0xBF, 0xED, 0xAD, 0xCB, 0xAA, 0xDE, 0xFF, 0xED, 0xCA, 0xCC, 0xEF, 0xFE, 0xDD, 0xCC, 0xCC,
    0xCC, 0xCC, 0xCC, 0xCC, 0xCD, 0xEE, 0xFF, 0xFF, 0xFF, 0xFF, 0xFF, 0xFE, 0xCA, 0xDD, 0xFF, 0xF7,
    0x88, 0xEF, 0xED, 0xDE, 0xCA, 0xAA, 0xDD, 0xFF, 0xFE, 0xDA, 0xAC, 0xDE, 0xFF, 0xED, 0xDD, 0xDD,
    0xDC, 0xDC, 0xCD, 0xDC, 0xCE, 0xEF, 0xFF, 0xFF, 0xFF, 0xFF, 0xFF, 0xFE, 0xDA, 0xDD, 0xFF, 0xF9,
    0x76, 0xFF, 0xFD, 0xEF, 0xA7, 0x7A, 0xAD, 0xEF, 0xFF, 0xDD, 0xAA, 0xCD, 0xEE, 0xEE, 0xED, 0xDD,
    0xDD, 0xDD, 0xDE, 0xEE, 0xEE, 0xFF, 0xFF, 0xFF, 0xFF, 0xFF, 0xFF, 0xFE, 0xDA, 0xDD, 0xFF, 0xFC,
    0x75, 0xFF, 0xFE, 0xFE, 0xAA, 0x7A, 0xAD, 0xDF, 0xFF, 0xED, 0xDC, 0xCC, 0xCD, 0xEF, 0xFE, 0xED,
    0xEE, 0xEE, 0xEE, 0xEE, 0xEF, 0xFF, 0xFF, 0xFF, 0xFF, 0xFF, 0xFF, 0xFE, 0xDD, 0xDE, 0xFF, 0xFE,
    0x67, 0xFF, 0xFF, 0xFD, 0xAA, 0x77, 0xAD, 0xDF, 0xFF, 0xFE, 0xDD, 0xCC, 0xBC, 0xCE, 0xEF, 0xEE,
    0xEE, 0xEE, 0xEE, 0xEE, 0xEF, 0xFF, 0xFF, 0xFF, 0xFF, 0xFF, 0xFF, 0xFE, 0xDD, 0xDE, 0xFF, 0xFE,
    0x59, 0xFF, 0xFF, 0xFE, 0xAA, 0xAA, 0xDD, 0xEF, 0xFF, 0xFF, 0xEE, 0xDC, 0xAA, 0xCE, 0xEE, 0xEF,
    0xFF, 0xEE, 0xEE, 0xFF, 0xFF, 0xFF, 0xFF, 0xFF, 0xFF, 0xFF, 0xFF, 0xFE, 0xDD, 0xDE, 0xFF, 0xFE,
    0x6B, 0xFF, 0xFF, 0xFE, 0xDA, 0xAD, 0xEE, 0xEF, 0xFF, 0xFF, 0xFE, 0xED, 0xCA, 0xCD, 0xEE, 0xEE,
    0xFF, 0xFF, 0xFF, 0xFF, 0xFF, 0xFF, 0xFF, 0xFF, 0xFF, 0xFF, 0xFF, 0xFE, 0xDD, 0xEE, 0xFE, 0xEE,
    0x8B, 0xCE, 0xEF, 0xFE, 0xDD, 0xEC, 0xAA, 0xDE, 0xFF, 0xFF, 0xFF, 0xFE, 0xDC, 0xCD, 0xDD, 0xEE,
    0xEE, 0xFF, 0xFF, 0xFF, 0xFF, 0xFF, 0xFF, 0xFF, 0xFF, 0xFF, 0xEE, 0xFE, 0xDE, 0xEF, 0xFF, 0xDC,
    0x99, 0xBB, 0xBF, 0xFF, 0xEE, 0xFA, 0x7A, 0xDE, 0xFF, 0xFF, 0xFF, 0xFF, 0xED, 0xDC, 0xCC, 0xDD,
    0xEE, 0xEE, 0xFF, 0xFF, 0xFF, 0xFF, 0xFF, 0xFF, 0xFF, 0xFE, 0xEE, 0xFE, 0xDE, 0xEF, 0xFE, 0xBD,
    0x97, 0xB6, 0xBF, 0xFF, 0xEF, 0xEA, 0xAA, 0xAD, 0xFF, 0xEF, 0xFF, 0xFF, 0xFE, 0xED, 0xDC, 0xCC,
    0xDD, 0xDD, 0xDE, 0xED, 0xEE, 0xFF, 0xFF, 0xFF, 0xFF, 0xEE, 0xEE, 0xFF, 0xEE, 0xFF, 0xFE, 0x8D,
    0x98, 0xB3, 0x9E, 0xCF, 0xFF, 0xED, 0xAA, 0xAD, 0xFF, 0xEE, 0xFF, 0xFF, 0xFF, 0xFE, 0xED, 0xDD,
    0xCC, 0xCC, 0xCD, 0xCC, 0xEE, 0xFF, 0xFF, 0xFF, 0xFF, 0xEE, 0xEE, 0xFF, 0xFF, 0xFF, 0xFE, 0x8C,
    0x99, 0xB3, 0x99, 0xBF, 0xFF, 0xED, 0xAA, 0xAD, 0xEF, 0xDD, 0xEE, 0xFF, 0xFF, 0xFF, 0xEE, 0xEE,
    0xED, 0xDD, 0xDD, 0xDE, 0xFF, 0xFF, 0xFF, 0xFF, 0xFE, 0xDD, 0xDD, 0xFF, 0xFF, 0xFF, 0xCC, 0x6B,
    0x88, 0x93, 0xA8, 0x8F, 0xFF, 0xFD, 0xDA, 0xDD, 0xEF, 0xCD, 0xDD, 0xEF, 0xFF, 0xFF, 0xFF, 0xEE,
    0xEE, 0xEE, 0xEE, 0xEF, 0xFF, 0xFF, 0xFF, 0xFF, 0xEE, 0xDC, 0xCC, 0xFF, 0xEE, 0xFE, 0x9B, 0x78,
};

static const uint8_t coup_animdata_duke_f02[3072] = {
    0xB9, 0x89, 0xB6, 0x98, 0x88, 0x88, 0x66, 0xBE, 0xCB, 0xBB, 0x99, 0xB7, 0x22, 0x22, 0x22, 0x12,
    0x22, 0x22, 0x22, 0x22, 0x13, 0x98, 0xBB, 0xBB, 0xBB, 0xBB, 0xBB, 0xBF, 0x89, 0xCB, 0xBB, 0xB9,
    0x98, 0x6B, 0x69, 0xEC, 0xEC, 0xCB, 0x8B, 0xEC, 0xBB, 0xBB, 0x99, 0x9B, 0x98, 0x78, 0x86, 0x67,
    0x64, 0x68, 0x86, 0x66, 0x69, 0xB9, 0xBB, 0xBB, 0xBC, 0xBB, 0xBB, 0xBB, 0x23, 0xBB, 0xBC, 0xCB,
    0x66, 0xB6, 0x8C, 0xBC, 0xBB, 0xB9, 0x89, 0xEB, 0xBB, 0xB9, 0x89, 0x99, 0x99, 0x99, 0x98, 0x9B,
    0x96, 0x69, 0x99, 0x88, 0x98, 0xB9, 0x9B, 0xBB, 0xBB, 0xB9, 0x9B, 0xC6, 0x33, 0x9E, 0xCC, 0xE9,
    0x69, 0x66, 0xCB, 0xBB, 0xBB, 0xB8, 0x78, 0xCB, 0xBB, 0xB9, 0x79, 0x99, 0x88, 0x99, 0x88, 0x99,
    0x98, 0x68, 0x98, 0x88, 0x87, 0x98, 0x9B, 0xBB, 0xBB, 0x99, 0xEE, 0xF8, 0x33, 0xBF, 0xFF, 0xEB,
    0x99, 0x3E, 0xBB, 0xBB, 0xBB, 0x98, 0x56, 0xCB, 0xBB, 0xB7, 0x69, 0x98, 0x89, 0x98, 0x68, 0x99,
    0x99, 0x88, 0x88, 0x87, 0x66, 0x86, 0x8B, 0xBB, 0xBB, 0xBB, 0xB4, 0xF8, 0x23, 0xBF, 0x4C, 0xFE,
    0xB3, 0xBE, 0xBB, 0xBB, 0xBB, 0x86, 0x35, 0xBB, 0xB9, 0x96, 0x58, 0x88, 0x86, 0x66, 0x69, 0x89,
    0x98, 0x88, 0x76, 0x67, 0x77, 0x73, 0x6B, 0xBB, 0xBE, 0xB9, 0x23, 0xF9, 0x23, 0xBE, 0x33, 0xEF,
    0x68, 0xCB, 0xB9, 0x9B, 0xBB, 0x65, 0x34, 0xBB, 0x99, 0x96, 0x26, 0x88, 0x65, 0x86, 0x99, 0x9B,
    0x99, 0x88, 0x74, 0x56, 0x79, 0x63, 0x69, 0x9B, 0xEF, 0xB8, 0x23, 0xFB, 0x12, 0xEB, 0x23, 0xCF,
    0x69, 0xBB, 0xB9, 0x99, 0xB8, 0x66, 0x23, 0x99, 0x99, 0x98, 0x24, 0x98, 0x66, 0x56, 0x9B, 0x99,
    0x99, 0x98, 0x65, 0x56, 0x87, 0x52, 0x89, 0x8B, 0xFE, 0xBB, 0x32, 0x42, 0x22, 0x33, 0x26, 0xFE,
    0x99, 0xBB, 0x99, 0xB9, 0x96, 0x88, 0x32, 0x89, 0x99, 0x98, 0x33, 0x97, 0x68, 0x65, 0xB9, 0x99,
    0x99, 0x86, 0x56, 0x66, 0x66, 0x33, 0x98, 0x9E, 0xFB, 0x9B, 0x32, 0x69, 0xBE, 0x96, 0x28, 0xFE,
    0x99, 0xBB, 0x99, 0xB9, 0x96, 0xB9, 0x32, 0x68, 0x88, 0x98, 0x63, 0x86, 0x79, 0x75, 0x57, 0x99,
    0x99, 0x53, 0x57, 0x96, 0x66, 0x26, 0x97, 0xBE, 0xEB, 0xB7, 0x29, 0xC9, 0x44, 0xEE, 0x92, 0x9F,
    0x9B, 0xBB, 0x99, 0xB9, 0x88, 0xBB, 0x52, 0x57, 0x67, 0x98, 0x76, 0x66, 0x99, 0x94, 0x36, 0x99,
    0x99, 0x63, 0x68, 0x96, 0x67, 0x59, 0x88, 0xCC, 0xEB, 0x81, 0x9B, 0xB3, 0x11, 0xBB, 0xE8, 0x2C,
    0x9B, 0xB9, 0x99, 0x99, 0x89, 0xBB, 0x63, 0x36, 0x69, 0x96, 0x68, 0x78, 0x99, 0x96, 0x35, 0x37,
    0x56, 0x32, 0x68, 0x87, 0x66, 0x66, 0x89, 0xCB, 0xBB, 0x36, 0xB9, 0x99, 0x32, 0xBB, 0xBC, 0x35,
    0x9B, 0xB9, 0x88, 0x98, 0x79, 0xBB, 0x63, 0x36, 0x88, 0x43, 0x35, 0x68, 0x98, 0x95, 0x32, 0x59,
    0x64, 0x23, 0x68, 0x88, 0x66, 0x63, 0x3B, 0xEE, 0xE8, 0x3B, 0x9B, 0x9B, 0x52, 0xBB, 0xBB, 0x92,
    0x9C, 0xB9, 0x76, 0x97, 0x69, 0xB9, 0x73, 0x57, 0x94, 0x25, 0x67, 0x88, 0x88, 0x64, 0x34, 0x88,
    0x86, 0x26, 0x87, 0x77, 0x78, 0x66, 0x3B, 0xE7, 0xBB, 0x8B, 0xBB, 0x9B, 0x62, 0x9B, 0xB9, 0xB6,
    0xBC, 0xB8, 0x67, 0x98, 0x6B, 0x98, 0x75, 0x68, 0x72, 0x57, 0x67, 0x88, 0x87, 0x55, 0x45, 0x88,
    0x86, 0x25, 0x87, 0x77, 0x76, 0x56, 0x8B, 0xB3, 0x16, 0xEC, 0xCC, 0xCB, 0x62, 0x9B, 0x99, 0xCE,
    0xBC, 0x98, 0x67, 0x97, 0x5B, 0x97, 0x75, 0x69, 0x63, 0x67, 0x66, 0x66, 0x77, 0x55, 0x33, 0x67,
    0x85, 0x24, 0x77, 0x77, 0x66, 0x75, 0x7E, 0xBB, 0x96, 0xBC, 0xBC, 0xEE, 0x63, 0x99, 0x99, 0xEB,
    0xBC, 0x97, 0x66, 0x94, 0x5B, 0x87, 0x76, 0x59, 0x65, 0x66, 0x56, 0x64, 0x67, 0x63, 0x43, 0x67,
    0x72, 0x34, 0x57, 0x77, 0x66, 0x75, 0x7F, 0xEE, 0xEE, 0xBB, 0xBC, 0xEE, 0x63, 0x99, 0x99, 0xBE,
    0xCB, 0x88, 0x66, 0x82, 0x5B, 0x77, 0x67, 0x58, 0x55, 0x65, 0x57, 0x76, 0x55, 0x33, 0x53, 0x26,
    0x32, 0x54, 0x56, 0x77, 0x65, 0x75, 0x7F, 0xC6, 0x33, 0x26, 0xBB, 0xCE, 0x96, 0x99, 0x9B, 0x33,
    0xCB, 0x88, 0x67, 0x81, 0x7B, 0x88, 0x67, 0x66, 0x56, 0x65, 0x56, 0x66, 0x52, 0x22, 0x25, 0x22,
    0x25, 0x65, 0x55, 0x77, 0x55, 0x65, 0x6E, 0xB3, 0x33, 0x39, 0xBB, 0xBB, 0xB9, 0x99, 0x9B, 0x63,
    0xC9, 0x88, 0x67, 0x61, 0x79, 0x98, 0x68, 0x97, 0x66, 0x65, 0x56, 0x66, 0x42, 0x33, 0x33, 0x21,
    0x26, 0x66, 0x65, 0x66, 0x36, 0x64, 0x4C, 0xB6, 0x66, 0x9B, 0xBC, 0x52, 0x25, 0x38, 0x36, 0xE6,
    0xC9, 0x78, 0x77, 0x51, 0x79, 0x87, 0x68, 0xB7, 0x67, 0x54, 0x56, 0x66, 0x44, 0x55, 0x32, 0x21,
    0x48, 0x76, 0x65, 0x64, 0x35, 0x52, 0x3B, 0xCE, 0xEE, 0xBB, 0xBB, 0x39, 0x9B, 0x36, 0x3B, 0xBE,
    0xC9, 0x89, 0x67, 0x41, 0x79, 0x85, 0x59, 0x96, 0x25, 0x53, 0x36, 0x66, 0x55, 0x54, 0x32, 0x5B,
    0xEE, 0xFE, 0xB7, 0x54, 0x35, 0x52, 0x3B, 0xEB, 0xB6, 0xBB, 0x36, 0x33, 0x38, 0x52, 0x8C, 0xBB,
    0xB9, 0x89, 0x78, 0x41, 0x78, 0x74, 0x48, 0x96, 0x24, 0x52, 0x25, 0x65, 0x55, 0x44, 0x49, 0xEF,
    0xFF, 0xFF, 0xFF, 0x93, 0x45, 0x42, 0x38, 0xEB, 0x93, 0x9B, 0x36, 0x96, 0x33, 0x33, 0x6B, 0xB9,
    0xB9, 0x99, 0x77, 0x32, 0x88, 0x34, 0x44, 0x64, 0x23, 0x42, 0x25, 0x55, 0x45, 0x33, 0x5B, 0xFE,
    0xEE, 0xFF, 0xFF, 0xE3, 0x44, 0x42, 0x35, 0xB9, 0xB6, 0x6F, 0x99, 0x9E, 0x83, 0x38, 0x3B, 0xC6,
    0xB9, 0x99, 0x76, 0x22, 0x87, 0x37, 0x72, 0x55, 0x12, 0x42, 0x24, 0x55, 0x44, 0x32, 0x44, 0x7F,
    0xCC, 0xEE, 0xFE, 0xF5, 0x44, 0x42, 0x34, 0x6B, 0xB9, 0x3B, 0xCB, 0x33, 0x26, 0x39, 0x66, 0xB3,
    0xB9, 0x99, 0x77, 0x12, 0x75, 0x49, 0x84, 0x57, 0x21, 0x42, 0x23, 0x54, 0x44, 0x24, 0x44, 0x2B,
    0xFE, 0xFF, 0xFF, 0xFB, 0x43, 0x32, 0x35, 0x28, 0xBC, 0x86, 0xEB, 0x9B, 0x98, 0x9B, 0xBB, 0x58,
    0x99, 0xB9, 0x88, 0x23, 0x54, 0x6B, 0x96, 0x57, 0x33, 0x42, 0x23, 0x43, 0x42, 0x44, 0x42, 0x23,
    0xFF, 0xFF, 0xFF, 0xF8, 0x94, 0x22, 0x34, 0x23, 0xBB, 0xE6, 0x6B, 0xBE, 0x87, 0xBB, 0xB5, 0x6F,
    0x9B, 0xB9, 0x77, 0x23, 0x65, 0x88, 0x87, 0x47, 0x32, 0x42, 0x23, 0x42, 0x24, 0x42, 0x22, 0x22,
    0x7C, 0x96, 0x9F, 0xC7, 0x98, 0x22, 0x24, 0x22, 0x7E, 0xC9, 0x63, 0x9C, 0x33, 0xC8, 0x23, 0xBC,
    0x9B, 0xB9, 0x87, 0x24, 0x65, 0x98, 0x77, 0x36, 0x52, 0x32, 0x23, 0x21, 0x44, 0x22, 0x21, 0x12,
    0x11, 0x23, 0x65, 0x45, 0x79, 0x71, 0x24, 0x23, 0x48, 0xEB, 0x96, 0x9B, 0x33, 0xC9, 0x6B, 0xBB,
    0x9B, 0xB9, 0x97, 0x25, 0x66, 0x98, 0x78, 0x45, 0x62, 0x44, 0x22, 0x24, 0x42, 0x22, 0x21, 0x11,
    0x22, 0x23, 0x34, 0x45, 0x78, 0x94, 0x13, 0x23, 0x54, 0x8B, 0xBC, 0xCE, 0x53, 0xCC, 0xCB, 0x99,
    0x9C, 0xB9, 0x97, 0x35, 0x58, 0x97, 0x78, 0x65, 0x53, 0x43, 0x22, 0x24, 0x42, 0x22, 0x11, 0x11,
    0x11, 0x22, 0x23, 0x24, 0x57, 0x89, 0x22, 0x33, 0x55, 0x77, 0x9B, 0xEF, 0xB9, 0xCB, 0x99, 0x99,
    0xBC, 0xB9, 0x97, 0x35, 0x48, 0x97, 0x68, 0x75, 0x53, 0x33, 0x21, 0x24, 0x22, 0x11, 0x11, 0x11,
    0x11, 0x22, 0x13, 0x23, 0x47, 0x89, 0x72, 0x23, 0x45, 0x54, 0x47, 0x9B, 0x73, 0x69, 0x88, 0x99,
    0xBC, 0xB9, 0x97, 0x44, 0x47, 0x77, 0x67, 0x75, 0x54, 0x32, 0x22, 0x44, 0x22, 0x11, 0x11, 0x11,
    0x11, 0x23, 0x25, 0x22, 0x46, 0x79, 0x93, 0x24, 0x35, 0x44, 0x55, 0x88, 0x41, 0x58, 0x88, 0x9B,
    0xBC, 0xBB, 0xB8, 0x43, 0x58, 0x88, 0x87, 0x75, 0x34, 0x22, 0x33, 0x42, 0x22, 0x11, 0x11, 0x11,
    0x11, 0x13, 0x23, 0x32, 0x45, 0x78, 0x95, 0x12, 0x34, 0x45, 0x66, 0x78, 0x42, 0x79, 0x88, 0x99,
    0xCC, 0xBB, 0x99, 0x42, 0x59, 0x78, 0x86, 0x85, 0x22, 0x12, 0x24, 0x42, 0x21, 0x11, 0x11, 0x11,
    0x11, 0x22, 0x13, 0x33, 0x35, 0x78, 0x97, 0x11, 0x24, 0x55, 0x67, 0x77, 0x33, 0x7B, 0x98, 0x99,
    0xBC, 0xBB, 0xB9, 0x42, 0x49, 0x78, 0x87, 0x75, 0x22, 0x22, 0x23, 0x21, 0x11, 0x11, 0x11, 0x11,
    0x11, 0x11, 0x13, 0x36, 0x33, 0x58, 0x98, 0x21, 0x24, 0x55, 0x57, 0x77, 0x22, 0x79, 0x99, 0x9B,
    0x3B, 0xBB, 0xB8, 0x42, 0x59, 0x87, 0x88, 0x65, 0x21, 0x22, 0x13, 0x21, 0x11, 0x11, 0x11, 0x11,
    0x11, 0x11, 0x22, 0x36, 0x33, 0x57, 0x99, 0x21, 0x25, 0x45, 0x47, 0x75, 0x23, 0x79, 0x99, 0x89,
    0x17, 0xB9, 0xB8, 0x42, 0x58, 0x77, 0x78, 0x54, 0x12, 0x22, 0x13, 0x21, 0x11, 0x11, 0x11, 0x11,
    0x11, 0x11, 0x23, 0x36, 0x53, 0x56, 0x89, 0x41, 0x24, 0x54, 0x45, 0x75, 0x22, 0x78, 0x89, 0x89,
    0x13, 0xB9, 0x98, 0x53, 0x58, 0x77, 0x78, 0x54, 0x22, 0x21, 0x13, 0x21, 0x11, 0x11, 0x11, 0x11,
    0x23, 0x12, 0x33, 0x36, 0x63, 0x56, 0x89, 0x41, 0x24, 0x44, 0x45, 0x55, 0x33, 0x77, 0x79, 0x89,
    0x13, 0x7B, 0x98, 0x54, 0x57, 0x77, 0x77, 0x44, 0x22, 0x22, 0xA4, 0x21, 0x11, 0x11, 0x11, 0x11,
    0x21, 0x23, 0x33, 0x36, 0x63, 0x56, 0x89, 0x82, 0x14, 0x44, 0x44, 0x55, 0x33, 0x77, 0x79, 0x98,
    0x23, 0x69, 0x98, 0x44, 0x57, 0x76, 0x77, 0x43, 0x22, 0x2C, 0xC3, 0x21, 0x11, 0x11, 0x11, 0x11,
    0x33, 0x33, 0x36, 0x66, 0x63, 0x46, 0x89, 0xAA, 0x24, 0x44, 0x34, 0x45, 0x33, 0x57, 0x58, 0x97,
    0x33, 0x59, 0x98, 0x44, 0x77, 0x75, 0x77, 0x43, 0x23, 0xAC, 0xC4, 0x21, 0x11, 0x11, 0x11, 0x11,
    0x26, 0x36, 0x36, 0x68, 0x44, 0x46, 0x89, 0xAD, 0x53, 0x43, 0x34, 0x45, 0x43, 0x55, 0x58, 0x96,
    0x45, 0x58, 0x97, 0x44, 0x77, 0x55, 0x77, 0x43, 0x28, 0xAB, 0xE4, 0x21, 0x11, 0x11, 0x11, 0x11,
    0x14, 0x86, 0x36, 0x96, 0x23, 0x36, 0x89, 0xAD, 0xC4, 0x43, 0x24, 0x34, 0x43, 0x55, 0x58, 0x85,
    0x56, 0x68, 0x97, 0x44, 0x75, 0x55, 0x55, 0x42, 0x4A, 0xCA, 0xA7, 0x32, 0x11, 0x11, 0x14, 0x21,
    0x11, 0x49, 0x89, 0x52, 0x22, 0x26, 0x89, 0xCD, 0xC8, 0x22, 0x24, 0x34, 0x43, 0x55, 0x58, 0x75,
    0x57, 0x78, 0x96, 0x44, 0x55, 0x44, 0x55, 0x32, 0xAA, 0xB5, 0x17, 0x42, 0x11, 0x11, 0x7C, 0xFB,
    0x42, 0x22, 0x22, 0x12, 0x36, 0x87, 0x79, 0xEE, 0xCB, 0x22, 0x22, 0x24, 0x32, 0x45, 0x58, 0x74,
    0x47, 0x87, 0x86, 0x44, 0x67, 0x54, 0x54, 0x24, 0xBA, 0xA8, 0x72, 0x52, 0x11, 0x12, 0x47, 0xBF,
    0xF9, 0x63, 0x33, 0x7C, 0xFF, 0xCB, 0x7B, 0xB8, 0xDC, 0x42, 0x22, 0x34, 0x22, 0x44, 0x55, 0x56,
    0x57, 0x88, 0x85, 0x34, 0x55, 0x64, 0x42, 0x27, 0xCA, 0xA7, 0x73, 0x42, 0x11, 0x24, 0x41, 0x14,
    0x9B, 0x85, 0x68, 0xCC, 0x77, 0x99, 0x7B, 0x9B, 0xCC, 0x91, 0x22, 0x22, 0x22, 0x44, 0x55, 0x77,
    0x46, 0x88, 0x97, 0x34, 0x55, 0x74, 0x32, 0x2A, 0xAA, 0xA5, 0x14, 0x42, 0x11, 0x38, 0x99, 0x99,
    0x9B, 0x64, 0x59, 0xB6, 0x24, 0x7B, 0x8B, 0xCD, 0xDD, 0xA1, 0x12, 0x22, 0x42, 0x35, 0x77, 0x78,
    0x45, 0x77, 0xB7, 0x34, 0x57, 0x54, 0x42, 0x4A, 0xAA, 0xA4, 0x2B, 0x42, 0x11, 0x13, 0x7C, 0xB2,
    0xC9, 0x31, 0x2B, 0xBE, 0xFA, 0xCB, 0x7B, 0xBC, 0xDD, 0xD4, 0x12, 0x24, 0x42, 0x45, 0x78, 0x77,
    0x25, 0x57, 0x97, 0x34, 0x55, 0x53, 0x34, 0x5A, 0xAA, 0xD4, 0x4A, 0x32, 0x11, 0x11, 0x12, 0x36,
    0x92, 0x21, 0x39, 0x89, 0x84, 0xB8, 0x5B, 0xBC, 0xED, 0xE8, 0x12, 0x43, 0x32, 0x44, 0x57, 0x77,
    0x15, 0x57, 0x86, 0x45, 0x75, 0x43, 0x24, 0x8A, 0xAA, 0xDA, 0x37, 0x24, 0x11, 0x11, 0x11, 0x36,
    0x21, 0x21, 0x28, 0x68, 0x54, 0x76, 0x8C, 0xBC, 0xED, 0xDA, 0x12, 0x44, 0x32, 0x34, 0x57, 0x75,
    0x25, 0x68, 0x86, 0x44, 0x55, 0x43, 0x23, 0xAA, 0xAA, 0xDD, 0x25, 0x65, 0x21, 0x11, 0x11, 0x11,
    0x11, 0x21, 0x17, 0x64, 0x33, 0x24, 0x9E, 0xBD, 0xED, 0xDA, 0x12, 0x43, 0x22, 0x44, 0x57, 0x86,
    0x35, 0x68, 0x77, 0x44, 0x55, 0x43, 0x23, 0xAA, 0xAA, 0xCE, 0x52, 0x75, 0x31, 0x11, 0x11, 0x11,
    0x11, 0x11, 0x17, 0x73, 0x21, 0x13, 0x9E, 0xBE, 0xED, 0xDC, 0x21, 0x23, 0x22, 0x44, 0x55, 0x86,
    0x25, 0x69, 0x87, 0x44, 0x55, 0x43, 0x24, 0xAA, 0xAA, 0xDE, 0x71, 0x46, 0x41, 0x11, 0x11, 0x11,
    0x11, 0x21, 0x26, 0x64, 0x21, 0x23, 0x9B, 0xBE, 0xEE, 0xEE, 0x21, 0x24, 0x22, 0x45, 0x55, 0x85,
    0x35, 0x68, 0x77, 0x44, 0x55, 0x43, 0x24, 0xAA, 0xAA, 0xAC, 0xC1, 0x26, 0x52, 0x11, 0x11, 0x11,
    0x23, 0x21, 0x27, 0x72, 0x22, 0x24, 0xB9, 0xCF, 0xEE, 0xEE, 0x41, 0x22, 0x22, 0x45, 0x55, 0x76,
    0x65, 0x68, 0x77, 0x44, 0x55, 0x42, 0x27, 0xAA, 0x87, 0xAA, 0xCB, 0xB6, 0x53, 0x11, 0x11, 0x11,
    0x62, 0x21, 0x15, 0x72, 0x22, 0x27, 0xC8, 0xDE, 0xEE, 0xFE, 0x41, 0x22, 0x22, 0x44, 0x55, 0x75,
    0x55, 0x67, 0x77, 0x44, 0x55, 0x42, 0x27, 0xCA, 0x77, 0xAA, 0xCC, 0xF7, 0x43, 0x21, 0x11, 0x13,
    0x61, 0x11, 0x13, 0x55, 0x12, 0x38, 0xCF, 0xEE, 0xEE, 0xEF, 0x51, 0x22, 0x22, 0x44, 0x55, 0x55,
    0x45, 0x57, 0x77, 0x44, 0x44, 0x42, 0x28, 0xCA, 0xAA, 0xCD, 0xDC, 0xF9, 0x33, 0x21, 0x11, 0x24,
    0x3B, 0xB3, 0x4B, 0xB6, 0x22, 0x48, 0xEF, 0xEE, 0xEE, 0xEF, 0x71, 0x22, 0x22, 0x44, 0x55, 0x55,
    0x55, 0x56, 0x77, 0x44, 0x54, 0x42, 0x28, 0xCA, 0xAA, 0xAD, 0xDD, 0xFB, 0x23, 0x21, 0x11, 0x22,
    0x16, 0xBB, 0xCE, 0x95, 0x33, 0x68, 0xDE, 0xEE, 0xEE, 0xEF, 0x71, 0x22, 0x22, 0x44, 0x75, 0x55,
    0x45, 0x56, 0x77, 0x43, 0x54, 0x32, 0x2A, 0xCA, 0xAA, 0xAA, 0xCD, 0xEC, 0x33, 0x21, 0x11, 0x21,
    0x12, 0x27, 0x98, 0x53, 0x33, 0x78, 0xEE, 0xEE, 0xEE, 0xEF, 0x71, 0x22, 0x22, 0x45, 0x77, 0x55,
    0x35, 0x65, 0x67, 0x44, 0x54, 0x32, 0x2A, 0xCA, 0xAA, 0xAA, 0xAD, 0xEE, 0x42, 0x21, 0x11, 0x11,
    0x11, 0x13, 0x25, 0x44, 0x34, 0x79, 0xFE, 0xEE, 0xDE, 0xEE, 0x81, 0x22, 0x42, 0x45, 0x75, 0x55,
    0x45, 0x55, 0x77, 0x44, 0x54, 0x43, 0x2A, 0xCA, 0xAA, 0xAA, 0xAD, 0xEF, 0x73, 0x22, 0x11, 0x11,
    0x11, 0x33, 0x45, 0x34, 0x35, 0x8B, 0xFE, 0xEE, 0xED, 0xEE, 0xE5, 0x12, 0x42, 0x45, 0x55, 0x45,
    0x77, 0x55, 0x54, 0x44, 0x54, 0x32, 0x18, 0xCA, 0xAA, 0xAA, 0xAD, 0xEF, 0xC4, 0x32, 0x11, 0x27,
    0x7B, 0xEB, 0xFB, 0x76, 0x46, 0x8E, 0xFE, 0xEE, 0xDD, 0xED, 0xFC, 0x22, 0x43, 0x47, 0x55, 0x45,
    0x59, 0x85, 0x44, 0x45, 0x44, 0x22, 0x2A, 0xAA, 0xAA, 0xAA, 0xAA, 0xEE, 0xF7, 0x33, 0x21, 0x47,
    0x97, 0x7C, 0xBC, 0xB8, 0x47, 0x9F, 0xFE, 0xEE, 0xDD, 0xED, 0xFE, 0x42, 0x44, 0x44, 0x44, 0x47,
    0x79, 0xA7, 0x44, 0x44, 0x53, 0x24, 0xDE, 0xAA, 0xAA, 0xAA, 0xAA, 0xDE, 0xFB, 0x54, 0x32, 0x31,
    0x24, 0x46, 0x67, 0x35, 0x58, 0xCF, 0xFF, 0xEE, 0xEE, 0xED, 0xFE, 0x82, 0x44, 0x22, 0x24, 0x78,
    0x68, 0xA8, 0x53, 0x44, 0x42, 0x4A, 0xFF, 0xAA, 0xAA, 0x7A, 0xAA, 0xEE, 0xFE, 0x85, 0x54, 0x43,
    0x25, 0xCF, 0xB5, 0x46, 0x79, 0xFF, 0xFF, 0xED, 0xEE, 0xEE, 0xFD, 0xA2, 0x24, 0x32, 0x45, 0x77,
    0x79, 0x98, 0x74, 0x54, 0x42, 0x8C, 0xEF, 0xAA, 0xAA, 0x77, 0xAB, 0xCD, 0xFE, 0x98, 0x65, 0x44,
    0x34, 0xBF, 0x84, 0x68, 0x8E, 0xFF, 0xFE, 0xEE, 0xFF, 0xEE, 0xFE, 0xC4, 0x24, 0x23, 0x57, 0x87,
    0x58, 0x98, 0x85, 0x55, 0x44, 0xCB, 0xCF, 0xAA, 0xAA, 0xA7, 0xAA, 0xAD, 0xEF, 0xB9, 0x87, 0x32,
    0x11, 0x39, 0x23, 0x78, 0xBF, 0xFF, 0xFE, 0xEE, 0xFF, 0xEE, 0xFE, 0xF5, 0x44, 0x45, 0x77, 0x87,
    0x67, 0x98, 0x95, 0x55, 0x48, 0xCB, 0xEF, 0xDA, 0xAA, 0x85, 0x7A, 0xCD, 0xDF, 0xC8, 0xB9, 0x42,
    0x11, 0x23, 0x24, 0x7B, 0xFF, 0xFF, 0xFE, 0xEE, 0xFF, 0xEE, 0xEE, 0xFF, 0xC7, 0x75, 0x77, 0xA7,
    0x76, 0x89, 0x96, 0x55, 0x5A, 0xCD, 0xDF, 0xFA, 0xAA, 0xA5, 0x8A, 0xAD, 0xDE, 0xF9, 0x8C, 0x93,
    0x22, 0x33, 0x46, 0x9F, 0xFF, 0xFF, 0xEE, 0xEE, 0xFF, 0xEE, 0xEE, 0xFF, 0xFE, 0xA7, 0x55, 0x87,
    0x87, 0x77, 0x88, 0x55, 0x5B, 0xDD, 0xDE, 0xFD, 0xAA, 0xA8, 0xAA, 0xAA, 0xDD, 0xEC, 0x68, 0xE9,
    0x67, 0x77, 0x89, 0xEF, 0xFF, 0xFF, 0xEE, 0xDE, 0xFF, 0xEE, 0xED, 0xFF, 0xFF, 0xCB, 0xB7, 0x77,
    0x86, 0x65, 0x99, 0x75, 0x5B, 0xDD, 0xDD, 0xEE, 0xCA, 0xAA, 0xAA, 0xAA, 0xDD, 0xEE, 0x95, 0x9E,
    0xEC, 0xBB, 0xCF, 0xFE, 0xFF, 0xFF, 0xEE, 0xEE, 0xFF, 0xDF, 0xEE, 0xFF, 0xEE, 0xEC, 0xE9, 0x56,
    0x56, 0x88, 0x99, 0x75, 0x49, 0xED, 0xCD, 0xEE, 0xCC, 0xAA, 0xAA, 0xAA, 0xAD, 0xDD, 0xD5, 0x49,
    0xEF, 0xFF, 0xFF, 0xCE, 0xFF, 0xFE, 0xEE, 0xEF, 0xEE, 0xEF, 0xEE, 0xFF, 0xEE, 0xEE, 0xEC, 0x89,
    0x77, 0x99, 0x88, 0x75, 0x4B, 0xED, 0xAA, 0xDE, 0xEC, 0xCA, 0xAA, 0xAA, 0xAA, 0xDD, 0xDB, 0x56,
    0x9B, 0xCE, 0xEC, 0xCF, 0xFF, 0xEE, 0xEE, 0xEE, 0xEE, 0xEF, 0xEF, 0xFF, 0xEE, 0xDD, 0xEE, 0xA9,
    0x99, 0x89, 0x88, 0xAA, 0xBF, 0xED, 0xAA, 0xAD, 0xEE, 0xDA, 0xAA, 0xAA, 0xAA, 0xDC, 0xAD, 0xB6,
    0x79, 0xBC, 0xEC, 0xFF, 0xFE, 0xEE, 0xEE, 0xEE, 0xEE, 0xFF, 0xEF, 0xFF, 0xFE, 0xDE, 0xEE, 0xA8,
    0x8B, 0x78, 0xAA, 0xDD, 0xEF, 0xFD, 0xAA, 0xAC, 0xEE, 0xDA, 0xAA, 0xAA, 0xAA, 0xCA, 0xAA, 0xDC,
    0x89, 0xCC, 0xEF, 0xFE, 0xEE, 0xED, 0xEE, 0xEE, 0xEE, 0xFF, 0xFF, 0xFF, 0xFE, 0xEF, 0xFE, 0xB6,
    0x98, 0x78, 0xAD, 0xDE, 0xFF, 0xFE, 0xDA, 0xAA, 0xBF, 0xDC, 0xAA, 0xAA, 0xAA, 0xAA, 0xAA, 0xAD,
    0xDE, 0xEF, 0xEE, 0xEE, 0xED, 0xDD, 0xDD, 0xEE, 0xEE, 0xFF, 0xFF, 0xFF, 0xED, 0xDE, 0xFF, 0xB7,
    0x97, 0x8A, 0xAE, 0xFE, 0xDE, 0xFF, 0xDA, 0xA8, 0xAD, 0xED, 0xCA, 0xAA, 0xAA, 0x7A, 0xAD, 0xAA,
    0xDD, 0xDE, 0xCA, 0xCD, 0xDD, 0xDD, 0xDD, 0xEE, 0xEE, 0xFF, 0xFF, 0xFF, 0xED, 0xDD, 0xEF, 0xB7,
    0x98, 0xAA, 0xDC, 0xAA, 0xAD, 0xDF, 0xED, 0xA8, 0xAD, 0xFD, 0xDC, 0xAA, 0xAA, 0x67, 0xAD, 0xCA,
    0xDD, 0xDD, 0xDB, 0xAC, 0xDD, 0xDD, 0xCD, 0xEE, 0xEF, 0xFF, 0xFF, 0xFF, 0xED, 0xDD, 0xDF, 0xC6,
    0x98, 0xAD, 0xEA, 0xAA, 0xAD, 0xDE, 0xFD, 0xCA, 0xAD, 0xEE, 0xDC, 0xCA, 0xAA, 0xAA, 0xAC, 0xDC,
    0xDD, 0xDD, 0xDC, 0xAA, 0xCC, 0xCC, 0xCD, 0xEE, 0xFF, 0xFF, 0xFF, 0xFE, 0xED, 0xAD, 0xDE, 0xC7,
    0x6A, 0xAE, 0xC7, 0x7A, 0xAA, 0xDD, 0xFE, 0xDA, 0xDD, 0xEE, 0xED, 0xCC, 0xAA, 0xAA, 0xAA, 0xAD,
    0xDD, 0xDD, 0xDD, 0xAA, 0xAC, 0xCC, 0xCD, 0xEF, 0xFF, 0xFF, 0xFF, 0xFE, 0xED, 0xAD, 0xDE, 0xB7,
    0x7A, 0xCF, 0xAA, 0x77, 0xAA, 0xDD, 0xFF, 0xED, 0xDD, 0xDD, 0xEE, 0xDD, 0xCA, 0xAA, 0xAA, 0xAC,
    0xCD, 0xDD, 0xDD, 0xAA, 0xAC, 0xCC, 0xDE, 0xFF, 0xFF, 0xFF, 0xFF, 0xFF, 0xFE, 0xED, 0xDE, 0xE5,
    0x7A, 0xDF, 0xAA, 0x74, 0xAD, 0xEE, 0xFF, 0xFE, 0xDD, 0xCD, 0xDE, 0xED, 0xDC, 0xBC, 0xBA, 0xCC,
    0xCC, 0xCC, 0xDD, 0xBA, 0xAC, 0xCC, 0xDF, 0xFF, 0xFF, 0xFF, 0xFF, 0xFF, 0xFC, 0xCF, 0xEE, 0xF7,
    0x7A, 0xEF, 0xAA, 0xAA, 0xDE, 0xFE, 0xEF, 0xFE, 0xDD, 0xAC, 0xDD, 0xEE, 0xED, 0xCC, 0xCB, 0xBC,
    0xCC, 0xCC, 0xCC, 0xBA, 0xCC, 0xDD, 0xEF, 0xFF, 0xFF, 0xFF, 0xFF, 0xFF, 0xDA, 0xDD, 0xFE, 0xFB,
    0x89, 0xFF, 0xDA, 0xAD, 0xBC, 0xAA, 0xDE, 0xFF, 0xED, 0xAA, 0xCD, 0xEF, 0xED, 0xDD, 0xCC, 0xCC,
    0xCC, 0xCC, 0xCC, 0xCC, 0xCC, 0xEE, 0xFF, 0xFF, 0xFF, 0xFF, 0xFF, 0xFE, 0xDA, 0xAD, 0xEF, 0xFC,
    0x7B, 0xFF, 0xDD, 0xDE, 0xA7, 0xAA, 0xDD, 0xFF, 0xFE, 0xDA, 0xCC, 0xDE, 0xFF, 0xED, 0xDD, 0xDD,
    0xDC, 0xCC, 0xCD, 0xDC, 0xCE, 0xEF, 0xFF, 0xFF, 0xFF, 0xFF, 0xFF, 0xFE, 0xDA, 0xCD, 0xEF, 0xFF,
    0x5B, 0xFF, 0xED, 0xFD, 0xA7, 0xAA, 0xDD, 0xFF, 0xFE, 0xDC, 0xAC, 0xCD, 0xEE, 0xEE, 0xED, 0xDD,
    0xDD, 0xDD, 0xDD, 0xEE, 0xEE, 0xFF, 0xFF, 0xFF, 0xFF, 0xFF, 0xFF, 0xFE, 0xDA, 0xDD, 0xEF, 0xFF,
    0x4B, 0xFF, 0xEE, 0xFA, 0xA7, 0x7A, 0xDD, 0xEF, 0xFF, 0xED, 0xCC, 0xCC, 0xCD, 0xEF, 0xFE, 0xED,
    0xEE, 0xEE, 0xEE, 0xEE, 0xEE, 0xFF, 0xFF, 0xFF, 0xFF, 0xFF, 0xFF, 0xFF, 0xDD, 0xDD, 0xEF, 0xFF,
    0x5C, 0xFF, 0xFF, 0xFA, 0xAA, 0x7A, 0xAD, 0xEF, 0xFF, 0xFE, 0xDC, 0xCC, 0xBC, 0xDE, 0xEF, 0xEE,
    0xEE, 0xEE, 0xEE, 0xEE, 0xEF, 0xFF, 0xFF, 0xFF, 0xFF, 0xFF, 0xFF, 0xFE, 0xDD, 0xDD, 0xEF, 0xFF,
    0x5E, 0xFF, 0xFF, 0xFD, 0xAA, 0x7A, 0xDD, 0xEF, 0xFF, 0xFF, 0xED, 0xDC, 0xAA, 0xDE, 0xEE, 0xEF,
    0xFF, 0xEE, 0xEE, 0xEF, 0xFF, 0xFF, 0xFF, 0xFF, 0xFF, 0xFF, 0xFF, 0xFE, 0xDD, 0xDD, 0xEF, 0xFF,
    0x8E, 0xFF, 0xFF, 0xFD, 0xDA, 0xAD, 0xEE, 0xFF, 0xFF, 0xFF, 0xFE, 0xDC, 0xBA, 0xDD, 0xEE, 0xEF,
    0xFF, 0xFF, 0xFF, 0xFF, 0xFF, 0xFF, 0xFF, 0xFF, 0xFF, 0xFF, 0xFF, 0xFE, 0xDD, 0xDE, 0xFF, 0xEE,
    0xBB, 0xEE, 0xFF, 0xFE, 0xDD, 0xEB, 0xAA, 0xDF, 0xFF, 0xFF, 0xFF, 0xEE, 0xCC, 0xCD, 0xDE, 0xEE,
    0xEE, 0xFF, 0xFF, 0xFF, 0xFF, 0xFF, 0xFF, 0xFF, 0xFF, 0xFF, 0xFE, 0xFE, 0xDD, 0xEE, 0xFF, 0xEE,
    0xBB, 0xC9, 0xFF, 0xFE, 0xDE, 0xEA, 0xAA, 0xDE, 0xFF, 0xFF, 0xFF, 0xFF, 0xED, 0xDC, 0xCD, 0xDE,
    0xEE, 0xEE, 0xFF, 0xFF, 0xFF, 0xFF, 0xFF, 0xFF, 0xFF, 0xFF, 0xEE, 0xFF, 0xDD, 0xEF, 0xFF, 0xBC,
    0x89, 0x98, 0xFF, 0xFF, 0xEF, 0xDA, 0xAA, 0xDD, 0xFF, 0xEF, 0xFF, 0xFF, 0xFE, 0xED, 0xCC, 0xCC,
    0xDD, 0xDE, 0xEE, 0xEE, 0xEE, 0xEF, 0xFF, 0xFF, 0xFF, 0xFE, 0xEE, 0xFF, 0xEE, 0xEF, 0xFF, 0x99,
    0x89, 0x85, 0xEE, 0xFF, 0xFF, 0xDA, 0xAA, 0xDD, 0xFF, 0xEE, 0xFF, 0xFF, 0xFF, 0xEE, 0xED, 0xDD,
    0xCC, 0xCC, 0xCD, 0xCC, 0xCE, 0xFF, 0xFF, 0xFF, 0xFF, 0xEE, 0xEE, 0xFF, 0xFF, 0xFF, 0xFF, 0xB9,
    0x9B, 0x63, 0xC9, 0xFF, 0xFF, 0xDD, 0xAA, 0xDD, 0xFE, 0xDD, 0xEF, 0xFF, 0xFF, 0xFF, 0xEE, 0xEE,
    0xDD, 0xDD, 0xDD, 0xCD, 0xEF, 0xFF, 0xFF, 0xFF, 0xFE, 0xED, 0xED, 0xFF, 0xFF, 0xFF, 0xEE, 0xB6,
};

static const uint8_t coup_animdata_duke_f03[3072] = {
    0x96, 0x99, 0x5C, 0xCC, 0xCC, 0xCB, 0x8B, 0xEC, 0xBB, 0xB9, 0x99, 0xB9, 0x66, 0x66, 0x64, 0x35,
    0x53, 0x46, 0x65, 0x55, 0x57, 0xB9, 0xBB, 0xBB, 0xBB, 0xBB, 0xBB, 0xBE, 0x71, 0x9B, 0xBB, 0xCB,
    0x67, 0xB5, 0xBB, 0xBC, 0xBB, 0xB9, 0x8B, 0xEB, 0xBB, 0xB9, 0x89, 0x99, 0xB9, 0x99, 0x98, 0x9B,
    0x96, 0x69, 0x99, 0x88, 0x99, 0xB9, 0x9B, 0xBB, 0xBB, 0xBB, 0x9B, 0xBB, 0x33, 0x3C, 0xBB, 0xCB,
    0x6B, 0x69, 0xCB, 0xBB, 0xBB, 0x98, 0x6B, 0xCB, 0xBB, 0xB9, 0x89, 0x99, 0x88, 0x99, 0x98, 0x99,
    0x98, 0x68, 0x99, 0x88, 0x88, 0x99, 0x8B, 0xBB, 0xBB, 0xB8, 0xBE, 0xEB, 0x33, 0x6F, 0xFF, 0xEC,
    0xB6, 0x7E, 0xBB, 0xBB, 0xBB, 0x98, 0x59, 0xCB, 0xBB, 0xB7, 0x69, 0x98, 0x89, 0x99, 0x68, 0x99,
    0x99, 0x88, 0x88, 0x88, 0x76, 0x87, 0x8B, 0xBB, 0xBB, 0xB9, 0xF8, 0xBE, 0x32, 0x6F, 0xB9, 0xFE,
    0x65, 0xEB, 0xBB, 0xBB, 0xBB, 0x86, 0x39, 0xBB, 0xB9, 0x95, 0x69, 0x98, 0x88, 0x87, 0x69, 0x89,
    0x99, 0x88, 0x77, 0x77, 0x66, 0x85, 0x6B, 0xBB, 0xBB, 0xCB, 0x71, 0xBF, 0x32, 0x6F, 0x82, 0xBF,
    0x3B, 0xCB, 0xB9, 0xBB, 0xB9, 0x65, 0x28, 0xBB, 0x99, 0x95, 0x38, 0x88, 0x65, 0x76, 0x89, 0x89,
    0x99, 0x88, 0x85, 0x46, 0x78, 0x73, 0x59, 0x9B, 0xBF, 0xCB, 0x32, 0x9F, 0x31, 0x6F, 0x62, 0x6F,
    0x8B, 0xBB, 0x99, 0x99, 0xB8, 0x64, 0x26, 0xB9, 0x99, 0x96, 0x26, 0x88, 0x65, 0x66, 0x99, 0x99,
    0x99, 0x98, 0x75, 0x56, 0x88, 0x62, 0x69, 0x99, 0xEF, 0xBB, 0x62, 0x69, 0x21, 0x39, 0x33, 0xBF,
    0x9B, 0xBB, 0x99, 0x99, 0x95, 0x86, 0x24, 0x99, 0x99, 0x98, 0x25, 0x97, 0x67, 0x46, 0xB9, 0x99,
    0x99, 0x98, 0x66, 0x65, 0x76, 0x52, 0x89, 0x8B, 0xFE, 0xBB, 0x92, 0x23, 0x69, 0x83, 0x23, 0xFF,
    0x9B, 0xCB, 0x9B, 0xB9, 0x86, 0xB5, 0x23, 0x98, 0x88, 0x98, 0x44, 0x96, 0x79, 0x65, 0x88, 0x99,
    0x99, 0x64, 0x36, 0x87, 0x66, 0x33, 0x98, 0x8E, 0xFE, 0x9B, 0x43, 0x9C, 0xC9, 0xEE, 0x93, 0x7F,
    0x9B, 0xB9, 0x9B, 0xB9, 0x89, 0xC7, 0x33, 0x78, 0x78, 0x97, 0x65, 0x76, 0x89, 0x85, 0x36, 0x99,
    0x99, 0x63, 0x68, 0x97, 0x68, 0x37, 0x97, 0xBE, 0xEC, 0xB5, 0x2B, 0xB8, 0x11, 0x4C, 0xCB, 0x28,
    0x9B, 0xB9, 0x8B, 0x98, 0x89, 0xC9, 0x33, 0x57, 0x69, 0x97, 0x88, 0x68, 0x99, 0x94, 0x36, 0x68,
    0x68, 0x52, 0x68, 0x87, 0x67, 0x68, 0x98, 0xBB, 0xCC, 0x92, 0x9B, 0x99, 0x31, 0x6C, 0xBE, 0x62,
    0xBB, 0x99, 0x99, 0x98, 0x8B, 0xB9, 0x53, 0x56, 0x79, 0x53, 0x56, 0x69, 0x99, 0x96, 0x33, 0x38,
    0x54, 0x32, 0x68, 0x87, 0x76, 0x64, 0x49, 0xEC, 0xBB, 0x36, 0xB9, 0x99, 0x92, 0x6B, 0xBB, 0xB3,
    0xBB, 0x98, 0x69, 0x96, 0x8B, 0xB9, 0x53, 0x57, 0x94, 0x23, 0x56, 0x69, 0x88, 0x83, 0x33, 0x79,
    0x85, 0x25, 0x87, 0x78, 0x76, 0x75, 0x27, 0xFC, 0xEC, 0x39, 0xBB, 0x99, 0x92, 0x6B, 0xB9, 0xB9,
    0xCB, 0x98, 0x68, 0x96, 0x7B, 0x99, 0x64, 0x69, 0x72, 0x36, 0x78, 0x98, 0x88, 0x55, 0x45, 0x88,
    0x86, 0x25, 0x87, 0x76, 0x77, 0x56, 0x69, 0xE6, 0x28, 0xCC, 0xBB, 0xBB, 0xB2, 0x6C, 0xB9, 0xBC,
    0xCB, 0x97, 0x78, 0x96, 0x8B, 0x88, 0x65, 0x89, 0x53, 0x67, 0x67, 0x77, 0x87, 0x55, 0x35, 0x78,
    0x86, 0x25, 0x87, 0x77, 0x66, 0x66, 0x6B, 0xB8, 0x33, 0x8C, 0xCC, 0xEC, 0xB2, 0x6B, 0x99, 0xBE,
    0xCB, 0x87, 0x67, 0x93, 0x9B, 0x87, 0x75, 0x69, 0x55, 0x66, 0x56, 0x55, 0x77, 0x54, 0x33, 0x67,
    0x83, 0x24, 0x67, 0x77, 0x66, 0x76, 0x6E, 0xCC, 0xEE, 0xEE, 0xBC, 0xEE, 0xB3, 0x69, 0x99, 0xBF,
    0xC9, 0x77, 0x68, 0x72, 0x99, 0x87, 0x76, 0x69, 0x36, 0x65, 0x56, 0x65, 0x57, 0x53, 0x53, 0x57,
    0x62, 0x33, 0x56, 0x77, 0x65, 0x76, 0x5E, 0xEC, 0xB9, 0x76, 0xBB, 0xEE, 0xB3, 0x69, 0x99, 0x96,
    0xC9, 0x87, 0x68, 0x52, 0x99, 0x77, 0x67, 0x57, 0x46, 0x65, 0x57, 0x76, 0x53, 0x22, 0x33, 0x24,
    0x23, 0x65, 0x45, 0x77, 0x65, 0x75, 0x5E, 0xE5, 0x33, 0x23, 0xBB, 0xBE, 0xE9, 0x99, 0x9B, 0x83,
    0xB9, 0x87, 0x68, 0x32, 0xB9, 0x97, 0x68, 0x66, 0x56, 0x65, 0x56, 0x66, 0x42, 0x22, 0x25, 0x22,
    0x25, 0x66, 0x65, 0x66, 0x55, 0x65, 0x4B, 0xE6, 0x33, 0x3B, 0xBB, 0xB7, 0x65, 0x76, 0x96, 0xB6,
    0xB8, 0x88, 0x68, 0x22, 0x98, 0x87, 0x69, 0x87, 0x76, 0x55, 0x66, 0x66, 0x33, 0x44, 0x32, 0x21,
    0x26, 0x55, 0x65, 0x66, 0x35, 0x64, 0x29, 0xCB, 0xB9, 0xBB, 0x9C, 0x72, 0x33, 0x63, 0x73, 0xCC,
    0xB8, 0x88, 0x67, 0x22, 0x98, 0x86, 0x79, 0x95, 0x56, 0x53, 0x56, 0x66, 0x45, 0x64, 0x32, 0x23,
    0x7B, 0xB8, 0x75, 0x65, 0x35, 0x52, 0x29, 0xEE, 0xEC, 0xBB, 0xB9, 0x66, 0xCB, 0x83, 0x39, 0xCB,
    0xB8, 0x98, 0x77, 0x12, 0x98, 0x74, 0x79, 0x94, 0x26, 0x52, 0x36, 0x66, 0x55, 0x54, 0x33, 0x9E,
    0xFF, 0xFF, 0xFB, 0x64, 0x35, 0x52, 0x28, 0xEB, 0xB6, 0x6C, 0x33, 0x63, 0x23, 0x82, 0x3B, 0xBB,
    0x98, 0x98, 0x87, 0x13, 0x97, 0x44, 0x58, 0x73, 0x25, 0x42, 0x36, 0x55, 0x55, 0x33, 0x5C, 0xFE,
    0xEF, 0xFF, 0xFF, 0xC3, 0x45, 0x42, 0x35, 0xBB, 0x96, 0x6E, 0x96, 0xBB, 0xB3, 0x33, 0x38, 0xBB,
    0x99, 0x98, 0x75, 0x24, 0x96, 0x27, 0x24, 0x53, 0x24, 0x42, 0x25, 0x55, 0x44, 0x33, 0x58, 0xEF,
    0xEE, 0xEE, 0xFF, 0xF3, 0x44, 0x42, 0x34, 0x8B, 0x99, 0x3B, 0xCB, 0x87, 0x83, 0x36, 0x83, 0xC9,
    0x99, 0x98, 0x74, 0x24, 0x94, 0x49, 0x53, 0x74, 0x13, 0x42, 0x24, 0x55, 0x44, 0x22, 0x44, 0x5F,
    0xEC, 0xEE, 0xEE, 0xF8, 0x44, 0x42, 0x25, 0x39, 0xBB, 0x66, 0xEB, 0x63, 0x33, 0x66, 0xB6, 0xB5,
    0x99, 0x98, 0x84, 0x24, 0x73, 0x6B, 0x74, 0x76, 0x12, 0x42, 0x24, 0x54, 0x43, 0x24, 0x44, 0x28,
    0xFF, 0xFF, 0xFF, 0xFB, 0x72, 0x32, 0x25, 0x23, 0xBB, 0xC6, 0x9E, 0x9C, 0xE9, 0x9B, 0xBE, 0x85,
    0x9B, 0xB8, 0x94, 0x24, 0x54, 0x89, 0x85, 0x56, 0x23, 0x42, 0x23, 0x43, 0x32, 0x44, 0x22, 0x22,
    0xEF, 0xFE, 0xFF, 0xF8, 0x95, 0x22, 0x24, 0x21, 0x9C, 0xEB, 0x38, 0xBC, 0xB3, 0x9B, 0xB6, 0x3B,
    0xBB, 0xB7, 0x83, 0x25, 0x65, 0x97, 0x85, 0x47, 0x22, 0x32, 0x23, 0x32, 0x24, 0x42, 0x22, 0x22,
    0x48, 0x63, 0x6B, 0xB7, 0x89, 0x41, 0x24, 0x22, 0x4B, 0xE9, 0x93, 0x3C, 0x63, 0x9C, 0x33, 0x9B,
    0xBB, 0x98, 0x93, 0x36, 0x57, 0x97, 0x86, 0x37, 0x32, 0x43, 0x22, 0x22, 0x44, 0x22, 0x21, 0x11,
    0x11, 0x23, 0x34, 0x45, 0x78, 0x92, 0x24, 0x23, 0x45, 0xBE, 0xB9, 0x9E, 0x83, 0x6E, 0x89, 0xBB,
    0xBB, 0xB8, 0x93, 0x35, 0x59, 0x87, 0x88, 0x46, 0x52, 0x43, 0x22, 0x24, 0x42, 0x22, 0x11, 0x11,
    0x22, 0x23, 0x34, 0x34, 0x57, 0x88, 0x12, 0x33, 0x54, 0x59, 0xBC, 0xCE, 0xB3, 0x8E, 0xCB, 0xB9,
    0xBB, 0x98, 0x93, 0x45, 0x5B, 0x87, 0x78, 0x55, 0x53, 0x43, 0x22, 0x24, 0x22, 0x22, 0x11, 0x11,
    0x11, 0x22, 0x23, 0x23, 0x57, 0x89, 0x51, 0x33, 0x54, 0x75, 0x69, 0xBE, 0xE9, 0x9B, 0x99, 0x89,
    0xCB, 0x99, 0x94, 0x44, 0x59, 0x87, 0x68, 0x65, 0x53, 0x32, 0x21, 0x44, 0x22, 0x11, 0x11, 0x11,
    0x11, 0x22, 0x13, 0x22, 0x47, 0x89, 0x92, 0x23, 0x44, 0x54, 0x45, 0x89, 0x82, 0x28, 0x88, 0x89,
    0xCB, 0xB9, 0x94, 0x44, 0x58, 0x77, 0x67, 0x64, 0x54, 0x31, 0x22, 0x44, 0x22, 0x11, 0x11, 0x11,
    0x11, 0x23, 0x36, 0x22, 0x45, 0x78, 0x95, 0x14, 0x34, 0x44, 0x55, 0x79, 0x72, 0x28, 0x88, 0x89,
    0xCB, 0xB9, 0xB6, 0x34, 0x79, 0x78, 0x77, 0x64, 0x33, 0x22, 0x33, 0x42, 0x21, 0x11, 0x11, 0x11,
    0x11, 0x13, 0x23, 0x32, 0x35, 0x68, 0x97, 0x12, 0x34, 0x44, 0x57, 0x68, 0x73, 0x49, 0x99, 0x89,
    0xCB, 0xB9, 0xB7, 0x32, 0x79, 0x78, 0x77, 0x83, 0x22, 0x12, 0x24, 0x32, 0x21, 0x11, 0x11, 0x11,
    0x11, 0x22, 0x13, 0x35, 0x34, 0x68, 0x98, 0x21, 0x24, 0x55, 0x57, 0x77, 0x52, 0x4A, 0xA9, 0x89,
    0xCB, 0xBB, 0xB6, 0x42, 0x88, 0x77, 0x86, 0x73, 0x21, 0x22, 0x24, 0x21, 0x11, 0x11, 0x11, 0x11,
    0x11, 0x11, 0x13, 0x36, 0x33, 0x58, 0x99, 0x21, 0x14, 0x55, 0x57, 0x77, 0x42, 0x49, 0x99, 0x89,
    0x8B, 0xBB, 0xB5, 0x42, 0x88, 0x87, 0x87, 0x63, 0x11, 0x21, 0x24, 0x21, 0x11, 0x11, 0x11, 0x11,
    0x11, 0x11, 0x22, 0x36, 0x32, 0x47, 0x99, 0x41, 0x14, 0x55, 0x45, 0x77, 0x42, 0x48, 0x89, 0x89,
    0x3B, 0xB9, 0x96, 0x42, 0x88, 0x76, 0x87, 0x53, 0x12, 0x21, 0x14, 0x21, 0x11, 0x11, 0x11, 0x11,
    0x21, 0x11, 0x23, 0x36, 0x63, 0x45, 0x89, 0x51, 0x14, 0x45, 0x45, 0x57, 0x42, 0x48, 0x79, 0x98,
    0x27, 0xB9, 0x96, 0x43, 0x78, 0x77, 0x87, 0x53, 0x22, 0x21, 0x23, 0x21, 0x11, 0x11, 0x11, 0x11,
    0x23, 0x12, 0x33, 0x36, 0x64, 0x45, 0x79, 0x71, 0x13, 0x44, 0x45, 0x55, 0x43, 0x48, 0x78, 0x98,
    0x25, 0x99, 0x96, 0x43, 0x67, 0x76, 0x77, 0x43, 0x22, 0x14, 0xA2, 0x21, 0x11, 0x11, 0x11, 0x11,
    0x21, 0x23, 0x33, 0x36, 0x64, 0x45, 0x79, 0xA4, 0x13, 0x44, 0x34, 0x45, 0x42, 0x47, 0x58, 0x99,
    0x24, 0x89, 0x95, 0x44, 0x67, 0x76, 0x77, 0x43, 0x22, 0x4D, 0xA2, 0x21, 0x11, 0x11, 0x11, 0x11,
    0x33, 0x33, 0x36, 0x66, 0x63, 0x45, 0x89, 0xAA, 0x22, 0x44, 0x24, 0x45, 0x43, 0x47, 0x57, 0x99,
    0x34, 0x79, 0x95, 0x44, 0x87, 0x65, 0x75, 0x42, 0x24, 0xCC, 0xA2, 0x21, 0x11, 0x11, 0x11, 0x11,
    0x26, 0x36, 0x36, 0x68, 0x43, 0x45, 0x89, 0x9D, 0xA2, 0x44, 0x24, 0x44, 0x43, 0x47, 0x57, 0x98,
    0x45, 0x79, 0x95, 0x44, 0x75, 0x55, 0x75, 0x32, 0x2A, 0xAC, 0xC4, 0x21, 0x11, 0x11, 0x11, 0x11,
    0x14, 0x86, 0x36, 0x97, 0x23, 0x35, 0x89, 0xAD, 0xD7, 0x44, 0x24, 0x34, 0x43, 0x45, 0x57, 0x87,
    0x56, 0x69, 0x84, 0x45, 0x75, 0x55, 0x75, 0x32, 0x5C, 0xC9, 0xB5, 0x22, 0x11, 0x11, 0x14, 0x21,
    0x11, 0x49, 0x99, 0x62, 0x22, 0x25, 0x78, 0xBD, 0xDA, 0x44, 0x24, 0x34, 0x43, 0x45, 0x57, 0x85,
    0x67, 0x79, 0x84, 0x44, 0x75, 0x44, 0x54, 0x24, 0xAA, 0xB2, 0x27, 0x42, 0x11, 0x11, 0x7E, 0xFB,
    0x42, 0x22, 0x22, 0x12, 0x24, 0x77, 0x79, 0xCE, 0xCC, 0x42, 0x22, 0x24, 0x42, 0x35, 0x47, 0x85,
    0x68, 0x88, 0x84, 0x44, 0x77, 0x44, 0x53, 0x27, 0xBA, 0x8A, 0x44, 0x52, 0x11, 0x12, 0x58, 0xBF,
    0xF9, 0x63, 0x32, 0x6B, 0xEF, 0xEB, 0x79, 0xC7, 0xDC, 0x81, 0x22, 0x24, 0x42, 0x35, 0x45, 0x65,
    0x68, 0x88, 0x73, 0x44, 0x65, 0x54, 0x42, 0x2A, 0xAA, 0xA8, 0x73, 0x42, 0x11, 0x24, 0x41, 0x14,
    0xBC, 0x85, 0x67, 0xCE, 0x98, 0x99, 0x79, 0xB9, 0xCB, 0xC2, 0x22, 0x22, 0x22, 0x24, 0x55, 0x67,
    0x57, 0x88, 0x84, 0x45, 0x55, 0x74, 0x31, 0x2A, 0xAA, 0xA3, 0x25, 0x32, 0x11, 0x38, 0x87, 0x78,
    0x9B, 0x75, 0x59, 0xB7, 0x22, 0x69, 0x89, 0xCE, 0xDD, 0xC2, 0x12, 0x22, 0x23, 0x24, 0x57, 0x77,
    0x56, 0x79, 0xB4, 0x44, 0x77, 0x44, 0x32, 0x5A, 0xAA, 0xA2, 0x4A, 0x32, 0x11, 0x14, 0x8E, 0xC4,
    0xEB, 0x41, 0x29, 0xBE, 0xFB, 0xBB, 0x89, 0xCB, 0xDD, 0xD7, 0x12, 0x24, 0x33, 0x24, 0x58, 0x86,
    0x45, 0x69, 0x84, 0x44, 0x55, 0x43, 0x44, 0x7C, 0xAA, 0xA2, 0x6A, 0x22, 0x11, 0x11, 0x12, 0x45,
    0x94, 0x21, 0x29, 0x9B, 0xB4, 0xBB, 0x59, 0xBA, 0xED, 0xDC, 0x22, 0x43, 0x32, 0x24, 0x57, 0x85,
    0x35, 0x68, 0x84, 0x45, 0x75, 0x42, 0x24, 0xAA, 0xAA, 0xD5, 0x45, 0x23, 0x11, 0x11, 0x11, 0x37,
    0x41, 0x21, 0x28, 0x68, 0x54, 0x77, 0x7B, 0xCB, 0xED, 0xDD, 0x21, 0x44, 0x33, 0x24, 0x55, 0x75,
    0x36, 0x79, 0x75, 0x45, 0x55, 0x33, 0x25, 0xAA, 0xAA, 0xDA, 0x28, 0x45, 0x11, 0x11, 0x11, 0x12,
    0x11, 0x21, 0x17, 0x65, 0x43, 0x33, 0x8C, 0xBC, 0xED, 0xDD, 0x41, 0x24, 0x22, 0x24, 0x45, 0x77,
    0x46, 0x79, 0x75, 0x45, 0x55, 0x33, 0x25, 0xAA, 0xAA, 0xDE, 0x23, 0x75, 0x21, 0x11, 0x11, 0x11,
    0x11, 0x11, 0x16, 0x74, 0x22, 0x12, 0x7E, 0xBD, 0xED, 0xDE, 0x51, 0x22, 0x32, 0x24, 0x45, 0x78,
    0x46, 0x88, 0x75, 0x45, 0x55, 0x34, 0x26, 0xCA, 0xAA, 0xDE, 0x41, 0x56, 0x31, 0x11, 0x11, 0x11,
    0x11, 0x21, 0x16, 0x74, 0x22, 0x12, 0x7C, 0xBE, 0xEE, 0xEE, 0x71, 0x22, 0x42, 0x25, 0x55, 0x78,
    0x45, 0x88, 0x75, 0x44, 0x55, 0x24, 0x27, 0xAA, 0xAA, 0xAD, 0x71, 0x36, 0x42, 0x11, 0x11, 0x11,
    0x12, 0x21, 0x26, 0x73, 0x22, 0x23, 0x8B, 0xAF, 0xEE, 0xEE, 0x81, 0x22, 0x22, 0x45, 0x55, 0x57,
    0x56, 0x77, 0x75, 0x44, 0x55, 0x24, 0x2A, 0xAA, 0x8A, 0xAC, 0xC7, 0x85, 0x52, 0x11, 0x11, 0x11,
    0x53, 0x21, 0x15, 0x82, 0x22, 0x25, 0xB9, 0xAF, 0xEE, 0xFF, 0xA1, 0x22, 0x22, 0x34, 0x45, 0x57,
    0x56, 0x67, 0x75, 0x44, 0x55, 0x22, 0x2A, 0xAA, 0x77, 0xAA, 0xCF, 0xF5, 0x43, 0x21, 0x11, 0x12,
    0x61, 0x11, 0x13, 0x45, 0x12, 0x27, 0xBC, 0xEE, 0xEE, 0xFF, 0xB1, 0x22, 0x22, 0x34, 0x45, 0x57,
    0x55, 0x57, 0x75, 0x44, 0x44, 0x22, 0x2A, 0xAA, 0xAA, 0xCD, 0xCC, 0xF7, 0x33, 0x21, 0x11, 0x14,
    0x47, 0x62, 0x27, 0x87, 0x22, 0x37, 0xBF, 0xEE, 0xEE, 0xEE, 0xB1, 0x22, 0x22, 0x24, 0x45, 0x55,
    0x55, 0x57, 0x75, 0x44, 0x44, 0x32, 0x3A, 0xAA, 0xAA, 0xAD, 0xDD, 0xF8, 0x33, 0x21, 0x11, 0x22,
    0x19, 0xE9, 0x9E, 0xB6, 0x32, 0x48, 0xBF, 0xEE, 0xDE, 0xEF, 0xC1, 0x22, 0x22, 0x24, 0x47, 0x55,
    0x55, 0x66, 0x75, 0x44, 0x54, 0x32, 0x4C, 0xCA, 0xAA, 0xAA, 0xDD, 0xF9, 0x23, 0x21, 0x11, 0x21,
    0x12, 0x39, 0xC9, 0x64, 0x33, 0x68, 0xCF, 0xEE, 0xEE, 0xEF, 0xC2, 0x12, 0x22, 0x25, 0x77, 0x55,
    0x46, 0x65, 0x75, 0x44, 0x53, 0x32, 0x4C, 0xCA, 0xAA, 0xAA, 0xAD, 0xEC, 0x32, 0x21, 0x11, 0x11,
    0x12, 0x14, 0x46, 0x54, 0x33, 0x78, 0xEE, 0xEE, 0xEE, 0xEE, 0xB1, 0x12, 0x42, 0x25, 0x57, 0x55,
    0x45, 0x55, 0x75, 0x44, 0x53, 0x42, 0x4C, 0xAA, 0xAA, 0xAA, 0xAD, 0xEE, 0x53, 0x22, 0x11, 0x11,
    0x11, 0x13, 0x25, 0x44, 0x34, 0x79, 0xFE, 0xEE, 0xED, 0xEE, 0xE7, 0x12, 0x44, 0x25, 0x55, 0x55,
    0x65, 0x55, 0x74, 0x44, 0x73, 0x32, 0x2C, 0xAA, 0xA7, 0xAA, 0xAD, 0xEF, 0x83, 0x32, 0x11, 0x23,
    0x27, 0x96, 0xB9, 0x45, 0x45, 0x8B, 0xFE, 0xEE, 0xED, 0xDE, 0xEE, 0x31, 0x24, 0x25, 0x55, 0x45,
    0x88, 0x55, 0x44, 0x54, 0x43, 0x21, 0x2A, 0xAA, 0xA7, 0xAA, 0xAD, 0xEF, 0xE4, 0x33, 0x21, 0x39,
    0xBC, 0xCE, 0xFE, 0xC9, 0x46, 0x8C, 0xFE, 0xEE, 0xDD, 0xDD, 0xEF, 0x72, 0x24, 0x24, 0x44, 0x45,
    0x9A, 0x85, 0x44, 0x45, 0x43, 0x24, 0xBC, 0xAA, 0xA7, 0xAA, 0xAD, 0xEE, 0xF8, 0x44, 0x32, 0x42,
    0x34, 0x36, 0x68, 0x66, 0x57, 0x9F, 0xFF, 0xEE, 0xDE, 0xED, 0xEF, 0xB2, 0x24, 0x23, 0x24, 0x47,
    0x7A, 0x97, 0x34, 0x44, 0x42, 0x4C, 0xFC, 0xAA, 0xA7, 0xAA, 0xAD, 0xEE, 0xFC, 0x75, 0x43, 0x32,
    0x25, 0x9B, 0x97, 0x45, 0x68, 0xEF, 0xFF, 0xEE, 0xEE, 0xEE, 0xFE, 0xC4, 0x24, 0x32, 0x24, 0x58,
    0x89, 0x87, 0x44, 0x54, 0x43, 0xAD, 0xFD, 0xAA, 0xA7, 0x7A, 0xAC, 0xDE, 0xFC, 0x96, 0x54, 0x43,
    0x35, 0xCF, 0xB5, 0x57, 0x89, 0xFF, 0xFF, 0xED, 0xEF, 0xEE, 0xFF, 0xC7, 0x24, 0x42, 0x45, 0x77,
    0x79, 0x88, 0x54, 0x54, 0x35, 0xCB, 0xEE, 0xAA, 0xAA, 0x77, 0xAA, 0xCD, 0xEE, 0x99, 0x75, 0x33,
    0x22, 0x5E, 0x53, 0x78, 0x9F, 0xFF, 0xFE, 0xEE, 0xFF, 0xEE, 0xFE, 0xF8, 0x24, 0x43, 0x57, 0x87,
    0x78, 0x89, 0x75, 0x54, 0x4A, 0xBB, 0xEF, 0xAA, 0xAA, 0x77, 0xAA, 0xAD, 0xDF, 0xB9, 0x98, 0x41,
    0x11, 0x27, 0x23, 0x69, 0xCF, 0xFF, 0xFE, 0xEE, 0xFF, 0xEE, 0xFE, 0xFE, 0x85, 0x44, 0x77, 0x89,
    0x78, 0x8A, 0x85, 0x54, 0x7B, 0xBD, 0xEF, 0xCA, 0xAA, 0x75, 0x8A, 0xDD, 0xDE, 0xE7, 0xBB, 0x62,
    0x21, 0x22, 0x35, 0x7C, 0xFF, 0xFF, 0xEE, 0xEE, 0xFF, 0xEE, 0xEE, 0xEF, 0xFD, 0xA7, 0x55, 0x79,
    0x77, 0x88, 0x85, 0x54, 0x8C, 0xCD, 0xDF, 0xEC, 0xAA, 0x77, 0xAA, 0xAD, 0xDD, 0xF9, 0x6B, 0xB5,
    0x44, 0x45, 0x67, 0x9F, 0xFF, 0xFF, 0xEE, 0xDE, 0xFF, 0xEE, 0xED, 0xEF, 0xFF, 0xEA, 0x97, 0x77,
    0x86, 0x66, 0xA7, 0x54, 0x8D, 0xDD, 0xDE, 0xFD, 0xAA, 0xAA, 0xAA, 0xAA, 0xDD, 0xEC, 0x76, 0xCC,
    0x99, 0x99, 0x9B, 0xFF, 0xFF, 0xFF, 0xEE, 0xEE, 0xFF, 0xEE, 0xFE, 0xEF, 0xFE, 0xEC, 0xCB, 0x75,
    0x56, 0x67, 0xA7, 0x55, 0x7D, 0xDD, 0xDD, 0xEE, 0xCA, 0xAA, 0xAA, 0xAA, 0xDD, 0xDD, 0xB5, 0x7E,
    0xFE, 0xEE, 0xFF, 0xFE, 0xFF, 0xFF, 0xEE, 0xEE, 0xEF, 0xEE, 0xFE, 0xFF, 0xFE, 0xEE, 0xDE, 0x87,
    0x68, 0x99, 0x88, 0x54, 0x5D, 0xDD, 0xAD, 0xEE, 0xCC, 0xAA, 0xAA, 0xAA, 0xAD, 0xDD, 0xE7, 0x48,
    0xBE, 0xFF, 0xFE, 0xCE, 0xFF, 0xFE, 0xEE, 0xEF, 0xEE, 0xEF, 0xFE, 0xFF, 0xFE, 0xEE, 0xEE, 0xB9,
    0x88, 0x98, 0x77, 0x75, 0x9F, 0xDC, 0xAA, 0xDE, 0xED, 0xAA, 0xAA, 0xAA, 0xAA, 0xDD, 0xCC, 0x65,
    0x89, 0xBC, 0xEC, 0xCF, 0xFF, 0xEE, 0xEE, 0xEE, 0xEE, 0xEF, 0xFE, 0xFF, 0xFE, 0xDD, 0xEF, 0xD8,
    0x98, 0x89, 0x8A, 0xDD, 0xFF, 0xED, 0xAA, 0xAD, 0xFD, 0xDA, 0xAA, 0xAA, 0xAA, 0xDA, 0xAC, 0xC7,
    0x69, 0xBC, 0xEE, 0xFF, 0xFE, 0xEE, 0xEE, 0xEE, 0xEE, 0xFF, 0xFF, 0xFF, 0xFF, 0xCE, 0xEE, 0xD8,
    0xB8, 0x7A, 0xAA, 0xDD, 0xFF, 0xFD, 0xAA, 0xAA, 0xEE, 0xDA, 0xAA, 0xAA, 0xAA, 0xAA, 0xAA, 0xDD,
    0xAB, 0xCC, 0xEF, 0xFE, 0xEE, 0xED, 0xDE, 0xEE, 0xEE, 0xFF, 0xFF, 0xFF, 0xFE, 0xDE, 0xFF, 0xE8,
    0x86, 0x8A, 0xAD, 0xEF, 0xFF, 0xFD, 0xCA, 0xAA, 0xCF, 0xDC, 0xAA, 0xAA, 0xAA, 0x8A, 0xAA, 0xAA,
    0xDE, 0xEF, 0xEC, 0xCD, 0xDD, 0xDD, 0xDD, 0xDE, 0xEE, 0xFF, 0xFF, 0xFF, 0xEE, 0xDD, 0xEF, 0xF9,
    0x87, 0xAA, 0xDF, 0xDD, 0xDE, 0xFE, 0xDA, 0xA8, 0xAE, 0xEC, 0xCA, 0xAA, 0xA7, 0x7A, 0xAD, 0xAA,
    0xDD, 0xDD, 0xDA, 0xBD, 0xDD, 0xDD, 0xDD, 0xDE, 0xEE, 0xFF, 0xFF, 0xFF, 0xEE, 0xDD, 0xDE, 0xF8,
    0x87, 0xAD, 0xEA, 0xAA, 0xAD, 0xEF, 0xDC, 0xA7, 0xAE, 0xFD, 0xDC, 0xAA, 0xA8, 0x78, 0xAD, 0xCA,
    0xDD, 0xDD, 0xDC, 0xAA, 0xCD, 0xDD, 0xCC, 0xEE, 0xEF, 0xFF, 0xFF, 0xFF, 0xEE, 0xDD, 0xDE, 0xF9,
    0x8A, 0xAF, 0xA7, 0xAA, 0xAD, 0xDF, 0xFD, 0xAA, 0xCD, 0xEE, 0xDC, 0xCA, 0xAA, 0xAA, 0xAA, 0xDD,
    0xDD, 0xDD, 0xDC, 0xAA, 0xAC, 0xCC, 0xCD, 0xEE, 0xFF, 0xFF, 0xFF, 0xFF, 0xEE, 0xAD, 0xDD, 0xE9,
    0x8A, 0xDE, 0xA7, 0x7A, 0xAD, 0xDE, 0xFE, 0xDC, 0xDD, 0xEE, 0xED, 0xCC, 0xAA, 0xAA, 0xAA, 0xAD,
    0xDD, 0xDD, 0xDD, 0xAA, 0xAC, 0xCC, 0xCD, 0xEF, 0xFF, 0xFF, 0xFF, 0xFF, 0xED, 0xCD, 0xDD, 0xE8,
    0xAA, 0xED, 0xAA, 0x77, 0xAA, 0xDE, 0xFF, 0xED, 0xDD, 0xDD, 0xEE, 0xDD, 0xCA, 0xAA, 0xAA, 0xAC,
    0xCC, 0xDD, 0xDD, 0xAA, 0xAC, 0xCC, 0xDE, 0xFF, 0xFF, 0xFF, 0xFF, 0xFF, 0xFF, 0xEE, 0xDD, 0xFB,
    0xAA, 0xFD, 0xAA, 0x77, 0xDE, 0xFF, 0xFF, 0xEE, 0xDC, 0xCD, 0xDE, 0xED, 0xDC, 0xCC, 0xBA, 0xCC,
    0xCC, 0xCC, 0xCC, 0xCA, 0xAC, 0xCC, 0xDF, 0xFF, 0xFF, 0xFF, 0xFF, 0xFF, 0xFE, 0xBE, 0xFE, 0xFE,
    0x8B, 0xFD, 0xAA, 0xAD, 0xCE, 0xEE, 0xFF, 0xFE, 0xDC, 0xAC, 0xDD, 0xEE, 0xED, 0xDC, 0xCB, 0xBC,
    0xCC, 0xCC, 0xCC, 0xCA, 0xCC, 0xDD, 0xEF, 0xFF, 0xFF, 0xFF, 0xFF, 0xFF, 0xED, 0xAD, 0xEF, 0xFF,
    0x8C, 0xFE, 0xDA, 0xDC, 0xBA, 0xAD, 0xDF, 0xFF, 0xED, 0xAC, 0xCD, 0xEF, 0xFE, 0xDD, 0xDD, 0xCC,
    0xCC, 0xCC, 0xCC, 0xCC, 0xCC, 0xEE, 0xFF, 0xFF, 0xFF, 0xFF, 0xFF, 0xFF, 0xEC, 0xAD, 0xDF, 0xFF,
    0x9E, 0xFE, 0xDD, 0xEC, 0xA7, 0xAA, 0xDE, 0xFF, 0xED, 0xDA, 0xCC, 0xDE, 0xFF, 0xED, 0xDD, 0xDD,
    0xDD, 0xDC, 0xCD, 0xDC, 0xCE, 0xEF, 0xFF, 0xFF, 0xFF, 0xFF, 0xFF, 0xFF, 0xEC, 0xAD, 0xDF, 0xFF,
    0x6F, 0xFF, 0xDE, 0xFA, 0x77, 0xAA, 0xDD, 0xFF, 0xFE, 0xDC, 0xAC, 0xCD, 0xEE, 0xEE, 0xED, 0xDD,
    0xDD, 0xDD, 0xDE, 0xEE, 0xEE, 0xFF, 0xFF, 0xFF, 0xFF, 0xFF, 0xFF, 0xFF, 0xED, 0xAD, 0xDE, 0xFF,
    0x6F, 0xFF, 0xEF, 0xEA, 0xA7, 0xAA, 0xDD, 0xFF, 0xFF, 0xED, 0xCC, 0xCC, 0xCD, 0xEF, 0xFE, 0xEE,
    0xEE, 0xEE, 0xEE, 0xEE, 0xEE, 0xFF, 0xFF, 0xFF, 0xFF, 0xFF, 0xFF, 0xFF, 0xED, 0xDD, 0xEE, 0xFF,
    0x9F, 0xFF, 0xFF, 0xDA, 0xA7, 0x7A, 0xAD, 0xEF, 0xFF, 0xFE, 0xDC, 0xCB, 0xBC, 0xDE, 0xEF, 0xEE,
    0xEE, 0xEE, 0xEE, 0xEE, 0xEF, 0xFF, 0xFF, 0xFF, 0xFF, 0xFF, 0xFF, 0xFF, 0xED, 0xDD, 0xEF, 0xFF,
    0xBF, 0xFF, 0xFF, 0xEA, 0xAA, 0x7A, 0xDD, 0xEF, 0xFF, 0xFF, 0xED, 0xCB, 0xAA, 0xDD, 0xEE, 0xEF,
    0xFF, 0xEE, 0xEE, 0xEF, 0xFF, 0xFF, 0xFF, 0xFF, 0xFF, 0xFF, 0xFF, 0xFF, 0xED, 0xDD, 0xEF, 0xFF,
    0xCF, 0xFF, 0xFF, 0xED, 0xAA, 0xDE, 0xEE, 0xFF, 0xFF, 0xFF, 0xFE, 0xDC, 0xAB, 0xDD, 0xEE, 0xEE,
    0xFF, 0xFF, 0xFF, 0xFF, 0xFF, 0xFF, 0xFF, 0xFF, 0xFF, 0xFF, 0xFF, 0xFF, 0xED, 0xDE, 0xEF, 0xFE,
    0xBE, 0xEF, 0xFF, 0xED, 0xDD, 0xE9, 0xAA, 0xDF, 0xFF, 0xFF, 0xFF, 0xEE, 0xCC, 0xCD, 0xDE, 0xEE,
    0xEE, 0xFF, 0xFF, 0xFF, 0xFF, 0xFF, 0xFF, 0xFF, 0xFF, 0xFF, 0xFE, 0xFF, 0xED, 0xEE, 0xFF, 0xFC,
    0x9C, 0xBC, 0xFF, 0xFE, 0xDF, 0xC7, 0xAA, 0xDF, 0xFF, 0xFF, 0xFF, 0xFF, 0xED, 0xDC, 0xCC, 0xDE,
    0xEE, 0xEE, 0xFF, 0xFF, 0xFF, 0xFF, 0xFF, 0xFF, 0xFF, 0xFF, 0xEE, 0xFF, 0xED, 0xEE, 0xFF, 0xEB,
    0x6B, 0x6B, 0xFF, 0xFE, 0xEF, 0xAA, 0xAA, 0xDE, 0xFE, 0xFF, 0xFF, 0xFF, 0xFE, 0xED, 0xCC, 0xCC,
    0xDD, 0xDE, 0xEE, 0xEE, 0xEE, 0xEF, 0xFF, 0xFF, 0xFF, 0xFE, 0xEE, 0xEF, 0xEE, 0xEF, 0xFF, 0xE8,
    0x8B, 0x5B, 0xFC, 0xFF, 0xFE, 0xDA, 0xAA, 0xDE, 0xFE, 0xEE, 0xFF, 0xFF, 0xFF, 0xEE, 0xED, 0xDC,
    0xCC, 0xCC, 0xCD, 0xCC, 0xCE, 0xFF, 0xFF, 0xFF, 0xFF, 0xEE, 0xEE, 0xEF, 0xFF, 0xFF, 0xFF, 0xE8,
};

static const uint8_t coup_animdata_duke_f04[3072] = {
    0x69, 0x95, 0xBB, 0xCC, 0xBB, 0xB8, 0x9C, 0xCB, 0xBB, 0xB9, 0x99, 0x99, 0xB9, 0x99, 0x96, 0x8B,
    0x96, 0x69, 0x99, 0x88, 0x98, 0xB9, 0x9B, 0xBB, 0xBB, 0xBB, 0xBB, 0xBB, 0x92, 0x39, 0xBB, 0xBC,
    0x6B, 0x59, 0xCB, 0xCB, 0xBB, 0x98, 0x8C, 0xCB, 0xBB, 0xB9, 0x89, 0x99, 0x99, 0x99, 0x98, 0x9B,
    0x98, 0x68, 0x99, 0x98, 0x98, 0x99, 0x8B, 0xBB, 0xBB, 0xB9, 0x9B, 0xBE, 0x63, 0x39, 0xEE, 0xCC,
    0xB5, 0x9C, 0xBB, 0xBB, 0xBB, 0x87, 0x6C, 0xBB, 0xBB, 0xB8, 0x89, 0x99, 0x89, 0x99, 0x88, 0x99,
    0x99, 0x68, 0x98, 0x88, 0x87, 0x89, 0x8B, 0xBB, 0xBB, 0xB9, 0xBF, 0xBF, 0x63, 0x3B, 0xFE, 0xFF,
    0x66, 0xEB, 0xBB, 0xBB, 0xBB, 0x86, 0x5B, 0xBB, 0xBB, 0x96, 0x89, 0x98, 0x89, 0x98, 0x69, 0x99,
    0x99, 0x88, 0x88, 0x88, 0x66, 0x87, 0x6B, 0xBB, 0xBB, 0xBB, 0xC7, 0x5F, 0x62, 0x3B, 0xF3, 0x9F,
    0x5C, 0xCB, 0xBB, 0xBB, 0xB9, 0x64, 0x3B, 0xBB, 0x99, 0x84, 0x69, 0x88, 0x76, 0x76, 0x79, 0x89,
    0x98, 0x88, 0x76, 0x67, 0x77, 0x76, 0x39, 0xBB, 0xBB, 0xEB, 0x71, 0x6F, 0x82, 0x3B, 0xF3, 0x3B,
    0x9B, 0xBB, 0x99, 0xBB, 0xB6, 0x53, 0x39, 0xB9, 0x99, 0x93, 0x38, 0x88, 0x65, 0x86, 0x99, 0x9B,
    0x99, 0x88, 0x85, 0x46, 0x78, 0x83, 0x39, 0x99, 0xBF, 0xEB, 0x62, 0x3F, 0x91, 0x2B, 0xC2, 0x3B,
    0x9B, 0xBB, 0x99, 0x9B, 0x96, 0x73, 0x28, 0x99, 0x99, 0x95, 0x26, 0x98, 0x66, 0x56, 0xB9, 0x99,
    0x99, 0x98, 0x85, 0x65, 0x88, 0x62, 0x59, 0x99, 0xEF, 0xBB, 0x93, 0x34, 0x22, 0x23, 0x32, 0x6F,
    0x9B, 0xB9, 0x9B, 0x99, 0x66, 0x83, 0x26, 0x98, 0x99, 0x96, 0x26, 0x96, 0x68, 0x56, 0xB9, 0x99,
    0x99, 0x87, 0x66, 0x66, 0x66, 0x52, 0x79, 0x8B, 0xFE, 0xB9, 0xB3, 0x26, 0x9B, 0xEB, 0x63, 0x6F,
    0xBB, 0xB9, 0x9B, 0x99, 0x69, 0x93, 0x25, 0x98, 0x88, 0x87, 0x36, 0x86, 0x89, 0x65, 0x58, 0x99,
    0x99, 0x63, 0x46, 0x98, 0x67, 0x33, 0x98, 0x8C, 0xEE, 0x9B, 0x42, 0xBC, 0x94, 0x5E, 0xE9, 0x27,
    0xBB, 0xB9, 0x9B, 0x98, 0x8B, 0xB6, 0x23, 0x77, 0x78, 0x97, 0x76, 0x67, 0x99, 0x83, 0x37, 0x99,
    0x99, 0x63, 0x68, 0x98, 0x68, 0x57, 0x97, 0x9C, 0xCE, 0xB7, 0x1B, 0xBB, 0x31, 0x1B, 0xBE, 0x91,
    0xBB, 0x98, 0x99, 0x98, 0x8B, 0xC7, 0x33, 0x66, 0x79, 0x86, 0x78, 0x68, 0x99, 0x95, 0x36, 0x57,
    0x56, 0x52, 0x68, 0x87, 0x66, 0x76, 0x88, 0xBC, 0xBC, 0xB2, 0x6B, 0x99, 0x83, 0x2B, 0xBB, 0xC6,
    0xBB, 0x98, 0x89, 0x88, 0x9B, 0xB8, 0x33, 0x67, 0x97, 0x33, 0x56, 0x69, 0x98, 0x95, 0x32, 0x59,
    0x63, 0x23, 0x68, 0x87, 0x75, 0x65, 0x36, 0xEE, 0xEC, 0x63, 0xB9, 0xB9, 0xB5, 0x2B, 0xBB, 0x9B,
    0xCB, 0x97, 0x69, 0x76, 0x9B, 0x98, 0x34, 0x69, 0x82, 0x35, 0x67, 0x78, 0x88, 0x63, 0x33, 0x88,
    0x86, 0x25, 0x87, 0x77, 0x77, 0x76, 0x35, 0xEB, 0x9E, 0x68, 0xBB, 0xB9, 0xB5, 0x29, 0xBB, 0x9B,
    0xC9, 0x86, 0x79, 0x85, 0x9B, 0x98, 0x55, 0x79, 0x42, 0x67, 0x68, 0x88, 0x88, 0x55, 0x46, 0x88,
    0x87, 0x25, 0x87, 0x77, 0x67, 0x56, 0x69, 0xB9, 0x13, 0xBE, 0xCB, 0xCB, 0xB6, 0x29, 0xB9, 0x9B,
    0xB9, 0x86, 0x79, 0x85, 0xB9, 0x77, 0x65, 0x99, 0x35, 0x77, 0x67, 0x67, 0x77, 0x45, 0x35, 0x77,
    0x86, 0x24, 0x87, 0x77, 0x66, 0x66, 0x5B, 0xC9, 0x86, 0x5B, 0xCC, 0xEE, 0xC6, 0x29, 0xB9, 0x9B,
    0xB9, 0x76, 0x69, 0x55, 0xB9, 0x87, 0x65, 0x89, 0x36, 0x66, 0x56, 0x55, 0x77, 0x54, 0x33, 0x67,
    0x83, 0x24, 0x57, 0x77, 0x66, 0x76, 0x5B, 0xEC, 0xEF, 0xFE, 0xBB, 0xEE, 0xE6, 0x39, 0x99, 0x9C,
    0xB8, 0x86, 0x69, 0x44, 0xB8, 0x87, 0x76, 0x77, 0x36, 0x54, 0x57, 0x65, 0x56, 0x33, 0x53, 0x47,
    0x52, 0x33, 0x56, 0x77, 0x65, 0x76, 0x5B, 0xFB, 0x97, 0x53, 0x9B, 0xBE, 0xE6, 0x39, 0x99, 0x96,
    0xB8, 0x76, 0x78, 0x25, 0xB8, 0x86, 0x76, 0x66, 0x56, 0x54, 0x67, 0x76, 0x52, 0x22, 0x33, 0x13,
    0x23, 0x65, 0x45, 0x77, 0x65, 0x76, 0x5B, 0xF6, 0x23, 0x33, 0x9B, 0xBC, 0xFB, 0xBB, 0x9B, 0xB6,
    0x98, 0x86, 0x77, 0x16, 0x99, 0x86, 0x78, 0x65, 0x56, 0x65, 0x56, 0x66, 0x32, 0x22, 0x24, 0x22,
    0x25, 0x66, 0x65, 0x66, 0x55, 0x65, 0x49, 0xE8, 0x33, 0x39, 0xCB, 0xB7, 0x43, 0x65, 0x87, 0x6E,
    0x97, 0x87, 0x76, 0x16, 0x98, 0x77, 0x7B, 0x87, 0x76, 0x55, 0x66, 0x66, 0x33, 0x55, 0x32, 0x21,
    0x26, 0x55, 0x65, 0x66, 0x35, 0x65, 0x28, 0xCB, 0xBB, 0xBB, 0xBB, 0xB2, 0x33, 0x83, 0x73, 0x6E,
    0x98, 0x87, 0x75, 0x17, 0x98, 0x76, 0x8B, 0x84, 0x56, 0x53, 0x56, 0x66, 0x45, 0x64, 0x31, 0x24,
    0x8B, 0xB9, 0x85, 0x65, 0x35, 0x53, 0x17, 0xEC, 0xEC, 0xBB, 0xB8, 0x93, 0xBB, 0xB5, 0x33, 0xEB,
    0x88, 0x96, 0x84, 0x17, 0x98, 0x54, 0x99, 0x82, 0x37, 0x42, 0x46, 0x65, 0x55, 0x44, 0x34, 0xBE,
    0xFF, 0xFF, 0xFE, 0x74, 0x35, 0x52, 0x26, 0xCC, 0xB8, 0x3C, 0x62, 0x63, 0x21, 0x65, 0x26, 0xCB,
    0x99, 0x87, 0x83, 0x27, 0x85, 0x44, 0x58, 0x62, 0x25, 0x32, 0x36, 0x55, 0x55, 0x34, 0x5E, 0xFE,
    0xEF, 0xFF, 0xFF, 0xE4, 0x34, 0x53, 0x34, 0x9C, 0x99, 0x3B, 0xE6, 0x9B, 0xC8, 0x33, 0x63, 0xBB,
    0x99, 0x97, 0x73, 0x27, 0x93, 0x35, 0x25, 0x52, 0x24, 0x32, 0x35, 0x55, 0x44, 0x23, 0x58, 0xEF,
    0xEC, 0xEE, 0xFF, 0xF5, 0x34, 0x42, 0x24, 0x6B, 0x9B, 0x56, 0xEB, 0x96, 0x83, 0x33, 0x93, 0x6C,
    0x99, 0x97, 0x62, 0x27, 0x73, 0x79, 0x34, 0x72, 0x14, 0x42, 0x35, 0x55, 0x44, 0x22, 0x44, 0x4F,
    0xEC, 0xEE, 0xEE, 0xF9, 0x44, 0x42, 0x24, 0x36, 0xBB, 0x93, 0xBC, 0xB3, 0x33, 0x66, 0x99, 0x6B,
    0x99, 0x98, 0x71, 0x26, 0x54, 0x99, 0x54, 0x74, 0x13, 0x32, 0x24, 0x44, 0x43, 0x24, 0x44, 0x28,
    0xFF, 0xFF, 0xFF, 0xFB, 0x73, 0x32, 0x24, 0x32, 0xBB, 0xE8, 0x6E, 0xBB, 0xFB, 0x8B, 0xBB, 0xC6,
    0xBB, 0x98, 0x72, 0x36, 0x56, 0x99, 0x75, 0x64, 0x24, 0x32, 0x24, 0x43, 0x32, 0x44, 0x22, 0x22,
    0xEF, 0xFE, 0xEF, 0xF9, 0x97, 0x22, 0x24, 0x31, 0x5C, 0xCE, 0x66, 0xBB, 0xE6, 0x6B, 0xB9, 0x36,
    0xBB, 0x98, 0x72, 0x36, 0x57, 0x97, 0x83, 0x56, 0x23, 0x32, 0x24, 0x32, 0x24, 0x42, 0x12, 0x22,
    0x48, 0x63, 0x6B, 0xB7, 0x79, 0x51, 0x23, 0x22, 0x38, 0xEB, 0x96, 0x39, 0xB3, 0x3C, 0x82, 0x6B,
    0xBB, 0x88, 0x72, 0x46, 0x59, 0x87, 0x85, 0x57, 0x22, 0x32, 0x22, 0x22, 0x44, 0x22, 0x21, 0x11,
    0x11, 0x23, 0x35, 0x45, 0x78, 0x94, 0x13, 0x32, 0x44, 0x8E, 0xBB, 0x9B, 0xB3, 0x3B, 0xB6, 0xBB,
    0xBB, 0x99, 0x62, 0x56, 0x69, 0x87, 0x86, 0x47, 0x32, 0x53, 0x22, 0x24, 0x42, 0x22, 0x11, 0x11,
    0x22, 0x23, 0x35, 0x34, 0x57, 0x89, 0x22, 0x32, 0x45, 0x49, 0xBB, 0xCC, 0xE6, 0x3C, 0xEB, 0xB9,
    0xCB, 0x99, 0x73, 0x55, 0x7B, 0x77, 0x87, 0x46, 0x43, 0x42, 0x22, 0x24, 0x22, 0x21, 0x11, 0x11,
    0x11, 0x22, 0x23, 0x23, 0x47, 0x89, 0x71, 0x22, 0x44, 0x67, 0x58, 0xBC, 0xFB, 0x9B, 0xB9, 0x89,
    0xCB, 0x99, 0x73, 0x54, 0x79, 0x77, 0x78, 0x55, 0x43, 0x32, 0x22, 0x44, 0x22, 0x11, 0x11, 0x11,
    0x11, 0x22, 0x13, 0x32, 0x45, 0x89, 0x94, 0x22, 0x44, 0x55, 0x44, 0x78, 0x96, 0x25, 0x88, 0x89,
    0xCB, 0x99, 0x74, 0x43, 0x68, 0x77, 0x67, 0x55, 0x44, 0x22, 0x23, 0x44, 0x21, 0x11, 0x11, 0x11,
    0x11, 0x23, 0x26, 0x22, 0x35, 0x78, 0x97, 0x13, 0x44, 0x54, 0x55, 0x68, 0x84, 0x15, 0x88, 0x88,
    0xCB, 0x9B, 0x84, 0x35, 0x88, 0x78, 0x77, 0x54, 0x43, 0x22, 0x34, 0x42, 0x21, 0x11, 0x11, 0x11,
    0x11, 0x13, 0x23, 0x32, 0x35, 0x67, 0x99, 0x22, 0x24, 0x44, 0x56, 0x67, 0x84, 0x27, 0x98, 0x98,
    0xCB, 0xB9, 0x94, 0x24, 0x97, 0x89, 0x78, 0x72, 0x31, 0x22, 0x24, 0x22, 0x21, 0x11, 0x11, 0x11,
    0x11, 0x12, 0x13, 0x35, 0x34, 0x67, 0x99, 0x21, 0x13, 0x45, 0x57, 0x77, 0x72, 0x37, 0xB9, 0x88,
    0xBB, 0xBB, 0x94, 0x33, 0x97, 0x88, 0x76, 0x72, 0x21, 0x22, 0x24, 0x21, 0x21, 0x11, 0x11, 0x11,
    0x11, 0x11, 0x13, 0x36, 0x32, 0x47, 0x99, 0x41, 0x12, 0x55, 0x45, 0x77, 0x72, 0x37, 0x99, 0x98,
    0xBB, 0xBB, 0x84, 0x34, 0x98, 0x87, 0x86, 0x72, 0x11, 0x21, 0x24, 0x21, 0x11, 0x11, 0x11, 0x11,
    0x11, 0x11, 0x12, 0x36, 0x32, 0x46, 0x89, 0x71, 0x12, 0x55, 0x55, 0x77, 0x52, 0x37, 0x99, 0x98,
    0x9B, 0x9B, 0x84, 0x34, 0x97, 0x77, 0x85, 0x52, 0x12, 0x21, 0x24, 0x21, 0x11, 0x11, 0x11, 0x11,
    0x11, 0x11, 0x23, 0x36, 0x63, 0x45, 0x89, 0x72, 0x12, 0x55, 0x45, 0x57, 0x52, 0x25, 0x88, 0x98,
    0x5B, 0x99, 0x85, 0x35, 0x87, 0x77, 0x85, 0x52, 0x22, 0x21, 0x23, 0x11, 0x11, 0x11, 0x11, 0x11,
    0x23, 0x12, 0x33, 0x36, 0x64, 0x45, 0x78, 0x82, 0x12, 0x45, 0x44, 0x55, 0x53, 0x35, 0x77, 0x98,
    0x38, 0xB9, 0x85, 0x35, 0x77, 0x77, 0x85, 0x42, 0x22, 0x14, 0x72, 0x21, 0x11, 0x11, 0x11, 0x11,
    0x21, 0x22, 0x33, 0x36, 0x84, 0x45, 0x78, 0x95, 0x12, 0x44, 0x44, 0x45, 0x53, 0x36, 0x77, 0x99,
    0x37, 0x99, 0x84, 0x45, 0x77, 0x77, 0x75, 0x42, 0x22, 0x4D, 0x72, 0x21, 0x11, 0x11, 0x11, 0x11,
    0x33, 0x33, 0x33, 0x66, 0x64, 0x45, 0x79, 0x9A, 0x42, 0x44, 0x34, 0x45, 0x53, 0x35, 0x75, 0x89,
    0x35, 0x99, 0x84, 0x47, 0x77, 0x57, 0x75, 0x32, 0x24, 0xCD, 0x82, 0x21, 0x11, 0x11, 0x11, 0x11,
    0x36, 0x35, 0x36, 0x66, 0x63, 0x45, 0x79, 0x9C, 0xA2, 0x44, 0x24, 0x44, 0x54, 0x35, 0x65, 0x89,
    0x45, 0x99, 0x74, 0x47, 0x75, 0x55, 0x75, 0x32, 0x3A, 0xAD, 0xA2, 0x21, 0x11, 0x11, 0x11, 0x11,
    0x15, 0x66, 0x36, 0x69, 0x33, 0x34, 0x79, 0x9C, 0xD7, 0x44, 0x23, 0x44, 0x44, 0x35, 0x55, 0x78,
    0x66, 0x89, 0x74, 0x47, 0x65, 0x55, 0x74, 0x32, 0x7C, 0xAC, 0xB4, 0x21, 0x11, 0x11, 0x11, 0x11,
    0x12, 0x69, 0x89, 0x93, 0x23, 0x24, 0x78, 0x9D, 0xDC, 0x44, 0x22, 0x43, 0x44, 0x35, 0x55, 0x78,
    0x66, 0x89, 0x64, 0x45, 0x55, 0x45, 0x74, 0x24, 0xAB, 0xC2, 0x75, 0x32, 0x11, 0x11, 0x5C, 0xB5,
    0x21, 0x23, 0x44, 0x21, 0x22, 0x45, 0x78, 0xBE, 0xCC, 0x72, 0x22, 0x23, 0x43, 0x24, 0x55, 0x88,
    0x78, 0x89, 0x64, 0x46, 0x75, 0x45, 0x53, 0x28, 0xAA, 0x77, 0x26, 0x42, 0x11, 0x12, 0x6B, 0xFF,
    0xE5, 0x52, 0x22, 0x36, 0x9E, 0xEB, 0x78, 0xCB, 0xCC, 0xA2, 0x22, 0x23, 0x42, 0x24, 0x55, 0x77,
    0x78, 0x78, 0x54, 0x45, 0x76, 0x45, 0x42, 0x4A, 0xAA, 0x8B, 0x53, 0x42, 0x11, 0x22, 0x41, 0x27,
    0xCC, 0x84, 0x55, 0x9F, 0xFE, 0xBB, 0x88, 0xC6, 0xBB, 0xC4, 0x12, 0x22, 0x22, 0x24, 0x45, 0x56,
    0x78, 0x98, 0x53, 0x45, 0x46, 0x54, 0x21, 0x4C, 0xAA, 0xA4, 0x34, 0x42, 0x11, 0x36, 0x41, 0x26,
    0x8B, 0x76, 0x79, 0xB9, 0x22, 0x69, 0x89, 0xBC, 0xDD, 0xC7, 0x12, 0x22, 0x23, 0x23, 0x45, 0x77,
    0x57, 0x7B, 0x73, 0x45, 0x75, 0x44, 0x22, 0x7A, 0xAA, 0xA2, 0x37, 0x22, 0x11, 0x28, 0xCF, 0xE7,
    0xCB, 0x61, 0x29, 0xB9, 0x99, 0x8B, 0x98, 0xCC, 0xDD, 0xD9, 0x12, 0x22, 0x34, 0x24, 0x57, 0x87,
    0x56, 0x89, 0x73, 0x45, 0x75, 0x44, 0x33, 0xAC, 0xAA, 0xA2, 0xAA, 0x22, 0x11, 0x11, 0x25, 0x52,
    0xB7, 0x21, 0x29, 0xBC, 0xF8, 0xBE, 0x78, 0xC9, 0xDD, 0xDD, 0x41, 0x22, 0x33, 0x24, 0x45, 0x87,
    0x55, 0x79, 0x64, 0x45, 0x55, 0x32, 0x45, 0xAA, 0xAA, 0xA2, 0x74, 0x23, 0x11, 0x11, 0x11, 0x49,
    0x71, 0x21, 0x28, 0x78, 0x73, 0x79, 0x58, 0xEA, 0xDD, 0xDE, 0x51, 0x24, 0x34, 0x23, 0x45, 0x78,
    0x55, 0x88, 0x64, 0x47, 0x54, 0x32, 0x27, 0xAA, 0xAA, 0xD4, 0x46, 0x34, 0x11, 0x11, 0x11, 0x23,
    0x11, 0x21, 0x17, 0x76, 0x64, 0x55, 0x7B, 0xCA, 0xED, 0xDE, 0x71, 0x24, 0x33, 0x23, 0x45, 0x77,
    0x66, 0x88, 0x64, 0x45, 0x54, 0x23, 0x28, 0xCA, 0xAA, 0xEA, 0x17, 0x64, 0x11, 0x11, 0x11, 0x11,
    0x11, 0x11, 0x16, 0x74, 0x32, 0x22, 0x7B, 0xCB, 0xED, 0xDE, 0xA1, 0x22, 0x32, 0x24, 0x45, 0x58,
    0x66, 0x97, 0x74, 0x45, 0x54, 0x22, 0x2A, 0xAA, 0xAA, 0xDD, 0x23, 0x65, 0x21, 0x11, 0x11, 0x11,
    0x11, 0x11, 0x15, 0x75, 0x32, 0x12, 0x5C, 0xBD, 0xEE, 0xDE, 0xB1, 0x12, 0x42, 0x24, 0x55, 0x58,
    0x56, 0x97, 0x74, 0x45, 0x54, 0x22, 0x2A, 0xAA, 0xAA, 0xDE, 0x21, 0x56, 0x31, 0x11, 0x11, 0x11,
    0x11, 0x21, 0x15, 0x74, 0x32, 0x22, 0x5C, 0x9E, 0xEE, 0xEE, 0xC2, 0x12, 0x42, 0x24, 0x55, 0x57,
    0x67, 0x87, 0x74, 0x45, 0x54, 0x23, 0x3A, 0xAA, 0xAA, 0xAD, 0x81, 0x55, 0x52, 0x11, 0x11, 0x11,
    0x34, 0x21, 0x15, 0x83, 0x22, 0x23, 0x8B, 0x7E, 0xEE, 0xEE, 0xD2, 0x12, 0x22, 0x24, 0x45, 0x57,
    0x66, 0x87, 0x74, 0x45, 0x54, 0x22, 0x4A, 0xAA, 0x7A, 0xAC, 0xCE, 0xC4, 0x52, 0x11, 0x11, 0x11,
    0x61, 0x21, 0x13, 0x64, 0x12, 0x25, 0xBB, 0xAE, 0xEE, 0xFE, 0xE2, 0x12, 0x22, 0x24, 0x45, 0x57,
    0x65, 0x77, 0x74, 0x44, 0x44, 0x22, 0x5C, 0xAA, 0x7A, 0xAA, 0xBF, 0xF4, 0x43, 0x21, 0x11, 0x14,
    0x61, 0x21, 0x14, 0x46, 0x22, 0x26, 0xBF, 0xFE, 0xEE, 0xFE, 0xE4, 0x12, 0x22, 0x24, 0x44, 0x55,
    0x55, 0x77, 0x74, 0x44, 0x44, 0x22, 0x5C, 0xAA, 0xAA, 0xDD, 0xDD, 0xF5, 0x33, 0x21, 0x11, 0x24,
    0x2B, 0xC4, 0x4B, 0xB8, 0x32, 0x37, 0xBF, 0xEE, 0xDE, 0xEE, 0xE4, 0x12, 0x22, 0x24, 0x45, 0x75,
    0x55, 0x77, 0x74, 0x45, 0x44, 0x22, 0x7C, 0xAA, 0xAA, 0xAD, 0xDE, 0xF7, 0x23, 0x21, 0x11, 0x22,
    0x15, 0x9B, 0xCE, 0x95, 0x32, 0x47, 0xBF, 0xEE, 0xEE, 0xEE, 0xF4, 0x12, 0x22, 0x24, 0x47, 0x75,
    0x56, 0x67, 0x74, 0x35, 0x43, 0x22, 0x7C, 0xCA, 0xAA, 0xAA, 0xDE, 0xF9, 0x23, 0x21, 0x11, 0x21,
    0x12, 0x25, 0x98, 0x54, 0x33, 0x68, 0xBF, 0xEE, 0xEE, 0xEE, 0xE4, 0x12, 0x22, 0x24, 0x57, 0x75,
    0x56, 0x57, 0x74, 0x45, 0x43, 0x32, 0x7C, 0xAA, 0xAA, 0xAA, 0xAD, 0xFB, 0x32, 0x21, 0x11, 0x11,
    0x11, 0x13, 0x25, 0x54, 0x33, 0x78, 0xCF, 0xEE, 0xED, 0xEE, 0xE5, 0x12, 0x24, 0x24, 0x57, 0x55,
    0x55, 0x57, 0x74, 0x45, 0x44, 0x32, 0x7C, 0xAA, 0xAA, 0xAA, 0xAD, 0xEE, 0x53, 0x22, 0x11, 0x11,
    0x11, 0x23, 0x45, 0x34, 0x34, 0x78, 0xFF, 0xEE, 0xED, 0xDE, 0xEE, 0x41, 0x24, 0x24, 0x55, 0x54,
    0x65, 0x55, 0x44, 0x45, 0x43, 0x21, 0x5C, 0xAA, 0xAA, 0xAA, 0xAD, 0xEF, 0x83, 0x32, 0x11, 0x26,
    0x6B, 0xE9, 0xEC, 0x76, 0x45, 0x79, 0xFF, 0xEE, 0xED, 0xDE, 0xEF, 0xA2, 0x24, 0x34, 0x75, 0x54,
    0x97, 0x54, 0x44, 0x54, 0x43, 0x21, 0x7A, 0xAA, 0xA7, 0xAA, 0xAD, 0xEF, 0xE5, 0x33, 0x21, 0x48,
    0x99, 0x8D, 0xCC, 0xC9, 0x46, 0x8C, 0xFF, 0xEE, 0xED, 0xDE, 0xEF, 0xD4, 0x24, 0x34, 0x44, 0x44,
    0xA9, 0x74, 0x44, 0x45, 0x32, 0x2A, 0xFA, 0xAA, 0xA7, 0xAA, 0xAD, 0xEF, 0xF9, 0x44, 0x32, 0x31,
    0x24, 0x36, 0x57, 0x44, 0x57, 0x9F, 0xFF, 0xEE, 0xDE, 0xEE, 0xEF, 0xE7, 0x14, 0x42, 0x22, 0x45,
    0x99, 0x84, 0x34, 0x44, 0x33, 0xAE, 0xFA, 0xAA, 0xA7, 0xAA, 0xAD, 0xEE, 0xFC, 0x75, 0x44, 0x42,
    0x25, 0xBE, 0xC7, 0x45, 0x78, 0xCF, 0xFF, 0xEE, 0xDE, 0xEE, 0xEF, 0xCA, 0x22, 0x43, 0x23, 0x47,
    0x99, 0x85, 0x45, 0x44, 0x25, 0xCD, 0xFB, 0xAA, 0xA7, 0x7A, 0xAC, 0xDE, 0xFC, 0x97, 0x65, 0x44,
    0x34, 0xBF, 0xB5, 0x57, 0x89, 0xFF, 0xFF, 0xEE, 0xEF, 0xEE, 0xEF, 0xEA, 0x24, 0x43, 0x25, 0x78,
    0x99, 0x87, 0x45, 0x44, 0x4A, 0xCB, 0xFB, 0xAA, 0xAA, 0x78, 0xAA, 0xCD, 0xEE, 0x99, 0x76, 0x32,
    0x21, 0x3C, 0x43, 0x68, 0x9E, 0xFF, 0xFF, 0xEE, 0xEF, 0xEE, 0xEE, 0xEE, 0x42, 0x43, 0x47, 0x78,
    0x88, 0x89, 0x55, 0x54, 0x7C, 0xBC, 0xFE, 0xAA, 0xAA, 0x77, 0xAA, 0xCD, 0xDF, 0x99, 0xB8, 0x41,
    0x11, 0x15, 0x23, 0x59, 0xCF, 0xFF, 0xFE, 0xEE, 0xEF, 0xFE, 0xEE, 0xEF, 0xDA, 0x55, 0x57, 0x79,
    0x78, 0x99, 0x55, 0x54, 0xAC, 0xCD, 0xEF, 0xCA, 0xAA, 0x75, 0xAA, 0xDD, 0xDE, 0xE7, 0x9C, 0x72,
    0x21, 0x22, 0x35, 0x7C, 0xFF, 0xFF, 0xFE, 0xEE, 0xFF, 0xFE, 0xEE, 0xEF, 0xFF, 0xC9, 0x75, 0x58,
    0x68, 0x88, 0x75, 0x55, 0xBC, 0xDD, 0xDF, 0xDA, 0xAA, 0x78, 0xAA, 0xAD, 0xDD, 0xE9, 0x6B, 0xC6,
    0x44, 0x56, 0x78, 0xBF, 0xEF, 0xFF, 0xEE, 0xDE, 0xFF, 0xFE, 0xFE, 0xDF, 0xFF, 0xFC, 0xB8, 0x77,
    0x67, 0x59, 0x97, 0x55, 0xAD, 0xDD, 0xDE, 0xED, 0xAA, 0xAA, 0xAA, 0xAD, 0xDD, 0xEC, 0x76, 0xBE,
    0xB9, 0x99, 0xBC, 0xFF, 0xFF, 0xFF, 0xFE, 0xEE, 0xEF, 0xEE, 0xFE, 0xEF, 0xFE, 0xEE, 0xCE, 0x85,
    0x67, 0x7A, 0x97, 0x54, 0x9E, 0xDD, 0xDD, 0xFD, 0xCA, 0xAA, 0xAA, 0xAA, 0xDD, 0xDE, 0xB4, 0x6C,
    0xFF, 0xFF, 0xFF, 0xEE, 0xFF, 0xFF, 0xEE, 0xEE, 0xEF, 0xEE, 0xFE, 0xEF, 0xFE, 0xEE, 0xEE, 0xC7,
    0x79, 0xA8, 0x87, 0x54, 0x8E, 0xDA, 0xAD, 0xEE, 0xCC, 0xAA, 0xAA, 0xAA, 0xAD, 0xDD, 0xE7, 0x47,
    0xBC, 0xFF, 0xFE, 0xBE, 0xFF, 0xFE, 0xEE, 0xEE, 0xEE, 0xEE, 0xFE, 0xFF, 0xFE, 0xEE, 0xEE, 0xEA,
    0x88, 0x97, 0x77, 0x77, 0xEE, 0xDA, 0xAA, 0xDE, 0xDD, 0xAA, 0xAA, 0xAA, 0xAA, 0xDD, 0xCD, 0x75,
    0x89, 0xBB, 0xEC, 0xCF, 0xFF, 0xEE, 0xEE, 0xEE, 0xEE, 0xEF, 0xFE, 0xFF, 0xFF, 0xED, 0xDE, 0xEB,
    0x97, 0x98, 0xAA, 0xDE, 0xFF, 0xDA, 0xAA, 0xCE, 0xFD, 0xCA, 0xAA, 0xAA, 0xAA, 0xDA, 0xAB, 0xD8,
    0x69, 0xBC, 0xEE, 0xFF, 0xFE, 0xEE, 0xEE, 0xEE, 0xEE, 0xEF, 0xFF, 0xFF, 0xFF, 0xEC, 0xEE, 0xEB,
    0x97, 0x8A, 0xAD, 0xDE, 0xFF, 0xED, 0xAA, 0xAC, 0xFE, 0xDA, 0xAA, 0xAA, 0xAA, 0xAA, 0xAA, 0xDD,
    0xBB, 0xCC, 0xEF, 0xFE, 0xEE, 0xED, 0xDD, 0xEE, 0xEE, 0xEF, 0xFF, 0xFF, 0xFE, 0xED, 0xEF, 0xFC,
    0x67, 0xAA, 0xDE, 0xFF, 0xFF, 0xFD, 0xAA, 0xAA, 0xDF, 0xDC, 0xAA, 0xAA, 0xAA, 0x8A, 0xAA, 0xAA,
    0xDE, 0xEF, 0xEC, 0xCD, 0xDD, 0xDD, 0xDD, 0xDE, 0xEE, 0xEF, 0xFF, 0xFF, 0xFE, 0xDD, 0xDE, 0xFD,
    0x7A, 0xAA, 0xEE, 0xDD, 0xDE, 0xFD, 0xDA, 0x8A, 0xBE, 0xEC, 0xCA, 0xAA, 0xA7, 0x7A, 0xAD, 0xAA,
    0xDD, 0xDD, 0xDB, 0xAC, 0xDD, 0xDD, 0xDD, 0xDE, 0xEE, 0xFF, 0xFF, 0xFF, 0xEE, 0xDD, 0xDD, 0xFE,
    0x7A, 0xAE, 0xBA, 0xAA, 0xDD, 0xEF, 0xDC, 0xAA, 0xCE, 0xFD, 0xCC, 0xAA, 0xA8, 0x68, 0xCC, 0xCC,
    0xDD, 0xDD, 0xDC, 0xAA, 0xCD, 0xDD, 0xCC, 0xDE, 0xEF, 0xFF, 0xFF, 0xFF, 0xEE, 0xDD, 0xDD, 0xEE,
    0xAA, 0xEE, 0x77, 0xAA, 0xDD, 0xDF, 0xEC, 0xAA, 0xDD, 0xEE, 0xDC, 0xCA, 0xAA, 0xAA, 0xAA, 0xDD,
    0xDD, 0xDD, 0xDC, 0xAA, 0xAC, 0xCC, 0xCC, 0xDE, 0xFF, 0xFF, 0xFF, 0xFF, 0xEE, 0xDA, 0xDD, 0xEE,
    0xAA, 0xFA, 0x77, 0xAA, 0xAD, 0xDF, 0xFE, 0xCD, 0xDD, 0xEE, 0xED, 0xCC, 0xAA, 0xAA, 0xAA, 0xAD,
    0xDD, 0xDD, 0xDD, 0xAA, 0xAC, 0xCC, 0xCD, 0xEE, 0xFF, 0xFF, 0xFF, 0xFF, 0xEE, 0xDA, 0xDD, 0xEE,
    0xAD, 0xFA, 0xA7, 0x7A, 0xAD, 0xDE, 0xFF, 0xDD, 0xDD, 0xDD, 0xEE, 0xDD, 0xCA, 0xAA, 0xAA, 0xAC,
    0xCC, 0xDD, 0xDD, 0xCA, 0xAB, 0xCC, 0xDE, 0xFF, 0xFF, 0xFF, 0xFF, 0xFF, 0xFF, 0xEE, 0xED, 0xEF,
    0xAE, 0xEA, 0xAA, 0x4A, 0xDE, 0xFF, 0xFF, 0xED, 0xDC, 0xCD, 0xDE, 0xED, 0xDC, 0xCC, 0xBB, 0xCC,
    0xCC, 0xCC, 0xCC, 0xCA, 0xAB, 0xCC, 0xDE, 0xFF, 0xFF, 0xFF, 0xFF, 0xFF, 0xFF, 0xCC, 0xFE, 0xEF,
    0xAF, 0xEA, 0xAA, 0xAD, 0xEF, 0xEE, 0xFF, 0xFE, 0xDA, 0xAC, 0xDE, 0xFE, 0xDD, 0xCC, 0xCB, 0xBC,
    0xCC, 0xCC, 0xCC, 0xCA, 0xCC, 0xDD, 0xEF, 0xFF, 0xFF, 0xFF, 0xFF, 0xFF, 0xED, 0xAD, 0xDF, 0xFF,
    0x9F, 0xFD, 0xAA, 0xDB, 0xAA, 0xAD, 0xEF, 0xFF, 0xDD, 0xAC, 0xCD, 0xEF, 0xED, 0xDD, 0xCC, 0xCC,
    0xCC, 0xCC, 0xCC, 0xCC, 0xCC, 0xDE, 0xFF, 0xFF, 0xFF, 0xFF, 0xFF, 0xFF, 0xED, 0xAA, 0xDE, 0xFF,
    0xCF, 0xFD, 0xDD, 0xEA, 0x7A, 0xAD, 0xDF, 0xFF, 0xED, 0xCA, 0xCC, 0xDE, 0xFF, 0xED, 0xDD, 0xDD,
    0xDC, 0xDC, 0xCC, 0xDC, 0xCD, 0xEE, 0xFF, 0xFF, 0xFF, 0xFF, 0xFF, 0xFF, 0xED, 0xAC, 0xDE, 0xFF,
    0xFF, 0xFE, 0xDF, 0xEA, 0x7A, 0xAD, 0xDE, 0xFF, 0xFE, 0xDC, 0xAC, 0xDE, 0xEE, 0xEE, 0xED, 0xDD,
    0xDD, 0xDD, 0xDD, 0xEE, 0xEE, 0xEF, 0xFF, 0xFF, 0xFF, 0xFF, 0xFF, 0xFF, 0xED, 0xAD, 0xDE, 0xFF,
    0xEF, 0xFE, 0xEF, 0xDA, 0x77, 0xAA, 0xDE, 0xFF, 0xFF, 0xED, 0xCC, 0xCD, 0xCD, 0xEF, 0xFE, 0xED,
    0xEE, 0xEE, 0xEE, 0xEE, 0xEE, 0xFF, 0xFF, 0xFF, 0xFF, 0xFF, 0xFF, 0xFF, 0xED, 0xDD, 0xDE, 0xFF,
    0xFF, 0xFF, 0xFF, 0xAA, 0xA7, 0xAA, 0xDD, 0xFF, 0xFF, 0xEE, 0xDC, 0xCB, 0xBC, 0xDE, 0xEF, 0xEE,
    0xEE, 0xEE, 0xEE, 0xEE, 0xEF, 0xFF, 0xFF, 0xFF, 0xFF, 0xFF, 0xFF, 0xFF, 0xED, 0xDD, 0xDE, 0xFF,
    0xFF, 0xFF, 0xFF, 0xDA, 0xA7, 0xAA, 0xDD, 0xFF, 0xFF, 0xFE, 0xED, 0xCB, 0xAA, 0xDE, 0xEE, 0xFF,
    0xFE, 0xEE, 0xEE, 0xEE, 0xFF, 0xFF, 0xFF, 0xFF, 0xFF, 0xFF, 0xFF, 0xFF, 0xED, 0xDD, 0xDE, 0xFF,
    0xEF, 0xFF, 0xFF, 0xDD, 0xAA, 0xDE, 0xEF, 0xFF, 0xFF, 0xFF, 0xEE, 0xDC, 0xAB, 0xDD, 0xEE, 0xEF,
    0xFF, 0xFF, 0xFF, 0xFF, 0xFF, 0xFF, 0xFF, 0xFF, 0xFF, 0xFF, 0xFF, 0xFF, 0xED, 0xDD, 0xEF, 0xFE,
    0xCF, 0xEF, 0xFF, 0xDD, 0xAE, 0xBB, 0xDD, 0xEF, 0xFF, 0xFF, 0xFF, 0xED, 0xCC, 0xDD, 0xDE, 0xEE,
    0xEF, 0xFF, 0xFF, 0xFF, 0xFF, 0xFF, 0xFF, 0xFF, 0xFF, 0xFF, 0xFF, 0xEF, 0xED, 0xDE, 0xEF, 0xFE,
    0xBC, 0xBF, 0xFF, 0xED, 0xEE, 0xAA, 0xAD, 0xEF, 0xFF, 0xFF, 0xFF, 0xFE, 0xDC, 0xDC, 0xCD, 0xDE,
    0xEE, 0xEE, 0xFF, 0xFF, 0xFF, 0xFF, 0xFF, 0xFF, 0xFF, 0xFF, 0xFE, 0xEF, 0xED, 0xDE, 0xEF, 0xFE,
    0xB9, 0x9F, 0xFF, 0xFE, 0xFD, 0xA7, 0xAD, 0xDF, 0xFE, 0xFF, 0xFF, 0xFF, 0xFE, 0xDC, 0xDC, 0xCD,
    0xDE, 0xEE, 0xEE, 0xEE, 0xEF, 0xFF, 0xFF, 0xFF, 0xFF, 0xFF, 0xEE, 0xEF, 0xFE, 0xEE, 0xFF, 0xFC,
};

static const uint8_t coup_animdata_duke_f05[3072] = {
    0x96, 0x99, 0x5C, 0xCC, 0xCC, 0xCB, 0x8B, 0xEC, 0xBB, 0xB9, 0x99, 0xB9, 0x66, 0x66, 0x64, 0x35,
    0x53, 0x46, 0x65, 0x55, 0x57, 0xB9, 0xBB, 0xBB, 0xBB, 0xBB, 0xBB, 0xBE, 0x71, 0x9B, 0xBB, 0xCB,
    0x67, 0xB5, 0xBB, 0xBC, 0xBB, 0xB9, 0x8B, 0xEB, 0xBB, 0xB9, 0x89, 0x99, 0xB9, 0x99, 0x98, 0x9B,
    0x96, 0x69, 0x99, 0x88, 0x99, 0xB9, 0x9B, 0xBB, 0xBB, 0xBB, 0x9B, 0xBB, 0x33, 0x3C, 0xBB, 0xCB,
    0x6B, 0x69, 0xCB, 0xBB, 0xBB, 0x98, 0x6B, 0xCB, 0xBB, 0xB9, 0x89, 0x99, 0x88, 0x99, 0x98, 0x99,
    0x98, 0x68, 0x99, 0x88, 0x88, 0x99, 0x8B, 0xBB, 0xBB, 0xB8, 0xBE, 0xEB, 0x33, 0x6F, 0xFF, 0xEC,
    0xB6, 0x7E, 0xBB, 0xBB, 0xBB, 0x98, 0x59, 0xCB, 0xBB, 0xB7, 0x69, 0x98, 0x89, 0x99, 0x68, 0x99,
    0x99, 0x88, 0x88, 0x88, 0x76, 0x87, 0x8B, 0xBB, 0xBB, 0xB9, 0xF8, 0xBE, 0x32, 0x6F, 0xB9, 0xFE,
    0x65, 0xEB, 0xBB, 0xBB, 0xBB, 0x86, 0x39, 0xBB, 0xB9, 0x95, 0x69, 0x98, 0x88, 0x87, 0x69, 0x89,
    0x99, 0x88, 0x77, 0x77, 0x66, 0x85, 0x6B, 0xBB, 0xBB, 0xCB, 0x71, 0xBF, 0x32, 0x6F, 0x82, 0xBF,
    0x3B, 0xCB, 0xB9, 0xBB, 0xB9, 0x65, 0x28, 0xBB, 0x99, 0x95, 0x38, 0x88, 0x65, 0x76, 0x89, 0x89,
    0x99, 0x88, 0x85, 0x46, 0x78, 0x73, 0x59, 0x9B, 0xBF, 0xCB, 0x32, 0x9F, 0x31, 0x6F, 0x62, 0x6F,
    0x8B, 0xBB, 0x99, 0x99, 0xB8, 0x64, 0x26, 0xB9, 0x99, 0x96, 0x26, 0x88, 0x65, 0x66, 0x99, 0x99,
    0x99, 0x98, 0x75, 0x56, 0x88, 0x62, 0x69, 0x99, 0xEF, 0xBB, 0x62, 0x69, 0x21, 0x39, 0x33, 0xBF,
    0x9B, 0xBB, 0x99, 0x99, 0x95, 0x86, 0x24, 0x99, 0x99, 0x98, 0x25, 0x97, 0x67, 0x46, 0xB9, 0x99,
    0x99, 0x98, 0x66, 0x65, 0x76, 0x52, 0x89, 0x8B, 0xFE, 0xBB, 0x92, 0x23, 0x69, 0x83, 0x23, 0xFF,
    0x9B, 0xCB, 0x9B, 0xB9, 0x86, 0xB5, 0x23, 0x98, 0x88, 0x98, 0x44, 0x96, 0x79, 0x65, 0x88, 0x99,
    0x99, 0x64, 0x36, 0x87, 0x66, 0x33, 0x98, 0x8E, 0xFE, 0x9B, 0x43, 0x9C, 0xC9, 0xEE, 0x93, 0x7F,
    0x9B, 0xB9, 0x9B, 0xB9, 0x89, 0xC7, 0x33, 0x78, 0x78, 0x97, 0x65, 0x76, 0x89, 0x85, 0x36, 0x99,
    0x99, 0x63, 0x68, 0x97, 0x68, 0x37, 0x97, 0xBE, 0xEC, 0xB5, 0x2B, 0xB8, 0x11, 0x4C, 0xCB, 0x28,
    0x9B, 0xB9, 0x8B, 0x98, 0x89, 0xC9, 0x33, 0x57, 0x69, 0x97, 0x88, 0x68, 0x99, 0x94, 0x36, 0x68,
    0x68, 0x52, 0x68, 0x87, 0x67, 0x68, 0x98, 0xBB, 0xCC, 0x92, 0x9B, 0x99, 0x31, 0x6C, 0xBE, 0x62,
    0xBB, 0x99, 0x99, 0x98, 0x8B, 0xB9, 0x53, 0x56, 0x79, 0x53, 0x56, 0x69, 0x99, 0x96, 0x33, 0x38,
    0x54, 0x32, 0x68, 0x87, 0x76, 0x64, 0x49, 0xEC, 0xBB, 0x36, 0xB9, 0x99, 0x92, 0x6B, 0xBB, 0xB3,
    0xBB, 0x98, 0x69, 0x96, 0x8B, 0xB9, 0x53, 0x57, 0x94, 0x23, 0x56, 0x69, 0x88, 0x83, 0x33, 0x79,
    0x85, 0x25, 0x87, 0x78, 0x76, 0x75, 0x27, 0xFC, 0xEC, 0x39, 0xBB, 0x99, 0x92, 0x6B, 0xB9, 0xB9,
    0xCB, 0x98, 0x68, 0x96, 0x7B, 0x99, 0x64, 0x69, 0x72, 0x36, 0x78, 0x98, 0x88, 0x55, 0x45, 0x88,
    0x86, 0x25, 0x87, 0x76, 0x77, 0x56, 0x69, 0xE6, 0x28, 0xCC, 0xBB, 0xBB, 0xB2, 0x6C, 0xB9, 0xBC,
    0xCB, 0x97, 0x78, 0x96, 0x8B, 0x88, 0x65, 0x89, 0x53, 0x67, 0x67, 0x77, 0x87, 0x55, 0x35, 0x78,
    0x86, 0x25, 0x87, 0x77, 0x66, 0x66, 0x6B, 0xB8, 0x33, 0x8C, 0xCC, 0xEC, 0xB2, 0x6B, 0x99, 0xBE,
    0xCB, 0x87, 0x67, 0x93, 0x9B, 0x87, 0x75, 0x69, 0x55, 0x66, 0x56, 0x55, 0x77, 0x54, 0x33, 0x67,
    0x83, 0x24, 0x67, 0x77, 0x66, 0x76, 0x6E, 0xCC, 0xEE, 0xEE, 0xBC, 0xEE, 0xB3, 0x69, 0x99, 0xBF,
    0xC9, 0x77, 0x68, 0x72, 0x99, 0x87, 0x76, 0x69, 0x36, 0x65, 0x56, 0x65, 0x57, 0x53, 0x53, 0x57,
    0x62, 0x33, 0x56, 0x77, 0x65, 0x76, 0x5E, 0xEC, 0xB9, 0x76, 0xBB, 0xEE, 0xB3, 0x69, 0x99, 0x96,
    0xC9, 0x87, 0x68, 0x52, 0x99, 0x77, 0x67, 0x57, 0x46, 0x65, 0x57, 0x76, 0x53, 0x22, 0x33, 0x24,
    0x23, 0x65, 0x45, 0x77, 0x65, 0x75, 0x5E, 0xE5, 0x33, 0x23, 0xBB, 0xBE, 0xE9, 0x99, 0x9B, 0x83,
    0xB9, 0x87, 0x68, 0x32, 0xB9, 0x97, 0x68, 0x66, 0x56, 0x65, 0x56, 0x66, 0x42, 0x22, 0x25, 0x22,
    0x25, 0x66, 0x65, 0x66, 0x55, 0x65, 0x4B, 0xE6, 0x33, 0x3B, 0xBB, 0xB7, 0x65, 0x76, 0x96, 0xB6,
    0xB8, 0x88, 0x68, 0x22, 0x98, 0x87, 0x69, 0x87, 0x76, 0x55, 0x66, 0x66, 0x33, 0x44, 0x32, 0x21,
    0x26, 0x55, 0x65, 0x66, 0x35, 0x64, 0x29, 0xCB, 0xB9, 0xBB, 0x9C, 0x72, 0x33, 0x63, 0x73, 0xCC,
    0xB8, 0x88, 0x67, 0x22, 0x98, 0x86, 0x79, 0x95, 0x56, 0x53, 0x56, 0x66, 0x45, 0x64, 0x32, 0x23,
    0x7B, 0xB8, 0x75, 0x65, 0x35, 0x52, 0x29, 0xEE, 0xEC, 0xBB, 0xB9, 0x66, 0xCB, 0x83, 0x39, 0xCB,
    0xB8, 0x98, 0x77, 0x12, 0x98, 0x74, 0x79, 0x94, 0x26, 0x52, 0x36, 0x66, 0x55, 0x54, 0x33, 0x9E,
    0xFF, 0xFF, 0xFB, 0x64, 0x35, 0x52, 0x28, 0xEB, 0xB6, 0x6C, 0x33, 0x63, 0x23, 0x82, 0x3B, 0xBB,
    0x98, 0x98, 0x87, 0x13, 0x97, 0x44, 0x58, 0x73, 0x25, 0x42, 0x36, 0x55, 0x55, 0x33, 0x5C, 0xFE,
    0xEF, 0xFF, 0xFF, 0xC3, 0x45, 0x42, 0x35, 0xBB, 0x96, 0x6E, 0x96, 0xBB, 0xB3, 0x33, 0x38, 0xBB,
    0x99, 0x98, 0x75, 0x24, 0x96, 0x27, 0x24, 0x53, 0x24, 0x42, 0x25, 0x55, 0x44, 0x33, 0x58, 0xEF,
    0xEE, 0xEE, 0xFF, 0xF3, 0x44, 0x42, 0x34, 0x8B, 0x99, 0x3B, 0xCB, 0x87, 0x83, 0x36, 0x83, 0xC9,
    0x99, 0x98, 0x74, 0x24, 0x94, 0x49, 0x53, 0x74, 0x13, 0x42, 0x24, 0x55, 0x44, 0x22, 0x44, 0x5F,
    0xEC, 0xEE, 0xEE, 0xF8, 0x44, 0x42, 0x25, 0x39, 0xBB, 0x66, 0xEB, 0x63, 0x33, 0x66, 0xB6, 0xB5,
    0x99, 0x98, 0x84, 0x24, 0x73, 0x6B, 0x74, 0x76, 0x12, 0x42, 0x24, 0x54, 0x43, 0x24, 0x44, 0x28,
    0xFF, 0xFF, 0xFF, 0xFB, 0x72, 0x32, 0x25, 0x23, 0xBB, 0xC6, 0x9E, 0x9C, 0xE9, 0x9B, 0xBE, 0x85,
    0x9B, 0xB8, 0x94, 0x24, 0x54, 0x89, 0x85, 0x56, 0x23, 0x42, 0x23, 0x43, 0x32, 0x44, 0x22, 0x22,
    0xEF, 0xFE, 0xFF, 0xF8, 0x95, 0x22, 0x24, 0x21, 0x9C, 0xEB, 0x38, 0xBC, 0xB3, 0x9B, 0xB6, 0x3B,
    0xBB, 0xB7, 0x83, 0x25, 0x65, 0x97, 0x85, 0x47, 0x22, 0x32, 0x23, 0x32, 0x24, 0x42, 0x22, 0x22,
    0x48, 0x63, 0x6B, 0xB7, 0x89, 0x41, 0x24, 0x22, 0x4B, 0xE9, 0x93, 0x3C, 0x63, 0x9C, 0x33, 0x9B,
    0xBB, 0x98, 0x93, 0x36, 0x57, 0x97, 0x86, 0x37, 0x32, 0x43, 0x22, 0x22, 0x44, 0x22, 0x21, 0x11,
    0x11, 0x23, 0x34, 0x45, 0x78, 0x92, 0x24, 0x23, 0x45, 0xBE, 0xB9, 0x9E, 0x83, 0x6E, 0x89, 0xBB,
    0xBB, 0xB8, 0x93, 0x35, 0x59, 0x87, 0x88, 0x46, 0x52, 0x43, 0x22, 0x24, 0x42, 0x22, 0x11, 0x11,
    0x22, 0x23, 0x34, 0x34, 0x57, 0x88, 0x12, 0x33, 0x54, 0x59, 0xBC, 0xCE, 0xB3, 0x8E, 0xCB, 0xB9,
    0xBB, 0x98, 0x93, 0x45, 0x5B, 0x87, 0x78, 0x55, 0x53, 0x43, 0x22, 0x24, 0x22, 0x22, 0x11, 0x11,
    0x11, 0x22, 0x23, 0x23, 0x57, 0x89, 0x51, 0x33, 0x54, 0x75, 0x69, 0xBE, 0xE9, 0x9B, 0x99, 0x89,
    0xCB, 0x99, 0x94, 0x44, 0x59, 0x87, 0x68, 0x65, 0x53, 0x32, 0x21, 0x44, 0x22, 0x11, 0x11, 0x11,
    0x11, 0x22, 0x13, 0x22, 0x47, 0x89, 0x92, 0x23, 0x44, 0x54, 0x45, 0x89, 0x82, 0x28, 0x88, 0x89,
    0xCB, 0xB9, 0x94, 0x44, 0x58, 0x77, 0x67, 0x64, 0x54, 0x31, 0x22, 0x44, 0x22, 0x11, 0x11, 0x11,
    0x11, 0x23, 0x36, 0x22, 0x45, 0x78, 0x95, 0x14, 0x34, 0x44, 0x55, 0x79, 0x72, 0x28, 0x88, 0x89,
    0xCB, 0xB9, 0xB6, 0x34, 0x79, 0x78, 0x77, 0x64, 0x33, 0x22, 0x33, 0x42, 0x21, 0x11, 0x11, 0x11,
    0x11, 0x13, 0x23, 0x32, 0x35, 0x68, 0x97, 0x12, 0x34, 0x44, 0x57, 0x68, 0x73, 0x49, 0x99, 0x89,
    0xCB, 0xB9, 0xB7, 0x32, 0x79, 0x78, 0x77, 0x83, 0x22, 0x12, 0x24, 0x32, 0x21, 0x11, 0x11, 0x11,
    0x11, 0x22, 0x13, 0x35, 0x34, 0x68, 0x98, 0x21, 0x24, 0x55, 0x57, 0x77, 0x52, 0x4A, 0xA9, 0x89,
    0xCB, 0xBB, 0xB6, 0x42, 0x88, 0x77, 0x86, 0x73, 0x21, 0x22, 0x24, 0x21, 0x11, 0x11, 0x11, 0x11,
    0x11, 0x11, 0x13, 0x36, 0x33, 0x58, 0x99, 0x21, 0x14, 0x55, 0x57, 0x77, 0x42, 0x49, 0x99, 0x89,
    0x8B, 0xBB, 0xB5, 0x42, 0x88, 0x87, 0x87, 0x63, 0x11, 0x21, 0x24, 0x21, 0x11, 0x11, 0x11, 0x11,
    0x11, 0x11, 0x22, 0x36, 0x32, 0x47, 0x99, 0x41, 0x14, 0x55, 0x45, 0x77, 0x42, 0x48, 0x89, 0x89,
    0x3B, 0xB9, 0x96, 0x42, 0x88, 0x76, 0x87, 0x53, 0x12, 0x21, 0x14, 0x21, 0x11, 0x11, 0x11, 0x11,
    0x21, 0x11, 0x23, 0x36, 0x63, 0x45, 0x89, 0x51, 0x14, 0x45, 0x45, 0x57, 0x42, 0x48, 0x79, 0x98,
    0x27, 0xB9, 0x96, 0x43, 0x78, 0x77, 0x87, 0x53, 0x22, 0x21, 0x23, 0x21, 0x11, 0x11, 0x11, 0x11,
    0x23, 0x12, 0x33, 0x36, 0x64, 0x45, 0x79, 0x71, 0x13, 0x44, 0x45, 0x55, 0x43, 0x48, 0x78, 0x98,
    0x25, 0x99, 0x96, 0x43, 0x67, 0x76, 0x77, 0x43, 0x22, 0x14, 0xA2, 0x21, 0x11, 0x11, 0x11, 0x11,
    0x21, 0x23, 0x33, 0x36, 0x64, 0x45, 0x79, 0xA4, 0x13, 0x44, 0x34, 0x45, 0x42, 0x47, 0x58, 0x99,
    0x24, 0x89, 0x95, 0x44, 0x67, 0x76, 0x77, 0x43, 0x22, 0x4D, 0xA2, 0x21, 0x11, 0x11, 0x11, 0x11,
    0x33, 0x33, 0x36, 0x66, 0x63, 0x45, 0x89, 0xAA, 0x22, 0x44, 0x24, 0x45, 0x43, 0x47, 0x57, 0x99,
    0x34, 0x79, 0x95, 0x44, 0x87, 0x65, 0x75, 0x42, 0x24, 0xCC, 0xA2, 0x21, 0x11, 0x11, 0x11, 0x11,
    0x26, 0x36, 0x36, 0x68, 0x43, 0x45, 0x89, 0x9D, 0xA2, 0x44, 0x24, 0x44, 0x43, 0x47, 0x57, 0x98,
    0x45, 0x79, 0x95, 0x44, 0x75, 0x55, 0x75, 0x32, 0x2A, 0xAC, 0xC4, 0x21, 0x11, 0x11, 0x11, 0x11,
    0x14, 0x86, 0x36, 0x97, 0x23, 0x35, 0x89, 0xAD, 0xD7, 0x44, 0x24, 0x34, 0x43, 0x45, 0x57, 0x87,
    0x56, 0x69, 0x84, 0x45, 0x75, 0x55, 0x75, 0x32, 0x5C, 0xC9, 0xB5, 0x22, 0x11, 0x11, 0x14, 0x21,
    0x11, 0x49, 0x99, 0x62, 0x22, 0x25, 0x78, 0xBD, 0xDA, 0x44, 0x24, 0x34, 0x43, 0x45, 0x57, 0x85,
    0x67, 0x79, 0x84, 0x44, 0x75, 0x44, 0x54, 0x24, 0xAA, 0xB2, 0x27, 0x42, 0x11, 0x11, 0x7E, 0xFB,
    0x42, 0x22, 0x22, 0x12, 0x24, 0x77, 0x79, 0xCE, 0xCC, 0x42, 0x22, 0x24, 0x42, 0x35, 0x47, 0x85,
    0x68, 0x88, 0x84, 0x44, 0x77, 0x44, 0x53, 0x27, 0xBA, 0x8A, 0x44, 0x52, 0x11, 0x12, 0x58, 0xBF,
    0xF9, 0x63, 0x32, 0x6B, 0xEF, 0xEB, 0x79, 0xC7, 0xDC, 0x81, 0x22, 0x24, 0x42, 0x35, 0x45, 0x65,
    0x68, 0x88, 0x73, 0x44, 0x65, 0x54, 0x42, 0x2A, 0xAA, 0xA8, 0x73, 0x42, 0x11, 0x24, 0x41, 0x14,
    0xBC, 0x85, 0x67, 0xCE, 0x98, 0x99, 0x79, 0xB9, 0xCB, 0xC2, 0x22, 0x22, 0x22, 0x24, 0x55, 0x67,
    0x57, 0x88, 0x84, 0x45, 0x55, 0x74, 0x31, 0x2A, 0xAA, 0xA3, 0x25, 0x32, 0x11, 0x38, 0x87, 0x78,
    0x9B, 0x75, 0x59, 0xB7, 0x22, 0x69, 0x89, 0xCE, 0xDD, 0xC2, 0x12, 0x22, 0x23, 0x24, 0x57, 0x77,
    0x56, 0x79, 0xB4, 0x44, 0x77, 0x44, 0x32, 0x5A, 0xAA, 0xA2, 0x4A, 0x32, 0x11, 0x14, 0x8E, 0xC4,
    0xEB, 0x41, 0x29, 0xBE, 0xFB, 0xBB, 0x89, 0xCB, 0xDD, 0xD7, 0x12, 0x24, 0x33, 0x24, 0x58, 0x86,
    0x45, 0x69, 0x84, 0x44, 0x55, 0x43, 0x44, 0x7C, 0xAA, 0xA2, 0x6A, 0x22, 0x11, 0x11, 0x12, 0x45,
    0x94, 0x21, 0x29, 0x9B, 0xB4, 0xBB, 0x59, 0xBA, 0xED, 0xDC, 0x22, 0x43, 0x32, 0x24, 0x57, 0x85,
    0x35, 0x68, 0x84, 0x45, 0x75, 0x42, 0x24, 0xAA, 0xAA, 0xD5, 0x45, 0x23, 0x11, 0x11, 0x11, 0x37,
    0x41, 0x21, 0x28, 0x68, 0x54, 0x77, 0x7B, 0xCB, 0xED, 0xDD, 0x21, 0x44, 0x33, 0x24, 0x55, 0x75,
    0x36, 0x79, 0x75, 0x45, 0x55, 0x33, 0x25, 0xAA, 0xAA, 0xDA, 0x28, 0x45, 0x11, 0x11, 0x11, 0x12,
    0x11, 0x21, 0x17, 0x65, 0x43, 0x33, 0x8C, 0xBC, 0xED, 0xDD, 0x41, 0x24, 0x22, 0x24, 0x45, 0x77,
    0x46, 0x79, 0x75, 0x45, 0x55, 0x33, 0x25, 0xAA, 0xAA, 0xDE, 0x23, 0x75, 0x21, 0x11, 0x11, 0x11,
    0x11, 0x11, 0x16, 0x74, 0x22, 0x12, 0x7E, 0xBD, 0xED, 0xDE, 0x51, 0x22, 0x32, 0x24, 0x45, 0x78,
    0x46, 0x88, 0x75, 0x45, 0x55, 0x34, 0x26, 0xCA, 0xAA, 0xDE, 0x41, 0x56, 0x31, 0x11, 0x11, 0x11,
    0x11, 0x21, 0x16, 0x74, 0x22, 0x12, 0x7C, 0xBE, 0xEE, 0xEE, 0x71, 0x22, 0x42, 0x25, 0x55, 0x78,
    0x45, 0x88, 0x75, 0x44, 0x55, 0x24, 0x27, 0xAA, 0xAA, 0xAD, 0x71, 0x36, 0x42, 0x11, 0x11, 0x11,
    0x12, 0x21, 0x26, 0x73, 0x22, 0x23, 0x8B, 0xAF, 0xEE, 0xEE, 0x81, 0x22, 0x22, 0x45, 0x55, 0x57,
    0x56, 0x77, 0x75, 0x44, 0x55, 0x24, 0x2A, 0xAA, 0x8A, 0xAC, 0xC7, 0x85, 0x52, 0x11, 0x11, 0x11,
    0x53, 0x21, 0x15, 0x82, 0x22, 0x25, 0xB9, 0xAF, 0xEE, 0xFF, 0xA1, 0x22, 0x22, 0x34, 0x45, 0x57,
    0x56, 0x67, 0x75, 0x44, 0x55, 0x22, 0x2A, 0xAA, 0x77, 0xAA, 0xCF, 0xF5, 0x43, 0x21, 0x11, 0x12,
    0x61, 0x11, 0x13, 0x45, 0x12, 0x27, 0xBC, 0xEE, 0xEE, 0xFF, 0xB1, 0x22, 0x22, 0x34, 0x45, 0x57,
    0x55, 0x57, 0x75, 0x44, 0x44, 0x22, 0x2A, 0xAA, 0xAA, 0xCD, 0xCC, 0xF7, 0x33, 0x21, 0x11, 0x14,
    0x47, 0x62, 0x27, 0x87, 0x22, 0x37, 0xBF, 0xEE, 0xEE, 0xEE, 0xB1, 0x22, 0x22, 0x24, 0x45, 0x55,
    0x55, 0x57, 0x75, 0x44, 0x44, 0x32, 0x3A, 0xAA, 0xAA, 0xAD, 0xDD, 0xF8, 0x33, 0x21, 0x11, 0x22,
    0x19, 0xE9, 0x9E, 0xB6, 0x32, 0x48, 0xBF, 0xEE, 0xDE, 0xEF, 0xC1, 0x22, 0x22, 0x24, 0x47, 0x55,
    0x55, 0x66, 0x75, 0x44, 0x54, 0x32, 0x4C, 0xCA, 0xAA, 0xAA, 0xDD, 0xF9, 0x23, 0x21, 0x11, 0x21,
    0x12, 0x39, 0xC9, 0x64, 0x33, 0x68, 0xCF, 0xEE, 0xEE, 0xEF, 0xC2, 0x12, 0x22, 0x25, 0x77, 0x55,
    0x46, 0x65, 0x75, 0x44, 0x53, 0x32, 0x4C, 0xCA, 0xAA, 0xAA, 0xAD, 0xEC, 0x32, 0x21, 0x11, 0x11,
    0x12, 0x14, 0x46, 0x54, 0x33, 0x78, 0xEE, 0xEE, 0xEE, 0xEE, 0xB1, 0x12, 0x42, 0x25, 0x57, 0x55,
    0x45, 0x55, 0x75, 0x44, 0x53, 0x42, 0x4C, 0xAA, 0xAA, 0xAA, 0xAD, 0xEE, 0x53, 0x22, 0x11, 0x11,
    0x11, 0x13, 0x25, 0x44, 0x34, 0x79, 0xFE, 0xEE, 0xED, 0xEE, 0xE7, 0x12, 0x44, 0x25, 0x55, 0x55,
    0x65, 0x55, 0x74, 0x44, 0x73, 0x32, 0x2C, 0xAA, 0xA7, 0xAA, 0xAD, 0xEF, 0x83, 0x32, 0x11, 0x23,
    0x27, 0x96, 0xB9, 0x45, 0x45, 0x8B, 0xFE, 0xEE, 0xED, 0xDE, 0xEE, 0x31, 0x24, 0x25, 0x55, 0x45,
    0x88, 0x55, 0x44, 0x54, 0x43, 0x21, 0x2A, 0xAA, 0xA7, 0xAA, 0xAD, 0xEF, 0xE4, 0x33, 0x21, 0x39,
    0xBC, 0xCE, 0xFE, 0xC9, 0x46, 0x8C, 0xFE, 0xEE, 0xDD, 0xDD, 0xEF, 0x72, 0x24, 0x24, 0x44, 0x45,
    0x9A, 0x85, 0x44, 0x45, 0x43, 0x24, 0xBC, 0xAA, 0xA7, 0xAA, 0xAD, 0xEE, 0xF8, 0x44, 0x32, 0x42,
    0x34, 0x36, 0x68, 0x66, 0x57, 0x9F, 0xFF, 0xEE, 0xDE, 0xED, 0xEF, 0xB2, 0x24, 0x23, 0x24, 0x47,
    0x7A, 0x97, 0x34, 0x44, 0x42, 0x4C, 0xFC, 0xAA, 0xA7, 0xAA, 0xAD, 0xEE, 0xFC, 0x75, 0x43, 0x32,
    0x25, 0x9B, 0x97, 0x45, 0x68, 0xEF, 0xFF, 0xEE, 0xEE, 0xEE, 0xFE, 0xC4, 0x24, 0x32, 0x24, 0x58,
    0x89, 0x87, 0x44, 0x54, 0x43, 0xAD, 0xFD, 0xAA, 0xA7, 0x7A, 0xAC, 0xDE, 0xFC, 0x96, 0x54, 0x43,
    0x35, 0xCF, 0xB5, 0x57, 0x89, 0xFF, 0xFF, 0xED, 0xEF, 0xEE, 0xFF, 0xC7, 0x24, 0x42, 0x45, 0x77,
    0x79, 0x88, 0x54, 0x54, 0x35, 0xCB, 0xEE, 0xAA, 0xAA, 0x77, 0xAA, 0xCD, 0xEE, 0x99, 0x75, 0x33,
    0x22, 0x5E, 0x53, 0x78, 0x9F, 0xFF, 0xFE, 0xEE, 0xFF, 0xEE, 0xFE, 0xF8, 0x24, 0x43, 0x57, 0x87,
    0x78, 0x89, 0x75, 0x54, 0x4A, 0xBB, 0xEF, 0xAA, 0xAA, 0x77, 0xAA, 0xAD, 0xDF, 0xB9, 0x98, 0x41,
    0x11, 0x27, 0x23, 0x69, 0xCF, 0xFF, 0xFE, 0xEE, 0xFF, 0xEE, 0xFE, 0xFE, 0x85, 0x44, 0x77, 0x89,
    0x78, 0x8A, 0x85, 0x54, 0x7B, 0xBD, 0xEF, 0xCA, 0xAA, 0x75, 0x8A, 0xDD, 0xDE, 0xE7, 0xBB, 0x62,
    0x21, 0x22, 0x35, 0x7C, 0xFF, 0xFF, 0xEE, 0xEE, 0xFF, 0xEE, 0xEE, 0xEF, 0xFD, 0xA7, 0x55, 0x79,
    0x77, 0x88, 0x85, 0x54, 0x8C, 0xCD, 0xDF, 0xEC, 0xAA, 0x77, 0xAA, 0xAD, 0xDD, 0xF9, 0x6B, 0xB5,
    0x44, 0x45, 0x67, 0x9F, 0xFF, 0xFF, 0xEE, 0xDE, 0xFF, 0xEE, 0xED, 0xEF, 0xFF, 0xEA, 0x97, 0x77,
    0x86, 0x66, 0xA7, 0x54, 0x8D, 0xDD, 0xDE, 0xFD, 0xAA, 0xAA, 0xAA, 0xAA, 0xDD, 0xEC, 0x76, 0xCC,
    0x99, 0x99, 0x9B, 0xFF, 0xFF, 0xFF, 0xEE, 0xEE, 0xFF, 0xEE, 0xFE, 0xEF, 0xFE, 0xEC, 0xCB, 0x75,
    0x56, 0x67, 0xA7, 0x55, 0x7D, 0xDD, 0xDD, 0xEE, 0xCA, 0xAA, 0xAA, 0xAA, 0xDD, 0xDD, 0xB5, 0x7E,
    0xFE, 0xEE, 0xFF, 0xFE, 0xFF, 0xFF, 0xEE, 0xEE, 0xEF, 0xEE, 0xFE, 0xFF, 0xFE, 0xEE, 0xDE, 0x87,
    0x68, 0x99, 0x88, 0x54, 0x5D, 0xDD, 0xAD, 0xEE, 0xCC, 0xAA, 0xAA, 0xAA, 0xAD, 0xDD, 0xE7, 0x48,
    0xBE, 0xFF, 0xFE, 0xCE, 0xFF, 0xFE, 0xEE, 0xEF, 0xEE, 0xEF, 0xFE, 0xFF, 0xFE, 0xEE, 0xEE, 0xB9,
    0x88, 0x98, 0x77, 0x75, 0x9F, 0xDC, 0xAA, 0xDE, 0xED, 0xAA, 0xAA, 0xAA, 0xAA, 0xDD, 0xCC, 0x65,
    0x89, 0xBC, 0xEC, 0xCF, 0xFF, 0xEE, 0xEE, 0xEE, 0xEE, 0xEF, 0xFE, 0xFF, 0xFE, 0xDD, 0xEF, 0xD8,
    0x98, 0x89, 0x8A, 0xDD, 0xFF, 0xED, 0xAA, 0xAD, 0xFD, 0xDA, 0xAA, 0xAA, 0xAA, 0xDA, 0xAC, 0xC7,
    0x69, 0xBC, 0xEE, 0xFF, 0xFE, 0xEE, 0xEE, 0xEE, 0xEE, 0xFF, 0xFF, 0xFF, 0xFF, 0xCE, 0xEE, 0xD8,
    0xB8, 0x7A, 0xAA, 0xDD, 0xFF, 0xFD, 0xAA, 0xAA, 0xEE, 0xDA, 0xAA, 0xAA, 0xAA, 0xAA, 0xAA, 0xDD,
    0xAB, 0xCC, 0xEF, 0xFE, 0xEE, 0xED, 0xDE, 0xEE, 0xEE, 0xFF, 0xFF, 0xFF, 0xFE, 0xDE, 0xFF, 0xE8,
    0x86, 0x8A, 0xAD, 0xEF, 0xFF, 0xFD, 0xCA, 0xAA, 0xCF, 0xDC, 0xAA, 0xAA, 0xAA, 0x8A, 0xAA, 0xAA,
    0xDE, 0xEF, 0xEC, 0xCD, 0xDD, 0xDD, 0xDD, 0xDE, 0xEE, 0xFF, 0xFF, 0xFF, 0xEE, 0xDD, 0xEF, 0xF9,
    0x87, 0xAA, 0xDF, 0xDD, 0xDE, 0xFE, 0xDA, 0xA8, 0xAE, 0xEC, 0xCA, 0xAA, 0xA7, 0x7A, 0xAD, 0xAA,
    0xDD, 0xDD, 0xDA, 0xBD, 0xDD, 0xDD, 0xDD, 0xDE, 0xEE, 0xFF, 0xFF, 0xFF, 0xEE, 0xDD, 0xDE, 0xF8,
    0x87, 0xAD, 0xEA, 0xAA, 0xAD, 0xEF, 0xDC, 0xA7, 0xAE, 0xFD, 0xDC, 0xAA, 0xA8, 0x78, 0xAD, 0xCA,
    0xDD, 0xDD, 0xDC, 0xAA, 0xCD, 0xDD, 0xCC, 0xEE, 0xEF, 0xFF, 0xFF, 0xFF, 0xEE, 0xDD, 0xDE, 0xF9,
    0x8A, 0xAF, 0xA7, 0xAA, 0xAD, 0xDF, 0xFD, 0xAA, 0xCD, 0xEE, 0xDC, 0xCA, 0xAA, 0xAA, 0xAA, 0xDD,
    0xDD, 0xDD, 0xDC, 0xAA, 0xAC, 0xCC, 0xCD, 0xEE, 0xFF, 0xFF, 0xFF, 0xFF, 0xEE, 0xAD, 0xDD, 0xE9,
    0x8A, 0xDE, 0xA7, 0x7A, 0xAD, 0xDE, 0xFE, 0xDC, 0xDD, 0xEE, 0xED, 0xCC, 0xAA, 0xAA, 0xAA, 0xAD,
    0xDD, 0xDD, 0xDD, 0xAA, 0xAC, 0xCC, 0xCD, 0xEF, 0xFF, 0xFF, 0xFF, 0xFF, 0xED, 0xCD, 0xDD, 0xE8,
    0xAA, 0xED, 0xAA, 0x77, 0xAA, 0xDE, 0xFF, 0xED, 0xDD, 0xDD, 0xEE, 0xDD, 0xCA, 0xAA, 0xAA, 0xAC,
    0xCC, 0xDD, 0xDD, 0xAA, 0xAC, 0xCC, 0xDE, 0xFF, 0xFF, 0xFF, 0xFF, 0xFF, 0xFF, 0xEE, 0xDD, 0xFB,
    0xAA, 0xFD, 0xAA, 0x77, 0xDE, 0xFF, 0xFF, 0xEE, 0xDC, 0xCD, 0xDE, 0xED, 0xDC, 0xCC, 0xBA, 0xCC,
    0xCC, 0xCC, 0xCC, 0xCA, 0xAC, 0xCC, 0xDF, 0xFF, 0xFF, 0xFF, 0xFF, 0xFF, 0xFE, 0xBE, 0xFE, 0xFE,
    0x8B, 0xFD, 0xAA, 0xAD, 0xCE, 0xEE, 0xFF, 0xFE, 0xDC, 0xAC, 0xDD, 0xEE, 0xED, 0xDC, 0xCB, 0xBC,
    0xCC, 0xCC, 0xCC, 0xCA, 0xCC, 0xDD, 0xEF, 0xFF, 0xFF, 0xFF, 0xFF, 0xFF, 0xED, 0xAD, 0xEF, 0xFF,
    0x8C, 0xFE, 0xDA, 0xDC, 0xBA, 0xAD, 0xDF, 0xFF, 0xED, 0xAC, 0xCD, 0xEF, 0xFE, 0xDD, 0xDD, 0xCC,
    0xCC, 0xCC, 0xCC, 0xCC, 0xCC, 0xEE, 0xFF, 0xFF, 0xFF, 0xFF, 0xFF, 0xFF, 0xEC, 0xAD, 0xDF, 0xFF,
    0x9E, 0xFE, 0xDD, 0xEC, 0xA7, 0xAA, 0xDE, 0xFF, 0xED, 0xDA, 0xCC, 0xDE, 0xFF, 0xED, 0xDD, 0xDD,
    0xDD, 0xDC, 0xCD, 0xDC, 0xCE, 0xEF, 0xFF, 0xFF, 0xFF, 0xFF, 0xFF, 0xFF, 0xEC, 0xAD, 0xDF, 0xFF,
    0x6F, 0xFF, 0xDE, 0xFA, 0x77, 0xAA, 0xDD, 0xFF, 0xFE, 0xDC, 0xAC, 0xCD, 0xEE, 0xEE, 0xED, 0xDD,
    0xDD, 0xDD, 0xDE, 0xEE, 0xEE, 0xFF, 0xFF, 0xFF, 0xFF, 0xFF, 0xFF, 0xFF, 0xED, 0xAD, 0xDE, 0xFF,
    0x6F, 0xFF, 0xEF, 0xEA, 0xA7, 0xAA, 0xDD, 0xFF, 0xFF, 0xED, 0xCC, 0xCC, 0xCD, 0xEF, 0xFE, 0xEE,
    0xEE, 0xEE, 0xEE, 0xEE, 0xEE, 0xFF, 0xFF, 0xFF, 0xFF, 0xFF, 0xFF, 0xFF, 0xED, 0xDD, 0xEE, 0xFF,
    0x9F, 0xFF, 0xFF, 0xDA, 0xA7, 0x7A, 0xAD, 0xEF, 0xFF, 0xFE, 0xDC, 0xCB, 0xBC, 0xDE, 0xEF, 0xEE,
    0xEE, 0xEE, 0xEE, 0xEE, 0xEF, 0xFF, 0xFF, 0xFF, 0xFF, 0xFF, 0xFF, 0xFF, 0xED, 0xDD, 0xEF, 0xFF,
    0xBF, 0xFF, 0xFF, 0xEA, 0xAA, 0x7A, 0xDD, 0xEF, 0xFF, 0xFF, 0xED, 0xCB, 0xAA, 0xDD, 0xEE, 0xEF,
    0xFF, 0xEE, 0xEE, 0xEF, 0xFF, 0xFF, 0xFF, 0xFF, 0xFF, 0xFF, 0xFF, 0xFF, 0xED, 0xDD, 0xEF, 0xFF,
    0xCF, 0xFF, 0xFF, 0xED, 0xAA, 0xDE, 0xEE, 0xFF, 0xFF, 0xFF, 0xFE, 0xDC, 0xAB, 0xDD, 0xEE, 0xEE,
    0xFF, 0xFF, 0xFF, 0xFF, 0xFF, 0xFF, 0xFF, 0xFF, 0xFF, 0xFF, 0xFF, 0xFF, 0xED, 0xDE, 0xEF, 0xFE,
    0xBE, 0xEF, 0xFF, 0xED, 0xDD, 0xE9, 0xAA, 0xDF, 0xFF, 0xFF, 0xFF, 0xEE, 0xCC, 0xCD, 0xDE, 0xEE,
    0xEE, 0xFF, 0xFF, 0xFF, 0xFF, 0xFF, 0xFF, 0xFF, 0xFF, 0xFF, 0xFE, 0xFF, 0xED, 0xEE, 0xFF, 0xFC,
    0x9C, 0xBC, 0xFF, 0xFE, 0xDF, 0xC7, 0xAA, 0xDF, 0xFF, 0xFF, 0xFF, 0xFF, 0xED, 0xDC, 0xCC, 0xDE,
    0xEE, 0xEE, 0xFF, 0xFF, 0xFF, 0xFF, 0xFF, 0xFF, 0xFF, 0xFF, 0xEE, 0xFF, 0xED, 0xEE, 0xFF, 0xEB,
    0x6B, 0x6B, 0xFF, 0xFE, 0xEF, 0xAA, 0xAA, 0xDE, 0xFE, 0xFF, 0xFF, 0xFF, 0xFE, 0xED, 0xCC, 0xCC,
    0xDD, 0xDE, 0xEE, 0xEE, 0xEE, 0xEF, 0xFF, 0xFF, 0xFF, 0xFE, 0xEE, 0xEF, 0xEE, 0xEF, 0xFF, 0xE8,
    0x8B, 0x5B, 0xFC, 0xFF, 0xFE, 0xDA, 0xAA, 0xDE, 0xFE, 0xEE, 0xFF, 0xFF, 0xFF, 0xEE, 0xED, 0xDC,
    0xCC, 0xCC, 0xCD, 0xCC, 0xCE, 0xFF, 0xFF, 0xFF, 0xFF, 0xEE, 0xEE, 0xEF, 0xFF, 0xFF, 0xFF, 0xE8,
};

static const uint8_t coup_animdata_duke_f06[3072] = {
    0xB9, 0x89, 0xB6, 0x98, 0x88, 0x88, 0x66, 0xBE, 0xCB, 0xBB, 0x99, 0xB7, 0x22, 0x22, 0x22, 0x12,
    0x22, 0x22, 0x22, 0x22, 0x13, 0x98, 0xBB, 0xBB, 0xBB, 0xBB, 0xBB, 0xBF, 0x89, 0xCB, 0xBB, 0xB9,
    0x98, 0x6B, 0x69, 0xEC, 0xEC, 0xCB, 0x8B, 0xEC, 0xBB, 0xBB, 0x99, 0x9B, 0x98, 0x78, 0x86, 0x67,
    0x64, 0x68, 0x86, 0x66, 0x69, 0xB9, 0xBB, 0xBB, 0xBC, 0xBB, 0xBB, 0xBB, 0x23, 0xBB, 0xBC, 0xCB,
    0x66, 0xB6, 0x8C, 0xBC, 0xBB, 0xB9, 0x89, 0xEB, 0xBB, 0xB9, 0x89, 0x99, 0x99, 0x99, 0x98, 0x9B,
    0x96, 0x69, 0x99, 0x88, 0x98, 0xB9, 0x9B, 0xBB, 0xBB, 0xB9, 0x9B, 0xC6, 0x33, 0x9E, 0xCC, 0xE9,
    0x69, 0x66, 0xCB, 0xBB, 0xBB, 0xB8, 0x78, 0xCB, 0xBB, 0xB9, 0x79, 0x99, 0x88, 0x99, 0x88, 0x99,
    0x98, 0x68, 0x98, 0x88, 0x87, 0x98, 0x9B, 0xBB, 0xBB, 0x99, 0xEE, 0xF8, 0x33, 0xBF, 0xFF, 0xEB,
    0x99, 0x3E, 0xBB, 0xBB, 0xBB, 0x98, 0x56, 0xCB, 0xBB, 0xB7, 0x69, 0x98, 0x89, 0x98, 0x68, 0x99,
    0x99, 0x88, 0x88, 0x87, 0x66, 0x86, 0x8B, 0xBB, 0xBB, 0xBB, 0xB4, 0xF8, 0x23, 0xBF, 0x4C, 0xFE,
    0xB3, 0xBE, 0xBB, 0xBB, 0xBB, 0x86, 0x35, 0xBB, 0xB9, 0x96, 0x58, 0x88, 0x86, 0x66, 0x69, 0x89,
    0x98, 0x88, 0x76, 0x67, 0x77, 0x73, 0x6B, 0xBB, 0xBE, 0xB9, 0x23, 0xF9, 0x23, 0xBE, 0x33, 0xEF,
    0x68, 0xCB, 0xB9, 0x9B, 0xBB, 0x65, 0x34, 0xBB, 0x99, 0x96, 0x26, 0x88, 0x65, 0x86, 0x99, 0x9B,
    0x99, 0x88, 0x74, 0x56, 0x79, 0x63, 0x69, 0x9B, 0xEF, 0xB8, 0x23, 0xFB, 0x12, 0xEB, 0x23, 0xCF,
    0x69, 0xBB, 0xB9, 0x99, 0xB8, 0x66, 0x23, 0x99, 0x99, 0x98, 0x24, 0x98, 0x66, 0x56, 0x9B, 0x99,
    0x99, 0x98, 0x65, 0x56, 0x87, 0x52, 0x89, 0x8B, 0xFE, 0xBB, 0x32, 0x42, 0x22, 0x33, 0x26, 0xFE,
    0x99, 0xBB, 0x99, 0xB9, 0x96, 0x88, 0x32, 0x89, 0x99, 0x98, 0x33, 0x97, 0x68, 0x65, 0xB9, 0x99,
    0x99, 0x86, 0x56, 0x66, 0x66, 0x33, 0x98, 0x9E, 0xFB, 0x9B, 0x32, 0x69, 0xBE, 0x96, 0x28, 0xFE,
    0x99, 0xBB, 0x99, 0xB9, 0x96, 0xB9, 0x32, 0x68, 0x88, 0x98, 0x63, 0x86, 0x79, 0x75, 0x57, 0x99,
    0x99, 0x53, 0x57, 0x96, 0x66, 0x26, 0x97, 0xBE, 0xEB, 0xB7, 0x29, 0xC9, 0x44, 0xEE, 0x92, 0x9F,
    0x9B, 0xBB, 0x99, 0xB9, 0x88, 0xBB, 0x52, 0x57, 0x67, 0x98, 0x76, 0x66, 0x99, 0x94, 0x36, 0x99,
    0x99, 0x63, 0x68, 0x96, 0x67, 0x59, 0x88, 0xCC, 0xEB, 0x81, 0x9B, 0xB3, 0x11, 0xBB, 0xE8, 0x2C,
    0x9B, 0xB9, 0x99, 0x99, 0x89, 0xBB, 0x63, 0x36, 0x69, 0x96, 0x68, 0x78, 0x99, 0x96, 0x35, 0x37,
    0x56, 0x32, 0x68, 0x87, 0x66, 0x66, 0x89, 0xCB, 0xBB, 0x36, 0xB9, 0x99, 0x32, 0xBB, 0xBC, 0x35,
    0x9B, 0xB9, 0x88, 0x98, 0x79, 0xBB, 0x63, 0x36, 0x88, 0x43, 0x35, 0x68, 0x98, 0x95, 0x32, 0x59,
    0x64, 0x23, 0x68, 0x88, 0x66, 0x63, 0x3B, 0xEE, 0xE8, 0x3B, 0x9B, 0x9B, 0x52, 0xBB, 0xBB, 0x92,
    0x9C, 0xB9, 0x76, 0x97, 0x69, 0xB9, 0x73, 0x57, 0x94, 0x25, 0x67, 0x88, 0x88, 0x64, 0x34, 0x88,
    0x86, 0x26, 0x87, 0x77, 0x78, 0x66, 0x3B, 0xE7, 0xBB, 0x8B, 0xBB, 0x9B, 0x62, 0x9B, 0xB9, 0xB6,
    0xBC, 0xB8, 0x67, 0x98, 0x6B, 0x98, 0x75, 0x68, 0x72, 0x57, 0x67, 0x88, 0x87, 0x55, 0x45, 0x88,
    0x86, 0x25, 0x87, 0x77, 0x76, 0x56, 0x8B, 0xB3, 0x16, 0xEC, 0xCC, 0xCB, 0x62, 0x9B, 0x99, 0xCE,
    0xBC, 0x98, 0x67, 0x97, 0x5B, 0x97, 0x75, 0x69, 0x63, 0x67, 0x66, 0x66, 0x77, 0x55, 0x33, 0x67,
    0x85, 0x24, 0x77, 0x77, 0x66, 0x75, 0x7E, 0xBB, 0x96, 0xBC, 0xBC, 0xEE, 0x63, 0x99, 0x99, 0xEB,
    0xBC, 0x97, 0x66, 0x94, 0x5B, 0x87, 0x76, 0x59, 0x65, 0x66, 0x56, 0x64, 0x67, 0x63, 0x43, 0x67,
    0x72, 0x34, 0x57, 0x77, 0x66, 0x75, 0x7F, 0xEE, 0xEE, 0xBB, 0xBC, 0xEE, 0x63, 0x99, 0x99, 0xBE,
    0xCB, 0x88, 0x66, 0x82, 0x5B, 0x77, 0x67, 0x58, 0x55, 0x65, 0x57, 0x76, 0x55, 0x33, 0x53, 0x26,
    0x32, 0x54, 0x56, 0x77, 0x65, 0x75, 0x7F, 0xC6, 0x33, 0x26, 0xBB, 0xCE, 0x96, 0x99, 0x9B, 0x33,
    0xCB, 0x88, 0x67, 0x81, 0x7B, 0x88, 0x67, 0x66, 0x56, 0x65, 0x56, 0x66, 0x52, 0x22, 0x25, 0x22,
    0x25, 0x65, 0x55, 0x77, 0x55, 0x65, 0x6E, 0xB3, 0x33, 0x39, 0xBB, 0xBB, 0xB9, 0x99, 0x9B, 0x63,
    0xC9, 0x88, 0x67, 0x61, 0x79, 0x98, 0x68, 0x97, 0x66, 0x65, 0x56, 0x66, 0x42, 0x33, 0x33, 0x21,
    0x26, 0x66, 0x65, 0x66, 0x36, 0x64, 0x4C, 0xB6, 0x66, 0x9B, 0xBC, 0x52, 0x25, 0x38, 0x36, 0xE6,
    0xC9, 0x78, 0x77, 0x51, 0x79, 0x87, 0x68, 0xB7, 0x67, 0x54, 0x56, 0x66, 0x44, 0x55, 0x32, 0x21,
    0x48, 0x76, 0x65, 0x64, 0x35, 0x52, 0x3B, 0xCE, 0xEE, 0xBB, 0xBB, 0x39, 0x9B, 0x36, 0x3B, 0xBE,
    0xC9, 0x89, 0x67, 0x41, 0x79, 0x85, 0x59, 0x96, 0x25, 0x53, 0x36, 0x66, 0x55, 0x54, 0x32, 0x5B,
    0xEE, 0xFE, 0xB7, 0x54, 0x35, 0x52, 0x3B, 0xEB, 0xB6, 0xBB, 0x36, 0x33, 0x38, 0x52, 0x8C, 0xBB,
    0xB9, 0x89, 0x78, 0x41, 0x78, 0x74, 0x48, 0x96, 0x24, 0x52, 0x25, 0x65, 0x55, 0x44, 0x49, 0xEF,
    0xFF, 0xFF, 0xFF, 0x93, 0x45, 0x42, 0x38, 0xEB, 0x93, 0x9B, 0x36, 0x96, 0x33, 0x33, 0x6B, 0xB9,
    0xB9, 0x99, 0x77, 0x32, 0x88, 0x34, 0x44, 0x64, 0x23, 0x42, 0x25, 0x55, 0x45, 0x33, 0x5B, 0xFE,
    0xEE, 0xFF, 0xFF, 0xE3, 0x44, 0x42, 0x35, 0xB9, 0xB6, 0x6F, 0x99, 0x9E, 0x83, 0x38, 0x3B, 0xC6,
    0xB9, 0x99, 0x76, 0x22, 0x87, 0x37, 0x72, 0x55, 0x12, 0x42, 0x24, 0x55, 0x44, 0x32, 0x44, 0x7F,
    0xCC, 0xEE, 0xFE, 0xF5, 0x44, 0x42, 0x34, 0x6B, 0xB9, 0x3B, 0xCB, 0x33, 0x26, 0x39, 0x66, 0xB3,
    0xB9, 0x99, 0x77, 0x12, 0x75, 0x49, 0x84, 0x57, 0x21, 0x42, 0x23, 0x54, 0x44, 0x24, 0x44, 0x2B,
    0xFE, 0xFF, 0xFF, 0xFB, 0x43, 0x32, 0x35, 0x28, 0xBC, 0x86, 0xEB, 0x9B, 0x98, 0x9B, 0xBB, 0x58,
    0x99, 0xB9, 0x88, 0x23, 0x54, 0x6B, 0x96, 0x57, 0x33, 0x42, 0x23, 0x43, 0x42, 0x44, 0x42, 0x23,
    0xFF, 0xFF, 0xFF, 0xF8, 0x94, 0x22, 0x34, 0x23, 0xBB, 0xE6, 0x6B, 0xBE, 0x87, 0xBB, 0xB5, 0x6F,
    0x9B, 0xB9, 0x77, 0x23, 0x65, 0x88, 0x87, 0x47, 0x32, 0x42, 0x23, 0x42, 0x24, 0x42, 0x22, 0x22,
    0x7C, 0x96, 0x9F, 0xC7, 0x98, 0x22, 0x24, 0x22, 0x7E, 0xC9, 0x63, 0x9C, 0x33, 0xC8, 0x23, 0xBC,
    0x9B, 0xB9, 0x87, 0x24, 0x65, 0x98, 0x77, 0x36, 0x52, 0x32, 0x23, 0x21, 0x44, 0x22, 0x21, 0x12,
    0x11, 0x23, 0x65, 0x45, 0x79, 0x71, 0x24, 0x23, 0x48, 0xEB, 0x96, 0x9B, 0x33, 0xC9, 0x6B, 0xBB,
    0x9B, 0xB9, 0x97, 0x25, 0x66, 0x98, 0x78, 0x45, 0x62, 0x44, 0x22, 0x24, 0x42, 0x22, 0x21, 0x11,
    0x22, 0x23, 0x34, 0x45, 0x78, 0x94, 0x13, 0x23, 0x54, 0x8B, 0xBC, 0xCE, 0x53, 0xCC, 0xCB, 0x99,
    0x9C, 0xB9, 0x97, 0x35, 0x58, 0x97, 0x78, 0x65, 0x53, 0x43, 0x22, 0x24, 0x42, 0x22, 0x11, 0x11,
    0x11, 0x22, 0x23, 0x24, 0x57, 0x89, 0x22, 0x33, 0x55, 0x77, 0x9B, 0xEF, 0xB9, 0xCB, 0x99, 0x99,
    0xBC, 0xB9, 0x97, 0x35, 0x48, 0x97, 0x68, 0x75, 0x53, 0x33, 0x21, 0x24, 0x22, 0x11, 0x11, 0x11,
    0x11, 0x22, 0x13, 0x23, 0x47, 0x89, 0x72, 0x23, 0x45, 0x54, 0x47, 0x9B, 0x73, 0x69, 0x88, 0x99,
    0xBC, 0xB9, 0x97, 0x44, 0x47, 0x77, 0x67, 0x75, 0x54, 0x32, 0x22, 0x44, 0x22, 0x11, 0x11, 0x11,
    0x11, 0x23, 0x25, 0x22, 0x46, 0x79, 0x93, 0x24, 0x35, 0x44, 0x55, 0x88, 0x41, 0x58, 0x88, 0x9B,
    0xBC, 0xBB, 0xB8, 0x43, 0x58, 0x88, 0x87, 0x75, 0x34, 0x22, 0x33, 0x42, 0x22, 0x11, 0x11, 0x11,
    0x11, 0x13, 0x23, 0x32, 0x45, 0x78, 0x95, 0x12, 0x34, 0x45, 0x66, 0x78, 0x42, 0x79, 0x88, 0x99,
    0xCC, 0xBB, 0x99, 0x42, 0x59, 0x78, 0x86, 0x85, 0x22, 0x12, 0x24, 0x42, 0x21, 0x11, 0x11, 0x11,
    0x11, 0x22, 0x13, 0x33, 0x35, 0x78, 0x97, 0x11, 0x24, 0x55, 0x67, 0x77, 0x33, 0x7B, 0x98, 0x99,
    0xBC, 0xBB, 0xB9, 0x42, 0x49, 0x78, 0x87, 0x75, 0x22, 0x22, 0x23, 0x21, 0x11, 0x11, 0x11, 0x11,
    0x11, 0x11, 0x13, 0x36, 0x33, 0x58, 0x98, 0x21, 0x24, 0x55, 0x57, 0x77, 0x22, 0x79, 0x99, 0x9B,
    0x3B, 0xBB, 0xB8, 0x42, 0x59, 0x87, 0x88, 0x65, 0x21, 0x22, 0x13, 0x21, 0x11, 0x11, 0x11, 0x11,
    0x11, 0x11, 0x22, 0x36, 0x33, 0x57, 0x99, 0x21, 0x25, 0x45, 0x47, 0x75, 0x23, 0x79, 0x99, 0x89,
    0x17, 0xB9, 0xB8, 0x42, 0x58, 0x77, 0x78, 0x54, 0x12, 0x22, 0x13, 0x21, 0x11, 0x11, 0x11, 0x11,
    0x11, 0x11, 0x23, 0x36, 0x53, 0x56, 0x89, 0x41, 0x24, 0x54, 0x45, 0x75, 0x22, 0x78, 0x89, 0x89,
    0x13, 0xB9, 0x98, 0x53, 0x58, 0x77, 0x78, 0x54, 0x22, 0x21, 0x13, 0x21, 0x11, 0x11, 0x11, 0x11,
    0x23, 0x12, 0x33, 0x36, 0x63, 0x56, 0x89, 0x41, 0x24, 0x44, 0x45, 0x55, 0x33, 0x77, 0x79, 0x89,
    0x13, 0x7B, 0x98, 0x54, 0x57, 0x77, 0x77, 0x44, 0x22, 0x22, 0xA4, 0x21, 0x11, 0x11, 0x11, 0x11,
    0x21, 0x23, 0x33, 0x36, 0x63, 0x56, 0x89, 0x82, 0x14, 0x44, 0x44, 0x55, 0x33, 0x77, 0x79, 0x98,
    0x23, 0x69, 0x98, 0x44, 0x57, 0x76, 0x77, 0x43, 0x22, 0x2C, 0xC3, 0x21, 0x11, 0x11, 0x11, 0x11,
    0x33, 0x33, 0x36, 0x66, 0x63, 0x46, 0x89, 0xAA, 0x24, 0x44, 0x34, 0x45, 0x33, 0x57, 0x58, 0x97,
    0x33, 0x59, 0x98, 0x44, 0x77, 0x75, 0x77, 0x43, 0x23, 0xAC, 0xC4, 0x21, 0x11, 0x11, 0x11, 0x11,
    0x26, 0x36, 0x36, 0x68, 0x44, 0x46, 0x89, 0xAD, 0x53, 0x43, 0x34, 0x45, 0x43, 0x55, 0x58, 0x96,
    0x45, 0x58, 0x97, 0x44, 0x77, 0x55, 0x77, 0x43, 0x28, 0xAB, 0xE4, 0x21, 0x11, 0x11, 0x11, 0x11,
    0x14, 0x86, 0x36, 0x96, 0x23, 0x36, 0x89, 0xAD, 0xC4, 0x43, 0x24, 0x34, 0x43, 0x55, 0x58, 0x85,
    0x56, 0x68, 0x97, 0x44, 0x75, 0x55, 0x55, 0x42, 0x4A, 0xCA, 0xA7, 0x32, 0x11, 0x11, 0x14, 0x21,
    0x11, 0x49, 0x89, 0x52, 0x22, 0x26, 0x89, 0xCD, 0xC8, 0x22, 0x24, 0x34, 0x43, 0x55, 0x58, 0x75,
    0x57, 0x78, 0x96, 0x44, 0x55, 0x44, 0x55, 0x32, 0xAA, 0xB5, 0x17, 0x42, 0x11, 0x11, 0x7C, 0xFB,
    0x42, 0x22, 0x22, 0x12, 0x36, 0x87, 0x79, 0xEE, 0xCB, 0x22, 0x22, 0x24, 0x32, 0x45, 0x58, 0x74,
    0x47, 0x87, 0x86, 0x44, 0x67, 0x54, 0x54, 0x24, 0xBA, 0xA8, 0x72, 0x52, 0x11, 0x12, 0x47, 0xBF,
    0xF9, 0x63, 0x33, 0x7C, 0xFF, 0xCB, 0x7B, 0xB8, 0xDC, 0x42, 0x22, 0x34, 0x22, 0x44, 0x55, 0x56,
    0x57, 0x88, 0x85, 0x34, 0x55, 0x64, 0x42, 0x27, 0xCA, 0xA7, 0x73, 0x42, 0x11, 0x24, 0x41, 0x14,
    0x9B, 0x85, 0x68, 0xCC, 0x77, 0x99, 0x7B, 0x9B, 0xCC, 0x91, 0x22, 0x22, 0x22, 0x44, 0x55, 0x77,
    0x46, 0x88, 0x97, 0x34, 0x55, 0x74, 0x32, 0x2A, 0xAA, 0xA5, 0x14, 0x42, 0x11, 0x38, 0x99, 0x99,
    0x9B, 0x64, 0x59, 0xB6, 0x24, 0x7B, 0x8B, 0xCD, 0xDD, 0xA1, 0x12, 0x22, 0x42, 0x35, 0x77, 0x78,
    0x45, 0x77, 0xB7, 0x34, 0x57, 0x54, 0x42, 0x4A, 0xAA, 0xA4, 0x2B, 0x42, 0x11, 0x13, 0x7C, 0xB2,
    0xC9, 0x31, 0x2B, 0xBE, 0xFA, 0xCB, 0x7B, 0xBC, 0xDD, 0xD4, 0x12, 0x24, 0x42, 0x45, 0x78, 0x77,
    0x25, 0x57, 0x97, 0x34, 0x55, 0x53, 0x34, 0x5A, 0xAA, 0xD4, 0x4A, 0x32, 0x11, 0x11, 0x12, 0x36,
    0x92, 0x21, 0x39, 0x89, 0x84, 0xB8, 0x5B, 0xBC, 0xED, 0xE8, 0x12, 0x43, 0x32, 0x44, 0x57, 0x77,
    0x15, 0x57, 0x86, 0x45, 0x75, 0x43, 0x24, 0x8A, 0xAA, 0xDA, 0x37, 0x24, 0x11, 0x11, 0x11, 0x36,
    0x21, 0x21, 0x28, 0x68, 0x54, 0x76, 0x8C, 0xBC, 0xED, 0xDA, 0x12, 0x44, 0x32, 0x34, 0x57, 0x75,
    0x25, 0x68, 0x86, 0x44, 0x55, 0x43, 0x23, 0xAA, 0xAA, 0xDD, 0x25, 0x65, 0x21, 0x11, 0x11, 0x11,
    0x11, 0x21, 0x17, 0x64, 0x33, 0x24, 0x9E, 0xBD, 0xED, 0xDA, 0x12, 0x43, 0x22, 0x44, 0x57, 0x86,
    0x35, 0x68, 0x77, 0x44, 0x55, 0x43, 0x23, 0xAA, 0xAA, 0xCE, 0x52, 0x75, 0x31, 0x11, 0x11, 0x11,
    0x11, 0x11, 0x17, 0x73, 0x21, 0x13, 0x9E, 0xBE, 0xED, 0xDC, 0x21, 0x23, 0x22, 0x44, 0x55, 0x86,
    0x25, 0x69, 0x87, 0x44, 0x55, 0x43, 0x24, 0xAA, 0xAA, 0xDE, 0x71, 0x46, 0x41, 0x11, 0x11, 0x11,
    0x11, 0x21, 0x26, 0x64, 0x21, 0x23, 0x9B, 0xBE, 0xEE, 0xEE, 0x21, 0x24, 0x22, 0x45, 0x55, 0x85,
    0x35, 0x68, 0x77, 0x44, 0x55, 0x43, 0x24, 0xAA, 0xAA, 0xAC, 0xC1, 0x26, 0x52, 0x11, 0x11, 0x11,
    0x23, 0x21, 0x27, 0x72, 0x22, 0x24, 0xB9, 0xCF, 0xEE, 0xEE, 0x41, 0x22, 0x22, 0x45, 0x55, 0x76,
    0x65, 0x68, 0x77, 0x44, 0x55, 0x42, 0x27, 0xAA, 0x87, 0xAA, 0xCB, 0xB6, 0x53, 0x11, 0x11, 0x11,
    0x62, 0x21, 0x15, 0x72, 0x22, 0x27, 0xC8, 0xDE, 0xEE, 0xFE, 0x41, 0x22, 0x22, 0x44, 0x55, 0x75,
    0x55, 0x67, 0x77, 0x44, 0x55, 0x42, 0x27, 0xCA, 0x77, 0xAA, 0xCC, 0xF7, 0x43, 0x21, 0x11, 0x13,
    0x61, 0x11, 0x13, 0x55, 0x12, 0x38, 0xCF, 0xEE, 0xEE, 0xEF, 0x51, 0x22, 0x22, 0x44, 0x55, 0x55,
    0x45, 0x57, 0x77, 0x44, 0x44, 0x42, 0x28, 0xCA, 0xAA, 0xCD, 0xDC, 0xF9, 0x33, 0x21, 0x11, 0x24,
    0x3B, 0xB3, 0x4B, 0xB6, 0x22, 0x48, 0xEF, 0xEE, 0xEE, 0xEF, 0x71, 0x22, 0x22, 0x44, 0x55, 0x55,
    0x55, 0x56, 0x77, 0x44, 0x54, 0x42, 0x28, 0xCA, 0xAA, 0xAD, 0xDD, 0xFB, 0x23, 0x21, 0x11, 0x22,
    0x16, 0xBB, 0xCE, 0x95, 0x33, 0x68, 0xDE, 0xEE, 0xEE, 0xEF, 0x71, 0x22, 0x22, 0x44, 0x75, 0x55,
    0x45, 0x56, 0x77, 0x43, 0x54, 0x32, 0x2A, 0xCA, 0xAA, 0xAA, 0xCD, 0xEC, 0x33, 0x21, 0x11, 0x21,
    0x12, 0x27, 0x98, 0x53, 0x33, 0x78, 0xEE, 0xEE, 0xEE, 0xEF, 0x71, 0x22, 0x22, 0x45, 0x77, 0x55,
    0x35, 0x65, 0x67, 0x44, 0x54, 0x32, 0x2A, 0xCA, 0xAA, 0xAA, 0xAD, 0xEE, 0x42, 0x21, 0x11, 0x11,
    0x11, 0x13, 0x25, 0x44, 0x34, 0x79, 0xFE, 0xEE, 0xDE, 0xEE, 0x81, 0x22, 0x42, 0x45, 0x75, 0x55,
    0x45, 0x55, 0x77, 0x44, 0x54, 0x43, 0x2A, 0xCA, 0xAA, 0xAA, 0xAD, 0xEF, 0x73, 0x22, 0x11, 0x11,
    0x11, 0x33, 0x45, 0x34, 0x35, 0x8B, 0xFE, 0xEE, 0xED, 0xEE, 0xE5, 0x12, 0x42, 0x45, 0x55, 0x45,
    0x77, 0x55, 0x54, 0x44, 0x54, 0x32, 0x18, 0xCA, 0xAA, 0xAA, 0xAD, 0xEF, 0xC4, 0x32, 0x11, 0x27,
    0x7B, 0xEB, 0xFB, 0x76, 0x46, 0x8E, 0xFE, 0xEE, 0xDD, 0xED, 0xFC, 0x22, 0x43, 0x47, 0x55, 0x45,
    0x59, 0x85, 0x44, 0x45, 0x44, 0x22, 0x2A, 0xAA, 0xAA, 0xAA, 0xAA, 0xEE, 0xF7, 0x33, 0x21, 0x47,
    0x97, 0x7C, 0xBC, 0xB8, 0x47, 0x9F, 0xFE, 0xEE, 0xDD, 0xED, 0xFE, 0x42, 0x44, 0x44, 0x44, 0x47,
    0x79, 0xA7, 0x44, 0x44, 0x53, 0x24, 0xDE, 0xAA, 0xAA, 0xAA, 0xAA, 0xDE, 0xFB, 0x54, 0x32, 0x31,
    0x24, 0x46, 0x67, 0x35, 0x58, 0xCF, 0xFF, 0xEE, 0xEE, 0xED, 0xFE, 0x82, 0x44, 0x22, 0x24, 0x78,
    0x68, 0xA8, 0x53, 0x44, 0x42, 0x4A, 0xFF, 0xAA, 0xAA, 0x7A, 0xAA, 0xEE, 0xFE, 0x85, 0x54, 0x43,
    0x25, 0xCF, 0xB5, 0x46, 0x79, 0xFF, 0xFF, 0xED, 0xEE, 0xEE, 0xFD, 0xA2, 0x24, 0x32, 0x45, 0x77,
    0x79, 0x98, 0x74, 0x54, 0x42, 0x8C, 0xEF, 0xAA, 0xAA, 0x77, 0xAB, 0xCD, 0xFE, 0x98, 0x65, 0x44,
    0x34, 0xBF, 0x84, 0x68, 0x8E, 0xFF, 0xFE, 0xEE, 0xFF, 0xEE, 0xFE, 0xC4, 0x24, 0x23, 0x57, 0x87,
    0x58, 0x98, 0x85, 0x55, 0x44, 0xCB, 0xCF, 0xAA, 0xAA, 0xA7, 0xAA, 0xAD, 0xEF, 0xB9, 0x87, 0x32,
    0x11, 0x39, 0x23, 0x78, 0xBF, 0xFF, 0xFE, 0xEE, 0xFF, 0xEE, 0xFE, 0xF5, 0x44, 0x45, 0x77, 0x87,
    0x67, 0x98, 0x95, 0x55, 0x48, 0xCB, 0xEF, 0xDA, 0xAA, 0x85, 0x7A, 0xCD, 0xDF, 0xC8, 0xB9, 0x42,
    0x11, 0x23, 0x24, 0x7B, 0xFF, 0xFF, 0xFE, 0xEE, 0xFF, 0xEE, 0xEE, 0xFF, 0xC7, 0x75, 0x77, 0xA7,
    0x76, 0x89, 0x96, 0x55, 0x5A, 0xCD, 0xDF, 0xFA, 0xAA, 0xA5, 0x8A, 0xAD, 0xDE, 0xF9, 0x8C, 0x93,
    0x22, 0x33, 0x46, 0x9F, 0xFF, 0xFF, 0xEE, 0xEE, 0xFF, 0xEE, 0xEE, 0xFF, 0xFE, 0xA7, 0x55, 0x87,
    0x87, 0x77, 0x88, 0x55, 0x5B, 0xDD, 0xDE, 0xFD, 0xAA, 0xA8, 0xAA, 0xAA, 0xDD, 0xEC, 0x68, 0xE9,
    0x67, 0x77, 0x89, 0xEF, 0xFF, 0xFF, 0xEE, 0xDE, 0xFF, 0xEE, 0xED, 0xFF, 0xFF, 0xCB, 0xB7, 0x77,
    0x86, 0x65, 0x99, 0x75, 0x5B, 0xDD, 0xDD, 0xEE, 0xCA, 0xAA, 0xAA, 0xAA, 0xDD, 0xEE, 0x95, 0x9E,
    0xEC, 0xBB, 0xCF, 0xFE, 0xFF, 0xFF, 0xEE, 0xEE, 0xFF, 0xDF, 0xEE, 0xFF, 0xEE, 0xEC, 0xE9, 0x56,
    0x56, 0x88, 0x99, 0x75, 0x49, 0xED, 0xCD, 0xEE, 0xCC, 0xAA, 0xAA, 0xAA, 0xAD, 0xDD, 0xD5, 0x49,
    0xEF, 0xFF, 0xFF, 0xCE, 0xFF, 0xFE, 0xEE, 0xEF, 0xEE, 0xEF, 0xEE, 0xFF, 0xEE, 0xEE, 0xEC, 0x89,
    0x77, 0x99, 0x88, 0x75, 0x4B, 0xED, 0xAA, 0xDE, 0xEC, 0xCA, 0xAA, 0xAA, 0xAA, 0xDD, 0xDB, 0x56,
    0x9B, 0xCE, 0xEC, 0xCF, 0xFF, 0xEE, 0xEE, 0xEE, 0xEE, 0xEF, 0xEF, 0xFF, 0xEE, 0xDD, 0xEE, 0xA9,
    0x99, 0x89, 0x88, 0xAA, 0xBF, 0xED, 0xAA, 0xAD, 0xEE, 0xDA, 0xAA, 0xAA, 0xAA, 0xDC, 0xAD, 0xB6,
    0x79, 0xBC, 0xEC, 0xFF, 0xFE, 0xEE, 0xEE, 0xEE, 0xEE, 0xFF, 0xEF, 0xFF, 0xFE, 0xDE, 0xEE, 0xA8,
    0x8B, 0x78, 0xAA, 0xDD, 0xEF, 0xFD, 0xAA, 0xAC, 0xEE, 0xDA, 0xAA, 0xAA, 0xAA, 0xCA, 0xAA, 0xDC,
    0x89, 0xCC, 0xEF, 0xFE, 0xEE, 0xED, 0xEE, 0xEE, 0xEE, 0xFF, 0xFF, 0xFF, 0xFE, 0xEF, 0xFE, 0xB6,
    0x98, 0x78, 0xAD, 0xDE, 0xFF, 0xFE, 0xDA, 0xAA, 0xBF, 0xDC, 0xAA, 0xAA, 0xAA, 0xAA, 0xAA, 0xAD,
    0xDE, 0xEF, 0xEE, 0xEE, 0xED, 0xDD, 0xDD, 0xEE, 0xEE, 0xFF, 0xFF, 0xFF, 0xED, 0xDE, 0xFF, 0xB7,
    0x97, 0x8A, 0xAE, 0xFE, 0xDE, 0xFF, 0xDA, 0xA8, 0xAD, 0xED, 0xCA, 0xAA, 0xAA, 0x7A, 0xAD, 0xAA,
    0xDD, 0xDE, 0xCA, 0xCD, 0xDD, 0xDD, 0xDD, 0xEE, 0xEE, 0xFF, 0xFF, 0xFF, 0xED, 0xDD, 0xEF, 0xB7,
    0x98, 0xAA, 0xDC, 0xAA, 0xAD, 0xDF, 0xED, 0xA8, 0xAD, 0xFD, 0xDC, 0xAA, 0xAA, 0x67, 0xAD, 0xCA,
    0xDD, 0xDD, 0xDB, 0xAC, 0xDD, 0xDD, 0xCD, 0xEE, 0xEF, 0xFF, 0xFF, 0xFF, 0xED, 0xDD, 0xDF, 0xC6,
    0x98, 0xAD, 0xEA, 0xAA, 0xAD, 0xDE, 0xFD, 0xCA, 0xAD, 0xEE, 0xDC, 0xCA, 0xAA, 0xAA, 0xAC, 0xDC,
    0xDD, 0xDD, 0xDC, 0xAA, 0xCC, 0xCC, 0xCD, 0xEE, 0xFF, 0xFF, 0xFF, 0xFE, 0xED, 0xAD, 0xDE, 0xC7,
    0x6A, 0xAE, 0xC7, 0x7A, 0xAA, 0xDD, 0xFE, 0xDA, 0xDD, 0xEE, 0xED, 0xCC, 0xAA, 0xAA, 0xAA, 0xAD,
    0xDD, 0xDD, 0xDD, 0xAA, 0xAC, 0xCC, 0xCD, 0xEF, 0xFF, 0xFF, 0xFF, 0xFE, 0xED, 0xAD, 0xDE, 0xB7,
    0x7A, 0xCF, 0xAA, 0x77, 0xAA, 0xDD, 0xFF, 0xED, 0xDD, 0xDD, 0xEE, 0xDD, 0xCA, 0xAA, 0xAA, 0xAC,
    0xCD, 0xDD, 0xDD, 0xAA, 0xAC, 0xCC, 0xDE, 0xFF, 0xFF, 0xFF, 0xFF, 0xFF, 0xFE, 0xED, 0xDE, 0xE5,
    0x7A, 0xDF, 0xAA, 0x74, 0xAD, 0xEE, 0xFF, 0xFE, 0xDD, 0xCD, 0xDE, 0xED, 0xDC, 0xBC, 0xBA, 0xCC,
    0xCC, 0xCC, 0xDD, 0xBA, 0xAC, 0xCC, 0xDF, 0xFF, 0xFF, 0xFF, 0xFF, 0xFF, 0xFC, 0xCF, 0xEE, 0xF7,
    0x7A, 0xEF, 0xAA, 0xAA, 0xDE, 0xFE, 0xEF, 0xFE, 0xDD, 0xAC, 0xDD, 0xEE, 0xED, 0xCC, 0xCB, 0xBC,
    0xCC, 0xCC, 0xCC, 0xBA, 0xCC, 0xDD, 0xEF, 0xFF, 0xFF, 0xFF, 0xFF, 0xFF, 0xDA, 0xDD, 0xFE, 0xFB,
    0x89, 0xFF, 0xDA, 0xAD, 0xBC, 0xAA, 0xDE, 0xFF, 0xED, 0xAA, 0xCD, 0xEF, 0xED, 0xDD, 0xCC, 0xCC,
    0xCC, 0xCC, 0xCC, 0xCC, 0xCC, 0xEE, 0xFF, 0xFF, 0xFF, 0xFF, 0xFF, 0xFE, 0xDA, 0xAD, 0xEF, 0xFC,
    0x7B, 0xFF, 0xDD, 0xDE, 0xA7, 0xAA, 0xDD, 0xFF, 0xFE, 0xDA, 0xCC, 0xDE, 0xFF, 0xED, 0xDD, 0xDD,
    0xDC, 0xCC, 0xCD, 0xDC, 0xCE, 0xEF, 0xFF, 0xFF, 0xFF, 0xFF, 0xFF, 0xFE, 0xDA, 0xCD, 0xEF, 0xFF,
    0x5B, 0xFF, 0xED, 0xFD, 0xA7, 0xAA, 0xDD, 0xFF, 0xFE, 0xDC, 0xAC, 0xCD, 0xEE, 0xEE, 0xED, 0xDD,
    0xDD, 0xDD, 0xDD, 0xEE, 0xEE, 0xFF, 0xFF, 0xFF, 0xFF, 0xFF, 0xFF, 0xFE, 0xDA, 0xDD, 0xEF, 0xFF,
    0x4B, 0xFF, 0xEE, 0xFA, 0xA7, 0x7A, 0xDD, 0xEF, 0xFF, 0xED, 0xCC, 0xCC, 0xCD, 0xEF, 0xFE, 0xED,
    0xEE, 0xEE, 0xEE, 0xEE, 0xEE, 0xFF, 0xFF, 0xFF, 0xFF, 0xFF, 0xFF, 0xFF, 0xDD, 0xDD, 0xEF, 0xFF,
    0x5C, 0xFF, 0xFF, 0xFA, 0xAA, 0x7A, 0xAD, 0xEF, 0xFF, 0xFE, 0xDC, 0xCC, 0xBC, 0xDE, 0xEF, 0xEE,
    0xEE, 0xEE, 0xEE, 0xEE, 0xEF, 0xFF, 0xFF, 0xFF, 0xFF, 0xFF, 0xFF, 0xFE, 0xDD, 0xDD, 0xEF, 0xFF,
    0x5E, 0xFF, 0xFF, 0xFD, 0xAA, 0x7A, 0xDD, 0xEF, 0xFF, 0xFF, 0xED, 0xDC, 0xAA, 0xDE, 0xEE, 0xEF,
    0xFF, 0xEE, 0xEE, 0xEF, 0xFF, 0xFF, 0xFF, 0xFF, 0xFF, 0xFF, 0xFF, 0xFE, 0xDD, 0xDD, 0xEF, 0xFF,
    0x8E, 0xFF, 0xFF, 0xFD, 0xDA, 0xAD, 0xEE, 0xFF, 0xFF, 0xFF, 0xFE, 0xDC, 0xBA, 0xDD, 0xEE, 0xEF,
    0xFF, 0xFF, 0xFF, 0xFF, 0xFF, 0xFF, 0xFF, 0xFF, 0xFF, 0xFF, 0xFF, 0xFE, 0xDD, 0xDE, 0xFF, 0xEE,
    0xBB, 0xEE, 0xFF, 0xFE, 0xDD, 0xEB, 0xAA, 0xDF, 0xFF, 0xFF, 0xFF, 0xEE, 0xCC, 0xCD, 0xDE, 0xEE,
    0xEE, 0xFF, 0xFF, 0xFF, 0xFF, 0xFF, 0xFF, 0xFF, 0xFF, 0xFF, 0xFE, 0xFE, 0xDD, 0xEE, 0xFF, 0xEE,
    0xBB, 0xC9, 0xFF, 0xFE, 0xDE, 0xEA, 0xAA, 0xDE, 0xFF, 0xFF, 0xFF, 0xFF, 0xED, 0xDC, 0xCD, 0xDE,
    0xEE, 0xEE, 0xFF, 0xFF, 0xFF, 0xFF, 0xFF, 0xFF, 0xFF, 0xFF, 0xEE, 0xFF, 0xDD, 0xEF, 0xFF, 0xBC,
    0x89, 0x98, 0xFF, 0xFF, 0xEF, 0xDA, 0xAA, 0xDD, 0xFF, 0xEF, 0xFF, 0xFF, 0xFE, 0xED, 0xCC, 0xCC,
    0xDD, 0xDE, 0xEE, 0xEE, 0xEE, 0xEF, 0xFF, 0xFF, 0xFF, 0xFE, 0xEE, 0xFF, 0xEE, 0xEF, 0xFF, 0x99,
    0x89, 0x85, 0xEE, 0xFF, 0xFF, 0xDA, 0xAA, 0xDD, 0xFF, 0xEE, 0xFF, 0xFF, 0xFF, 0xEE, 0xED, 0xDD,
    0xCC, 0xCC, 0xCD, 0xCC, 0xCE, 0xFF, 0xFF, 0xFF, 0xFF, 0xEE, 0xEE, 0xFF, 0xFF, 0xFF, 0xFF, 0xB9,
    0x9B, 0x63, 0xC9, 0xFF, 0xFF, 0xDD, 0xAA, 0xDD, 0xFE, 0xDD, 0xEF, 0xFF, 0xFF, 0xFF, 0xEE, 0xEE,
    0xDD, 0xDD, 0xDD, 0xCD, 0xEF, 0xFF, 0xFF, 0xFF, 0xFE, 0xED, 0xED, 0xFF, 0xFF, 0xFF, 0xEE, 0xB6,
};

static const uint8_t coup_animdata_duke_f07[3072] = {
    0xCB, 0x99, 0xBB, 0x99, 0x99, 0x99, 0x96, 0x6E, 0xCB, 0xBB, 0x99, 0x96, 0x33, 0x33, 0x33, 0x33,
    0x33, 0x33, 0x33, 0x33, 0x33, 0x66, 0x66, 0x66, 0x66, 0x9B, 0xBB, 0xCC, 0xBC, 0xCB, 0xBB, 0xB9,
    0xB9, 0x88, 0xB5, 0x9B, 0xBB, 0xBB, 0x97, 0xBE, 0xCB, 0xBB, 0x99, 0xBB, 0x53, 0x33, 0x33, 0x23,
    0x32, 0x33, 0x33, 0x33, 0x38, 0xB9, 0xBB, 0xBB, 0xBB, 0xBB, 0xBB, 0xCB, 0x2B, 0xBB, 0xBC, 0xB9,
    0x98, 0x6B, 0x69, 0xCC, 0xEC, 0xBB, 0x99, 0xCC, 0xBB, 0xBB, 0x99, 0x99, 0xBB, 0x99, 0x98, 0x9B,
    0x96, 0x79, 0x99, 0x89, 0x99, 0xB9, 0xBB, 0xBB, 0xBB, 0xBB, 0x9B, 0xB3, 0x23, 0xCB, 0xBE, 0xB9,
    0x86, 0x96, 0x7C, 0xBB, 0xBB, 0xB9, 0x87, 0xBC, 0xBB, 0xBB, 0x89, 0x99, 0x98, 0x99, 0x98, 0x99,
    0x98, 0x68, 0x99, 0x88, 0x88, 0x98, 0x9B, 0xBB, 0xBB, 0x99, 0xCE, 0xC3, 0x36, 0xFF, 0xFE, 0xB8,
    0x69, 0x66, 0xEB, 0xBB, 0xBB, 0xB9, 0x75, 0xBB, 0xBB, 0xB9, 0x69, 0x98, 0x88, 0x99, 0x78, 0x99,
    0x99, 0x88, 0x88, 0x87, 0x77, 0x96, 0x9B, 0xBB, 0xBB, 0x9E, 0xB9, 0xF3, 0x26, 0xFB, 0xBF, 0xEB,
    0x99, 0x3C, 0xCB, 0xBB, 0xBB, 0xB8, 0x53, 0xBB, 0xBB, 0xB7, 0x58, 0x98, 0x88, 0x88, 0x69, 0x99,
    0x99, 0x88, 0x78, 0x87, 0x66, 0x85, 0x9B, 0xBB, 0xBC, 0xB9, 0x29, 0xF3, 0x26, 0xF7, 0x2C, 0xFF,
    0xB5, 0x9C, 0xBB, 0x9B, 0xBB, 0x96, 0x33, 0x9B, 0x99, 0x97, 0x36, 0x88, 0x85, 0x67, 0x89, 0x89,
    0x99, 0x88, 0x75, 0x56, 0x78, 0x63, 0x89, 0xBB, 0xEE, 0xB3, 0x28, 0xF6, 0x16, 0xF6, 0x26, 0xFF,
    0x66, 0xBB, 0xB9, 0x99, 0x9B, 0x66, 0x32, 0x9B, 0x99, 0x99, 0x23, 0x89, 0x65, 0x66, 0x9B, 0x99,
    0x99, 0x88, 0x65, 0x56, 0x88, 0x53, 0x99, 0x9B, 0xFC, 0xB6, 0x25, 0x92, 0x13, 0x83, 0x3B, 0xFF,
    0x69, 0xBB, 0xB9, 0x99, 0x99, 0x68, 0x42, 0x69, 0x99, 0x99, 0x42, 0x98, 0x67, 0x55, 0xB9, 0x99,
    0x99, 0x98, 0x66, 0x66, 0x76, 0x34, 0x98, 0x9F, 0xFB, 0xBB, 0x22, 0x36, 0x98, 0x32, 0x3F, 0xFF,
    0x89, 0xBC, 0xB9, 0xB9, 0x97, 0x8B, 0x42, 0x59, 0x88, 0x98, 0x63, 0x86, 0x69, 0x75, 0x78, 0x99,
    0x99, 0x64, 0x47, 0x86, 0x66, 0x26, 0x98, 0xBE, 0xEB, 0xB5, 0x39, 0xCB, 0x8C, 0xE9, 0x38, 0xFE,
    0x69, 0xBB, 0x98, 0xB9, 0x98, 0x9B, 0x62, 0x38, 0x77, 0x98, 0x75, 0x66, 0x89, 0x85, 0x36, 0x99,
    0x99, 0x63, 0x69, 0x96, 0x66, 0x59, 0x88, 0xCE, 0xEB, 0x71, 0xBB, 0x91, 0x14, 0xCC, 0xB2, 0x9F,
    0x69, 0xBB, 0x98, 0x99, 0x88, 0x9C, 0x83, 0x36, 0x67, 0x98, 0x78, 0x76, 0x99, 0x96, 0x36, 0x57,
    0x66, 0x52, 0x78, 0x86, 0x67, 0x68, 0x8B, 0xCB, 0xCB, 0x26, 0xB9, 0x96, 0x26, 0xCB, 0xE6, 0x3E,
    0x6B, 0xB9, 0x88, 0x99, 0x88, 0xBB, 0x93, 0x36, 0x79, 0x73, 0x35, 0x68, 0x98, 0x96, 0x32, 0x58,
    0x63, 0x23, 0x68, 0x88, 0x66, 0x53, 0x5C, 0xEE, 0xC6, 0x3B, 0x9B, 0x9B, 0x26, 0xBB, 0xBB, 0x38,
    0x6B, 0xB9, 0x86, 0x99, 0x68, 0xB9, 0x84, 0x36, 0x97, 0x23, 0x56, 0x78, 0x88, 0x84, 0x33, 0x88,
    0x85, 0x26, 0x87, 0x77, 0x77, 0x64, 0x3C, 0xC9, 0xE6, 0x9B, 0xBB, 0x9B, 0x26, 0xBB, 0x9B, 0x66,
    0x6C, 0xB9, 0x86, 0x89, 0x68, 0xB9, 0x85, 0x57, 0x93, 0x36, 0x77, 0x88, 0x88, 0x65, 0x45, 0x88,
    0x86, 0x26, 0x87, 0x76, 0x76, 0x56, 0x8B, 0x91, 0x3B, 0xEC, 0xBC, 0xBB, 0x36, 0xCB, 0x9B, 0xEB,
    0x6C, 0xB9, 0x76, 0x89, 0x59, 0xB8, 0x76, 0x59, 0x83, 0x67, 0x66, 0x76, 0x77, 0x55, 0x33, 0x77,
    0x85, 0x25, 0x87, 0x77, 0x66, 0x65, 0x9C, 0xB9, 0x66, 0xBC, 0xCE, 0xEB, 0x36, 0xB9, 0x9B, 0xE8,
    0x6C, 0xB8, 0x76, 0x88, 0x39, 0x98, 0x76, 0x58, 0x83, 0x66, 0x55, 0x64, 0x67, 0x64, 0x33, 0x67,
    0x82, 0x24, 0x67, 0x77, 0x66, 0x75, 0x9E, 0xCE, 0xFE, 0xCB, 0xBE, 0xEB, 0x36, 0x99, 0x9B, 0xEF,
    0x9E, 0x98, 0x76, 0x86, 0x29, 0x97, 0x77, 0x67, 0x64, 0x65, 0x46, 0x76, 0x56, 0x33, 0x53, 0x36,
    0x42, 0x44, 0x56, 0x77, 0x66, 0x75, 0x9F, 0xB7, 0x63, 0x39, 0xBB, 0xEB, 0x66, 0x99, 0x96, 0x35,
    0x9E, 0x98, 0x76, 0x84, 0x2B, 0x88, 0x67, 0x66, 0x55, 0x65, 0x56, 0x76, 0x63, 0x22, 0x24, 0x22,
    0x24, 0x65, 0x55, 0x76, 0x56, 0x64, 0x8F, 0x83, 0x33, 0x3B, 0xBB, 0xCC, 0xB9, 0x99, 0xB9, 0x33,
    0x9C, 0x98, 0x76, 0x82, 0x29, 0x98, 0x76, 0x97, 0x66, 0x65, 0x56, 0x66, 0x52, 0x32, 0x23, 0x21,
    0x26, 0x66, 0x65, 0x66, 0x46, 0x64, 0x6E, 0x96, 0x66, 0xBB, 0xBB, 0x32, 0x36, 0x38, 0x3E, 0x86,
    0x9B, 0x88, 0x87, 0x82, 0x39, 0x87, 0x77, 0xB8, 0x77, 0x54, 0x56, 0x66, 0x53, 0x55, 0x32, 0x21,
    0x37, 0x65, 0x55, 0x64, 0x36, 0x52, 0x5C, 0xCE, 0xEE, 0xBB, 0xB7, 0x39, 0x96, 0x55, 0x6C, 0xCE,
    0x9B, 0x88, 0x86, 0x71, 0x39, 0x97, 0x58, 0xB8, 0x25, 0x64, 0x36, 0x66, 0x55, 0x64, 0x32, 0x39,
    0xCE, 0xFC, 0xB6, 0x53, 0x35, 0x41, 0x4C, 0xCC, 0xB7, 0xB8, 0x56, 0x36, 0x78, 0x33, 0xBB, 0xC7,
    0x9B, 0x89, 0x87, 0x71, 0x39, 0x75, 0x47, 0x97, 0x23, 0x53, 0x25, 0x65, 0x55, 0x44, 0x47, 0xEF,
    0xFF, 0xFF, 0xFF, 0x73, 0x45, 0x32, 0x4B, 0xEB, 0x83, 0xC8, 0x38, 0x63, 0x36, 0x33, 0xBB, 0xB3,
    0x9B, 0x99, 0x87, 0x62, 0x59, 0x52, 0x43, 0x65, 0x22, 0x52, 0x24, 0x65, 0x44, 0x33, 0x5B, 0xFE,
    0xEE, 0xFF, 0xFF, 0xB3, 0x44, 0x32, 0x37, 0xB9, 0xB3, 0xBE, 0x99, 0xBE, 0x33, 0x66, 0x6E, 0x96,
    0x9B, 0x99, 0x87, 0x42, 0x59, 0x44, 0x92, 0x46, 0x22, 0x43, 0x23, 0x55, 0x44, 0x32, 0x44, 0x7F,
    0xCC, 0xEE, 0xFF, 0xE4, 0x44, 0x32, 0x44, 0x8B, 0xB6, 0x6E, 0xB8, 0x33, 0x36, 0x6B, 0x3C, 0x59,
    0x9B, 0x99, 0x88, 0x42, 0x57, 0x37, 0x95, 0x48, 0x31, 0x43, 0x23, 0x54, 0x44, 0x22, 0x44, 0x2B,
    0xFE, 0xFF, 0xFF, 0xF9, 0x43, 0x32, 0x34, 0x2B, 0xBB, 0x69, 0xE9, 0x99, 0x88, 0xBB, 0xB9, 0x5E,
    0x8B, 0xBB, 0x89, 0x42, 0x55, 0x49, 0x97, 0x57, 0x42, 0x43, 0x23, 0x44, 0x42, 0x44, 0x42, 0x23,
    0xFF, 0xFF, 0xFF, 0xE8, 0x82, 0x22, 0x34, 0x16, 0xCC, 0xC5, 0x9B, 0xCE, 0x69, 0xBB, 0x93, 0xBE,
    0x89, 0xBB, 0x88, 0x32, 0x55, 0x69, 0x88, 0x46, 0x52, 0x33, 0x23, 0x42, 0x24, 0x42, 0x22, 0x22,
    0x7C, 0x96, 0x9F, 0xB7, 0x97, 0x22, 0x33, 0x23, 0x9E, 0xB8, 0x35, 0xB8, 0x29, 0xB3, 0x38, 0xCE,
    0x8B, 0xB9, 0x89, 0x33, 0x65, 0x89, 0x78, 0x45, 0x62, 0x33, 0x23, 0x21, 0x44, 0x42, 0x21, 0x11,
    0x11, 0x23, 0x65, 0x45, 0x79, 0x51, 0x33, 0x24, 0x4B, 0xEB, 0x96, 0xC8, 0x36, 0xE6, 0x9B, 0xBB,
    0x8B, 0xBB, 0x89, 0x33, 0x65, 0x98, 0x78, 0x64, 0x63, 0x34, 0x32, 0x22, 0x44, 0x22, 0x21, 0x11,
    0x22, 0x23, 0x34, 0x45, 0x78, 0x94, 0x13, 0x24, 0x45, 0xBB, 0xBC, 0xEB, 0x38, 0xEC, 0xBB, 0x99,
    0x8B, 0xBB, 0x89, 0x34, 0x56, 0xB8, 0x78, 0x74, 0x63, 0x34, 0x22, 0x24, 0x42, 0x22, 0x11, 0x11,
    0x11, 0x22, 0x23, 0x24, 0x58, 0x88, 0x22, 0x24, 0x45, 0x77, 0x9B, 0xEE, 0x99, 0xCB, 0x98, 0x9B,
    0x8C, 0xC9, 0x99, 0x44, 0x46, 0x97, 0x77, 0x85, 0x54, 0x33, 0x21, 0x24, 0x22, 0x11, 0x11, 0x11,
    0x11, 0x22, 0x13, 0x23, 0x47, 0x89, 0x51, 0x24, 0x45, 0x54, 0x58, 0x99, 0x43, 0x88, 0x88, 0x99,
    0x8C, 0xCB, 0x99, 0x44, 0x45, 0x87, 0x76, 0x75, 0x54, 0x42, 0x22, 0x44, 0x22, 0x11, 0x11, 0x11,
    0x11, 0x23, 0x35, 0x22, 0x46, 0x79, 0x92, 0x24, 0x45, 0x35, 0x57, 0x87, 0x22, 0x88, 0x88, 0x9B,
    0x8C, 0xBB, 0x9B, 0x63, 0x47, 0x87, 0x87, 0x75, 0x34, 0x22, 0x33, 0x43, 0x22, 0x11, 0x11, 0x11,
    0x11, 0x12, 0x23, 0x32, 0x45, 0x79, 0x93, 0x12, 0x44, 0x45, 0x76, 0x87, 0x34, 0x98, 0x98, 0x9B,
    0x9E, 0xBB, 0x9B, 0x73, 0x38, 0x87, 0x97, 0x77, 0x22, 0x12, 0x23, 0x42, 0x21, 0x11, 0x11, 0x11,
    0x11, 0x22, 0x13, 0x33, 0x35, 0x79, 0x94, 0x11, 0x34, 0x55, 0x77, 0x75, 0x24, 0xAA, 0x98, 0x9B,
    0x5C, 0xBB, 0xBB, 0x64, 0x28, 0x87, 0x88, 0x67, 0x22, 0x12, 0x22, 0x31, 0x11, 0x11, 0x11, 0x11,
    0x11, 0x11, 0x13, 0x35, 0x33, 0x69, 0x97, 0x11, 0x25, 0x54, 0x57, 0x74, 0x24, 0x99, 0x98, 0x9B,
    0x16, 0xCB, 0xBB, 0x53, 0x29, 0x88, 0x78, 0x66, 0x21, 0x22, 0x13, 0x31, 0x11, 0x11, 0x11, 0x11,
    0x11, 0x11, 0x22, 0x36, 0x33, 0x57, 0x98, 0x21, 0x25, 0x54, 0x57, 0x74, 0x24, 0x88, 0x98, 0x9B,
    0x12, 0x9B, 0x99, 0x63, 0x38, 0x87, 0x78, 0x55, 0x22, 0x22, 0x12, 0x21, 0x11, 0x11, 0x11, 0x11,
    0x22, 0x11, 0x23, 0x36, 0x53, 0x57, 0x99, 0x21, 0x24, 0x54, 0x55, 0x74, 0x24, 0x87, 0x98, 0x99,
    0x11, 0x6B, 0x99, 0x64, 0x37, 0x87, 0x78, 0x55, 0x22, 0x21, 0x13, 0x21, 0x11, 0x11, 0x11, 0x11,
    0x22, 0x13, 0x53, 0x36, 0x64, 0x56, 0x89, 0x41, 0x24, 0x44, 0x45, 0x54, 0x34, 0x86, 0x89, 0x97,
    0x22, 0x59, 0x99, 0x64, 0x46, 0x77, 0x67, 0x54, 0x22, 0x22, 0xA4, 0x21, 0x11, 0x11, 0x11, 0x11,
    0x22, 0x33, 0x33, 0x56, 0x63, 0x56, 0x89, 0xA2, 0x24, 0x43, 0x44, 0x54, 0x24, 0x75, 0x89, 0x95,
    0x32, 0x38, 0x99, 0x54, 0x47, 0x77, 0x77, 0x54, 0x22, 0x2B, 0xD4, 0x21, 0x11, 0x11, 0x11, 0x11,
    0x33, 0x33, 0x36, 0x66, 0x54, 0x46, 0x89, 0xC7, 0x24, 0x42, 0x44, 0x54, 0x34, 0x75, 0x79, 0x85,
    0x33, 0x46, 0x99, 0x54, 0x58, 0x65, 0x77, 0x53, 0x22, 0xAC, 0xC5, 0x21, 0x11, 0x11, 0x11, 0x11,
    0x26, 0x35, 0x36, 0x68, 0x24, 0x46, 0x99, 0xBD, 0x44, 0x42, 0x44, 0x44, 0x34, 0x75, 0x79, 0x75,
    0x35, 0x56, 0x99, 0x54, 0x57, 0x55, 0x57, 0x43, 0x27, 0xBA, 0xE7, 0x22, 0x11, 0x11, 0x11, 0x11,
    0x13, 0x86, 0x69, 0x93, 0x23, 0x37, 0x89, 0xCD, 0xA4, 0x42, 0x44, 0x44, 0x34, 0x55, 0x78, 0x66,
    0x55, 0x66, 0x98, 0x44, 0x56, 0x54, 0x57, 0x42, 0x3A, 0xCA, 0x58, 0x42, 0x11, 0x11, 0x17, 0x52,
    0x11, 0x36, 0x66, 0x22, 0x22, 0x37, 0x89, 0xDD, 0xC7, 0x22, 0x22, 0x44, 0x34, 0x54, 0x78, 0x55,
    0x55, 0x88, 0x88, 0x44, 0x57, 0x54, 0x45, 0x32, 0x7A, 0xA7, 0x24, 0x52, 0x11, 0x11, 0x6B, 0xFF,
    0x93, 0x32, 0x12, 0x24, 0x7B, 0xB7, 0x7B, 0xDC, 0xDA, 0x22, 0x22, 0x44, 0x23, 0x54, 0x77, 0x55,
    0x45, 0x88, 0x78, 0x44, 0x47, 0x74, 0x54, 0x24, 0xAA, 0xA8, 0xB2, 0x52, 0x11, 0x12, 0x43, 0x5B,
    0xEB, 0x74, 0x45, 0xBF, 0xFE, 0xB9, 0x7C, 0x7A, 0xCC, 0x22, 0x22, 0x33, 0x23, 0x54, 0x55, 0x67,
    0x55, 0x79, 0x87, 0x34, 0x55, 0x55, 0x43, 0x14, 0xCA, 0xA7, 0x54, 0x42, 0x11, 0x25, 0x51, 0x15,
    0x9B, 0x76, 0x79, 0xC8, 0x24, 0x99, 0x8B, 0xBC, 0xCC, 0x51, 0x22, 0x22, 0x22, 0x45, 0x57, 0x77,
    0x45, 0x67, 0x8B, 0x44, 0x47, 0x75, 0x42, 0x27, 0xAA, 0xA7, 0x15, 0x52, 0x11, 0x27, 0xBE, 0xE8,
    0xBB, 0x52, 0x4B, 0xB8, 0x77, 0x9B, 0x8B, 0xCD, 0xDD, 0x71, 0x22, 0x33, 0x42, 0x47, 0x87, 0x77,
    0x24, 0x66, 0x99, 0x44, 0x47, 0x54, 0x43, 0x2A, 0xAA, 0xA7, 0x2C, 0x52, 0x11, 0x11, 0x25, 0x72,
    0xB7, 0x21, 0x3B, 0xBF, 0xE8, 0xE8, 0x7B, 0x9D, 0xDD, 0xC2, 0x22, 0x33, 0x22, 0x45, 0x78, 0x77,
    0x23, 0x56, 0x88, 0x44, 0x55, 0x54, 0x23, 0x5A, 0xAA, 0xAA, 0x38, 0x23, 0x11, 0x11, 0x11, 0x38,
    0x71, 0x11, 0x39, 0x78, 0x44, 0x96, 0x7C, 0xBD, 0xDD, 0xD4, 0x14, 0x43, 0x22, 0x45, 0x77, 0x55,
    0x12, 0x66, 0x87, 0x54, 0x55, 0x53, 0x32, 0x7A, 0xAA, 0xAD, 0x26, 0x44, 0x21, 0x11, 0x11, 0x23,
    0x11, 0x21, 0x28, 0x56, 0x44, 0x56, 0x9C, 0xAD, 0xDD, 0xE5, 0x12, 0x42, 0x32, 0x44, 0x57, 0x65,
    0x23, 0x67, 0x97, 0x54, 0x55, 0x53, 0x32, 0x8C, 0xAA, 0xAE, 0x52, 0x85, 0x31, 0x11, 0x11, 0x11,
    0x11, 0x11, 0x27, 0x63, 0x22, 0x24, 0xBE, 0xBE, 0xDD, 0xE7, 0x12, 0x22, 0x22, 0x44, 0x58, 0x75,
    0x23, 0x67, 0x97, 0x54, 0x55, 0x53, 0x32, 0xAA, 0xAA, 0xAE, 0xA1, 0x56, 0x41, 0x11, 0x11, 0x11,
    0x11, 0x21, 0x27, 0x73, 0x21, 0x14, 0xBB, 0xCE, 0xED, 0xEA, 0x12, 0x24, 0x22, 0x55, 0x57, 0x75,
    0x33, 0x57, 0x87, 0x54, 0x57, 0x42, 0x32, 0xAA, 0xAA, 0xAD, 0xC1, 0x26, 0x52, 0x11, 0x11, 0x11,
    0x12, 0x21, 0x27, 0x53, 0x22, 0x24, 0xB9, 0xEE, 0xEE, 0xEB, 0x11, 0x24, 0x23, 0x55, 0x57, 0x74,
    0x45, 0x67, 0x87, 0x54, 0x45, 0x42, 0x33, 0xAA, 0xA8, 0xAA, 0xC6, 0x47, 0x53, 0x11, 0x11, 0x11,
    0x44, 0x21, 0x27, 0x72, 0x22, 0x37, 0xC7, 0xEE, 0xEE, 0xFC, 0x21, 0x22, 0x23, 0x54, 0x55, 0x75,
    0x65, 0x66, 0x77, 0x54, 0x45, 0x42, 0x24, 0xAA, 0xA5, 0xAA, 0xCC, 0xF8, 0x44, 0x21, 0x11, 0x12,
    0x61, 0x11, 0x13, 0x63, 0x12, 0x39, 0xCC, 0xEE, 0xEF, 0xFD, 0x22, 0x22, 0x23, 0x44, 0x55, 0x75,
    0x55, 0x65, 0x77, 0x54, 0x44, 0x42, 0x24, 0xCA, 0xAA, 0xAA, 0xDB, 0xFB, 0x34, 0x21, 0x11, 0x14,
    0x54, 0x41, 0x26, 0x75, 0x22, 0x59, 0xFF, 0xEE, 0xEE, 0xEE, 0x22, 0x22, 0x22, 0x44, 0x55, 0x54,
    0x45, 0x55, 0x77, 0x54, 0x44, 0x42, 0x25, 0xCA, 0xAA, 0xAD, 0xDD, 0xFC, 0x33, 0x21, 0x11, 0x22,
    0x1B, 0xE8, 0x9E, 0xB5, 0x23, 0x69, 0xEE, 0xED, 0xEE, 0xEE, 0x22, 0x22, 0x22, 0x44, 0x75, 0x54,
    0x35, 0x55, 0x67, 0x54, 0x45, 0x42, 0x25, 0xCC, 0xAA, 0xAA, 0xDD, 0xEE, 0x33, 0x21, 0x11, 0x21,
    0x12, 0x4B, 0xC9, 0x54, 0x34, 0x79, 0xEE, 0xEE, 0xEE, 0xEE, 0x21, 0x22, 0x22, 0x47, 0x75, 0x55,
    0x34, 0x56, 0x57, 0x54, 0x45, 0x33, 0x25, 0xCA, 0xAA, 0xAA, 0xAD, 0xEE, 0x52, 0x21, 0x11, 0x11,
    0x12, 0x14, 0x46, 0x43, 0x35, 0x79, 0xFE, 0xEE, 0xEE, 0xEE, 0x21, 0x24, 0x22, 0x57, 0x75, 0x55,
    0x34, 0x55, 0x57, 0x54, 0x45, 0x33, 0x25, 0xCA, 0xAA, 0xAA, 0xAD, 0xEF, 0x72, 0x22, 0x11, 0x11,
    0x11, 0x13, 0x25, 0x44, 0x36, 0x8B, 0xFE, 0xEE, 0xDE, 0xEE, 0xA1, 0x24, 0x42, 0x55, 0x55, 0x55,
    0x57, 0x55, 0x57, 0x44, 0x45, 0x33, 0x25, 0xCA, 0xAA, 0xAA, 0xAD, 0xEF, 0xB4, 0x32, 0x11, 0x13,
    0x37, 0x97, 0xB7, 0x44, 0x46, 0x8E, 0xFE, 0xEE, 0xDD, 0xEE, 0xF4, 0x12, 0x43, 0x55, 0x54, 0x55,
    0x58, 0x85, 0x54, 0x45, 0x44, 0x32, 0x14, 0xCA, 0xAA, 0xAA, 0xAA, 0xDE, 0xF6, 0x33, 0x21, 0x39,
    0xBB, 0xCE, 0xEC, 0xB7, 0x47, 0x9F, 0xFE, 0xEE, 0xDD, 0xDE, 0xFA, 0x22, 0x42, 0x44, 0x44, 0x57,
    0x58, 0xB8, 0x54, 0x44, 0x54, 0x22, 0x5E, 0xAA, 0xAA, 0x7A, 0xAA, 0xDE, 0xFB, 0x44, 0x32, 0x32,
    0x24, 0x36, 0x68, 0x55, 0x58, 0xCF, 0xFE, 0xED, 0xEE, 0xDE, 0xFC, 0x22, 0x42, 0x22, 0x44, 0x79,
    0x67, 0xA9, 0x73, 0x44, 0x44, 0x27, 0xDF, 0xAA, 0xAA, 0x7A, 0xAA, 0xDE, 0xFE, 0x85, 0x43, 0x42,
    0x25, 0xBC, 0x95, 0x45, 0x79, 0xFF, 0xFF, 0xED, 0xEE, 0xEE, 0xFC, 0x72, 0x44, 0x22, 0x47, 0x78,
    0x68, 0xA8, 0x84, 0x45, 0x43, 0x4A, 0xDF, 0xBA, 0xAA, 0x77, 0xAA, 0xCE, 0xEE, 0x97, 0x65, 0x44,
    0x35, 0xCF, 0x95, 0x68, 0x8E, 0xFF, 0xFE, 0xEE, 0xFE, 0xEE, 0xFE, 0x72, 0x44, 0x24, 0x77, 0x79,
    0x56, 0x98, 0x86, 0x45, 0x43, 0x8C, 0xBF, 0xCA, 0xAA, 0xA7, 0x8A, 0xAD, 0xEF, 0xB9, 0x86, 0x32,
    0x21, 0x5B, 0x34, 0x78, 0xBF, 0xFF, 0xFE, 0xEE, 0xFE, 0xEE, 0xEF, 0xA2, 0x44, 0x47, 0x78, 0x87,
    0x57, 0x88, 0x97, 0x55, 0x44, 0xCB, 0xCF, 0xEA, 0xAA, 0xA7, 0x7A, 0xAC, 0xDE, 0xC8, 0xB9, 0x41,
    0x11, 0x24, 0x24, 0x7B, 0xFF, 0xFF, 0xEE, 0xEE, 0xFF, 0xEE, 0xEE, 0xEC, 0x75, 0x57, 0x78, 0x87,
    0x66, 0x78, 0xA8, 0x55, 0x47, 0xCC, 0xDE, 0xFC, 0xAA, 0xA5, 0x7A, 0xCD, 0xDE, 0xF8, 0x8C, 0x82,
    0x22, 0x22, 0x46, 0x9F, 0xFF, 0xFF, 0xEE, 0xEF, 0xFF, 0xEE, 0xEE, 0xFF, 0xEA, 0x85, 0x57, 0x87,
    0x57, 0x78, 0x78, 0x65, 0x4A, 0xCD, 0xDD, 0xFD, 0xAA, 0xA7, 0xAA, 0xAA, 0xDD, 0xEB, 0x69, 0xC7,
    0x55, 0x67, 0x79, 0xCF, 0xFF, 0xFF, 0xED, 0xEF, 0xFF, 0xEF, 0xEE, 0xFF, 0xFE, 0xBB, 0x77, 0x77,
    0x78, 0x65, 0x6A, 0x75, 0x48, 0xDD, 0xDD, 0xEE, 0xDC, 0xAA, 0xAA, 0xAA, 0xDD, 0xEE, 0x85, 0xBE,
    0xCB, 0xBB, 0xBE, 0xFE, 0xFF, 0xFF, 0xEE, 0xEE, 0xFE, 0xEF, 0xEE, 0xFF, 0xEE, 0xDD, 0xB5, 0x55,
    0x65, 0x78, 0x8A, 0x75, 0x57, 0xED, 0xDC, 0xDE, 0xDC, 0xAA, 0xAA, 0xAA, 0xAD, 0xDD, 0xC5, 0x5B,
    0xEF, 0xFF, 0xFF, 0xCE, 0xFF, 0xFE, 0xEE, 0xEF, 0xFE, 0xEF, 0xEF, 0xFF, 0xEE, 0xEE, 0xE8, 0x87,
    0x57, 0x89, 0x98, 0x75, 0x47, 0xED, 0xAA, 0xDE, 0xEC, 0xCA, 0xAA, 0xAA, 0xAA, 0xDD, 0xDA, 0x46,
    0x9B, 0xEE, 0xFC, 0xCF, 0xFF, 0xEE, 0xEE, 0xEE, 0xEE, 0xFF, 0xEF, 0xFF, 0xEE, 0xDE, 0xFB, 0x99,
    0x99, 0x88, 0x87, 0x8A, 0x8E, 0xFD, 0xAA, 0xAD, 0xEE, 0xDA, 0xAA, 0xAA, 0xAA, 0xDD, 0xAD, 0xA5,
    0x79, 0xBC, 0xEC, 0xFF, 0xFE, 0xEE, 0xEE, 0xEE, 0xEE, 0xFF, 0xEF, 0xFF, 0xFD, 0xDE, 0xEC, 0x88,
    0x89, 0x97, 0x9A, 0xAD, 0xEF, 0xFE, 0xDA, 0xAA, 0xDF, 0xDC, 0xAA, 0xAA, 0xAA, 0xDA, 0xAA, 0xDA,
    0x79, 0xBC, 0xEF, 0xFF, 0xEE, 0xED, 0xEE, 0xEE, 0xEE, 0xFF, 0xFF, 0xFF, 0xED, 0xEF, 0xED, 0x77,
    0x99, 0x77, 0xAA, 0xDD, 0xEF, 0xFF, 0xDA, 0xAA, 0xAF, 0xEC, 0xAA, 0xAA, 0xAA, 0xAA, 0xAA, 0xDD,
    0xDD, 0xEF, 0xEE, 0xEE, 0xED, 0xDD, 0xDD, 0xEE, 0xEE, 0xFF, 0xFF, 0xFE, 0xED, 0xEE, 0xFE, 0x77,
    0xB8, 0x7A, 0xAA, 0xEE, 0xEE, 0xFF, 0xDC, 0xAA, 0xAC, 0xFD, 0xCA, 0xAA, 0xAA, 0x7A, 0xAC, 0xAA,
    0xDD, 0xEE, 0xCA, 0xCD, 0xDD, 0xDD, 0xDD, 0xEE, 0xEF, 0xFF, 0xFF, 0xFE, 0xED, 0xDD, 0xFF, 0x78,
    0xB9, 0x7A, 0xAE, 0xCA, 0xAD, 0xDE, 0xFD, 0xAA, 0xAC, 0xFE, 0xDC, 0xAA, 0xAA, 0x77, 0xAD, 0xCA,
    0xDD, 0xDD, 0xDA, 0xAC, 0xDD, 0xDD, 0xCD, 0xEE, 0xEF, 0xFF, 0xFF, 0xFE, 0xED, 0xDD, 0xEF, 0x78,
    0x98, 0xAA, 0xEB, 0x7A, 0xAA, 0xDE, 0xFE, 0xCA, 0xAD, 0xEF, 0xDC, 0xCA, 0xAA, 0xA8, 0xAC, 0xDC,
    0xDD, 0xDD, 0xDB, 0xAA, 0xCC, 0xCC, 0xCD, 0xEE, 0xFF, 0xFF, 0xFF, 0xFE, 0xEC, 0xDD, 0xEE, 0x87,
    0x97, 0xAD, 0xFA, 0x77, 0xAA, 0xDD, 0xEF, 0xDA, 0xCD, 0xDE, 0xED, 0xCC, 0xAA, 0xAA, 0xAA, 0xAD,
    0xDD, 0xDD, 0xDC, 0xAA, 0xBC, 0xCC, 0xCE, 0xEF, 0xFF, 0xFF, 0xFF, 0xFE, 0xDA, 0xDD, 0xEE, 0x77,
    0x98, 0xAE, 0xEA, 0x77, 0xAA, 0xAD, 0xEF, 0xFD, 0xDD, 0xDD, 0xEE, 0xDD, 0xCA, 0xAA, 0xAA, 0xAC,
    0xCD, 0xDD, 0xDD, 0xAA, 0xAC, 0xCC, 0xDE, 0xFF, 0xFF, 0xFF, 0xFF, 0xFF, 0xEE, 0xED, 0xDF, 0x86,
    0x98, 0xAF, 0xDA, 0xA4, 0x7A, 0xDE, 0xFF, 0xFE, 0xDD, 0xCD, 0xDE, 0xED, 0xDC, 0xAC, 0xBA, 0xCC,
    0xCC, 0xCC, 0xDD, 0xAA, 0xAC, 0xCC, 0xEF, 0xFF, 0xFF, 0xFF, 0xFF, 0xFF, 0xEB, 0xFE, 0xEF, 0xB7,
    0x98, 0xBF, 0xDA, 0xAA, 0xDE, 0xFE, 0xEF, 0xFF, 0xED, 0xAC, 0xDD, 0xEE, 0xED, 0xCC, 0xCB, 0xBC,
    0xCC, 0xCC, 0xCC, 0xBA, 0xCC, 0xDD, 0xFF, 0xFF, 0xFF, 0xFF, 0xFF, 0xFE, 0xDA, 0xDE, 0xFF, 0xE7,
    0x98, 0xBF, 0xED, 0xAD, 0xCB, 0xAA, 0xDE, 0xFF, 0xED, 0xCA, 0xCC, 0xEF, 0xFE, 0xDD, 0xCC, 0xCC,
    0xCC, 0xCC, 0xCC, 0xCC, 0xCD, 0xEE, 0xFF, 0xFF, 0xFF, 0xFF, 0xFF, 0xFE, 0xCA, 0xDD, 0xFF, 0xF7,
    0x88, 0xEF, 0xED, 0xDE, 0xCA, 0xAA, 0xDD, 0xFF, 0xFE, 0xDA, 0xAC, 0xDE, 0xFF, 0xED, 0xDD, 0xDD,
    0xDC, 0xDC, 0xCD, 0xDC, 0xCE, 0xEF, 0xFF, 0xFF, 0xFF, 0xFF, 0xFF, 0xFE, 0xDA, 0xDD, 0xFF, 0xF9,
    0x76, 0xFF, 0xFD, 0xEF, 0xA7, 0x7A, 0xAD, 0xEF, 0xFF, 0xDD, 0xAA, 0xCD, 0xEE, 0xEE, 0xED, 0xDD,
    0xDD, 0xDD, 0xDE, 0xEE, 0xEE, 0xFF, 0xFF, 0xFF, 0xFF, 0xFF, 0xFF, 0xFE, 0xDA, 0xDD, 0xFF, 0xFC,
    0x75, 0xFF, 0xFE, 0xFE, 0xAA, 0x7A, 0xAD, 0xDF, 0xFF, 0xED, 0xDC, 0xCC, 0xCD, 0xEF, 0xFE, 0xED,
    0xEE, 0xEE, 0xEE, 0xEE, 0xEF, 0xFF, 0xFF, 0xFF, 0xFF, 0xFF, 0xFF, 0xFE, 0xDD, 0xDE, 0xFF, 0xFE,
    0x67, 0xFF, 0xFF, 0xFD, 0xAA, 0x77, 0xAD, 0xDF, 0xFF, 0xFE, 0xDD, 0xCC, 0xBC, 0xCE, 0xEF, 0xEE,
    0xEE, 0xEE, 0xEE, 0xEE, 0xEF, 0xFF, 0xFF, 0xFF, 0xFF, 0xFF, 0xFF, 0xFE, 0xDD, 0xDE, 0xFF, 0xFE,
    0x59, 0xFF, 0xFF, 0xFE, 0xAA, 0xAA, 0xDD, 0xEF, 0xFF, 0xFF, 0xEE, 0xDC, 0xAA, 0xCE, 0xEE, 0xEF,
    0xFF, 0xEE, 0xEE, 0xFF, 0xFF, 0xFF, 0xFF, 0xFF, 0xFF, 0xFF, 0xFF, 0xFE, 0xDD, 0xDE, 0xFF, 0xFE,
    0x6B, 0xFF, 0xFF, 0xFE, 0xDA, 0xAD, 0xEE, 0xEF, 0xFF, 0xFF, 0xFE, 0xED, 0xCA, 0xCD, 0xEE, 0xEE,
    0xFF, 0xFF, 0xFF, 0xFF, 0xFF, 0xFF, 0xFF, 0xFF, 0xFF, 0xFF, 0xFF, 0xFE, 0xDD, 0xEE, 0xFE, 0xEE,
    0x8B, 0xCE, 0xEF, 0xFE, 0xDD, 0xEC, 0xAA, 0xDE, 0xFF, 0xFF, 0xFF, 0xFE, 0xDC, 0xCD, 0xDD, 0xEE,
    0xEE, 0xFF, 0xFF, 0xFF, 0xFF, 0xFF, 0xFF, 0xFF, 0xFF, 0xFF, 0xEE, 0xFE, 0xDE, 0xEF, 0xFF, 0xDC,
    0x99, 0xBB, 0xBF, 0xFF, 0xEE, 0xFA, 0x7A, 0xDE, 0xFF, 0xFF, 0xFF, 0xFF, 0xED, 0xDC, 0xCC, 0xDD,
    0xEE, 0xEE, 0xFF, 0xFF, 0xFF, 0xFF, 0xFF, 0xFF, 0xFF, 0xFE, 0xEE, 0xFE, 0xDE, 0xEF, 0xFE, 0xBD,
    0x97, 0xB6, 0xBF, 0xFF, 0xEF, 0xEA, 0xAA, 0xAD, 0xFF, 0xEF, 0xFF, 0xFF, 0xFE, 0xED, 0xDC, 0xCC,
    0xDD, 0xDD, 0xDE, 0xED, 0xEE, 0xFF, 0xFF, 0xFF, 0xFF, 0xEE, 0xEE, 0xFF, 0xEE, 0xFF, 0xFE, 0x8D,
    0x98, 0xB3, 0x9E, 0xCF, 0xFF, 0xED, 0xAA, 0xAD, 0xFF, 0xEE, 0xFF, 0xFF, 0xFF, 0xFE, 0xED, 0xDD,
    0xCC, 0xCC, 0xCD, 0xCC, 0xEE, 0xFF, 0xFF, 0xFF, 0xFF, 0xEE, 0xEE, 0xFF, 0xFF, 0xFF, 0xFE, 0x8C,
    0x99, 0xB3, 0x99, 0xBF, 0xFF, 0xED, 0xAA, 0xAD, 0xEF, 0xDD, 0xEE, 0xFF, 0xFF, 0xFF, 0xEE, 0xEE,
    0xED, 0xDD, 0xDD, 0xDE, 0xFF, 0xFF, 0xFF, 0xFF, 0xFE, 0xDD, 0xDD, 0xFF, 0xFF, 0xFF, 0xCC, 0x6B,
    0x88, 0x93, 0xA8, 0x8F, 0xFF, 0xFD, 0xDA, 0xDD, 0xEF, 0xCD, 0xDD, 0xEF, 0xFF, 0xFF, 0xFF, 0xEE,
    0xEE, 0xEE, 0xEE, 0xEF, 0xFF, 0xFF, 0xFF, 0xFF, 0xEE, 0xDC, 0xCC, 0xFF, 0xEE, 0xFE, 0x9B, 0x78,
};

static const uint8_t* const coup_animdata_duke[8] = {
    coup_animdata_duke_f00,
    coup_animdata_duke_f01,
    coup_animdata_duke_f02,
    coup_animdata_duke_f03,
    coup_animdata_duke_f04,
    coup_animdata_duke_f05,
    coup_animdata_duke_f06,
    coup_animdata_duke_f07,
};

static const uint8_t coup_animdata_assassin_f00[3072] = {
    0xBC, 0xCA, 0xAA, 0xB8, 0x88, 0x87, 0x77, 0x76, 0x66, 0x66, 0x64, 0x66, 0x44, 0x66, 0x66, 0x67,
    0x77, 0x77, 0x77, 0x66, 0x64, 0x46, 0x78, 0x88, 0x88, 0x78, 0x88, 0x88, 0xAB, 0x99, 0xAB, 0xCB,
    0xCB, 0xAA, 0x8A, 0x9B, 0xBA, 0xAA, 0x8A, 0xAA, 0x88, 0x8A, 0xA6, 0x78, 0x47, 0x7B, 0xAB, 0xBA,
    0xAA, 0xAA, 0xBA, 0xAA, 0x88, 0x47, 0xBC, 0xAA, 0x8A, 0xAA, 0xAA, 0x8A, 0xBA, 0x88, 0x9B, 0xBA,
    0xBA, 0xA8, 0xAA, 0x8C, 0xCB, 0xBB, 0xBB, 0xCD, 0xCC, 0xCC, 0xE7, 0x8B, 0x7B, 0xAE, 0xEE, 0xEE,
    0xED, 0xDD, 0xDD, 0xDD, 0xBB, 0x6A, 0xDE, 0xBB, 0xCC, 0xDC, 0xCB, 0xBB, 0xCA, 0xA8, 0x99, 0xAB,
    0xBA, 0x88, 0x98, 0xBD, 0xCB, 0xAA, 0xAA, 0xCC, 0xBB, 0xBC, 0xE6, 0x78, 0x7A, 0xAE, 0xDD, 0xDD,
    0xDD, 0xDD, 0xDD, 0xCD, 0xBB, 0x6A, 0xCD, 0xBA, 0xAC, 0xCA, 0xAA, 0x8A, 0xCA, 0xAA, 0x89, 0xAA,
    0xB8, 0x9A, 0x6B, 0xCD, 0xCA, 0xAA, 0xAA, 0xCC, 0xBB, 0xBC, 0xD4, 0x78, 0x7A, 0xAE, 0xDD, 0xDD,
    0xDD, 0xDD, 0xDD, 0xCD, 0xBA, 0x68, 0xBD, 0xB8, 0x88, 0x88, 0x87, 0x7A, 0xCB, 0xAA, 0x88, 0xAA,
    0xB8, 0xA7, 0xAC, 0xBC, 0xCA, 0xAA, 0xAA, 0xCC, 0xBB, 0xBC, 0xD2, 0x68, 0x7A, 0x8E, 0xDD, 0xDD,
    0xDD, 0xDD, 0xDD, 0xCD, 0xBA, 0x68, 0xAE, 0xAC, 0xEE, 0xDE, 0xEE, 0xEE, 0xCB, 0xBA, 0xA8, 0x9B,
    0xBA, 0x88, 0xCC, 0xBC, 0xCA, 0xAA, 0xAA, 0xBC, 0xBB, 0xBC, 0xC2, 0x68, 0x7A, 0x8D, 0xDD, 0xDD,
    0xDD, 0xDD, 0xDD, 0xCD, 0xBA, 0x68, 0xAC, 0xBE, 0xED, 0xDD, 0xDD, 0xDE, 0xDB, 0xBB, 0xAA, 0x8B,
    0xCA, 0x8C, 0xCC, 0xAC, 0xBA, 0xAA, 0xAA, 0xBC, 0xBB, 0xBC, 0xC2, 0x48, 0x78, 0x8D, 0xDD, 0xDD,
    0xDD, 0xDD, 0xDD, 0xCD, 0xA8, 0x77, 0x7B, 0xEE, 0xDD, 0xDD, 0xEE, 0xDE, 0xEC, 0xBB, 0xCA, 0xAB,
    0xBC, 0xDC, 0xCC, 0xAB, 0xBA, 0xAA, 0xAA, 0xBC, 0xBB, 0xBC, 0xB1, 0x48, 0x88, 0x8D, 0xDD, 0xDD,
    0xDD, 0xDD, 0xDD, 0xCD, 0xA8, 0x78, 0x6D, 0xED, 0xEE, 0xED, 0xEE, 0xED, 0xDD, 0xCB, 0xDC, 0x9A,
    0xCE, 0xDC, 0xCC, 0xAB, 0xB8, 0xAA, 0xAA, 0xBC, 0xBB, 0xBC, 0xB1, 0x48, 0x78, 0x8D, 0xDD, 0xDD,
    0xDD, 0xDD, 0xDD, 0xCD, 0xA7, 0x78, 0xCE, 0xDD, 0xEE, 0xBE, 0xA7, 0xDE, 0xDD, 0xEC, 0xCD, 0xAA,
    0xBD, 0xDB, 0xBC, 0xAB, 0xB8, 0x88, 0xAA, 0xBC, 0xBC, 0xCC, 0xB2, 0x48, 0x77, 0x8D, 0xDD, 0xDD,
    0xDD, 0xDD, 0xDD, 0xCD, 0xA7, 0x7A, 0xCE, 0xDD, 0xDC, 0x8B, 0x64, 0xAE, 0xDD, 0xEC, 0xCE, 0xBA,
    0xCD, 0xDB, 0xBC, 0x8B, 0xA8, 0x88, 0x8A, 0xBB, 0xB8, 0x42, 0x21, 0x27, 0x77, 0x7D, 0xDD, 0xDD,
    0xDD, 0xDD, 0xDD, 0xCD, 0xA7, 0x8A, 0xCE, 0xDD, 0xDD, 0xAB, 0x67, 0xCE, 0xDD, 0xEC, 0xCE, 0xCC,
    0xCD, 0xDB, 0xBB, 0x8B, 0xA7, 0x88, 0x8A, 0xBC, 0x41, 0x25, 0x53, 0x21, 0x12, 0x8E, 0xED, 0xDD,
    0xDD, 0xDD, 0xDD, 0xCD, 0xA7, 0x8B, 0xDD, 0xDD, 0xEE, 0x6C, 0x6C, 0xED, 0xDD, 0xEC, 0xCE, 0xCC,
    0xCD, 0xDB, 0xBB, 0x8B, 0xA7, 0x88, 0x8A, 0xB7, 0x39, 0xCC, 0xC9, 0x53, 0x21, 0x27, 0xBD, 0xDD,
    0xDD, 0xDD, 0xDD, 0xCD, 0xA7, 0x8B, 0xDD, 0xDD, 0xE8, 0x4A, 0x44, 0xDD, 0xDD, 0xED, 0xCE, 0xCB,
    0xCD, 0xCB, 0xAB, 0x8A, 0xA7, 0x77, 0x8A, 0x83, 0x9C, 0xEE, 0xEE, 0xC8, 0x53, 0x11, 0x23, 0x33,
    0x8D, 0xDD, 0xCC, 0xCD, 0xA7, 0x8B, 0xDD, 0xDD, 0xE7, 0x4A, 0x84, 0xAE, 0xDD, 0xED, 0xCE, 0xCC,
    0xBC, 0xCB, 0xAB, 0x8A, 0xA7, 0x77, 0x8A, 0x43, 0x9C, 0xCE, 0xFE, 0xCC, 0x85, 0x32, 0x22, 0x33,
    0x37, 0xDC, 0xDD, 0xCD, 0xA7, 0x8B, 0xDD, 0xDE, 0xEA, 0xAE, 0xC8, 0xDD, 0xDD, 0xED, 0xBD, 0xCB,
    0xBC, 0xCA, 0xAB, 0x7A, 0xA7, 0x77, 0x8A, 0x25, 0x9C, 0xCE, 0xCE, 0xEC, 0x95, 0x33, 0x23, 0x58,
    0x95, 0xAD, 0xCC, 0xCD, 0xA7, 0x8C, 0xDD, 0xDE, 0xDD, 0xEE, 0xED, 0xDD, 0xDD, 0xEE, 0xBD, 0xCB,
    0xBC, 0xCA, 0xAB, 0x7A, 0xA6, 0x77, 0x88, 0x28, 0x9C, 0xCC, 0xCE, 0xEE, 0xC9, 0x53, 0x35, 0x99,
    0xC9, 0xBD, 0xCC, 0xCD, 0xA8, 0x8B, 0xDE, 0xEE, 0xEE, 0xDD, 0xEE, 0xEE, 0xEE, 0xDD, 0xCD, 0xCB,
    0xBC, 0xCA, 0xAB, 0x7A, 0xA6, 0x77, 0x87, 0x39, 0x9C, 0x9C, 0xCE, 0xEE, 0xEC, 0xC9, 0xCE, 0xEC,
    0xCB, 0xDD, 0xDD, 0xCD, 0xA8, 0x8C, 0xED, 0xED, 0xCC, 0xED, 0xEC, 0xCC, 0xDC, 0xED, 0xCD, 0xCB,
    0xBC, 0xCA, 0xAB, 0x7A, 0xA6, 0x77, 0x87, 0x35, 0x99, 0x9C, 0xCE, 0xCE, 0xDC, 0xCE, 0xFF, 0xFC,
    0xCD, 0xDD, 0xDD, 0xBD, 0xA7, 0xCD, 0xDC, 0xD8, 0x47, 0xEE, 0xE7, 0x46, 0x87, 0xED, 0xED, 0xCB,
    0xBC, 0xCA, 0xAB, 0x7A, 0xA6, 0x77, 0x77, 0x35, 0x99, 0x99, 0xCE, 0xCC, 0xCC, 0xCE, 0xEE, 0xFD,
    0xDD, 0xDD, 0xDC, 0xCD, 0xA7, 0xCE, 0xDC, 0xC8, 0x47, 0xEE, 0xEB, 0x46, 0x8C, 0xDE, 0xED, 0xCB,
    0xBC, 0xCA, 0x8B, 0x7A, 0xA6, 0x66, 0x77, 0x35, 0x89, 0x99, 0xCE, 0xCC, 0xC9, 0x9D, 0xFE, 0xFD,
    0xDD, 0xDD, 0xDC, 0xCD, 0xA7, 0xAE, 0xEE, 0xC7, 0x6C, 0xDA, 0xBE, 0x74, 0xCE, 0xEE, 0xCD, 0xCB,
    0xBC, 0xCA, 0x8A, 0x7A, 0xA6, 0x66, 0x77, 0x53, 0x59, 0x99, 0xCC, 0xCC, 0xC9, 0xCD, 0xFE, 0xED,
    0xDD, 0xDD, 0xDC, 0xCD, 0xA8, 0x8A, 0xAC, 0xEC, 0xCE, 0xAA, 0x6D, 0xCC, 0xEB, 0xDC, 0xBD, 0xCB,
    0xBC, 0xCA, 0x8A, 0x7A, 0x86, 0x66, 0x77, 0x85, 0x39, 0x99, 0x9C, 0xAC, 0x99, 0xCD, 0xFE, 0xED,
    0xDD, 0xDD, 0xDC, 0xCD, 0xA7, 0xA6, 0x17, 0xDE, 0xEE, 0xBB, 0x8C, 0xEE, 0xC6, 0xAA, 0xBD, 0xBB,
    0xBC, 0xC8, 0x8A, 0x7A, 0xA6, 0x76, 0x76, 0xAA, 0x35, 0x85, 0x89, 0x99, 0xA8, 0xAD, 0xEE, 0xED,
    0xDD, 0xDD, 0xCD, 0xCD, 0xA7, 0xA6, 0x18, 0xCD, 0xEE, 0xEE, 0xEE, 0xDE, 0xC6, 0xAA, 0xAD, 0xBB,
    0xCC, 0xC8, 0x8A, 0x7A, 0xA7, 0x77, 0x76, 0xAB, 0x83, 0x33, 0x55, 0x99, 0x98, 0xAD, 0xEE, 0xFE,
    0xCD, 0xDD, 0xDD, 0xCC, 0xA7, 0xA6, 0x18, 0xCC, 0xEE, 0xEE, 0xEE, 0xEE, 0xB7, 0xAA, 0xAD, 0xBB,
    0xCC, 0xB8, 0x8A, 0x7A, 0xA7, 0x77, 0x76, 0xAA, 0x88, 0x85, 0x33, 0x8A, 0xA7, 0xAD, 0xEE, 0xC9,
    0x99, 0x99, 0xBC, 0xCC, 0xA8, 0xA4, 0x18, 0xCC, 0xEC, 0xEE, 0xEE, 0xDE, 0xA7, 0x8A, 0xAD, 0xCB,
    0xBC, 0xB8, 0x88, 0x7A, 0x86, 0x76, 0x76, 0xAA, 0x8A, 0xBD, 0x61, 0x2A, 0xA7, 0xAA, 0x55, 0x55,
    0x55, 0x55, 0x99, 0xBC, 0xA8, 0xA4, 0x18, 0xCC, 0xDA, 0xEC, 0xEC, 0xCD, 0xA7, 0x88, 0xAD, 0xCB,
    0xBC, 0xB8, 0x88, 0x7A, 0x86, 0x76, 0x76, 0xAA, 0x8A, 0xBC, 0x61, 0x28, 0xA7, 0x33, 0x35, 0x53,
    0x55, 0x55, 0x99, 0x9C, 0xA8, 0xA4, 0x18, 0xCC, 0xEA, 0xEA, 0xEA, 0xCC, 0x87, 0x88, 0xAC, 0xCB,
    0xBC, 0xB8, 0x88, 0x7A, 0x86, 0x76, 0x66, 0xAA, 0x8A, 0xAC, 0x61, 0x2A, 0x41, 0x13, 0x35, 0x33,
    0x55, 0x99, 0x99, 0x99, 0x98, 0xA4, 0x17, 0xCA, 0xAA, 0xE8, 0xDA, 0x78, 0xA7, 0x88, 0xAC, 0xCB,
    0xBC, 0xB8, 0x88, 0x7A, 0x86, 0x66, 0x66, 0x8A, 0x78, 0xAC, 0x41, 0x24, 0x11, 0x13, 0x35, 0x55,
    0x59, 0x99, 0x99, 0xC9, 0xC9, 0xA4, 0x16, 0xC8, 0x8A, 0xE7, 0xDA, 0x67, 0xA7, 0x88, 0xAC, 0xCB,
    0xBB, 0xB8, 0x88, 0x7A, 0x86, 0x66, 0x66, 0x8A, 0x78, 0xAC, 0x42, 0x11, 0x11, 0x25, 0x55, 0x55,
    0x59, 0x99, 0x9C, 0xCC, 0xCC, 0x94, 0x17, 0xB8, 0x88, 0xD6, 0xC8, 0x67, 0xA7, 0x88, 0xAC, 0xBB,
    0xBB, 0xB8, 0x88, 0x7A, 0x86, 0x66, 0x66, 0x8A, 0x78, 0xAC, 0x41, 0x11, 0x22, 0x35, 0x55, 0x55,
    0x99, 0x99, 0x99, 0xCC, 0xCC, 0x99, 0x26, 0xB8, 0x78, 0x86, 0x66, 0x67, 0xA7, 0x88, 0xAC, 0xBB,
    0xBB, 0xB8, 0x88, 0x7A, 0x86, 0x66, 0x66, 0x8A, 0x77, 0xAC, 0x41, 0x22, 0x22, 0x35, 0x55, 0x59,
    0x99, 0x99, 0x99, 0x99, 0x9C, 0x99, 0x97, 0xB8, 0x78, 0x86, 0x66, 0x67, 0xA7, 0x88, 0xAC, 0xBA,
    0xBC, 0xB8, 0x88, 0x7A, 0x86, 0x66, 0x66, 0x8A, 0x77, 0x8C, 0x22, 0x33, 0x22, 0x23, 0x55, 0x59,
    0x99, 0x99, 0x99, 0x99, 0x99, 0xC9, 0x99, 0xA8, 0x78, 0x86, 0x66, 0x67, 0xA7, 0x88, 0xAC, 0xCA,
    0xBC, 0xB8, 0x88, 0x7A, 0x86, 0x66, 0x66, 0x8A, 0x67, 0xAA, 0x23, 0x35, 0x32, 0x23, 0x53, 0x59,
    0x95, 0x99, 0x99, 0x99, 0x99, 0xC9, 0x99, 0x88, 0x78, 0x86, 0x66, 0x67, 0xA7, 0x88, 0x9C, 0xCA,
    0xBC, 0xB8, 0x88, 0x7A, 0x86, 0x66, 0x66, 0x8A, 0x67, 0xA4, 0x35, 0x55, 0x33, 0x23, 0x33, 0x55,
    0x55, 0x59, 0x99, 0x99, 0x99, 0x99, 0x99, 0x97, 0x78, 0x86, 0x66, 0x66, 0xA7, 0x88, 0x9C, 0xCA,
    0xBC, 0xB8, 0x88, 0x7A, 0x86, 0x66, 0x66, 0x88, 0x67, 0x73, 0x55, 0x55, 0x33, 0x33, 0x33, 0x55,
    0x55, 0x55, 0x55, 0x55, 0x59, 0x99, 0x99, 0x98, 0x78, 0x86, 0x66, 0x46, 0xA7, 0x88, 0xAC, 0xCB,
    0xBB, 0xB8, 0x88, 0x7A, 0x86, 0x66, 0x66, 0x88, 0x67, 0x63, 0x55, 0x55, 0x32, 0x33, 0x33, 0x33,
    0x33, 0x35, 0x55, 0x55, 0x59, 0x99, 0x89, 0x99, 0x78, 0x86, 0x64, 0x46, 0xA7, 0x88, 0xAC, 0xCB,
    0xAB, 0xB8, 0x88, 0x7A, 0x86, 0x66, 0x66, 0x88, 0x67, 0x35, 0x55, 0x55, 0x32, 0x22, 0x33, 0x32,
    0x33, 0x33, 0x35, 0x53, 0x55, 0x95, 0x58, 0x98, 0x68, 0x86, 0x66, 0x47, 0xA7, 0x88, 0xAC, 0xBB,
    0xAB, 0xB8, 0x88, 0x7A, 0x86, 0x66, 0x66, 0x88, 0x67, 0x35, 0x95, 0x55, 0x32, 0x21, 0x33, 0x11,
    0x12, 0x22, 0x33, 0x32, 0x35, 0x55, 0x55, 0x55, 0x58, 0x86, 0x66, 0x66, 0xA7, 0x88, 0xAC, 0xCA,
    0xAB, 0xB8, 0x88, 0x7A, 0x86, 0x66, 0x66, 0x8A, 0x66, 0x35, 0x98, 0x55, 0x32, 0x12, 0x21, 0x11,
    0x11, 0x11, 0x11, 0x11, 0x23, 0x33, 0x35, 0x55, 0x58, 0x86, 0x66, 0x67, 0xA7, 0x88, 0xAC, 0xCA,
    0xAA, 0xB8, 0x88, 0x7A, 0x86, 0x66, 0x66, 0x8A, 0x76, 0x35, 0x55, 0x53, 0x32, 0x23, 0x11, 0x11,
    0x11, 0x11, 0x11, 0x11, 0x12, 0x23, 0x33, 0x35, 0x38, 0x86, 0x66, 0x67, 0xA7, 0x88, 0xAC, 0xCA,
    0xAA, 0xB8, 0x88, 0x7A, 0x86, 0x66, 0x66, 0x8A, 0x76, 0x55, 0x55, 0x53, 0x22, 0x33, 0x11, 0x11,
    0x11, 0x11, 0x11, 0x11, 0x11, 0x12, 0x22, 0x35, 0x37, 0x86, 0x66, 0x67, 0xA7, 0x88, 0xAC, 0xBB,
    0xAA, 0xB8, 0x88, 0x7A, 0x86, 0x66, 0x66, 0x88, 0x66, 0x55, 0x55, 0x33, 0x12, 0x32, 0x11, 0x11,
    0x11, 0x11, 0x11, 0x11, 0x11, 0x11, 0x11, 0x35, 0x35, 0x86, 0x66, 0x67, 0xA7, 0x88, 0xAC, 0xBB,
    0xAA, 0xB8, 0x88, 0x7A, 0x86, 0x66, 0x66, 0x88, 0x67, 0x55, 0x53, 0x33, 0x22, 0x22, 0x11, 0x11,
    0x11, 0x11, 0x11, 0x11, 0x11, 0x21, 0x11, 0x33, 0x34, 0x76, 0x66, 0x67, 0xA7, 0x88, 0xAC, 0xBB,
    0xAA, 0xB8, 0x88, 0x7A, 0x86, 0x66, 0x66, 0x88, 0x64, 0x55, 0x53, 0x33, 0x22, 0x21, 0x23, 0x34,
    0x64, 0x34, 0x43, 0x53, 0x21, 0x21, 0x11, 0x23, 0x23, 0x76, 0x66, 0x67, 0xA7, 0x88, 0xAC, 0xBB,
    0xAA, 0xBA, 0x88, 0x7A, 0x86, 0x66, 0x66, 0x8A, 0x41, 0x25, 0x53, 0x33, 0x21, 0x11, 0x24, 0x47,
    0xAC, 0xA4, 0x42, 0x22, 0x33, 0x32, 0x22, 0x22, 0x23, 0x86, 0x66, 0x67, 0xA7, 0x88, 0xAC, 0xBA,
    0xAA, 0xBA, 0x88, 0x7A, 0x86, 0x66, 0x66, 0x88, 0x25, 0x53, 0x53, 0x33, 0x22, 0x11, 0x24, 0x47,
    0xAB, 0xA6, 0x41, 0x11, 0x12, 0x66, 0x32, 0x22, 0x13, 0x86, 0x66, 0x67, 0xA7, 0x88, 0xAC, 0xBB,
    0xAA, 0xBA, 0x88, 0x7A, 0x86, 0x66, 0x66, 0x87, 0x35, 0x55, 0x35, 0x32, 0x24, 0x22, 0x44, 0x44,
    0x68, 0x73, 0x84, 0x11, 0x11, 0x42, 0x23, 0x22, 0x14, 0x86, 0x66, 0x67, 0xA7, 0x88, 0xAB, 0xBB,
    0xBA, 0xBA, 0x88, 0x7A, 0x87, 0x66, 0x66, 0x86, 0x33, 0x35, 0x33, 0x33, 0x34, 0x44, 0x44, 0x46,
    0x44, 0x66, 0x76, 0x11, 0x13, 0x42, 0x14, 0x32, 0x16, 0x86, 0x66, 0x67, 0xA7, 0x88, 0xAB, 0xBB,
    0xBA, 0xBA, 0x88, 0x7A, 0x86, 0x66, 0x66, 0x85, 0x31, 0x39, 0x53, 0x35, 0x76, 0x44, 0x44, 0x44,
    0x44, 0x64, 0x41, 0x11, 0x23, 0x57, 0x41, 0x63, 0x27, 0x86, 0x66, 0x67, 0xA7, 0x88, 0xAB, 0xAA,
    0xBA, 0xBA, 0x88, 0x7A, 0x86, 0x66, 0x66, 0x85, 0x23, 0x99, 0x53, 0x35, 0x87, 0x64, 0x11, 0x11,
    0x14, 0x14, 0x11, 0x11, 0x23, 0x3B, 0xB4, 0x46, 0x47, 0x86, 0x66, 0x67, 0xA7, 0x88, 0xAB, 0xAA,
    0xBA, 0xAA, 0x88, 0x7A, 0x86, 0x66, 0x66, 0x87, 0x23, 0x95, 0x53, 0x38, 0x87, 0x72, 0x11, 0x11,
    0x11, 0x11, 0x11, 0x11, 0x23, 0x36, 0x78, 0x87, 0x67, 0x86, 0x66, 0x67, 0xA7, 0x88, 0xAB, 0xAA,
    0xBA, 0xAA, 0x88, 0x8A, 0x86, 0x67, 0x66, 0x88, 0x23, 0x55, 0x52, 0x57, 0x55, 0x73, 0x11, 0x11,
    0x11, 0x11, 0x11, 0x12, 0x31, 0x35, 0xAB, 0xA7, 0x67, 0x76, 0x66, 0x67, 0xA7, 0x88, 0xAB, 0xAB,
    0xBA, 0xAA, 0x88, 0x8A, 0x86, 0x67, 0x66, 0x88, 0x32, 0x35, 0x82, 0x55, 0x55, 0x33, 0x11, 0x11,
    0x11, 0x11, 0x11, 0x13, 0x31, 0x23, 0x77, 0x87, 0x67, 0x86, 0x66, 0x67, 0xA7, 0x88, 0xAB, 0xAB,
    0xBA, 0xAA, 0x88, 0x8A, 0x86, 0x67, 0x76, 0x78, 0x32, 0x35, 0x53, 0x35, 0x55, 0x33, 0x11, 0x11,
    0x11, 0x11, 0x11, 0x13, 0x33, 0x13, 0xA7, 0x87, 0x67, 0x86, 0x77, 0x67, 0xA7, 0x88, 0xAA, 0xBB,
    0xBA, 0xBA, 0x88, 0x78, 0x86, 0x67, 0x66, 0x77, 0x62, 0x39, 0xE9, 0x35, 0x53, 0x33, 0x21, 0x11,
    0x11, 0x11, 0x12, 0x23, 0x85, 0x25, 0x97, 0x87, 0x67, 0x86, 0x66, 0x67, 0x87, 0x88, 0xAB, 0xBB,
    0xBA, 0xBA, 0x87, 0x78, 0x86, 0x67, 0x66, 0x87, 0x77, 0x25, 0xE9, 0x35, 0x53, 0x33, 0x31, 0x11,
    0x11, 0x11, 0x22, 0x33, 0x33, 0x58, 0x55, 0x87, 0x67, 0x86, 0x67, 0x67, 0x87, 0x88, 0xAB, 0xAB,
    0xBA, 0xBA, 0x87, 0x78, 0x86, 0x67, 0x76, 0x78, 0xBB, 0xA3, 0x55, 0x55, 0x33, 0x33, 0x31, 0x11,
    0x11, 0x11, 0x22, 0x33, 0x33, 0x53, 0x55, 0x87, 0x67, 0x76, 0x66, 0x67, 0x87, 0x88, 0xAB, 0xAA,
    0xAA, 0xBA, 0x77, 0x78, 0x86, 0x67, 0x66, 0x7B, 0xBB, 0xDC, 0x99, 0x55, 0x33, 0x33, 0x31, 0x11,
    0x11, 0x11, 0x22, 0x23, 0x32, 0x55, 0x35, 0x87, 0x77, 0x76, 0x67, 0x67, 0x87, 0x78, 0xAB, 0xAA,
    0xAA, 0xAA, 0x77, 0x68, 0x86, 0x67, 0x76, 0x7B, 0xBB, 0xDC, 0x59, 0x55, 0x33, 0x33, 0x32, 0x11,
    0x11, 0x12, 0x22, 0x59, 0xA5, 0x95, 0x56, 0x87, 0x77, 0x76, 0x77, 0x67, 0x86, 0x88, 0xAA, 0xAA,
    0xBA, 0xAA, 0x87, 0x67, 0x86, 0x67, 0x76, 0xBB, 0xBB, 0xDC, 0x69, 0x55, 0x33, 0x22, 0x22, 0x11,
    0x11, 0x12, 0x28, 0xDC, 0xEE, 0xC5, 0x54, 0x77, 0x67, 0x76, 0x77, 0x67, 0x86, 0x88, 0xAA, 0xAA,
    0xB8, 0xAA, 0x87, 0x67, 0x76, 0x67, 0x67, 0xBB, 0xBB, 0xDD, 0x59, 0x55, 0x32, 0x22, 0x22, 0x11,
    0x11, 0x25, 0xCF, 0xC4, 0x4E, 0xD8, 0x54, 0x77, 0x67, 0x76, 0x77, 0x67, 0x87, 0x88, 0xAA, 0xAA,
    0xB8, 0xAA, 0x87, 0x67, 0x76, 0x66, 0x67, 0xBB, 0xBD, 0xDD, 0x89, 0x55, 0x33, 0x21, 0x11, 0x11,
    0x11, 0x13, 0x38, 0xAC, 0xAC, 0xE8, 0x52, 0x66, 0x67, 0x76, 0x66, 0x67, 0x87, 0x88, 0xAA, 0xAB,
    0xA8, 0xAA, 0x87, 0x67, 0x76, 0x66, 0x66, 0xBB, 0xDD, 0xDD, 0x98, 0x55, 0x53, 0x21, 0x11, 0x11,
    0x11, 0x11, 0x11, 0x35, 0xCE, 0xD5, 0x42, 0x66, 0x66, 0x76, 0x66, 0x66, 0x77, 0x78, 0xAB, 0xAA,
    0xA8, 0xAA, 0x87, 0x67, 0x76, 0x66, 0x66, 0xBD, 0xDD, 0xDD, 0x85, 0x35, 0x53, 0x22, 0x11, 0x11,
    0x11, 0x12, 0x21, 0x11, 0x28, 0x83, 0x42, 0x66, 0x66, 0x66, 0x66, 0x66, 0x87, 0x8A, 0xAB, 0x8A,
    0x87, 0xAA, 0x87, 0x67, 0x74, 0x66, 0x64, 0xBD, 0xDD, 0xDE, 0x85, 0x25, 0x55, 0x32, 0x21, 0x11,
    0x11, 0x11, 0x12, 0x23, 0x13, 0x55, 0x22, 0x66, 0x66, 0x64, 0x66, 0x67, 0x87, 0x8A, 0xBB, 0x8A,
    0x86, 0xAA, 0x87, 0x67, 0x74, 0x66, 0x64, 0x7D, 0xBE, 0xDE, 0x85, 0x23, 0x55, 0x53, 0x22, 0x11,
    0x11, 0x11, 0x11, 0x23, 0x53, 0x55, 0x12, 0x66, 0x66, 0x64, 0x66, 0x67, 0x87, 0x8A, 0xBB, 0x78,
    0x84, 0xAA, 0x87, 0x67, 0x74, 0x66, 0x44, 0x4C, 0xDB, 0xEE, 0x83, 0x23, 0x35, 0x55, 0x52, 0x21,
    0x22, 0x11, 0x11, 0x12, 0x55, 0x56, 0x12, 0x67, 0x64, 0x66, 0x67, 0x67, 0x87, 0x8A, 0xBA, 0x68,
    0x82, 0x7A, 0x87, 0x67, 0x74, 0x46, 0x44, 0x46, 0xED, 0xBE, 0xA3, 0x23, 0x35, 0x88, 0x85, 0x32,
    0x22, 0x21, 0x11, 0x23, 0x55, 0x7D, 0x21, 0x66, 0x44, 0x64, 0x67, 0x47, 0x76, 0x8A, 0xB8, 0x4A,
    0x82, 0x4A, 0x88, 0x66, 0x64, 0x44, 0x44, 0x64, 0x7F, 0xEB, 0xB8, 0x23, 0x33, 0x55, 0x88, 0x85,
    0x33, 0x22, 0x22, 0x33, 0x55, 0xAD, 0x41, 0x66, 0x44, 0x44, 0x66, 0x46, 0x76, 0x8A, 0xB7, 0x4A,
    0x82, 0x47, 0xA8, 0x66, 0x64, 0x44, 0x44, 0x46, 0x4C, 0xFE, 0xBB, 0x32, 0x33, 0x35, 0x55, 0x8A,
    0x95, 0x33, 0x33, 0x33, 0x58, 0xDD, 0x61, 0x46, 0x44, 0x44, 0x64, 0x46, 0x76, 0x8A, 0xA4, 0x4A,
    0x82, 0x44, 0x87, 0x66, 0x64, 0x44, 0x44, 0x44, 0x47, 0xFF, 0xFD, 0xA3, 0x33, 0x33, 0x35, 0x58,
    0x8A, 0xA8, 0x55, 0x55, 0x5C, 0xDB, 0x61, 0x66, 0x44, 0x44, 0x64, 0x46, 0x76, 0x8A, 0x84, 0x6A,
    0x82, 0x44, 0x68, 0x66, 0x64, 0x44, 0x44, 0x44, 0x64, 0xDF, 0xFF, 0xDB, 0x42, 0x33, 0x33, 0x55,
    0x58, 0x9A, 0xAB, 0xBB, 0xDD, 0xBB, 0x41, 0x66, 0x44, 0x44, 0x64, 0x46, 0x76, 0x88, 0x64, 0x4A,
    0x82, 0x44, 0x48, 0x66, 0x64, 0x44, 0x44, 0x44, 0x44, 0xAF, 0xFF, 0xFD, 0xB5, 0x33, 0x33, 0x35,
    0x55, 0x89, 0x9D, 0xEE, 0xDB, 0xBD, 0x21, 0x66, 0x44, 0x44, 0x64, 0x46, 0x66, 0x87, 0x44, 0x4A,
    0x92, 0x44, 0x46, 0x64, 0x64, 0x44, 0x44, 0x44, 0x44, 0xAF, 0xFF, 0xFF, 0xEB, 0x33, 0x33, 0x35,
    0x55, 0x99, 0xBB, 0xBB, 0xBB, 0xD8, 0x21, 0x66, 0x44, 0x46, 0x64, 0x46, 0x76, 0x84, 0x44, 0x4A,
    0xA4, 0x44, 0x44, 0x44, 0x44, 0x44, 0x44, 0x44, 0x44, 0xAF, 0xFF, 0xFF, 0xFE, 0xA3, 0x33, 0x33,
    0x58, 0x8B, 0xBB, 0xBD, 0xDD, 0x41, 0x42, 0x66, 0x44, 0x46, 0x64, 0x46, 0x76, 0x62, 0x44, 0x4A,
    0xA4, 0x44, 0x42, 0x44, 0x44, 0x44, 0x44, 0x44, 0x44, 0xDF, 0xFF, 0xFF, 0xFF, 0xD6, 0x33, 0x33,
    0x7B, 0xEF, 0xFF, 0xEC, 0x86, 0x22, 0x22, 0x66, 0x44, 0x46, 0x64, 0x46, 0x64, 0x42, 0x24, 0x4A,
    0xA4, 0x44, 0x42, 0x24, 0x44, 0x44, 0x44, 0x44, 0x44, 0xDF, 0xFF, 0xFF, 0xFF, 0xFB, 0x33, 0x36,
    0xBF, 0xFF, 0xFF, 0xE8, 0x66, 0x21, 0x22, 0x66, 0x44, 0x46, 0x64, 0x46, 0x62, 0x24, 0x24, 0x4A,
    0xA4, 0x44, 0x42, 0x22, 0x44, 0x44, 0x44, 0x44, 0x44, 0xCF, 0xFF, 0xFF, 0xFF, 0xFD, 0x83, 0x38,
    0xFF, 0xFF, 0xFF, 0xE8, 0x66, 0x22, 0x22, 0x66, 0x44, 0x46, 0x64, 0x46, 0x62, 0x22, 0x24, 0x49,
    0xA4, 0x44, 0x42, 0x22, 0x44, 0x24, 0x44, 0x44, 0x44, 0xCF, 0xEF, 0xFF, 0xFF, 0xFE, 0xB3, 0x3B,
    0xFF, 0xFF, 0xFF, 0xE8, 0x66, 0x21, 0x21, 0x66, 0x44, 0x47, 0x64, 0x46, 0x42, 0x22, 0x24, 0x49,
    0xA2, 0x24, 0x42, 0x22, 0x44, 0x24, 0x44, 0x44, 0x44, 0xDF, 0xEF, 0xFF, 0xFF, 0xFF, 0xD5, 0x4D,
    0xFF, 0xFF, 0xFF, 0xE8, 0x66, 0x41, 0x21, 0x66, 0x44, 0x47, 0x74, 0x44, 0x42, 0x22, 0x24, 0x49,
    0xA2, 0x24, 0x22, 0x22, 0x44, 0x24, 0x44, 0x42, 0x44, 0xEF, 0xEF, 0xFF, 0xFF, 0xFF, 0xD5, 0x6E,
    0xFF, 0xEE, 0xFF, 0xE8, 0x64, 0x41, 0x11, 0x66, 0x44, 0x47, 0x74, 0x24, 0x42, 0x22, 0x24, 0x4A,
    0x82, 0x24, 0x42, 0x22, 0x44, 0x44, 0x44, 0x42, 0x26, 0xEF, 0xEF, 0xFF, 0xFF, 0xFF, 0xEE, 0xCF,
    0xFE, 0xEF, 0xFF, 0xFF, 0xC7, 0x21, 0x11, 0x66, 0x42, 0x46, 0x74, 0x24, 0x42, 0x22, 0x22, 0x4A,
    0x82, 0x24, 0x42, 0x22, 0x44, 0x24, 0x44, 0x22, 0x7E, 0xFF, 0xEF, 0xFF, 0xFF, 0xFF, 0xF8, 0x6A,
    0xFE, 0xFF, 0xFF, 0xFF, 0xFF, 0xD7, 0x21, 0x46, 0x42, 0x47, 0x64, 0x44, 0x42, 0x22, 0x22, 0x49,
    0x82, 0x22, 0x22, 0x22, 0x44, 0x24, 0x22, 0x7C, 0xFF, 0xFF, 0xEF, 0xFF, 0xFF, 0xFF, 0xF6, 0x76,
    0xFE, 0xFF, 0xFF, 0xFF, 0xFF, 0xFF, 0xFC, 0x96, 0x42, 0x46, 0x44, 0x44, 0x42, 0x22, 0x22, 0x49,
    0x82, 0x22, 0x22, 0x22, 0x66, 0x24, 0x8D, 0xFF, 0xFF, 0xEF, 0xFF, 0xFF, 0xFF, 0xFF, 0xE7, 0xB7,
    0xFF, 0xFF, 0xFF, 0xFE, 0xFF, 0xFF, 0xFF, 0xFE, 0xA2, 0x12, 0x44, 0x44, 0x42, 0x22, 0x22, 0x48,
    0x92, 0x22, 0x22, 0x22, 0x44, 0x8E, 0xFF, 0xFE, 0xFF, 0xEF, 0xFF, 0xFF, 0xFF, 0xFF, 0xF7, 0x77,
    0xFF, 0xFF, 0xFF, 0xFF, 0xEF, 0xFF, 0xFF, 0xFF, 0xFE, 0x72, 0x44, 0x44, 0x22, 0x22, 0x22, 0x48,
    0x92, 0x22, 0x22, 0x21, 0x8E, 0xFF, 0xEE, 0xEF, 0xFE, 0xEF, 0xFF, 0xFF, 0xFF, 0xFF, 0xF7, 0x78,
    0xFF, 0xFF, 0xFF, 0xFF, 0xEF, 0xFF, 0xFF, 0xFF, 0xFF, 0xFE, 0x84, 0x24, 0x42, 0x22, 0x22, 0x48,
    0x82, 0x22, 0x22, 0x4C, 0xFF, 0xFE, 0xEE, 0xEF, 0xFD, 0xFF, 0xFF, 0xFF, 0xFF, 0xFF, 0xF6, 0x77,
    0xFF, 0xFF, 0xFF, 0xFF, 0xFE, 0xFF, 0xFF, 0xFF, 0xFF, 0xEE, 0xFD, 0x62, 0x22, 0x22, 0x22, 0x48,
    0x82, 0x22, 0x2A, 0xFF, 0xEF, 0xEE, 0xEE, 0xFF, 0xEE, 0xFF, 0xFF, 0xFF, 0xFF, 0xFF, 0xF8, 0x7B,
    0xFF, 0xFF, 0xFF, 0xFF, 0xFE, 0xFF, 0xFF, 0xFF, 0xFF, 0xFE, 0xEF, 0xFC, 0x61, 0x12, 0x24, 0x68,
    0x92, 0x16, 0xEF, 0xEE, 0xFF, 0xEE, 0xEF, 0xFF, 0xDF, 0xFF, 0xFF, 0xFF, 0xFF, 0xFF, 0xFE, 0xBF,
    0xFF, 0xFF, 0xFF, 0xFF, 0xFF, 0xEF, 0xFF, 0xFF, 0xEF, 0xFF, 0xFE, 0xEF, 0xFC, 0x61, 0x24, 0x68,
    0xA2, 0xAF, 0xFE, 0xFF, 0xFF, 0xEE, 0xFF, 0xFE, 0xEF, 0xFF, 0xEE, 0xFF, 0xFF, 0xFF, 0xC2, 0x24,
    0xEF, 0xFF, 0xFF, 0xFF, 0xFF, 0xDE, 0xFF, 0xFF, 0xFE, 0xFF, 0xFF, 0xFE, 0xEF, 0xFD, 0x62, 0x6A,
    0xAB, 0xFE, 0xEF, 0xFF, 0xEE, 0xEF, 0xFF, 0xFD, 0xFF, 0xEF, 0xEE, 0xEF, 0xFF, 0xFF, 0x42, 0x44,
    0x8F, 0xFF, 0xFF, 0xEE, 0xFF, 0xED, 0xFF, 0xFF, 0xFF, 0xEE, 0xFF, 0xFF, 0xFE, 0xFF, 0xFC, 0x6A,
    0xCD, 0xFE, 0xFF, 0xFE, 0xEE, 0xFF, 0xFF, 0xED, 0xFF, 0xEE, 0xEE, 0xFF, 0xFF, 0xFF, 0x41, 0x62,
    0x9F, 0xFF, 0xFF, 0xEE, 0xEE, 0xFD, 0xEF, 0xFF, 0xEF, 0xFE, 0xEF, 0xFF, 0xFF, 0xFF, 0xFF, 0xAA,
};

static const uint8_t coup_animdata_assassin_f01[3072] = {
    0xCB, 0xAA, 0xAB, 0x9A, 0x88, 0x88, 0x87, 0x77, 0x66, 0x67, 0x64, 0x66, 0x44, 0x67, 0x77, 0x76,
    0x77, 0x77, 0x88, 0x77, 0x76, 0x44, 0x8A, 0x88, 0x87, 0x77, 0x77, 0x88, 0x8A, 0xA8, 0x9A, 0xCB,
    0xAA, 0xA8, 0xA9, 0x9D, 0xBB, 0xBA, 0xAB, 0xCB, 0xBB, 0xBC, 0xD6, 0xAA, 0x7A, 0xAD, 0xDD, 0xDD,
    0xDD, 0xDD, 0xDD, 0xCD, 0xBA, 0x68, 0xCE, 0xCB, 0xBB, 0xCB, 0xBB, 0xAA, 0xCA, 0x98, 0x9A, 0xAB,
    0xBA, 0x89, 0xA8, 0xBD, 0xBB, 0xBA, 0xAB, 0xDC, 0xBB, 0xCC, 0xD6, 0xA8, 0x8A, 0xBE, 0xDE, 0xED,
    0xDD, 0xDD, 0xDD, 0xCD, 0xBB, 0x78, 0xCD, 0xBB, 0xCC, 0xDC, 0xCB, 0xBA, 0xCB, 0xAA, 0x89, 0x9A,
    0xA8, 0x8A, 0x7B, 0xCD, 0xBB, 0xAA, 0xAB, 0xCC, 0xBB, 0xBC, 0xC4, 0x88, 0x88, 0xAE, 0xDD, 0xDD,
    0xDD, 0xDD, 0xDD, 0xCD, 0xBA, 0x78, 0xBD, 0xCA, 0x8A, 0xA8, 0x87, 0x77, 0xCC, 0xAA, 0x98, 0xAA,
    0xA9, 0xA7, 0xAC, 0xBD, 0xAA, 0xAA, 0xAA, 0xCC, 0xBB, 0xBC, 0xC2, 0x88, 0x88, 0xAE, 0xDD, 0xDD,
    0xDD, 0xDD, 0xDD, 0xCD, 0xBA, 0x78, 0xAD, 0xB8, 0xAA, 0xAA, 0xBA, 0xAA, 0xCB, 0xBA, 0xA8, 0x8A,
    0x9A, 0x88, 0xCC, 0xBD, 0xAA, 0xAA, 0xAA, 0xCB, 0xBB, 0xBD, 0xB2, 0x78, 0x8A, 0xAE, 0xDD, 0xDD,
    0xDD, 0xDD, 0xDD, 0xCD, 0xBA, 0x78, 0x8E, 0xAC, 0xEE, 0xEE, 0xEE, 0xEE, 0xDB, 0xBB, 0xAA, 0x8A,
    0xA8, 0x8C, 0xCC, 0xAD, 0xAA, 0xAA, 0xAA, 0xCB, 0xBB, 0xCD, 0xA1, 0x78, 0x88, 0xAD, 0xDD, 0xDD,
    0xDD, 0xDD, 0xDD, 0xCD, 0xBA, 0x77, 0x8C, 0xBE, 0xDD, 0xDD, 0xDD, 0xDD, 0xEC, 0xBB, 0xBA, 0xAA,
    0xBA, 0xBC, 0xCB, 0xAC, 0xAA, 0xAA, 0xAA, 0xCB, 0xBB, 0xCD, 0xA1, 0x78, 0x87, 0xAD, 0xDD, 0xDD,
    0xDD, 0xDD, 0xDD, 0xCD, 0xB8, 0x78, 0x6A, 0xEE, 0xDE, 0xED, 0xEE, 0xDD, 0xED, 0xCB, 0xCC, 0xAA,
    0xCE, 0xCB, 0xCB, 0xAC, 0xAA, 0xAA, 0xAA, 0xBC, 0xBB, 0xCC, 0x81, 0x68, 0x87, 0x8D, 0xDD, 0xDD,
    0xDD, 0xDD, 0xDD, 0xCD, 0xB7, 0x78, 0x8C, 0xED, 0xEE, 0xEE, 0xEC, 0xEE, 0xDD, 0xDD, 0xCD, 0xB9,
    0xCE, 0xCB, 0xCB, 0xAC, 0xA8, 0x88, 0xAA, 0xBB, 0xBB, 0xCD, 0xA1, 0x67, 0x87, 0x8D, 0xDD, 0xDD,
    0xDD, 0xDD, 0xDD, 0xCC, 0xB7, 0x78, 0xCE, 0xDD, 0xEE, 0xAC, 0xC4, 0xAE, 0xDD, 0xDE, 0xCD, 0xDA,
    0xCD, 0xCB, 0xCB, 0x8C, 0x88, 0x88, 0xAA, 0xBB, 0xBC, 0xBB, 0x81, 0x68, 0x87, 0x8D, 0xDD, 0xDD,
    0xDD, 0xDD, 0xDD, 0xCC, 0xB7, 0x88, 0xCE, 0xDD, 0xDC, 0xAA, 0x84, 0x7D, 0xED, 0xDE, 0xCD, 0xDB,
    0xCD, 0xCB, 0xBB, 0x8C, 0x88, 0x88, 0xAA, 0xBB, 0xA2, 0x11, 0x11, 0x24, 0x66, 0x8E, 0xDD, 0xDD,
    0xDD, 0xDD, 0xDD, 0xCD, 0xB7, 0x8A, 0xCE, 0xDD, 0xDE, 0xCA, 0x87, 0xCD, 0xDD, 0xDE, 0xCD, 0xDB,
    0xCD, 0xCB, 0xBA, 0x8C, 0x88, 0x88, 0xAA, 0xC8, 0x12, 0x59, 0x53, 0x21, 0x11, 0x8E, 0xED, 0xDD,
    0xDD, 0xDD, 0xDD, 0xCD, 0xB7, 0x8A, 0xCD, 0xDD, 0xDE, 0x7A, 0x86, 0xED, 0xDD, 0xDE, 0xCD, 0xDB,
    0xCD, 0xCA, 0xBA, 0x8C, 0x87, 0x88, 0xAA, 0xB3, 0x8C, 0xCC, 0xCC, 0x83, 0x31, 0x13, 0x8B, 0xBC,
    0xDD, 0xDD, 0xDC, 0xCD, 0xB7, 0x8A, 0xDD, 0xDD, 0xEA, 0x28, 0x82, 0x8E, 0xDD, 0xDE, 0xCD, 0xDB,
    0xCD, 0xCA, 0xBA, 0x8B, 0x77, 0x78, 0x8A, 0x43, 0x9C, 0xEE, 0xFE, 0xC8, 0x53, 0x11, 0x22, 0x23,
    0x7C, 0xDC, 0xCC, 0xCD, 0xB7, 0x8A, 0xDD, 0xDD, 0xEA, 0x4A, 0xC6, 0x7D, 0xDD, 0xDE, 0xCC, 0xDB,
    0xCD, 0xCA, 0xBA, 0x7B, 0x77, 0x77, 0xA8, 0x25, 0x9C, 0xCE, 0xEE, 0xCC, 0x95, 0x32, 0x22, 0x35,
    0x35, 0xCD, 0xDD, 0xCC, 0xB7, 0x8A, 0xDD, 0xDE, 0xEC, 0xAD, 0xEA, 0xCE, 0xDE, 0xDE, 0xCC, 0xDC,
    0xBD, 0xCA, 0xBA, 0x7C, 0x77, 0x77, 0xA7, 0x29, 0xCC, 0xCE, 0xCE, 0xEC, 0x95, 0x33, 0x23, 0x59,
    0x95, 0xAD, 0xCC, 0xCD, 0xB7, 0x8B, 0xDD, 0xDE, 0xDD, 0xEE, 0xEE, 0xDD, 0xDD, 0xDE, 0xCC, 0xDC,
    0xBD, 0xBA, 0xBA, 0x7C, 0x77, 0x77, 0xA6, 0x39, 0x9C, 0xCC, 0xCE, 0xEE, 0xC9, 0x53, 0x59, 0x9C,
    0xC9, 0xBD, 0xDC, 0xCC, 0xB7, 0x8A, 0xDE, 0xEE, 0xEE, 0xDD, 0xDE, 0xEE, 0xEE, 0xED, 0xCC, 0xDC,
    0xBD, 0xBA, 0xBA, 0x7B, 0x77, 0x77, 0x85, 0x39, 0x99, 0xCC, 0xCE, 0xEE, 0xEC, 0xCC, 0xDF, 0xEC,
    0xBB, 0xDD, 0xDD, 0xCD, 0xB7, 0x8B, 0xED, 0xED, 0xBA, 0xED, 0xEC, 0xAA, 0xCB, 0xCD, 0xDC, 0xDB,
    0xBD, 0xB8, 0xBA, 0x7B, 0x77, 0x77, 0x85, 0x59, 0x99, 0x99, 0xCD, 0xCE, 0xCC, 0xCE, 0xEF, 0xFD,
    0xCD, 0xDD, 0xDD, 0xCC, 0xB7, 0xDD, 0xDC, 0xDA, 0x44, 0xCE, 0xEB, 0x44, 0x87, 0xCE, 0xEE, 0xDC,
    0xBD, 0xB8, 0xAA, 0x7B, 0x77, 0x77, 0x84, 0x38, 0x99, 0x99, 0xCE, 0xCC, 0xCC, 0xCE, 0xEE, 0xFD,
    0xDD, 0xDD, 0xDC, 0xCC, 0xB7, 0xBE, 0xDD, 0xCA, 0x66, 0xCE, 0xDE, 0x74, 0x7A, 0xDD, 0xED, 0xDB,
    0xCD, 0xB8, 0xAA, 0x7B, 0x76, 0x66, 0x76, 0x35, 0x89, 0x99, 0xCC, 0xCC, 0xC9, 0xAE, 0xFE, 0xFD,
    0xDD, 0xDD, 0xDC, 0xCC, 0xB7, 0x8E, 0xEE, 0xE9, 0x6B, 0xEA, 0x8E, 0xA4, 0x8E, 0xEE, 0xDC, 0xDB,
    0xCD, 0xB8, 0xAA, 0x7B, 0x77, 0x66, 0x77, 0x33, 0x89, 0x99, 0xCC, 0xBC, 0xB9, 0xCE, 0xFE, 0xED,
    0xDD, 0xDD, 0xDC, 0xCC, 0xB7, 0xA8, 0x8A, 0xEE, 0xCE, 0xC8, 0x7A, 0xEC, 0xEC, 0xCD, 0xBC, 0xDA,
    0xCC, 0xA8, 0xAA, 0x7B, 0x76, 0x67, 0x77, 0x83, 0x59, 0x99, 0x9C, 0x9C, 0x99, 0xCD, 0xFE, 0xED,
    0xDD, 0xDD, 0xDD, 0xCC, 0xB7, 0xA7, 0x14, 0xCE, 0xEE, 0xCB, 0xAA, 0xED, 0xE7, 0x7A, 0xAC, 0xDA,
    0xCC, 0xA8, 0xAA, 0x7B, 0x77, 0x67, 0x76, 0xB8, 0x35, 0x55, 0x8A, 0x99, 0x98, 0xBD, 0xEE, 0xED,
    0xDD, 0xDD, 0xCD, 0xCC, 0xB7, 0xA7, 0x26, 0xCC, 0xEE, 0xEE, 0xEE, 0xED, 0xE7, 0x8A, 0xAB, 0xDA,
    0xCC, 0xA8, 0x88, 0x7B, 0x77, 0x77, 0x76, 0xBA, 0x73, 0x33, 0x58, 0x99, 0xA8, 0xBD, 0xEE, 0xFE,
    0xCD, 0xDD, 0xDD, 0xCC, 0xB7, 0xA7, 0x16, 0xCC, 0xEE, 0xEE, 0xEE, 0xEE, 0xD7, 0x8A, 0xAB, 0xDA,
    0xCC, 0xA8, 0x88, 0x7B, 0x77, 0x67, 0x76, 0xB8, 0x88, 0x85, 0x35, 0x9A, 0xA7, 0xBD, 0xEE, 0xC9,
    0x99, 0x99, 0xBC, 0xCC, 0xB8, 0xA6, 0x16, 0xCC, 0xEC, 0xDE, 0xEE, 0xCE, 0xC8, 0x88, 0xAB, 0xDA,
    0xBC, 0xA8, 0x88, 0x7B, 0x77, 0x66, 0x76, 0xB8, 0x8A, 0xCC, 0x41, 0x4A, 0xA7, 0xA9, 0x55, 0x55,
    0x55, 0x55, 0x99, 0xBC, 0xB8, 0xA6, 0x16, 0xDB, 0xEA, 0xDC, 0xCE, 0xAE, 0xB8, 0x88, 0xAB, 0xDB,
    0xBC, 0xA8, 0x88, 0x7B, 0x77, 0x66, 0x76, 0xB8, 0x8A, 0xBC, 0x41, 0x4A, 0xA6, 0x33, 0x35, 0x53,
    0x55, 0x55, 0x59, 0x99, 0xA8, 0xA4, 0x16, 0xCB, 0xEA, 0xDC, 0xCE, 0x8E, 0xA8, 0x78, 0xAB, 0xDB,
    0xBC, 0xA8, 0x88, 0x7B, 0x77, 0x66, 0x66, 0xB8, 0x8A, 0xBC, 0x41, 0x2B, 0x41, 0x13, 0x35, 0x33,
    0x55, 0x99, 0x99, 0x99, 0x98, 0xA6, 0x14, 0xCA, 0xB8, 0xEA, 0xAD, 0x78, 0xA8, 0x78, 0xAB, 0xDB,
    0xBC, 0xA8, 0x88, 0x7B, 0x77, 0x66, 0x66, 0xB8, 0x88, 0xBC, 0x21, 0x24, 0x11, 0x13, 0x35, 0x55,
    0x59, 0x99, 0x99, 0xCC, 0xC9, 0xA6, 0x14, 0xCA, 0x87, 0xEA, 0xAC, 0x66, 0xA8, 0x78, 0xAB, 0xDA,
    0xBC, 0xA8, 0x88, 0x7B, 0x66, 0x66, 0x66, 0xA8, 0x78, 0xBB, 0x22, 0x11, 0x11, 0x25, 0x55, 0x55,
    0x59, 0x99, 0x9C, 0xCC, 0xCC, 0x96, 0x14, 0xCA, 0x87, 0xE8, 0xAC, 0x66, 0xA8, 0x78, 0xAB, 0xDA,
    0xBC, 0xA8, 0x88, 0x7B, 0x66, 0x66, 0x66, 0xA8, 0x78, 0xBB, 0x21, 0x11, 0x22, 0x35, 0x55, 0x55,
    0x99, 0x99, 0x99, 0xCC, 0xCC, 0x99, 0x44, 0xCA, 0x87, 0xA6, 0x66, 0x66, 0xA8, 0x78, 0x8B, 0xDA,
    0xBB, 0x98, 0x88, 0x7B, 0x66, 0x66, 0x66, 0xA8, 0x77, 0xBB, 0x21, 0x22, 0x22, 0x35, 0x55, 0x59,
    0x99, 0x99, 0x99, 0x99, 0x9C, 0xC9, 0x96, 0xB8, 0x77, 0xA6, 0x66, 0x66, 0xA8, 0x88, 0x8B, 0xDA,
    0xBC, 0x98, 0x88, 0x8B, 0x66, 0x66, 0x66, 0xA8, 0x77, 0xAB, 0x22, 0x33, 0x22, 0x35, 0x55, 0x59,
    0x99, 0x99, 0x99, 0x99, 0x99, 0xC9, 0x99, 0xA8, 0x77, 0xA6, 0x66, 0x66, 0xA8, 0x88, 0x8A, 0xDB,
    0xCC, 0x98, 0x88, 0x7B, 0x66, 0x66, 0x66, 0xA8, 0x77, 0xA8, 0x23, 0x33, 0x22, 0x23, 0x53, 0x59,
    0x99, 0x99, 0x99, 0x99, 0x99, 0xC9, 0x99, 0x98, 0x77, 0xA6, 0x66, 0x66, 0xA8, 0x88, 0x8A, 0xDA,
    0xBC, 0x98, 0x88, 0x7B, 0x76, 0x66, 0x66, 0xA8, 0x77, 0xA3, 0x35, 0x55, 0x32, 0x23, 0x33, 0x55,
    0x55, 0x59, 0x99, 0x99, 0x99, 0x99, 0x99, 0x97, 0x77, 0xA6, 0x66, 0x64, 0xA8, 0x88, 0x8A, 0xDA,
    0xBC, 0x98, 0x88, 0x7A, 0x66, 0x66, 0x66, 0xA7, 0x77, 0x72, 0x55, 0x55, 0x33, 0x33, 0x33, 0x55,
    0x55, 0x55, 0x55, 0x95, 0x59, 0x99, 0x99, 0x98, 0x77, 0xA6, 0x66, 0x64, 0x88, 0x88, 0x8A, 0xDB,
    0xBC, 0x98, 0x88, 0x7A, 0x76, 0x66, 0x66, 0xA7, 0x67, 0x43, 0x55, 0x55, 0x33, 0x33, 0x33, 0x33,
    0x53, 0x35, 0x55, 0x55, 0x55, 0x99, 0x99, 0x99, 0x77, 0xA6, 0x66, 0x44, 0x88, 0x88, 0x8A, 0xCB,
    0xAC, 0xA8, 0x88, 0x7B, 0x76, 0x66, 0x66, 0xA7, 0x77, 0x35, 0x55, 0x55, 0x32, 0x32, 0x33, 0x33,
    0x33, 0x33, 0x35, 0x55, 0x55, 0x99, 0x55, 0x99, 0x77, 0xA6, 0x66, 0x66, 0xA8, 0x88, 0x8B, 0xCA,
    0xAC, 0xA8, 0x88, 0x7B, 0x76, 0x66, 0x66, 0xA7, 0x76, 0x35, 0x95, 0x55, 0x32, 0x21, 0x33, 0x11,
    0x12, 0x32, 0x33, 0x33, 0x35, 0x55, 0x55, 0x55, 0x57, 0x86, 0x66, 0x64, 0x88, 0x88, 0x8B, 0xDB,
    0xAC, 0xA8, 0x88, 0x7B, 0x66, 0x66, 0x66, 0xA8, 0x76, 0x35, 0x95, 0x55, 0x32, 0x12, 0x31, 0x11,
    0x11, 0x11, 0x11, 0x21, 0x23, 0x35, 0x35, 0x55, 0x57, 0x86, 0x66, 0x66, 0xA8, 0x88, 0x8B, 0xCA,
    0x8B, 0xA8, 0x88, 0x7B, 0x76, 0x66, 0x66, 0xA8, 0x74, 0x55, 0x95, 0x53, 0x32, 0x22, 0x21, 0x11,
    0x11, 0x11, 0x11, 0x11, 0x22, 0x23, 0x33, 0x35, 0x56, 0xA6, 0x66, 0x66, 0xA8, 0x88, 0x8B, 0xCB,
    0x8B, 0xA8, 0x88, 0x7A, 0x66, 0x66, 0x66, 0xA8, 0x74, 0x55, 0x55, 0x53, 0x22, 0x33, 0x11, 0x11,
    0x11, 0x11, 0x11, 0x11, 0x11, 0x12, 0x22, 0x35, 0x35, 0x86, 0x66, 0x66, 0xA8, 0x88, 0x8B, 0xCB,
    0x8B, 0xA8, 0x88, 0x7A, 0x66, 0x66, 0x66, 0xA7, 0x76, 0x55, 0x55, 0x53, 0x12, 0x32, 0x11, 0x11,
    0x11, 0x11, 0x11, 0x11, 0x11, 0x11, 0x11, 0x25, 0x33, 0x86, 0x66, 0x66, 0xA8, 0x88, 0x8B, 0xCB,
    0xAB, 0xA8, 0x88, 0x7A, 0x66, 0x66, 0x66, 0xA7, 0x77, 0x55, 0x53, 0x33, 0x22, 0x22, 0x11, 0x11,
    0x11, 0x11, 0x11, 0x11, 0x11, 0x21, 0x11, 0x23, 0x33, 0x76, 0x66, 0x66, 0xA8, 0x88, 0x8B, 0xCB,
    0xAB, 0xA8, 0x88, 0x7A, 0x66, 0x66, 0x66, 0xA7, 0x67, 0x55, 0x33, 0x32, 0x22, 0x21, 0x22, 0x33,
    0x33, 0x23, 0x32, 0x32, 0x21, 0x21, 0x11, 0x23, 0x33, 0x76, 0x66, 0x66, 0xA8, 0x88, 0x8B, 0xCA,
    0xAB, 0xA8, 0x88, 0x7A, 0x66, 0x66, 0x66, 0xA8, 0x41, 0x35, 0x33, 0x33, 0x21, 0x11, 0x23, 0x56,
    0x8A, 0x84, 0x43, 0x34, 0x53, 0x21, 0x22, 0x23, 0x22, 0x76, 0x66, 0x66, 0xA8, 0x88, 0x8B, 0xCA,
    0xAB, 0xA8, 0x88, 0x7A, 0x76, 0x66, 0x66, 0xA7, 0x25, 0x35, 0x53, 0x33, 0x21, 0x11, 0x24, 0x47,
    0xBC, 0xB7, 0x42, 0x11, 0x12, 0x64, 0x32, 0x22, 0x22, 0x86, 0x66, 0x66, 0xA8, 0x88, 0x8B, 0xCA,
    0xAB, 0xA8, 0x88, 0x7A, 0x76, 0x66, 0x66, 0xA4, 0x55, 0x52, 0x53, 0x32, 0x44, 0x11, 0x44, 0x46,
    0x7A, 0x72, 0x72, 0x11, 0x11, 0x24, 0x43, 0x22, 0x22, 0x86, 0x66, 0x66, 0xA8, 0x78, 0x8B, 0xCA,
    0xAB, 0xA8, 0x88, 0x7A, 0x77, 0x66, 0x66, 0xA5, 0x52, 0x55, 0x33, 0x33, 0x24, 0x44, 0x24, 0x46,
    0x46, 0x76, 0x87, 0x11, 0x12, 0x32, 0x14, 0x32, 0x22, 0x86, 0x66, 0x66, 0xA8, 0x78, 0x8A, 0xBA,
    0xAB, 0xA8, 0x88, 0x8A, 0x77, 0x66, 0x66, 0x83, 0x31, 0x35, 0x33, 0x35, 0x66, 0x44, 0x44, 0x46,
    0x44, 0x66, 0x64, 0x11, 0x23, 0x34, 0x11, 0x43, 0x26, 0x86, 0x66, 0x66, 0xA8, 0x78, 0x8B, 0xBA,
    0xAB, 0xA8, 0x88, 0x8A, 0x76, 0x66, 0x66, 0x83, 0x23, 0x99, 0x53, 0x35, 0x87, 0x64, 0x22, 0x21,
    0x24, 0x24, 0x21, 0x11, 0x23, 0x3A, 0xB2, 0x26, 0x36, 0x86, 0x66, 0x66, 0xA8, 0x78, 0x8B, 0xB8,
    0xAA, 0xA8, 0x88, 0x8A, 0x76, 0x66, 0x66, 0x83, 0x25, 0x98, 0x53, 0x57, 0x87, 0x64, 0x11, 0x11,
    0x12, 0x11, 0x11, 0x11, 0x23, 0x37, 0xA8, 0x67, 0x67, 0x86, 0x66, 0x66, 0xA8, 0x78, 0xAB, 0xBA,
    0xAA, 0xA8, 0x88, 0x8A, 0x76, 0x67, 0x66, 0x85, 0x15, 0x55, 0x53, 0x58, 0x57, 0x72, 0x11, 0x11,
    0x11, 0x11, 0x11, 0x12, 0x32, 0x35, 0x88, 0xC8, 0x66, 0x86, 0x66, 0x66, 0xA8, 0x88, 0xAB, 0xBA,
    0xAA, 0xA8, 0x88, 0x8A, 0x76, 0x67, 0x66, 0x86, 0x22, 0x39, 0x53, 0x75, 0x55, 0x63, 0x11, 0x11,
    0x11, 0x11, 0x11, 0x13, 0x31, 0x23, 0x8B, 0x87, 0x66, 0x86, 0x66, 0x66, 0xA8, 0x88, 0xAB, 0xBA,
    0xAA, 0xAA, 0x88, 0x8A, 0x76, 0x77, 0x66, 0x87, 0x23, 0x35, 0x53, 0x55, 0x55, 0x32, 0x11, 0x11,
    0x11, 0x11, 0x11, 0x13, 0x32, 0x13, 0x76, 0x87, 0x66, 0x86, 0x67, 0x66, 0xA8, 0x88, 0xAA, 0xBA,
    0xAA, 0xA8, 0x88, 0x8A, 0x76, 0x67, 0x66, 0x87, 0x32, 0x58, 0x93, 0x35, 0x53, 0x33, 0x21, 0x11,
    0x11, 0x11, 0x11, 0x23, 0x55, 0x22, 0xA8, 0x87, 0x77, 0x86, 0x67, 0x66, 0x88, 0x78, 0xAA, 0xBA,
    0xAB, 0xA8, 0x88, 0x7A, 0x76, 0x77, 0x66, 0x87, 0x62, 0x3C, 0xF8, 0x35, 0x53, 0x33, 0x21, 0x11,
    0x11, 0x11, 0x22, 0x23, 0x55, 0x35, 0x85, 0x87, 0x76, 0x86, 0x66, 0x66, 0x87, 0x78, 0x8A, 0xBA,
    0xAB, 0xA8, 0x77, 0x78, 0x76, 0x77, 0x66, 0x87, 0xBA, 0x33, 0xA5, 0x55, 0x33, 0x33, 0x31, 0x11,
    0x11, 0x11, 0x22, 0x33, 0x33, 0x55, 0x55, 0x77, 0x77, 0x86, 0x67, 0x66, 0x87, 0x78, 0x8A, 0xBA,
    0xAB, 0xB8, 0x77, 0x78, 0x76, 0x67, 0x66, 0x7B, 0xBB, 0xB5, 0x58, 0x55, 0x33, 0x33, 0x31, 0x11,
    0x11, 0x11, 0x22, 0x33, 0x33, 0x55, 0x35, 0x87, 0x76, 0x86, 0x67, 0x66, 0x87, 0x78, 0x8A, 0xB8,
    0xAA, 0xB8, 0x77, 0x78, 0x76, 0x67, 0x66, 0x7B, 0xBB, 0xDC, 0x99, 0x55, 0x33, 0x33, 0x31, 0x11,
    0x11, 0x12, 0x22, 0x23, 0x53, 0x55, 0x35, 0x87, 0x77, 0x86, 0x67, 0x66, 0x87, 0x78, 0xAA, 0xAA,
    0xAA, 0xA8, 0x77, 0x68, 0x76, 0x67, 0x66, 0xBB, 0xBB, 0xDA, 0x59, 0x55, 0x33, 0x32, 0x32, 0x11,
    0x11, 0x12, 0x12, 0x8C, 0xE9, 0x98, 0x55, 0x77, 0x77, 0x86, 0x67, 0x66, 0x87, 0x78, 0xAA, 0xA8,
    0x8A, 0xA8, 0x87, 0x68, 0x76, 0x67, 0x67, 0xBB, 0xBB, 0xDB, 0x59, 0x55, 0x32, 0x22, 0x22, 0x11,
    0x11, 0x12, 0x3C, 0xE8, 0xAE, 0xD8, 0x54, 0x67, 0x67, 0x76, 0x77, 0x66, 0x87, 0x78, 0xAA, 0xA8,
    0x8A, 0xA8, 0x87, 0x67, 0x66, 0x67, 0x67, 0xBB, 0xBD, 0xDC, 0x59, 0x55, 0x32, 0x21, 0x22, 0x11,
    0x11, 0x25, 0xBE, 0xC8, 0x4B, 0xE9, 0x52, 0x67, 0x66, 0x76, 0x67, 0x66, 0x87, 0x78, 0xAA, 0xAA,
    0xA8, 0xA8, 0x87, 0x68, 0x66, 0x66, 0x67, 0xBB, 0xDD, 0xDD, 0x99, 0x55, 0x33, 0x21, 0x11, 0x11,
    0x11, 0x12, 0x23, 0x9C, 0xCC, 0xE9, 0x52, 0x66, 0x66, 0x76, 0x66, 0x66, 0x87, 0x78, 0xAA, 0xAA,
    0x88, 0xA8, 0x87, 0x68, 0x76, 0x66, 0x67, 0xBD, 0xDD, 0xDD, 0x88, 0x55, 0x53, 0x21, 0x11, 0x11,
    0x11, 0x11, 0x11, 0x23, 0x8C, 0xC5, 0x51, 0x66, 0x66, 0x76, 0x67, 0x66, 0x77, 0x78, 0xAA, 0xB8,
    0x8A, 0xAA, 0x87, 0x68, 0x66, 0x66, 0x47, 0xBD, 0xDD, 0xDD, 0x55, 0x35, 0x53, 0x22, 0x11, 0x11,
    0x11, 0x11, 0x21, 0x12, 0x13, 0x83, 0x41, 0x46, 0x66, 0x76, 0x66, 0x66, 0x87, 0x78, 0xAB, 0xA8,
    0x6A, 0xA8, 0x86, 0x68, 0x64, 0x66, 0x46, 0xBD, 0xDD, 0xDD, 0x55, 0x25, 0x55, 0x33, 0x21, 0x11,
    0x11, 0x11, 0x12, 0x23, 0x22, 0x55, 0x21, 0x46, 0x66, 0x64, 0x46, 0x66, 0x87, 0x78, 0xAB, 0xA8,
    0x48, 0xAA, 0x86, 0x67, 0x64, 0x66, 0x44, 0x9D, 0xBE, 0xEE, 0x53, 0x23, 0x55, 0x53, 0x22, 0x11,
    0x11, 0x11, 0x11, 0x12, 0x55, 0x55, 0x21, 0x47, 0x66, 0x64, 0x66, 0x66, 0x87, 0x78, 0xAB, 0xA6,
    0x46, 0xA8, 0x87, 0x67, 0x64, 0x64, 0x44, 0x6D, 0xDB, 0xFE, 0x63, 0x23, 0x35, 0x85, 0x53, 0x22,
    0x22, 0x11, 0x11, 0x12, 0x55, 0x58, 0x21, 0x47, 0x64, 0x46, 0x47, 0x66, 0x87, 0x78, 0xBB, 0x86,
    0x44, 0xA8, 0x87, 0x67, 0x64, 0x66, 0x44, 0x46, 0xFD, 0xBD, 0x83, 0x23, 0x35, 0x58, 0x88, 0x53,
    0x23, 0x21, 0x11, 0x23, 0x35, 0x5D, 0x41, 0x46, 0x44, 0x64, 0x67, 0x44, 0x86, 0x78, 0xAB, 0x66,
    0x42, 0x7A, 0x87, 0x67, 0x64, 0x44, 0x44, 0x64, 0xAF, 0xEB, 0xB5, 0x13, 0x33, 0x55, 0x88, 0x98,
    0x53, 0x33, 0x32, 0x33, 0x55, 0x8D, 0x71, 0x46, 0x64, 0x44, 0x66, 0x44, 0x77, 0x7A, 0xAA, 0x46,
    0x44, 0x68, 0x87, 0x46, 0x64, 0x44, 0x44, 0x64, 0x4D, 0xFE, 0xBA, 0x32, 0x33, 0x35, 0x55, 0x89,
    0xA8, 0x53, 0x33, 0x33, 0x35, 0xDD, 0x81, 0x46, 0x44, 0x44, 0x66, 0x44, 0x76, 0x78, 0xA7, 0x46,
    0x44, 0x47, 0x87, 0x46, 0x64, 0x44, 0x44, 0x44, 0x48, 0xFF, 0xFD, 0xA5, 0x32, 0x33, 0x35, 0x55,
    0x8A, 0xB9, 0x88, 0x55, 0x5B, 0xDB, 0x71, 0x46, 0x44, 0x44, 0x66, 0x44, 0x76, 0x78, 0xA4, 0x47,
    0x44, 0x44, 0x87, 0x66, 0x64, 0x44, 0x44, 0x44, 0x66, 0xEF, 0xFF, 0xDB, 0x42, 0x33, 0x33, 0x55,
    0x58, 0x99, 0xAB, 0xCB, 0xDD, 0xBB, 0x71, 0x46, 0x64, 0x44, 0x66, 0x44, 0x76, 0x78, 0x74, 0x46,
    0x42, 0x44, 0x67, 0x46, 0x44, 0x44, 0x44, 0x44, 0x64, 0xCF, 0xFF, 0xFD, 0xB5, 0x33, 0x33, 0x35,
    0x55, 0x89, 0x9D, 0xEE, 0xDB, 0xBD, 0x61, 0x46, 0x64, 0x44, 0x64, 0x44, 0x76, 0x78, 0x44, 0x46,
    0x42, 0x44, 0x47, 0x46, 0x44, 0x44, 0x44, 0x44, 0x44, 0xCF, 0xFF, 0xFF, 0xEB, 0x33, 0x33, 0x35,
    0x55, 0x89, 0xBB, 0xBB, 0xBB, 0xD8, 0x21, 0x47, 0x64, 0x46, 0x64, 0x44, 0x76, 0x86, 0x44, 0x46,
    0x62, 0x44, 0x24, 0x44, 0x44, 0x44, 0x44, 0x44, 0x46, 0xDF, 0xFF, 0xFF, 0xFE, 0x83, 0x33, 0x33,
    0x58, 0xAB, 0xDB, 0xDE, 0xEC, 0x61, 0x41, 0x47, 0x64, 0x46, 0x64, 0x44, 0x76, 0x74, 0x24, 0x46,
    0x62, 0x44, 0x42, 0x46, 0x44, 0x44, 0x44, 0x44, 0x46, 0xFF, 0xFF, 0xFF, 0xFF, 0xD6, 0x33, 0x33,
    0x7B, 0xEF, 0xFF, 0xFB, 0x86, 0x41, 0x42, 0x47, 0x44, 0x46, 0x64, 0x44, 0x66, 0x42, 0x24, 0x46,
    0x64, 0x44, 0x42, 0x24, 0x44, 0x44, 0x44, 0x44, 0x46, 0xEF, 0xFF, 0xFF, 0xFF, 0xFB, 0x33, 0x36,
    0xBF, 0xFF, 0xFF, 0xE8, 0x76, 0x41, 0x22, 0x47, 0x64, 0x46, 0x64, 0x44, 0x64, 0x22, 0x42, 0x46,
    0x62, 0x44, 0x42, 0x24, 0x44, 0x24, 0x44, 0x44, 0x46, 0xEF, 0xFF, 0xFF, 0xFF, 0xFD, 0x83, 0x38,
    0xFF, 0xFF, 0xFF, 0xFA, 0x76, 0x41, 0x22, 0x46, 0x44, 0x46, 0x74, 0x44, 0x62, 0x22, 0x22, 0x46,
    0x42, 0x44, 0x42, 0x22, 0x44, 0x24, 0x44, 0x44, 0x46, 0xEF, 0xEF, 0xFF, 0xFF, 0xFE, 0xA3, 0x3D,
    0xFF, 0xFF, 0xFF, 0xF8, 0x74, 0x41, 0x21, 0x46, 0x44, 0x47, 0x76, 0x44, 0x62, 0x22, 0x22, 0x44,
    0x42, 0x44, 0x42, 0x22, 0x44, 0x24, 0x44, 0x44, 0x47, 0xEE, 0xEF, 0xFF, 0xFF, 0xFF, 0xB3, 0x6D,
    0xFF, 0xFF, 0xFF, 0xF8, 0x76, 0x41, 0x21, 0x46, 0x44, 0x47, 0x76, 0x44, 0x42, 0x22, 0x22, 0x46,
    0x42, 0x44, 0x22, 0x22, 0x44, 0x24, 0x44, 0x22, 0x47, 0xFE, 0xEF, 0xFF, 0xFF, 0xFF, 0xD5, 0x6E,
    0xFF, 0xFE, 0xFF, 0xFA, 0x64, 0x41, 0x21, 0x46, 0x44, 0x47, 0x76, 0x44, 0x42, 0x22, 0x22, 0x46,
    0x42, 0x44, 0x42, 0x22, 0x44, 0x44, 0x44, 0x22, 0x27, 0xFE, 0xEF, 0xFF, 0xFF, 0xFF, 0xEC, 0xCF,
    0xFE, 0xEF, 0xFF, 0xFF, 0xC7, 0x41, 0x11, 0x46, 0x44, 0x46, 0x76, 0x24, 0x42, 0x22, 0x22, 0x46,
    0x42, 0x44, 0x42, 0x22, 0x64, 0x44, 0x44, 0x12, 0x8E, 0xFE, 0xEF, 0xFF, 0xFF, 0xFF, 0xF8, 0x6A,
    0xFE, 0xFF, 0xFF, 0xFF, 0xFF, 0xE8, 0x41, 0x46, 0x44, 0x26, 0x74, 0x44, 0x42, 0x22, 0x22, 0x46,
    0x42, 0x22, 0x22, 0x22, 0x64, 0x24, 0x24, 0x7E, 0xFF, 0xFF, 0xEF, 0xFF, 0xFF, 0xFF, 0xE6, 0x76,
    0xFE, 0xFF, 0xFF, 0xFF, 0xFF, 0xFF, 0xFC, 0x96, 0x42, 0x46, 0x44, 0x44, 0x42, 0x12, 0x22, 0x46,
    0x42, 0x22, 0x22, 0x24, 0x64, 0x24, 0x9E, 0xFF, 0xFF, 0xEF, 0xFF, 0xFF, 0xFF, 0xFF, 0xE7, 0xB7,
    0xFF, 0xFF, 0xFF, 0xFF, 0xFF, 0xFF, 0xFF, 0xFE, 0xA4, 0x12, 0x44, 0x44, 0x42, 0x12, 0x22, 0x46,
    0x42, 0x24, 0x22, 0x24, 0x64, 0xAF, 0xFF, 0xFE, 0xFE, 0xEF, 0xFF, 0xFF, 0xFF, 0xFF, 0xE7, 0x77,
    0xFF, 0xFF, 0xFF, 0xFF, 0xEF, 0xFF, 0xFF, 0xFF, 0xFE, 0x82, 0x24, 0x44, 0x42, 0x22, 0x22, 0x46,
    0x42, 0x22, 0x22, 0x12, 0xBE, 0xFF, 0xEE, 0xEF, 0xFD, 0xFF, 0xFF, 0xFF, 0xFF, 0xFF, 0xE7, 0x77,
    0xFF, 0xFF, 0xFF, 0xFF, 0xEF, 0xFF, 0xFF, 0xFF, 0xFF, 0xFE, 0xA4, 0x44, 0x42, 0x22, 0x22, 0x46,
    0x42, 0x22, 0x21, 0x6D, 0xFF, 0xFE, 0xEE, 0xFF, 0xEE, 0xFF, 0xFF, 0xFF, 0xFF, 0xFF, 0xE6, 0x77,
    0xFF, 0xFF, 0xFF, 0xFF, 0xFE, 0xFF, 0xFF, 0xFF, 0xFF, 0xEE, 0xFE, 0x82, 0x22, 0x22, 0x22, 0x46,
    0x42, 0x22, 0x4B, 0xFF, 0xEF, 0xEE, 0xEF, 0xFF, 0xDE, 0xFF, 0xFF, 0xFF, 0xFF, 0xFF, 0xF7, 0x6A,
    0xFF, 0xFF, 0xFF, 0xFF, 0xFE, 0xEF, 0xFF, 0xFF, 0xFF, 0xFE, 0xEF, 0xFC, 0x72, 0x12, 0x22, 0x46,
    0x42, 0x28, 0xFF, 0xEF, 0xFE, 0xEE, 0xFF, 0xFF, 0xDF, 0xFF, 0xFF, 0xFF, 0xFF, 0xFF, 0xFE, 0xBF,
    0xFF, 0xFF, 0xFF, 0xFF, 0xFF, 0xEF, 0xFF, 0xFF, 0xEF, 0xFF, 0xFE, 0xEF, 0xFC, 0x71, 0x12, 0x46,
    0x44, 0xCF, 0xFE, 0xFF, 0xFF, 0xEE, 0xFF, 0xFD, 0xEF, 0xFF, 0xEF, 0xFF, 0xFF, 0xFF, 0xD4, 0x46,
    0xEF, 0xFF, 0xFF, 0xFF, 0xFF, 0xEE, 0xFF, 0xFF, 0xFE, 0xFF, 0xFF, 0xFE, 0xEF, 0xFD, 0x82, 0x47,
    0x6E, 0xFE, 0xEF, 0xFE, 0xEE, 0xEF, 0xFF, 0xFD, 0xFF, 0xFF, 0xEE, 0xEF, 0xFF, 0xFF, 0x42, 0x44,
    0xAF, 0xFF, 0xFF, 0xEF, 0xFF, 0xED, 0xFF, 0xFF, 0xFF, 0xEE, 0xFF, 0xFF, 0xFE, 0xEF, 0xFC, 0x77,
};

static const uint8_t coup_animdata_assassin_f02[3072] = {
    0xAA, 0xA8, 0xA9, 0xAB, 0xAA, 0xA8, 0xA8, 0xA8, 0x88, 0x8A, 0xA4, 0x86, 0x67, 0x8A, 0xAA, 0xAA,
    0xAA, 0xAA, 0xAA, 0xAA, 0xA8, 0x64, 0xAC, 0xBA, 0xA8, 0xAA, 0xAA, 0x88, 0xAA, 0xA8, 0x89, 0xAB,
    0xAA, 0x8A, 0xA8, 0xCD, 0xBB, 0xBA, 0xBC, 0xDC, 0xCB, 0xCE, 0xD6, 0xB8, 0x8A, 0xCE, 0xEE, 0xEE,
    0xDD, 0xDD, 0xDD, 0xDD, 0xCB, 0x87, 0xDE, 0xCB, 0xBC, 0xCC, 0xCC, 0xBB, 0xCC, 0xAA, 0x89, 0x9A,
    0xA8, 0x8A, 0x8B, 0xCC, 0xBA, 0xAA, 0xAB, 0xCB, 0xBB, 0xBD, 0xC4, 0xA7, 0x88, 0xBE, 0xDD, 0xDD,
    0xDD, 0xDD, 0xDD, 0xCD, 0xCA, 0x87, 0xBD, 0xCB, 0xBB, 0xDC, 0xBB, 0xAA, 0xBC, 0xAA, 0xA8, 0x9A,
    0x89, 0xA7, 0xBC, 0xCC, 0xAA, 0xAA, 0xAB, 0xCB, 0xBB, 0xCD, 0xA4, 0xA7, 0x88, 0xBE, 0xDD, 0xDD,
    0xDD, 0xDD, 0xDD, 0xCD, 0xCA, 0x87, 0xAC, 0xCA, 0x77, 0x87, 0x87, 0x77, 0xAC, 0xBA, 0xA8, 0x8A,
    0x8A, 0x78, 0xCB, 0xCC, 0xAA, 0xAA, 0xAB, 0xCB, 0xBB, 0xCD, 0xA2, 0xA7, 0x88, 0xBE, 0xDD, 0xDD,
    0xDD, 0xDD, 0xDD, 0xCC, 0xCA, 0x87, 0xAC, 0xCA, 0xDD, 0xDC, 0xDD, 0xCD, 0xDC, 0xBB, 0xAA, 0x89,
    0xA8, 0x8C, 0xCB, 0xCC, 0xAA, 0xAA, 0xAB, 0xCB, 0xBB, 0xCD, 0x81, 0x87, 0xA8, 0xAE, 0xDD, 0xDD,
    0xDD, 0xDD, 0xDD, 0xCC, 0xCA, 0x87, 0x8D, 0xBC, 0xEE, 0xED, 0xDE, 0xDE, 0xEC, 0xBB, 0xBA, 0xA8,
    0xA7, 0xCC, 0xCA, 0xCC, 0xAA, 0xAA, 0xAA, 0xCB, 0xBB, 0xCD, 0x81, 0x87, 0xA7, 0xAD, 0xDD, 0xDD,
    0xDD, 0xDD, 0xDD, 0xCC, 0xC8, 0x87, 0x7A, 0xBE, 0xDD, 0xDD, 0xDE, 0xDD, 0xEE, 0xCB, 0xBC, 0xAA,
    0xBC, 0xCC, 0xCA, 0xBB, 0xAA, 0xAA, 0xAA, 0xCB, 0xBB, 0xCD, 0x71, 0x87, 0xA7, 0xAD, 0xDD, 0xDD,
    0xDD, 0xDD, 0xDD, 0xCC, 0xC7, 0x87, 0x68, 0xEE, 0xDE, 0xEE, 0xDE, 0xED, 0xDD, 0xDC, 0xBD, 0xBA,
    0xED, 0xCC, 0xCA, 0xBB, 0x8A, 0xAA, 0xAA, 0xCB, 0xBB, 0xCC, 0x61, 0x87, 0x87, 0xAD, 0xDD, 0xDD,
    0xDD, 0xDD, 0xDD, 0xCC, 0xC7, 0x87, 0xAC, 0xED, 0xDE, 0xDC, 0xEA, 0xAE, 0xDD, 0xDE, 0xCC, 0xDB,
    0xED, 0xBB, 0xCA, 0xBB, 0x88, 0x8A, 0xAA, 0xCB, 0xBC, 0xCE, 0x71, 0x87, 0x86, 0xAD, 0xDD, 0xDD,
    0xDD, 0xDD, 0xDD, 0xCC, 0xC7, 0x87, 0xBE, 0xDD, 0xEE, 0xB8, 0xC4, 0x4C, 0xED, 0xDE, 0xDC, 0xDC,
    0xED, 0xBB, 0xC8, 0xBB, 0x88, 0x88, 0xAA, 0xCB, 0xCA, 0x77, 0x41, 0x77, 0x86, 0xAD, 0xDD, 0xDD,
    0xDD, 0xDD, 0xDD, 0xCC, 0xC7, 0x88, 0xBD, 0xDD, 0xDC, 0xC8, 0xB4, 0x6C, 0xED, 0xDE, 0xDC, 0xDC,
    0xED, 0xBB, 0xC8, 0xBB, 0x78, 0x88, 0xAA, 0xCB, 0x41, 0x12, 0x11, 0x22, 0x44, 0xBE, 0xDD, 0xDD,
    0xDD, 0xDD, 0xDD, 0xCC, 0xC7, 0x88, 0xCD, 0xDD, 0xDE, 0xE8, 0xB6, 0xCD, 0xDD, 0xDE, 0xDC, 0xEC,
    0xDC, 0xBB, 0xB8, 0xAB, 0x78, 0x88, 0xAA, 0xC3, 0x25, 0x99, 0x95, 0x32, 0x11, 0x8D, 0xEE, 0xDD,
    0xDD, 0xDD, 0xDD, 0xCC, 0xC7, 0x88, 0xCD, 0xDD, 0xDE, 0x86, 0xC4, 0xBE, 0xDD, 0xDE, 0xDC, 0xEC,
    0xDC, 0xBA, 0xB8, 0xAA, 0x78, 0x88, 0xAB, 0x73, 0xCC, 0xCC, 0xCC, 0x85, 0x31, 0x12, 0x6A, 0x8A,
    0xDD, 0xDD, 0xCC, 0xCC, 0xC7, 0x88, 0xCD, 0xDD, 0xEC, 0x44, 0xA4, 0x4C, 0xED, 0xDE, 0xDC, 0xDD,
    0xDC, 0xBA, 0xB8, 0xAA, 0x77, 0x78, 0xA8, 0x25, 0x9E, 0xEE, 0xFC, 0xC9, 0x53, 0x22, 0x22, 0x23,
    0x5B, 0xDC, 0xCC, 0xCC, 0xC7, 0x88, 0xDD, 0xDD, 0xEC, 0x68, 0xD9, 0x4C, 0xED, 0xDE, 0xDB, 0xDD,
    0xDC, 0xBA, 0xB8, 0xAA, 0x77, 0x78, 0xA6, 0x28, 0xCC, 0xCE, 0xEE, 0xE9, 0x95, 0x32, 0x22, 0x35,
    0x53, 0xBD, 0xCD, 0xCC, 0xC7, 0x8A, 0xDD, 0xDE, 0xED, 0xCC, 0xEC, 0xCE, 0xDE, 0xDE, 0xEB, 0xDD,
    0xDC, 0xAA, 0xB7, 0xAA, 0x67, 0x78, 0xA4, 0x39, 0xCC, 0xCC, 0xCE, 0xEC, 0x95, 0x33, 0x23, 0x59,
    0x98, 0xAD, 0xCC, 0xCC, 0xC7, 0x8A, 0xDD, 0xDE, 0xED, 0xDD, 0xEE, 0xDD, 0xDD, 0xDD, 0xEB, 0xDD,
    0xDC, 0xAA, 0xB7, 0xAA, 0x67, 0x77, 0xA3, 0x59, 0xCC, 0xCC, 0xCE, 0xEE, 0xC9, 0x53, 0x59, 0x9C,
    0xC9, 0xBD, 0xDC, 0xCC, 0xB7, 0x88, 0xDE, 0xEE, 0xEE, 0xED, 0xDE, 0xEE, 0xEE, 0xED, 0xDC, 0xCD,
    0xDC, 0xAA, 0xB7, 0xAA, 0x67, 0x77, 0x83, 0x59, 0xC9, 0xCC, 0xEE, 0xEE, 0xEE, 0xCC, 0xEF, 0xFC,
    0xBB, 0xDD, 0xDD, 0xCC, 0xB7, 0xAB, 0xED, 0xED, 0xA8, 0xCE, 0xDD, 0xA8, 0xAB, 0xAE, 0xDD, 0xDD,
    0xDC, 0xAA, 0xB7, 0xAA, 0x67, 0x77, 0x83, 0x59, 0x99, 0x99, 0xCC, 0xCE, 0xCC, 0xCE, 0xEF, 0xFD,
    0xDD, 0xDD, 0xDD, 0xCC, 0xC6, 0xCE, 0xDC, 0xDC, 0x64, 0x8E, 0xEE, 0x64, 0x68, 0x8E, 0xDE, 0xDD,
    0xDC, 0xAA, 0xB7, 0xAA, 0x67, 0x77, 0x83, 0x59, 0x99, 0x99, 0xCD, 0xCC, 0xCC, 0xCE, 0xEE, 0xFD,
    0xDD, 0xDD, 0xDC, 0xCC, 0xB7, 0xAE, 0xDD, 0xCB, 0x64, 0xBE, 0xCE, 0xA4, 0x68, 0xCD, 0xEE, 0xDC,
    0xDC, 0xA8, 0xA7, 0xAA, 0x66, 0x67, 0x74, 0x35, 0x99, 0x99, 0xCC, 0xCC, 0xB9, 0xCE, 0xFE, 0xFD,
    0xDD, 0xDD, 0xDC, 0xCC, 0xB7, 0x8C, 0xFE, 0xEB, 0x68, 0xEB, 0x8B, 0xE7, 0x6D, 0xEE, 0xEC, 0xDC,
    0xDC, 0xA8, 0xA7, 0xAA, 0x67, 0x67, 0x77, 0x35, 0x99, 0x99, 0xCC, 0xAC, 0xA9, 0xCE, 0xFE, 0xED,
    0xDD, 0xDD, 0xDC, 0xCC, 0xB7, 0xA8, 0x78, 0xDE, 0xDE, 0xE8, 0xA6, 0xEC, 0xED, 0xAC, 0xBB, 0xDC,
    0xDB, 0x88, 0xA7, 0xAA, 0x66, 0x67, 0x77, 0x83, 0x59, 0x99, 0x9C, 0x9C, 0x99, 0xCE, 0xFE, 0xED,
    0xDD, 0xDD, 0xDD, 0xCC, 0xB7, 0xA8, 0x12, 0xBD, 0xEE, 0xDB, 0xCA, 0xDD, 0xEB, 0x6A, 0xAB, 0xDC,
    0xDB, 0x88, 0xA7, 0xAA, 0x67, 0x67, 0x67, 0xC5, 0x35, 0x55, 0x9C, 0x99, 0x97, 0xBE, 0xEE, 0xED,
    0xDD, 0xDD, 0xCD, 0xCC, 0xB7, 0x88, 0x24, 0xCC, 0xEE, 0xEE, 0xEE, 0xED, 0xEB, 0x6A, 0xAA, 0xCC,
    0xDB, 0x88, 0xA7, 0xAA, 0x77, 0x77, 0x67, 0xB8, 0x53, 0x33, 0x59, 0x99, 0xA7, 0xBD, 0xEE, 0xFE,
    0xCD, 0xDD, 0xDD, 0xCC, 0xB7, 0xA8, 0x24, 0xCC, 0xDE, 0xEE, 0xEE, 0xED, 0xEA, 0x7A, 0xAA, 0xCC,
    0xDB, 0x88, 0xA7, 0xAA, 0x77, 0x67, 0x67, 0xB8, 0xA8, 0x85, 0x35, 0x9A, 0xA6, 0xBD, 0xEC, 0xC9,
    0x99, 0x99, 0xBC, 0xCC, 0xB8, 0xA7, 0x24, 0xCC, 0xDD, 0xCE, 0xDE, 0xDE, 0xDA, 0x78, 0xAA, 0xCC,
    0xDB, 0x88, 0x87, 0xAA, 0x67, 0x67, 0x77, 0xB8, 0xAA, 0xCB, 0x21, 0x4A, 0xA6, 0xB9, 0x55, 0x55,
    0x55, 0x55, 0x99, 0xBB, 0xB8, 0xA7, 0x12, 0xCB, 0xEC, 0xCE, 0xCF, 0xBD, 0xCA, 0x78, 0x8A, 0xCD,
    0xDB, 0x88, 0x87, 0xAA, 0x67, 0x66, 0x67, 0xB8, 0xAA, 0xCB, 0x21, 0x4A, 0xA6, 0x33, 0x35, 0x53,
    0x55, 0x55, 0x59, 0x99, 0xA7, 0xA7, 0x12, 0xCB, 0xEC, 0xBE, 0xAE, 0x8D, 0xBA, 0x78, 0x8A, 0xCC,
    0xDA, 0x88, 0x87, 0xAA, 0x67, 0x66, 0x67, 0xB7, 0x8A, 0xCB, 0x21, 0x4A, 0x31, 0x13, 0x35, 0x33,
    0x55, 0x59, 0x99, 0x99, 0x98, 0xA7, 0x12, 0xBB, 0xB8, 0xCD, 0x8E, 0x88, 0x8A, 0x78, 0x8A, 0xCC,
    0xDA, 0x88, 0x87, 0xAA, 0x67, 0x66, 0x67, 0xB7, 0x8A, 0xCA, 0x21, 0x43, 0x11, 0x25, 0x35, 0x55,
    0x55, 0x99, 0x99, 0xC9, 0xC9, 0xA7, 0x12, 0xBA, 0x87, 0xCD, 0x7E, 0x76, 0x7A, 0x78, 0x8A, 0xCC,
    0xDB, 0x88, 0x87, 0xAA, 0x66, 0x66, 0x67, 0xB7, 0x88, 0xCA, 0x22, 0x11, 0x11, 0x35, 0x55, 0x55,
    0x59, 0x99, 0x9C, 0xCC, 0xCC, 0x96, 0x12, 0xBA, 0x87, 0xCC, 0x6D, 0x76, 0x7A, 0x78, 0x8A, 0xCC,
    0xCA, 0x88, 0x87, 0xAA, 0x67, 0x66, 0x67, 0xB7, 0x78, 0xCA, 0x21, 0x11, 0x22, 0x35, 0x55, 0x55,
    0x99, 0x99, 0x99, 0xCC, 0xCC, 0xC9, 0x42, 0xAA, 0x87, 0xA8, 0x67, 0x66, 0x7A, 0x78, 0x8A, 0xCC,
    0xCA, 0x88, 0x87, 0xAA, 0x66, 0x66, 0x67, 0xB7, 0x78, 0xCA, 0x21, 0x22, 0x22, 0x35, 0x55, 0x59,
    0x99, 0x99, 0x99, 0x99, 0xCC, 0xC9, 0x94, 0xAA, 0x87, 0xA7, 0x66, 0x66, 0x7A, 0x78, 0x8A, 0xCC,
    0xCA, 0x88, 0x88, 0xAA, 0x66, 0x66, 0x67, 0xB7, 0x77, 0xBA, 0x12, 0x33, 0x22, 0x35, 0x55, 0x59,
    0x99, 0x99, 0x99, 0x99, 0x99, 0xC9, 0x99, 0xAA, 0x87, 0xA7, 0x66, 0x66, 0x7A, 0x78, 0x89, 0xCD,
    0xCA, 0x88, 0x87, 0xAA, 0x66, 0x66, 0x67, 0xB7, 0x77, 0xC7, 0x23, 0x33, 0x22, 0x23, 0x55, 0x59,
    0x99, 0x99, 0x99, 0x99, 0x99, 0xCC, 0x99, 0x98, 0x87, 0xA7, 0x66, 0x66, 0x7A, 0x78, 0x88, 0xCD,
    0xDA, 0x88, 0x87, 0xAA, 0x66, 0x66, 0x67, 0xB7, 0x77, 0xA2, 0x33, 0x53, 0x32, 0x23, 0x33, 0x55,
    0x55, 0x59, 0x99, 0x99, 0x99, 0x99, 0x99, 0x98, 0x77, 0xA7, 0x66, 0x66, 0x7A, 0x78, 0x88, 0xCD,
    0xDA, 0x88, 0x87, 0x8A, 0x66, 0x66, 0x67, 0xA7, 0x77, 0x72, 0x55, 0x55, 0x33, 0x33, 0x33, 0x55,
    0x55, 0x55, 0x55, 0x95, 0x59, 0x99, 0x99, 0x99, 0x76, 0xA7, 0x66, 0x64, 0x7A, 0x78, 0x89, 0xCD,
    0xCB, 0x88, 0x87, 0x8A, 0x66, 0x66, 0x67, 0xA7, 0x77, 0x33, 0x55, 0x53, 0x33, 0x33, 0x33, 0x33,
    0x53, 0x35, 0x55, 0x55, 0x55, 0x99, 0x99, 0x99, 0x86, 0xA7, 0x66, 0x44, 0x7A, 0x78, 0x89, 0xCC,
    0xCA, 0x88, 0x87, 0xAA, 0x66, 0x66, 0x67, 0xA7, 0x76, 0x35, 0x55, 0x53, 0x32, 0x32, 0x33, 0x33,
    0x33, 0x33, 0x35, 0x55, 0x55, 0x99, 0x55, 0x99, 0x86, 0xA7, 0x66, 0x44, 0x7A, 0x78, 0x8A, 0xCC,
    0xCB, 0x88, 0x87, 0xAA, 0x66, 0x66, 0x67, 0xA7, 0x74, 0x35, 0x85, 0x55, 0x22, 0x22, 0x33, 0x21,
    0x12, 0x33, 0x33, 0x33, 0x35, 0x55, 0x55, 0x58, 0x56, 0x87, 0x66, 0x64, 0x7A, 0x78, 0x8A, 0xCC,
    0xCB, 0x88, 0x87, 0xA8, 0x66, 0x66, 0x67, 0xA7, 0x74, 0x35, 0x95, 0x55, 0x32, 0x12, 0x32, 0x11,
    0x11, 0x11, 0x22, 0x31, 0x23, 0x55, 0x55, 0x55, 0x56, 0x87, 0x66, 0x66, 0x7A, 0x78, 0x8A, 0xCC,
    0xBB, 0x88, 0x87, 0xA8, 0x66, 0x66, 0x67, 0xA7, 0x74, 0x55, 0x95, 0x53, 0x32, 0x22, 0x21, 0x11,
    0x11, 0x11, 0x11, 0x11, 0x22, 0x33, 0x33, 0x35, 0x55, 0x87, 0x66, 0x66, 0x7A, 0x78, 0x8A, 0xCC,
    0xBB, 0x88, 0x87, 0xA8, 0x66, 0x66, 0x67, 0xA7, 0x73, 0x55, 0x55, 0x53, 0x22, 0x33, 0x11, 0x11,
    0x11, 0x11, 0x11, 0x11, 0x11, 0x12, 0x23, 0x35, 0x53, 0x87, 0x66, 0x66, 0x7A, 0x78, 0x8A, 0xCC,
    0xBB, 0x88, 0x87, 0xA8, 0x66, 0x66, 0x67, 0xA7, 0x75, 0x55, 0x55, 0x52, 0x12, 0x32, 0x11, 0x11,
    0x11, 0x11, 0x11, 0x11, 0x11, 0x11, 0x11, 0x23, 0x53, 0x87, 0x66, 0x66, 0x8A, 0x78, 0x8A, 0xCC,
    0xBB, 0x88, 0x87, 0xA8, 0x66, 0x66, 0x67, 0xA6, 0x75, 0x55, 0x53, 0x32, 0x12, 0x32, 0x11, 0x11,
    0x11, 0x11, 0x11, 0x11, 0x11, 0x12, 0x11, 0x23, 0x33, 0x77, 0x66, 0x66, 0x7A, 0x78, 0x8A, 0xBC,
    0xBB, 0x88, 0x87, 0xA8, 0x66, 0x66, 0x67, 0xA6, 0x78, 0x55, 0x33, 0x32, 0x22, 0x21, 0x11, 0x22,
    0x22, 0x12, 0x21, 0x22, 0x11, 0x11, 0x11, 0x23, 0x33, 0x67, 0x66, 0x66, 0x7A, 0x78, 0x8A, 0xCC,
    0xBB, 0x88, 0x87, 0xA8, 0x66, 0x66, 0x67, 0xA7, 0x42, 0x55, 0x33, 0x33, 0x21, 0x11, 0x23, 0x56,
    0x77, 0x64, 0x53, 0x55, 0x32, 0x22, 0x11, 0x23, 0x32, 0x57, 0x66, 0x66, 0x8A, 0x78, 0x8A, 0xCC,
    0xBB, 0xA8, 0x87, 0xA8, 0x66, 0x66, 0x67, 0xA6, 0x23, 0x35, 0x33, 0x33, 0x11, 0x11, 0x24, 0x47,
    0xBD, 0xC6, 0x42, 0x11, 0x23, 0x52, 0x22, 0x22, 0x22, 0x67, 0x66, 0x66, 0x8A, 0x78, 0x8A, 0xCC,
    0xBB, 0xA8, 0x87, 0xA8, 0x66, 0x66, 0x67, 0xA3, 0x59, 0x33, 0x53, 0x32, 0x22, 0x11, 0x44, 0x47,
    0x8A, 0x84, 0x62, 0x11, 0x11, 0x26, 0x62, 0x22, 0x21, 0x77, 0x66, 0x66, 0x7A, 0x78, 0x8A, 0xBC,
    0xBB, 0xA8, 0x87, 0xAA, 0x66, 0x66, 0x67, 0xA3, 0x53, 0x93, 0x53, 0x32, 0x44, 0x22, 0x44, 0x44,
    0x67, 0x73, 0x56, 0x11, 0x11, 0x23, 0x14, 0x32, 0x21, 0x87, 0x66, 0x66, 0x7A, 0x78, 0x8A, 0xBB,
    0xBB, 0xA8, 0x87, 0xA8, 0x77, 0x66, 0x67, 0x83, 0x32, 0x55, 0x33, 0x33, 0x44, 0x44, 0x44, 0x46,
    0x44, 0x66, 0x67, 0x11, 0x12, 0x34, 0x11, 0x43, 0x22, 0x87, 0x66, 0x66, 0x8A, 0x78, 0x8A, 0xBC,
    0xBB, 0xA8, 0x87, 0xA8, 0x66, 0x66, 0x67, 0x83, 0x22, 0x59, 0x33, 0x36, 0x76, 0x44, 0x44, 0x44,
    0x24, 0x46, 0x41, 0x11, 0x12, 0x37, 0x72, 0x26, 0x24, 0x87, 0x66, 0x66, 0x7A, 0x78, 0x8A, 0xBB,
    0xAB, 0xA8, 0x87, 0xAA, 0x66, 0x66, 0x67, 0x82, 0x25, 0x99, 0x33, 0x57, 0x87, 0x64, 0x11, 0x11,
    0x14, 0x12, 0x11, 0x11, 0x22, 0x37, 0xC8, 0x26, 0x56, 0x87, 0x66, 0x66, 0x7A, 0x78, 0x8A, 0xBB,
    0xAA, 0xA8, 0x87, 0xA8, 0x66, 0x67, 0x67, 0x83, 0x29, 0x95, 0x53, 0x58, 0x87, 0x72, 0x11, 0x11,
    0x11, 0x11, 0x11, 0x11, 0x22, 0x35, 0x76, 0xA8, 0x76, 0x87, 0x66, 0x66, 0x7A, 0x78, 0x8A, 0xBB,
    0xAA, 0xA8, 0x88, 0x88, 0x66, 0x77, 0x67, 0x83, 0x25, 0x58, 0x33, 0x87, 0x55, 0x72, 0x11, 0x11,
    0x11, 0x11, 0x11, 0x12, 0x32, 0x23, 0x8B, 0xB8, 0x76, 0x87, 0x66, 0x66, 0x7A, 0x78, 0x8A, 0xBB,
    0xAA, 0xA8, 0x88, 0x88, 0x76, 0x76, 0x67, 0x85, 0x32, 0x39, 0x33, 0x55, 0x55, 0x32, 0x11, 0x11,
    0x11, 0x11, 0x11, 0x13, 0x51, 0x13, 0x67, 0x78, 0x66, 0x87, 0x66, 0x66, 0x8A, 0x78, 0x8A, 0xBB,
    0xAA, 0xA8, 0x88, 0x88, 0x66, 0x77, 0x67, 0x86, 0x23, 0x35, 0x53, 0x55, 0x53, 0x32, 0x11, 0x11,
    0x11, 0x11, 0x11, 0x13, 0x33, 0x21, 0x87, 0x77, 0x76, 0x87, 0x67, 0x76, 0x7A, 0x78, 0x8A, 0xAB,
    0xBB, 0xA8, 0x87, 0x88, 0x66, 0x77, 0x67, 0x87, 0x32, 0x5C, 0xD5, 0x35, 0x53, 0x33, 0x21, 0x11,
    0x11, 0x11, 0x12, 0x23, 0x59, 0x32, 0x88, 0x87, 0x76, 0x87, 0x67, 0x66, 0x78, 0x78, 0x8A, 0xAC,
    0xBA, 0xA8, 0x77, 0x88, 0x66, 0x77, 0x67, 0x87, 0x73, 0x3C, 0xE5, 0x55, 0x53, 0x33, 0x21, 0x11,
    0x11, 0x11, 0x22, 0x33, 0x33, 0x35, 0x55, 0x77, 0x76, 0x87, 0x66, 0x66, 0x78, 0x78, 0x8A, 0xBB,
    0xBB, 0x88, 0x77, 0x88, 0x66, 0x77, 0x67, 0x87, 0xBB, 0x53, 0x55, 0x55, 0x33, 0x33, 0x31, 0x11,
    0x11, 0x11, 0x22, 0x33, 0x33, 0x55, 0x35, 0x77, 0x76, 0x87, 0x66, 0x66, 0x78, 0x78, 0x8A, 0xBA,
    0xAB, 0xA7, 0x77, 0x88, 0x66, 0x77, 0x67, 0x7B, 0xBB, 0xD9, 0x99, 0x35, 0x33, 0x33, 0x31, 0x11,
    0x11, 0x11, 0x22, 0x23, 0x33, 0x55, 0x35, 0x87, 0x76, 0x87, 0x67, 0x66, 0x88, 0x78, 0x8A, 0xBA,
    0xAA, 0xA7, 0x76, 0x88, 0x66, 0x77, 0x67, 0xBB, 0xBB, 0xDA, 0x99, 0x35, 0x33, 0x33, 0x32, 0x11,
    0x11, 0x11, 0x22, 0x25, 0x95, 0x58, 0x35, 0x87, 0x77, 0x77, 0x67, 0x76, 0x78, 0x67, 0x8A, 0xAA,
    0xAA, 0xA8, 0x76, 0x78, 0x66, 0x77, 0x67, 0xBB, 0xBD, 0xD8, 0x59, 0x55, 0x33, 0x22, 0x32, 0x11,
    0x11, 0x12, 0x13, 0xBE, 0xEC, 0xC9, 0x55, 0x67, 0x77, 0x77, 0x67, 0x76, 0x88, 0x68, 0x8A, 0xAA,
    0xAA, 0xA8, 0x76, 0x78, 0x66, 0x77, 0x67, 0xBB, 0xBB, 0xD8, 0x59, 0x55, 0x32, 0x22, 0x22, 0x11,
    0x11, 0x13, 0x8E, 0xE6, 0x4C, 0xE9, 0x54, 0x47, 0x76, 0x77, 0x67, 0x76, 0x78, 0x78, 0x8A, 0xAA,
    0x8A, 0xA8, 0x76, 0x77, 0x66, 0x66, 0x6B, 0xBB, 0xDD, 0xDB, 0x59, 0x55, 0x32, 0x21, 0x21, 0x11,
    0x11, 0x13, 0x8B, 0xCB, 0x89, 0xEA, 0x52, 0x47, 0x66, 0x77, 0x66, 0x66, 0x78, 0x68, 0x8A, 0xAA,
    0x8A, 0xA8, 0x76, 0x78, 0x66, 0x66, 0x6B, 0xBB, 0xDD, 0xDD, 0x98, 0x55, 0x32, 0x21, 0x11, 0x11,
    0x11, 0x11, 0x12, 0x59, 0xCC, 0xE9, 0x52, 0x47, 0x66, 0x76, 0x66, 0x66, 0x78, 0x78, 0x8A, 0xAB,
    0x8A, 0xA8, 0x76, 0x77, 0x66, 0x66, 0x6B, 0xDD, 0xDD, 0xDC, 0x55, 0x55, 0x53, 0x22, 0x11, 0x11,
    0x11, 0x12, 0x21, 0x12, 0x39, 0xC5, 0x52, 0x47, 0x66, 0x76, 0x66, 0x66, 0x68, 0x77, 0x8A, 0xBA,
    0xAA, 0xA8, 0x76, 0x77, 0x66, 0x66, 0x4A, 0xDD, 0xDD, 0xDD, 0x55, 0x35, 0x53, 0x22, 0x21, 0x11,
    0x11, 0x11, 0x11, 0x12, 0x12, 0x85, 0x41, 0x46, 0x66, 0x66, 0x66, 0x66, 0x78, 0x78, 0xAA, 0xBA,
    0x8A, 0xA8, 0x76, 0x77, 0x44, 0x66, 0x47, 0xBD, 0xDD, 0xDD, 0x53, 0x25, 0x55, 0x33, 0x21, 0x11,
    0x11, 0x11, 0x11, 0x23, 0x32, 0x55, 0x21, 0x47, 0x66, 0x66, 0x46, 0x66, 0x78, 0x78, 0xAB, 0xBA,
    0x6A, 0xA8, 0x76, 0x67, 0x46, 0x66, 0x44, 0xBD, 0xDE, 0xED, 0x53, 0x23, 0x55, 0x55, 0x32, 0x21,
    0x11, 0x11, 0x11, 0x11, 0x55, 0x55, 0x21, 0x47, 0x66, 0x64, 0x66, 0x76, 0x78, 0x78, 0xAB, 0xB7,
    0x48, 0xA8, 0x76, 0x67, 0x46, 0x64, 0x44, 0x6E, 0xDB, 0xFD, 0x63, 0x33, 0x35, 0x88, 0x53, 0x22,
    0x22, 0x11, 0x11, 0x12, 0x35, 0x5A, 0x41, 0x27, 0x64, 0x46, 0x46, 0x74, 0x77, 0x78, 0xAB, 0xA6,
    0x27, 0xA8, 0x86, 0x67, 0x44, 0x64, 0x44, 0x47, 0xFD, 0xBD, 0x83, 0x23, 0x35, 0x55, 0x88, 0x53,
    0x23, 0x22, 0x11, 0x23, 0x35, 0x5D, 0x81, 0x27, 0x64, 0x64, 0x46, 0x64, 0x77, 0x68, 0xAB, 0x84,
    0x24, 0xA8, 0x86, 0x67, 0x44, 0x44, 0x44, 0x64, 0xBF, 0xEB, 0xB5, 0x13, 0x33, 0x55, 0x88, 0x99,
    0x53, 0x33, 0x33, 0x33, 0x55, 0x8D, 0xB1, 0x26, 0x64, 0x44, 0x46, 0x44, 0x77, 0x68, 0xAB, 0x74,
    0x24, 0x78, 0x86, 0x66, 0x44, 0x44, 0x44, 0x64, 0x6E, 0xFE, 0xBA, 0x32, 0x33, 0x33, 0x55, 0x89,
    0xA9, 0x53, 0x33, 0x33, 0x35, 0xDD, 0xB1, 0x26, 0x64, 0x44, 0x46, 0x44, 0x67, 0x68, 0xAA, 0x44,
    0x24, 0x48, 0x76, 0x66, 0x44, 0x44, 0x44, 0x44, 0x4B, 0xFF, 0xFD, 0xB5, 0x22, 0x33, 0x35, 0x55,
    0x89, 0xBA, 0x88, 0x85, 0x5B, 0xDB, 0xB1, 0x26, 0x44, 0x44, 0x66, 0x44, 0x67, 0x68, 0xA7, 0x46,
    0x24, 0x46, 0x86, 0x66, 0x44, 0x44, 0x44, 0x44, 0x67, 0xFF, 0xFF, 0xDB, 0x42, 0x33, 0x33, 0x55,
    0x58, 0x99, 0xAB, 0xCC, 0xDD, 0xBB, 0xA1, 0x26, 0x64, 0x44, 0x66, 0x44, 0x66, 0x68, 0x84, 0x44,
    0x24, 0x44, 0x76, 0x66, 0x44, 0x44, 0x44, 0x44, 0x66, 0xEF, 0xFF, 0xFD, 0xB5, 0x33, 0x33, 0x35,
    0x55, 0x89, 0x9D, 0xED, 0xDB, 0xBD, 0x81, 0x26, 0x64, 0x44, 0x66, 0x44, 0x66, 0x68, 0x64, 0x44,
    0x24, 0x44, 0x66, 0x46, 0x44, 0x44, 0x44, 0x44, 0x64, 0xEF, 0xFF, 0xFF, 0xEB, 0x33, 0x33, 0x35,
    0x55, 0x88, 0xBB, 0xBB, 0xBB, 0xD8, 0x41, 0x27, 0x64, 0x44, 0x66, 0x44, 0x67, 0x68, 0x44, 0x44,
    0x24, 0x44, 0x44, 0x44, 0x44, 0x44, 0x44, 0x44, 0x47, 0xFF, 0xFF, 0xFF, 0xFD, 0x73, 0x33, 0x33,
    0x58, 0xAB, 0xDD, 0xDE, 0xEC, 0x81, 0x42, 0x47, 0x64, 0x46, 0x66, 0x44, 0x66, 0x66, 0x24, 0x44,
    0x44, 0x44, 0x22, 0x44, 0x44, 0x44, 0x44, 0x44, 0x48, 0xFF, 0xFF, 0xFF, 0xFF, 0xD6, 0x33, 0x33,
    0x7B, 0xEF, 0xFF, 0xFB, 0x84, 0x41, 0x22, 0x47, 0x64, 0x44, 0x66, 0x44, 0x66, 0x42, 0x42, 0x44,
    0x44, 0x44, 0x22, 0x44, 0x44, 0x44, 0x44, 0x44, 0x48, 0xFF, 0xFF, 0xFF, 0xFF, 0xEB, 0x33, 0x36,
    0xDF, 0xFF, 0xFF, 0xFA, 0x86, 0x61, 0x22, 0x47, 0x64, 0x44, 0x66, 0x44, 0x66, 0x22, 0x42, 0x44,
    0x24, 0x44, 0x22, 0x24, 0x44, 0x24, 0x44, 0x44, 0x48, 0xFF, 0xFF, 0xFF, 0xFF, 0xFD, 0x73, 0x38,
    0xFF, 0xFF, 0xFF, 0xFA, 0x74, 0x61, 0x22, 0x47, 0x64, 0x44, 0x76, 0x44, 0x64, 0x22, 0x22, 0x44,
    0x24, 0x44, 0x22, 0x24, 0x44, 0x24, 0x44, 0x44, 0x48, 0xFE, 0xEF, 0xFF, 0xFF, 0xFE, 0xA3, 0x3D,
    0xFF, 0xFF, 0xFF, 0xFA, 0x74, 0x61, 0x21, 0x46, 0x64, 0x46, 0x76, 0x44, 0x64, 0x22, 0x22, 0x44,
    0x22, 0x44, 0x22, 0x22, 0x42, 0x24, 0x44, 0x44, 0x48, 0xFE, 0xEF, 0xFF, 0xFF, 0xFF, 0xB3, 0x6D,
    0xFF, 0xFF, 0xFF, 0xF8, 0x84, 0x61, 0x21, 0x26, 0x64, 0x46, 0x77, 0x44, 0x44, 0x22, 0x22, 0x44,
    0x22, 0x42, 0x22, 0x24, 0x44, 0x24, 0x44, 0x24, 0x4A, 0xFE, 0xEF, 0xFF, 0xEF, 0xFF, 0xD5, 0x6E,
    0xFF, 0xFE, 0xFF, 0xFA, 0x74, 0x61, 0x21, 0x26, 0x64, 0x46, 0x77, 0x44, 0x44, 0x22, 0x22, 0x24,
    0x22, 0x42, 0x22, 0x24, 0x44, 0x44, 0x44, 0x22, 0x4A, 0xFE, 0xEF, 0xFF, 0xFF, 0xFF, 0xEC, 0xCF,
    0xFE, 0xEF, 0xFF, 0xFF, 0xC7, 0x41, 0x11, 0x46, 0x64, 0x24, 0x66, 0x44, 0x44, 0x22, 0x22, 0x24,
    0x22, 0x44, 0x22, 0x24, 0x42, 0x44, 0x42, 0x12, 0xAF, 0xFE, 0xEF, 0xFF, 0xFF, 0xFF, 0xF8, 0x7A,
    0xFE, 0xFF, 0xFF, 0xFF, 0xFF, 0xE8, 0x41, 0x26, 0x64, 0x24, 0x76, 0x44, 0x44, 0x22, 0x22, 0x24,
    0x22, 0x24, 0x22, 0x24, 0x62, 0x42, 0x24, 0x8E, 0xFF, 0xFE, 0xEF, 0xFF, 0xFF, 0xFF, 0xE4, 0x76,
    0xFE, 0xFF, 0xFF, 0xFF, 0xFF, 0xFF, 0xFC, 0x87, 0x44, 0x26, 0x64, 0x44, 0x44, 0x22, 0x22, 0x24,
    0x22, 0x22, 0x22, 0x24, 0x62, 0x24, 0xAE, 0xFF, 0xFF, 0xEF, 0xFF, 0xFF, 0xFF, 0xFF, 0xE7, 0xB7,
    0xFF, 0xFF, 0xFF, 0xFF, 0xFF, 0xFF, 0xFF, 0xFE, 0xB4, 0x12, 0x44, 0x44, 0x44, 0x12, 0x22, 0x24,
    0x22, 0x22, 0x22, 0x24, 0x44, 0xBF, 0xFF, 0xEE, 0xFE, 0xFF, 0xFF, 0xFF, 0xFF, 0xFF, 0xE7, 0xB7,
    0xFF, 0xFF, 0xFF, 0xFF, 0xEF, 0xFF, 0xFF, 0xFF, 0xFE, 0xA2, 0x24, 0x44, 0x42, 0x22, 0x22, 0x24,
    0x22, 0x22, 0x22, 0x16, 0xCE, 0xFF, 0xEF, 0xEF, 0xFD, 0xFF, 0xFF, 0xFF, 0xFF, 0xFF, 0xE7, 0x77,
    0xFF, 0xFF, 0xFF, 0xFF, 0xEF, 0xFF, 0xFF, 0xFF, 0xFF, 0xFE, 0xA4, 0x44, 0x44, 0x22, 0x22, 0x24,
    0x22, 0x22, 0x22, 0x7E, 0xFF, 0xEE, 0xEE, 0xFF, 0xEE, 0xFF, 0xFF, 0xFF, 0xFF, 0xFF, 0xE7, 0x77,
    0xFF, 0xFF, 0xFF, 0xFF, 0xFE, 0xFF, 0xFF, 0xFF, 0xFF, 0xEE, 0xFE, 0x84, 0x24, 0x22, 0x22, 0x24,
    0x22, 0x22, 0x4C, 0xFE, 0xFF, 0xEE, 0xEF, 0xFF, 0xDF, 0xFF, 0xFF, 0xFF, 0xFF, 0xFF, 0xE4, 0x48,
    0xFF, 0xFF, 0xFF, 0xFF, 0xFE, 0xEF, 0xFF, 0xFF, 0xFF, 0xFF, 0xEF, 0xFD, 0x84, 0x12, 0x22, 0x26,
    0x22, 0x2A, 0xFF, 0xEF, 0xFE, 0xEE, 0xFF, 0xFE, 0xEF, 0xFF, 0xFF, 0xFF, 0xFF, 0xFF, 0xFE, 0xBF,
    0xFF, 0xFF, 0xFF, 0xFF, 0xFF, 0xEF, 0xFF, 0xFF, 0xEF, 0xFF, 0xFE, 0xEF, 0xFD, 0x72, 0x12, 0x26,
    0x26, 0xEF, 0xEE, 0xFF, 0xEE, 0xEF, 0xFF, 0xFD, 0xFF, 0xFE, 0xFF, 0xFF, 0xFF, 0xFF, 0xE7, 0x6A,
    0xFF, 0xFF, 0xFF, 0xFF, 0xFF, 0xEE, 0xFF, 0xFF, 0xFE, 0xFF, 0xFF, 0xFE, 0xEF, 0xFE, 0x72, 0x46,
};

static const uint8_t coup_animdata_assassin_f03[3072] = {
    0xA9, 0x8A, 0x8A, 0xDC, 0xBB, 0xAA, 0xBC, 0xCB, 0xBB, 0xCE, 0xB6, 0xC7, 0xA8, 0xCE, 0xDE, 0xDD,
    0xDD, 0xDD, 0xDD, 0xDC, 0xDA, 0xA6, 0xCD, 0xDB, 0xBB, 0xCC, 0xBB, 0xBB, 0xAC, 0xAA, 0x89, 0xAA,
    0x98, 0xA9, 0x8B, 0xDB, 0xBA, 0xAA, 0xBC, 0xCB, 0xBB, 0xCE, 0xA4, 0xB7, 0xA8, 0xCE, 0xDD, 0xDD,
    0xDD, 0xDD, 0xDD, 0xDC, 0xDA, 0xA6, 0xBC, 0xDB, 0xBC, 0xDD, 0xBC, 0xBB, 0xAC, 0xBA, 0xA8, 0x99,
    0x89, 0x87, 0xCB, 0xDB, 0xBA, 0xAA, 0xAC, 0xCB, 0xBB, 0xCE, 0x84, 0xA6, 0xA8, 0xBE, 0xDD, 0xDD,
    0xDD, 0xDD, 0xDD, 0xCC, 0xDA, 0xA6, 0xAC, 0xDB, 0x88, 0x88, 0x78, 0x77, 0x7C, 0xCA, 0xAA, 0x8A,
    0xAA, 0x6A, 0xCB, 0xDB, 0xAA, 0xAA, 0xAC, 0xCB, 0xBB, 0xCE, 0x72, 0xA6, 0xA8, 0xBE, 0xDD, 0xDD,
    0xDD, 0xDD, 0xDD, 0xCC, 0xDA, 0xA6, 0xAB, 0xDA, 0xAC, 0xBB, 0xBC, 0xBB, 0xCC, 0xBB, 0xAA, 0x88,
    0xA7, 0xAC, 0xCB, 0xDA, 0xAA, 0xAA, 0xAC, 0xCB, 0xBB, 0xCE, 0x62, 0xA6, 0xA8, 0xBD, 0xDD, 0xDD,
    0xDD, 0xDD, 0xDD, 0xCC, 0xDA, 0xA6, 0x8B, 0xDA, 0xEE, 0xEE, 0xEE, 0xEE, 0xED, 0xBB, 0xBA, 0xA8,
    0x88, 0xCC, 0xCA, 0xDA, 0xAA, 0xAA, 0xAB, 0xCB, 0xBB, 0xCE, 0x62, 0xA6, 0xA7, 0xBD, 0xDD, 0xDD,
    0xDD, 0xDD, 0xDD, 0xCC, 0xD8, 0xA6, 0x8A, 0xBC, 0xED, 0xDD, 0xDD, 0xDD, 0xDE, 0xCB, 0xBB, 0xAA,
    0xAC, 0xCC, 0xBA, 0xCA, 0xAA, 0xAA, 0xAB, 0xCB, 0xBB, 0xCD, 0x42, 0xA7, 0xA6, 0xBD, 0xDD, 0xDD,
    0xDD, 0xDD, 0xDD, 0xCC, 0xD8, 0x87, 0x76, 0xCE, 0xDD, 0xEE, 0xDE, 0xED, 0xDE, 0xDC, 0xBC, 0xCA,
    0xDC, 0xBC, 0xBA, 0xCA, 0xAA, 0xAA, 0xAB, 0xCB, 0xBB, 0xCC, 0x42, 0x86, 0xA6, 0xBD, 0xDD, 0xDD,
    0xDD, 0xDD, 0xDD, 0xCC, 0xD7, 0x87, 0x8A, 0xED, 0xDE, 0xEE, 0xEE, 0xCE, 0xDD, 0xDD, 0xDC, 0xDB,
    0xDC, 0xBC, 0xBA, 0xCA, 0x88, 0x8A, 0xAB, 0xCB, 0xBB, 0xCD, 0x42, 0x86, 0xA6, 0xBD, 0xDD, 0xDD,
    0xDD, 0xDD, 0xDD, 0xCC, 0xD7, 0x87, 0xAD, 0xDD, 0xDE, 0xDA, 0xDA, 0x4B, 0xED, 0xDD, 0xEC, 0xDD,
    0xDC, 0xBC, 0xB8, 0xCA, 0x88, 0x8A, 0xAB, 0xBB, 0xCC, 0xBC, 0x42, 0x87, 0xA6, 0xBD, 0xDD, 0xDD,
    0xDD, 0xDD, 0xDD, 0xCC, 0xD7, 0x87, 0xBC, 0xDD, 0xDD, 0xC8, 0xB7, 0x48, 0xEE, 0xDD, 0xEC, 0xDD,
    0xDC, 0xBB, 0xB8, 0xC8, 0x88, 0x88, 0xAB, 0xBB, 0x82, 0x12, 0x11, 0x64, 0x84, 0xBD, 0xDD, 0xDD,
    0xDD, 0xDD, 0xDD, 0xCC, 0xD7, 0x87, 0xBD, 0xDD, 0xDD, 0xEA, 0xB7, 0x7C, 0xDD, 0xDD, 0xEC, 0xDD,
    0xDC, 0xBB, 0xA8, 0xC8, 0x88, 0x88, 0xAB, 0xC4, 0x12, 0x55, 0x32, 0x11, 0x12, 0xBE, 0xED, 0xDD,
    0xDD, 0xDD, 0xDD, 0xCC, 0xD7, 0x88, 0xCD, 0xDD, 0xDE, 0xE6, 0xB6, 0xAE, 0xDD, 0xDD, 0xEC, 0xDD,
    0xDC, 0xAB, 0xA8, 0xC8, 0x88, 0x88, 0xAB, 0x73, 0x99, 0xCC, 0xC9, 0x53, 0x11, 0x38, 0xBD, 0xDD,
    0xDD, 0xDD, 0xDD, 0xCC, 0xD7, 0x88, 0xCD, 0xDD, 0xDE, 0x82, 0xA6, 0x4B, 0xED, 0xDD, 0xEC, 0xCD,
    0xDC, 0xAB, 0xA7, 0xC8, 0x77, 0x88, 0xA8, 0x39, 0xCE, 0xEE, 0xEC, 0x95, 0x32, 0x11, 0x23, 0x35,
    0x9D, 0xDD, 0xCC, 0xCC, 0xD7, 0x88, 0xCD, 0xDD, 0xED, 0x74, 0xAA, 0x47, 0xDD, 0xDD, 0xEC, 0xCD,
    0xCC, 0xAB, 0xA7, 0xC8, 0x77, 0x78, 0xA4, 0x39, 0xCC, 0xEF, 0xFE, 0xC9, 0x53, 0x22, 0x22, 0x33,
    0x36, 0xDD, 0xDD, 0xCC, 0xD7, 0x88, 0xCD, 0xDD, 0xEE, 0xA8, 0xED, 0x8C, 0xED, 0xED, 0xEC, 0xCD,
    0xDB, 0xAB, 0xA7, 0xC7, 0x77, 0x78, 0xA2, 0x59, 0xCC, 0xEE, 0xEE, 0xEC, 0x95, 0x33, 0x23, 0x55,
    0x93, 0xAD, 0xCC, 0xCC, 0xD7, 0x88, 0xDD, 0xDE, 0xED, 0xDD, 0xEE, 0xDD, 0xDD, 0xDD, 0xEC, 0xCD,
    0xCB, 0xAB, 0xA7, 0xC7, 0x77, 0x78, 0x82, 0x59, 0xCC, 0xCC, 0xCE, 0xEE, 0x95, 0x33, 0x35, 0x99,
    0xC9, 0xAD, 0xCC, 0xCC, 0xD7, 0x88, 0xCD, 0xDE, 0xEE, 0xDD, 0xDE, 0xEE, 0xEE, 0xED, 0xEC, 0xCD,
    0xCB, 0xAB, 0xA7, 0xC7, 0x77, 0x78, 0x72, 0x99, 0xC9, 0xCC, 0xEE, 0xEE, 0xE9, 0x98, 0x9C, 0xCC,
    0xCA, 0xDD, 0xDD, 0xCC, 0xD7, 0x88, 0xDD, 0xEE, 0xEE, 0xEE, 0xDE, 0xEE, 0xDE, 0xEE, 0xDD, 0xCD,
    0xCB, 0xAB, 0xA7, 0xB7, 0x67, 0x78, 0x73, 0x89, 0xC9, 0xCC, 0xEC, 0xEE, 0xCE, 0xEF, 0xEF, 0xFC,
    0xCC, 0xDD, 0xDD, 0xCB, 0xD7, 0xAC, 0xDD, 0xCD, 0x84, 0x7E, 0xDE, 0xA4, 0x4A, 0x7C, 0xED, 0xED,
    0xCB, 0x8B, 0xA7, 0xB7, 0x77, 0x78, 0x73, 0x59, 0x99, 0x9C, 0xEC, 0xCE, 0xCC, 0xCE, 0xEE, 0xFD,
    0xDD, 0xDD, 0xDD, 0xCB, 0xD7, 0xBE, 0xDD, 0xCC, 0x84, 0x7D, 0xEE, 0xC4, 0x48, 0x8C, 0xDE, 0xED,
    0xCB, 0x8A, 0xA7, 0xC7, 0x67, 0x77, 0x72, 0x58, 0x99, 0x9C, 0xEC, 0xCC, 0xB9, 0xCE, 0xEE, 0xFD,
    0xDD, 0xDD, 0xDC, 0xCB, 0xC7, 0x8C, 0xED, 0xDC, 0x74, 0xAE, 0xBC, 0xE7, 0x47, 0xCE, 0xDE, 0xCD,
    0xCB, 0x8A, 0xA7, 0xB7, 0x66, 0x67, 0x73, 0x35, 0x99, 0x99, 0xCC, 0xCC, 0xA9, 0xCE, 0xFE, 0xFD,
    0xDD, 0xDD, 0xDC, 0xCC, 0xC7, 0x8A, 0xEE, 0xEE, 0x8A, 0xEB, 0xA7, 0xEC, 0x7C, 0xEE, 0xEC, 0xCD,
    0xCA, 0x8A, 0xA7, 0xB7, 0x66, 0x67, 0x77, 0x35, 0x99, 0x99, 0xCC, 0xAC, 0x9C, 0xCE, 0xFE, 0xED,
    0xDD, 0xDD, 0xDC, 0xCC, 0xC7, 0xA8, 0x42, 0xBE, 0xEE, 0xEA, 0xA7, 0xAE, 0xEE, 0x88, 0xBA, 0xCD,
    0xCA, 0x8A, 0xA7, 0xB7, 0x66, 0x67, 0x6A, 0x83, 0x59, 0x99, 0x9C, 0x9C, 0x99, 0xCE, 0xEE, 0xED,
    0xCD, 0xDD, 0xDD, 0xCC, 0xD7, 0x88, 0x41, 0xAC, 0xED, 0xEC, 0xCC, 0xCE, 0xDE, 0x78, 0xAA, 0xCD,
    0xCA, 0x88, 0x87, 0xB7, 0x77, 0x67, 0x6A, 0xB5, 0x35, 0x55, 0x8A, 0x99, 0x97, 0xBD, 0xEE, 0xFE,
    0xDD, 0xDD, 0xCC, 0xCC, 0xC7, 0x88, 0x42, 0xAC, 0xDE, 0xEE, 0xEE, 0xEE, 0xDE, 0x78, 0xAA, 0xBD,
    0xCA, 0x88, 0x87, 0xB7, 0x76, 0x77, 0x6A, 0xA8, 0x53, 0x33, 0x59, 0x99, 0xA7, 0xBD, 0xEE, 0xFE,
    0xCC, 0xCC, 0xCD, 0xCB, 0xC8, 0x88, 0x22, 0xAC, 0xDE, 0xEE, 0xEE, 0xEE, 0xEC, 0x78, 0xAA, 0xBD,
    0xBA, 0x88, 0x87, 0xB7, 0x76, 0x77, 0x6A, 0xA8, 0xA9, 0x95, 0x25, 0x9A, 0xA6, 0xCC, 0xCC, 0x99,
    0x55, 0x59, 0x9C, 0xCB, 0xC8, 0xA8, 0x22, 0xAC, 0xCE, 0xCE, 0xDE, 0xEC, 0xEB, 0x88, 0x8A, 0xBD,
    0xBA, 0x88, 0x87, 0xB7, 0x77, 0x67, 0x6A, 0xA8, 0xAA, 0xDA, 0x21, 0x6A, 0xA6, 0xA5, 0x55, 0x53,
    0x55, 0x55, 0x99, 0x9B, 0xC8, 0xA8, 0x22, 0xAC, 0xCD, 0xAE, 0xCE, 0xDA, 0xEA, 0x88, 0x8A, 0xBD,
    0xBA, 0x88, 0x87, 0xB7, 0x76, 0x67, 0x6A, 0xA7, 0xAA, 0xC8, 0x21, 0x6A, 0x83, 0x23, 0x55, 0x53,
    0x35, 0x59, 0x59, 0x99, 0xA8, 0xA8, 0x22, 0xAC, 0xCD, 0xAE, 0xAC, 0xC8, 0xDA, 0x87, 0x8A, 0xBC,
    0xBA, 0x88, 0x87, 0xB7, 0x76, 0x66, 0x6A, 0xA7, 0xAA, 0xC8, 0x11, 0x68, 0x11, 0x13, 0x35, 0x33,
    0x55, 0x59, 0x99, 0x99, 0x99, 0xA8, 0x11, 0x8C, 0xAA, 0x8E, 0x8C, 0xC6, 0x7A, 0x77, 0x8A, 0xBC,
    0xBA, 0x88, 0x87, 0xB7, 0x76, 0x66, 0x68, 0xA7, 0x8A, 0xC8, 0x21, 0x21, 0x11, 0x25, 0x35, 0x55,
    0x59, 0x99, 0x99, 0xCC, 0xCC, 0x98, 0x11, 0x8B, 0x88, 0x8E, 0x7C, 0xB6, 0x6A, 0x77, 0x8A, 0xBD,
    0xBA, 0x88, 0x87, 0xB7, 0x66, 0x66, 0x68, 0xA7, 0x8A, 0xC7, 0x22, 0x11, 0x21, 0x35, 0x55, 0x55,
    0x59, 0x99, 0x9C, 0xCC, 0xCC, 0x98, 0x21, 0x8B, 0x88, 0x8E, 0x6B, 0xA6, 0x6A, 0x87, 0x88, 0xBC,
    0xB9, 0x88, 0x87, 0xB7, 0x66, 0x66, 0x68, 0xA7, 0x88, 0xC7, 0x21, 0x12, 0x22, 0x35, 0x55, 0x55,
    0x99, 0x99, 0x99, 0xCC, 0xCC, 0xC9, 0x81, 0x8B, 0x87, 0x8A, 0x66, 0x66, 0x6A, 0x88, 0x88, 0xAC,
    0xB9, 0x88, 0x87, 0xB7, 0x66, 0x66, 0x68, 0xA7, 0x78, 0xC7, 0x11, 0x22, 0x22, 0x35, 0x55, 0x59,
    0x99, 0x99, 0x99, 0x99, 0xC9, 0xC9, 0x95, 0x7B, 0x87, 0x88, 0x66, 0x66, 0x6A, 0x88, 0x88, 0xAD,
    0xB9, 0x88, 0x87, 0xB7, 0x66, 0x66, 0x68, 0xA7, 0x78, 0xC7, 0x13, 0x33, 0x22, 0x35, 0x55, 0x59,
    0x99, 0x99, 0x99, 0x99, 0x99, 0xCC, 0x99, 0x9A, 0x87, 0x88, 0x66, 0x66, 0x6A, 0x88, 0x88, 0xAD,
    0xB9, 0x88, 0x87, 0xB7, 0x66, 0x66, 0x68, 0xA6, 0x78, 0xC3, 0x23, 0x33, 0x22, 0x23, 0x55, 0x59,
    0x99, 0x99, 0x99, 0x99, 0x99, 0x9C, 0x99, 0x98, 0x87, 0x88, 0x66, 0x66, 0x6A, 0x88, 0x88, 0xAD,
    0xB9, 0x88, 0x87, 0xB7, 0x66, 0x66, 0x68, 0xA6, 0x78, 0x81, 0x53, 0x53, 0x32, 0x23, 0x33, 0x55,
    0x55, 0x59, 0x99, 0x99, 0x99, 0x99, 0x99, 0x98, 0x77, 0x88, 0x66, 0x66, 0x6A, 0x88, 0x88, 0xAD,
    0xB9, 0x88, 0x87, 0xB7, 0x66, 0x66, 0x68, 0xA6, 0x78, 0x43, 0x55, 0x53, 0x33, 0x33, 0x33, 0x55,
    0x55, 0x55, 0x55, 0x95, 0x59, 0x99, 0x99, 0x99, 0x87, 0x88, 0x66, 0x66, 0x4A, 0x88, 0x88, 0xAC,
    0xB9, 0x88, 0x87, 0xB7, 0x66, 0x66, 0x68, 0xA6, 0x77, 0x35, 0x55, 0x53, 0x33, 0x33, 0x33, 0x33,
    0x53, 0x35, 0x55, 0x55, 0x55, 0x99, 0x99, 0x99, 0x87, 0x88, 0x66, 0x46, 0x4A, 0x88, 0x88, 0xAC,
    0xB9, 0x88, 0x87, 0xB7, 0x66, 0x66, 0x68, 0xA6, 0x74, 0x35, 0x55, 0x53, 0x22, 0x32, 0x33, 0x33,
    0x33, 0x33, 0x35, 0x55, 0x55, 0x99, 0x55, 0x99, 0x86, 0x88, 0x66, 0x66, 0x6A, 0x88, 0x88, 0xAC,
    0xC9, 0x88, 0x87, 0xB7, 0x66, 0x66, 0x68, 0xA6, 0x73, 0x35, 0x55, 0x53, 0x22, 0x22, 0x33, 0x21,
    0x12, 0x33, 0x33, 0x33, 0x33, 0x55, 0x55, 0x55, 0x56, 0x88, 0x66, 0x66, 0x6A, 0x88, 0x88, 0xAC,
    0xBA, 0x88, 0x87, 0xB7, 0x66, 0x66, 0x68, 0xA6, 0x73, 0x55, 0x95, 0x55, 0x22, 0x12, 0x32, 0x11,
    0x11, 0x11, 0x22, 0x31, 0x23, 0x35, 0x55, 0x55, 0x55, 0x88, 0x66, 0x66, 0x6A, 0x88, 0x88, 0xAC,
    0xBA, 0x88, 0x87, 0xB7, 0x66, 0x66, 0x68, 0xA6, 0x63, 0x55, 0x95, 0x53, 0x32, 0x22, 0x21, 0x11,
    0x11, 0x11, 0x11, 0x11, 0x12, 0x33, 0x33, 0x35, 0x55, 0x88, 0x66, 0x66, 0x6A, 0x88, 0x88, 0xAC,
    0xBA, 0x88, 0x87, 0xB7, 0x66, 0x66, 0x68, 0xA7, 0x63, 0x55, 0x55, 0x53, 0x22, 0x33, 0x11, 0x11,
    0x11, 0x11, 0x11, 0x11, 0x11, 0x22, 0x23, 0x33, 0x53, 0x78, 0x66, 0x66, 0x6A, 0x88, 0x88, 0xAC,
    0xBA, 0x88, 0x87, 0xB6, 0x66, 0x66, 0x68, 0xA6, 0x65, 0x55, 0x55, 0x52, 0x12, 0x32, 0x11, 0x11,
    0x11, 0x11, 0x11, 0x11, 0x11, 0x11, 0x11, 0x23, 0x53, 0x58, 0x66, 0x66, 0x6A, 0x88, 0x88, 0xAC,
    0xBA, 0x88, 0x87, 0xB6, 0x66, 0x66, 0x68, 0x86, 0x75, 0x95, 0x53, 0x32, 0x12, 0x32, 0x11, 0x11,
    0x11, 0x11, 0x11, 0x11, 0x11, 0x12, 0x11, 0x13, 0x33, 0x58, 0x66, 0x66, 0x6A, 0x88, 0x88, 0xAC,
    0xBA, 0x88, 0x87, 0xA6, 0x66, 0x66, 0x68, 0x86, 0x78, 0x55, 0x33, 0x32, 0x22, 0x21, 0x11, 0x12,
    0x21, 0x12, 0x21, 0x12, 0x11, 0x12, 0x11, 0x13, 0x33, 0x37, 0x66, 0x66, 0x6A, 0x88, 0x88, 0xAC,
    0xBA, 0x88, 0x87, 0xB6, 0x66, 0x66, 0x68, 0x86, 0x43, 0x55, 0x33, 0x33, 0x22, 0x11, 0x33, 0x56,
    0x66, 0x44, 0x53, 0x55, 0x32, 0x12, 0x11, 0x13, 0x32, 0x37, 0x66, 0x66, 0x6A, 0x88, 0x88, 0xAC,
    0xBA, 0x88, 0x87, 0xB7, 0x66, 0x66, 0x68, 0xA4, 0x22, 0x35, 0x33, 0x33, 0x11, 0x11, 0x24, 0x47,
    0xAC, 0xC6, 0x43, 0x12, 0x33, 0x53, 0x22, 0x22, 0x22, 0x38, 0x66, 0x66, 0x6A, 0x88, 0x88, 0xBC,
    0xBA, 0x88, 0x87, 0xA7, 0x66, 0x66, 0x68, 0x82, 0x55, 0x25, 0x33, 0x32, 0x22, 0x11, 0x44, 0x47,
    0x9B, 0xA4, 0x62, 0x11, 0x11, 0x26, 0x63, 0x22, 0x21, 0x38, 0x66, 0x66, 0x6A, 0x87, 0x88, 0xBC,
    0xBA, 0x88, 0x87, 0xB7, 0x66, 0x66, 0x68, 0x73, 0x55, 0x53, 0x53, 0x32, 0x44, 0x22, 0x44, 0x44,
    0x68, 0x72, 0x56, 0x11, 0x11, 0x14, 0x24, 0x32, 0x21, 0x48, 0x66, 0x66, 0x6A, 0x87, 0x88, 0xAB,
    0xBA, 0x88, 0x87, 0xA7, 0x76, 0x66, 0x68, 0x73, 0x33, 0x83, 0x33, 0x33, 0x44, 0x44, 0x24, 0x46,
    0x44, 0x67, 0x77, 0x11, 0x12, 0x34, 0x11, 0x43, 0x21, 0x68, 0x66, 0x66, 0x6A, 0x87, 0x88, 0xAB,
    0xBA, 0x88, 0x88, 0xA7, 0x66, 0x66, 0x68, 0x63, 0x22, 0x55, 0x33, 0x37, 0x76, 0x44, 0x44, 0x44,
    0x44, 0x66, 0x42, 0x11, 0x12, 0x36, 0x62, 0x26, 0x32, 0x78, 0x66, 0x66, 0x6A, 0x77, 0x88, 0xAB,
    0xAA, 0x88, 0x88, 0xA7, 0x66, 0x66, 0x68, 0x52, 0x25, 0x95, 0x33, 0x57, 0x87, 0x64, 0x11, 0x11,
    0x14, 0x24, 0x21, 0x11, 0x12, 0x35, 0xDA, 0x24, 0x54, 0x78, 0x66, 0x66, 0x6A, 0x87, 0x88, 0xAB,
    0xAA, 0x88, 0x88, 0xA7, 0x66, 0x66, 0x68, 0x72, 0x39, 0x95, 0x53, 0x58, 0x87, 0x62, 0x11, 0x11,
    0x11, 0x11, 0x11, 0x11, 0x22, 0x33, 0x77, 0x87, 0x76, 0x78, 0x66, 0x66, 0x6A, 0x87, 0x8A, 0xBB,
    0xAA, 0x88, 0x87, 0xA7, 0x66, 0x76, 0x68, 0x82, 0x25, 0x58, 0x33, 0x78, 0x57, 0x71, 0x11, 0x11,
    0x11, 0x11, 0x11, 0x11, 0x32, 0x23, 0x88, 0xCA, 0x76, 0x78, 0x66, 0x66, 0x6A, 0x88, 0x8A, 0xBB,
    0xAA, 0x88, 0x88, 0xA7, 0x66, 0x76, 0x68, 0x83, 0x23, 0x59, 0x25, 0x75, 0x55, 0x52, 0x11, 0x11,
    0x11, 0x11, 0x11, 0x12, 0x52, 0x13, 0x6A, 0x88, 0x76, 0x78, 0x66, 0x66, 0x6A, 0x88, 0x8A, 0xAB,
    0xAA, 0x88, 0x88, 0xA7, 0x66, 0x76, 0x68, 0x83, 0x33, 0x35, 0x33, 0x55, 0x53, 0x32, 0x11, 0x11,
    0x11, 0x11, 0x11, 0x13, 0x32, 0x21, 0x57, 0x78, 0x76, 0x78, 0x67, 0x76, 0x6A, 0x87, 0x8A, 0xAB,
    0xAA, 0x88, 0x87, 0xA7, 0x66, 0x76, 0x67, 0x86, 0x13, 0x5A, 0x93, 0x55, 0x53, 0x33, 0x11, 0x11,
    0x11, 0x11, 0x11, 0x13, 0x38, 0x31, 0x5A, 0x88, 0x76, 0x78, 0x66, 0x76, 0x68, 0x87, 0x88, 0xAB,
    0xAA, 0x88, 0x77, 0xA7, 0x67, 0x76, 0x68, 0x77, 0x42, 0x5E, 0xE3, 0x55, 0x53, 0x33, 0x21, 0x11,
    0x11, 0x11, 0x12, 0x23, 0x35, 0x33, 0x85, 0x58, 0x76, 0x78, 0x66, 0x66, 0x68, 0x77, 0x88, 0xAB,
    0xBA, 0x87, 0x77, 0xA7, 0x67, 0x76, 0x68, 0x87, 0xB5, 0x27, 0x83, 0x55, 0x33, 0x33, 0x31, 0x11,
    0x11, 0x11, 0x22, 0x33, 0x33, 0x35, 0x55, 0x57, 0x76, 0x78, 0x66, 0x76, 0x68, 0x77, 0x88, 0xAB,
    0xBA, 0x87, 0x77, 0x87, 0x66, 0x76, 0x67, 0xAB, 0xBD, 0x95, 0x95, 0x55, 0x33, 0x33, 0x31, 0x11,
    0x11, 0x11, 0x22, 0x23, 0x33, 0x35, 0x35, 0x58, 0x76, 0x77, 0x66, 0x76, 0x68, 0x77, 0x88, 0xAB,
    0xAB, 0x87, 0x77, 0x87, 0x66, 0x76, 0x67, 0xBB, 0xBB, 0xE9, 0x98, 0x35, 0x33, 0x33, 0x31, 0x11,
    0x11, 0x11, 0x22, 0x23, 0x53, 0x39, 0x35, 0x78, 0x77, 0x78, 0x66, 0x76, 0x78, 0x77, 0x88, 0xAA,
    0xAA, 0x87, 0x76, 0x87, 0x66, 0x76, 0x67, 0xBB, 0xBD, 0xD6, 0x98, 0x33, 0x33, 0x32, 0x32, 0x11,
    0x11, 0x11, 0x22, 0x5C, 0xEB, 0x99, 0x55, 0x68, 0x77, 0x77, 0x66, 0x76, 0x68, 0x77, 0x8A, 0xAA,
    0xAA, 0x87, 0x76, 0x87, 0x66, 0x77, 0x6B, 0xBB, 0xBD, 0xD6, 0x89, 0x55, 0x32, 0x22, 0x22, 0x11,
    0x11, 0x12, 0x29, 0xEA, 0xAE, 0xE9, 0x55, 0x47, 0x76, 0x77, 0x67, 0x76, 0x68, 0x77, 0x8A, 0xAB,
    0xAA, 0x88, 0x76, 0x76, 0x66, 0x76, 0x7B, 0xBB, 0xDD, 0xD7, 0x59, 0x55, 0x32, 0x21, 0x22, 0x11,
    0x11, 0x13, 0x9E, 0xD8, 0x47, 0xEC, 0x55, 0x47, 0x76, 0x77, 0x66, 0x76, 0x68, 0x77, 0x8A, 0xAA,
    0xAA, 0x88, 0x76, 0x86, 0x66, 0x66, 0x7B, 0xBB, 0xDD, 0xDB, 0x99, 0x55, 0x32, 0x21, 0x11, 0x11,
    0x11, 0x12, 0x23, 0x9C, 0xCC, 0xEC, 0x54, 0x27, 0x66, 0x77, 0x66, 0x66, 0x68, 0x77, 0x8A, 0xAA,
    0x8A, 0x88, 0x76, 0x87, 0x66, 0x66, 0x7B, 0xBD, 0xDD, 0xDB, 0x85, 0x55, 0x32, 0x21, 0x11, 0x11,
    0x11, 0x11, 0x11, 0x23, 0x9C, 0xE9, 0x52, 0x27, 0x66, 0x67, 0x66, 0x76, 0x67, 0x77, 0x8A, 0xAB,
    0xAA, 0xA8, 0x76, 0x86, 0x66, 0x66, 0x6B, 0xDD, 0xDD, 0xDA, 0x55, 0x55, 0x53, 0x22, 0x11, 0x11,
    0x11, 0x11, 0x21, 0x11, 0x13, 0x95, 0x52, 0x26, 0x66, 0x66, 0x66, 0x66, 0x68, 0x77, 0x8A, 0xAB,
    0xAA, 0x88, 0x66, 0x86, 0x46, 0x66, 0x4B, 0xDD, 0xDD, 0xDB, 0x53, 0x35, 0x53, 0x32, 0x21, 0x11,
    0x11, 0x11, 0x11, 0x23, 0x21, 0x55, 0x31, 0x26, 0x66, 0x66, 0x46, 0x66, 0x68, 0x77, 0x8A, 0xBA,
    0xAA, 0x88, 0x66, 0x76, 0x46, 0x66, 0x47, 0xDB, 0xED, 0xEB, 0x53, 0x25, 0x55, 0x53, 0x22, 0x11,
    0x11, 0x11, 0x11, 0x22, 0x53, 0x55, 0x31, 0x27, 0x66, 0x66, 0x46, 0x66, 0x68, 0x77, 0x8A, 0xBA,
    0x8A, 0x88, 0x76, 0x76, 0x46, 0x64, 0x44, 0xCD, 0xBE, 0xFB, 0x33, 0x33, 0x58, 0x55, 0x32, 0x21,
    0x22, 0x11, 0x11, 0x11, 0x35, 0x55, 0x41, 0x27, 0x66, 0x44, 0x64, 0x76, 0x68, 0x77, 0x8A, 0xBA,
    0x6A, 0x88, 0x76, 0x76, 0x46, 0x44, 0x44, 0x6E, 0xDB, 0xEC, 0x62, 0x33, 0x35, 0x88, 0x85, 0x32,
    0x22, 0x21, 0x11, 0x12, 0x35, 0x5A, 0xA1, 0x27, 0x64, 0x46, 0x46, 0x74, 0x68, 0x67, 0x8A, 0xB7,
    0x48, 0x88, 0x76, 0x76, 0x44, 0x44, 0x46, 0x48, 0xFE, 0xBB, 0x83, 0x23, 0x33, 0x55, 0x89, 0x85,
    0x33, 0x22, 0x22, 0x23, 0x35, 0x5B, 0xB1, 0x16, 0x64, 0x44, 0x46, 0x64, 0x67, 0x67, 0x8A, 0xB6,
    0x47, 0xA8, 0x74, 0x76, 0x44, 0x44, 0x46, 0x64, 0xCF, 0xFB, 0xB5, 0x23, 0x33, 0x35, 0x55, 0x8A,
    0x95, 0x33, 0x33, 0x33, 0x55, 0x9D, 0xB2, 0x16, 0x64, 0x44, 0x46, 0x64, 0x47, 0x67, 0x8A, 0xA4,
    0x44, 0x88, 0x74, 0x66, 0x44, 0x44, 0x44, 0x64, 0x6F, 0xFF, 0xDB, 0x53, 0x33, 0x33, 0x55, 0x58,
    0x9A, 0x95, 0x55, 0x53, 0x35, 0xDD, 0xB2, 0x16, 0x64, 0x44, 0x46, 0x44, 0x47, 0x67, 0x8A, 0x64,
    0x44, 0x68, 0x74, 0x66, 0x44, 0x44, 0x44, 0x46, 0x4C, 0xFF, 0xFD, 0xB6, 0x22, 0x33, 0x35, 0x55,
    0x59, 0xAA, 0xAA, 0xA8, 0x8C, 0xDB, 0xB2, 0x16, 0x64, 0x44, 0x46, 0x44, 0x47, 0x67, 0x8A, 0x44,
    0x44, 0x47, 0x76, 0x66, 0x44, 0x44, 0x44, 0x44, 0x48, 0xFF, 0xFF, 0xEB, 0x63, 0x33, 0x33, 0x55,
    0x58, 0x99, 0x9B, 0xDD, 0xDD, 0xBB, 0xB1, 0x16, 0x66, 0x44, 0x46, 0x44, 0x67, 0x67, 0x86, 0x44,
    0x44, 0x46, 0x74, 0x64, 0x44, 0x44, 0x44, 0x44, 0x47, 0xFF, 0xFF, 0xFE, 0xB6, 0x33, 0x33, 0x35,
    0x55, 0x59, 0x9D, 0xDD, 0xBB, 0x7D, 0x81, 0x16, 0x64, 0x44, 0x46, 0x44, 0x47, 0x67, 0x84, 0x44,
    0x24, 0x44, 0x64, 0x64, 0x44, 0x44, 0x44, 0x44, 0x47, 0xFF, 0xFF, 0xFF, 0xEB, 0x53, 0x33, 0x35,
    0x55, 0x8A, 0xBB, 0x7B, 0xBD, 0xD7, 0x22, 0x26, 0x64, 0x44, 0x66, 0x44, 0x47, 0x67, 0x42, 0x44,
    0x24, 0x42, 0x44, 0x44, 0x44, 0x44, 0x44, 0x44, 0x4A, 0xFF, 0xFF, 0xFF, 0xFE, 0x83, 0x33, 0x33,
    0x58, 0xBD, 0xEE, 0xEE, 0xEA, 0x71, 0x22, 0x26, 0x64, 0x44, 0x66, 0x44, 0x47, 0x66, 0x42, 0x44,
    0x44, 0x44, 0x24, 0x44, 0x44, 0x44, 0x44, 0x44, 0x4B, 0xFF, 0xFF, 0xFF, 0xFF, 0xD6, 0x33, 0x35,
    0x8D, 0xFF, 0xFF, 0xFA, 0x84, 0x61, 0x22, 0x27, 0x64, 0x44, 0x66, 0x44, 0x46, 0x42, 0x22, 0x24,
    0x44, 0x44, 0x22, 0x44, 0x44, 0x44, 0x44, 0x44, 0x4B, 0xFF, 0xFF, 0xFF, 0xFF, 0xEB, 0x33, 0x36,
    0xDF, 0xFF, 0xFF, 0xFA, 0x84, 0x61, 0x22, 0x26, 0x64, 0x44, 0x66, 0x44, 0x46, 0x42, 0x24, 0x24,
    0x24, 0x44, 0x22, 0x24, 0x42, 0x44, 0x44, 0x44, 0x4B, 0xFF, 0xFF, 0xFF, 0xFF, 0xFD, 0x73, 0x3B,
    0xFF, 0xFF, 0xFF, 0xFA, 0x84, 0x61, 0x22, 0x26, 0x64, 0x44, 0x66, 0x44, 0x46, 0x22, 0x22, 0x24,
    0x24, 0x44, 0x22, 0x24, 0x42, 0x44, 0x44, 0x44, 0x4B, 0xFE, 0xEF, 0xFF, 0xFF, 0xFE, 0xA3, 0x3D,
    0xFF, 0xFF, 0xFF, 0xFA, 0x84, 0x61, 0x21, 0x26, 0x64, 0x44, 0x77, 0x64, 0x44, 0x22, 0x22, 0x24,
    0x24, 0x44, 0x22, 0x24, 0x42, 0x44, 0x44, 0x44, 0x4C, 0xFE, 0xEF, 0xFF, 0xFF, 0xFF, 0xB3, 0x6E,
    0xFF, 0xFF, 0xFF, 0xFA, 0x84, 0x71, 0x21, 0x16, 0x64, 0x44, 0x77, 0x64, 0x44, 0x22, 0x22, 0x24,
    0x24, 0x22, 0x22, 0x24, 0x42, 0x44, 0x44, 0x24, 0x4C, 0xFE, 0xEF, 0xFF, 0xEF, 0xFF, 0xD5, 0x7E,
    0xFF, 0xEE, 0xFF, 0xFC, 0x84, 0x42, 0x11, 0x16, 0x64, 0x44, 0x77, 0x62, 0x44, 0x22, 0x22, 0x24,
    0x24, 0x44, 0x22, 0x24, 0x44, 0x44, 0x42, 0x22, 0x4D, 0xFE, 0xEF, 0xFF, 0xFF, 0xFF, 0xEE, 0xDF,
    0xFE, 0xEF, 0xFF, 0xFF, 0xEA, 0x71, 0x11, 0x26, 0x64, 0x24, 0x67, 0x42, 0x44, 0x22, 0x22, 0x24,
    0x24, 0x44, 0x22, 0x24, 0x42, 0x44, 0x42, 0x16, 0xDF, 0xFE, 0xEF, 0xFF, 0xFF, 0xFF, 0xE7, 0x48,
    0xFE, 0xFF, 0xFF, 0xFF, 0xFF, 0xFC, 0x62, 0x16, 0x64, 0x24, 0x77, 0x44, 0x44, 0x22, 0x22, 0x24,
    0x22, 0x22, 0x22, 0x26, 0x42, 0x42, 0x46, 0xCF, 0xFF, 0xFE, 0xEF, 0xFF, 0xFF, 0xFF, 0xE6, 0x76,
    0xFE, 0xFF, 0xFF, 0xFF, 0xFF, 0xFF, 0xFE, 0xB8, 0x64, 0x24, 0x64, 0x44, 0x44, 0x21, 0x22, 0x22,
    0x22, 0x22, 0x22, 0x46, 0x42, 0x48, 0xCF, 0xFF, 0xFF, 0xFF, 0xFF, 0xFF, 0xFF, 0xFF, 0xE7, 0xB7,
    0xFF, 0xFF, 0xFF, 0xFF, 0xFF, 0xFF, 0xFF, 0xFF, 0xD8, 0x21, 0x24, 0x44, 0x44, 0x21, 0x22, 0x22,
    0x22, 0x42, 0x22, 0x46, 0x48, 0xEF, 0xFF, 0xEF, 0xFE, 0xFF, 0xFF, 0xFF, 0xFF, 0xFF, 0xE7, 0xB7,
    0xFF, 0xFF, 0xFF, 0xFF, 0xEF, 0xFF, 0xFF, 0xFF, 0xFF, 0xD6, 0x24, 0x44, 0x44, 0x22, 0x22, 0x24,
    0x22, 0x22, 0x21, 0x2A, 0xEF, 0xFE, 0xEE, 0xEF, 0xEE, 0xFF, 0xFF, 0xFF, 0xFF, 0xFF, 0xE7, 0x77,
    0xFF, 0xFF, 0xFF, 0xFF, 0xFE, 0xFF, 0xFF, 0xFF, 0xFE, 0xFF, 0xD7, 0x44, 0x44, 0x22, 0x22, 0x24,
    0x22, 0x22, 0x14, 0xCF, 0xFF, 0xEE, 0xEE, 0xFF, 0xDF, 0xFF, 0xFF, 0xFF, 0xFF, 0xFF, 0xE7, 0x77,
    0xFF, 0xFF, 0xFF, 0xFF, 0xFE, 0xFF, 0xFF, 0xFF, 0xFF, 0xFE, 0xFF, 0xC6, 0x24, 0x42, 0x22, 0x24,
    0x22, 0x24, 0xAF, 0xFE, 0xFE, 0xEE, 0xEF, 0xFF, 0xDF, 0xFF, 0xFF, 0xFF, 0xFF, 0xFF, 0xE6, 0x68,
    0xFF, 0xFF, 0xFF, 0xFF, 0xFE, 0xEF, 0xFF, 0xFF, 0xFF, 0xFF, 0xEE, 0xFF, 0xB6, 0x21, 0x22, 0x24,
    0x22, 0x6E, 0xFE, 0xEF, 0xFE, 0xEE, 0xFF, 0xFD, 0xEF, 0xFF, 0xFF, 0xFF, 0xFF, 0xFF, 0xFD, 0xBF,
    0xFF, 0xFF, 0xFF, 0xFF, 0xFF, 0xEF, 0xFF, 0xFF, 0xEF, 0xFF, 0xFE, 0xEE, 0xFF, 0xA4, 0x12, 0x24,
};

static const uint8_t coup_animdata_assassin_f04[3072] = {
    0x98, 0xA8, 0x8C, 0xCB, 0xBA, 0xAB, 0xBD, 0xCB, 0xBB, 0xCE, 0x86, 0xB6, 0xA8, 0xDE, 0xDD, 0xDD,
    0xDD, 0xDD, 0xDD, 0xDC, 0xDA, 0xB4, 0xBC, 0xDB, 0xBB, 0xCD, 0xCB, 0xBB, 0xAB, 0xCA, 0xA9, 0x99,
    0x8A, 0x88, 0xBC, 0xDB, 0xBA, 0xAA, 0xBC, 0xCB, 0xBB, 0xCE, 0x76, 0xB6, 0xA7, 0xCE, 0xDD, 0xDD,
    0xDD, 0xDD, 0xDD, 0xDC, 0xDA, 0xB4, 0xAB, 0xDB, 0xAA, 0xBC, 0xAA, 0xAA, 0x8B, 0xCA, 0xAA, 0x89,
    0xA8, 0x6C, 0xCC, 0xCA, 0xAA, 0xAA, 0xBC, 0xCB, 0xBB, 0xCE, 0x64, 0xA6, 0xA7, 0xCD, 0xDD, 0xDD,
    0xDD, 0xDD, 0xDD, 0xDC, 0xD8, 0xB6, 0xAA, 0xDB, 0x87, 0x88, 0x78, 0x77, 0x7A, 0xCB, 0xBA, 0x97,
    0xA7, 0xAC, 0xBC, 0xCA, 0xAA, 0xAA, 0xAC, 0xCB, 0xBB, 0xCD, 0x44, 0xA6, 0xB7, 0xCD, 0xDD, 0xDD,
    0xDD, 0xDD, 0xDD, 0xDC, 0xDA, 0xB6, 0xAA, 0xEA, 0xBE, 0xEE, 0xDE, 0xED, 0xED, 0xCB, 0xBA, 0xA8,
    0x7A, 0xCC, 0xBC, 0xCA, 0xAA, 0xAA, 0xAC, 0xBB, 0xBB, 0xCD, 0x44, 0xA6, 0xB7, 0xCD, 0xDD, 0xDD,
    0xDD, 0xDD, 0xDD, 0xDC, 0xD8, 0xA6, 0x8A, 0xDA, 0xEE, 0xED, 0xDD, 0xDD, 0xDE, 0xCB, 0xBB, 0xAA,
    0x8C, 0xCC, 0xAC, 0xCA, 0xAA, 0xAA, 0xAC, 0xBB, 0xBB, 0xCC, 0x22, 0xA6, 0xB6, 0xCD, 0xDD, 0xDD,
    0xDD, 0xDD, 0xDD, 0xDB, 0xD8, 0xA6, 0x88, 0xAC, 0xEE, 0xDD, 0xDD, 0xED, 0xDE, 0xEC, 0xBB, 0xCA,
    0xCC, 0xCC, 0xAB, 0xBA, 0xAA, 0xAA, 0xAC, 0xBB, 0xBC, 0xCC, 0x22, 0xA6, 0xA6, 0xCD, 0xDD, 0xDD,
    0xDD, 0xDD, 0xDD, 0xCB, 0xD8, 0x86, 0x84, 0xCE, 0xDD, 0xEE, 0xDD, 0xEE, 0xDD, 0xDD, 0xCB, 0xCC,
    0xDB, 0xCC, 0xAB, 0xB8, 0xAA, 0xAA, 0xAC, 0xBB, 0xBB, 0xCC, 0x22, 0xA6, 0xA6, 0xCD, 0xDD, 0xDD,
    0xDD, 0xDD, 0xDD, 0xCB, 0xD8, 0x87, 0x8B, 0xED, 0xDE, 0xEC, 0xDE, 0xAB, 0xED, 0xDD, 0xED, 0xCE,
    0xDB, 0xBC, 0xAB, 0xB8, 0x88, 0xAA, 0xAC, 0xBB, 0xBC, 0xCC, 0x22, 0xA6, 0xA4, 0xBD, 0xDD, 0xDD,
    0xDD, 0xDD, 0xDD, 0xCB, 0xD7, 0x87, 0xAC, 0xED, 0xDE, 0xDA, 0xAC, 0x46, 0xCE, 0xDD, 0xED, 0xCD,
    0xDB, 0xBC, 0x8B, 0xB8, 0x88, 0x8A, 0xAB, 0xBB, 0xCA, 0x88, 0x22, 0xA6, 0xA4, 0xBD, 0xDD, 0xDD,
    0xDD, 0xDD, 0xDD, 0xCB, 0xD7, 0x87, 0xAC, 0xED, 0xDD, 0xCB, 0x8B, 0x46, 0xCE, 0xED, 0xED, 0xCD,
    0xCB, 0xBB, 0x8B, 0xB7, 0x88, 0x8A, 0xAB, 0xBA, 0x21, 0x11, 0x11, 0x32, 0x74, 0xCD, 0xDD, 0xDD,
    0xDD, 0xDD, 0xDD, 0xCB, 0xD7, 0x87, 0xBC, 0xDD, 0xDD, 0xEC, 0x8B, 0x6C, 0xDD, 0xDD, 0xED, 0xCD,
    0xCB, 0xBB, 0x8A, 0xB7, 0x88, 0x8A, 0xAC, 0x81, 0x25, 0x99, 0x53, 0x21, 0x12, 0xBE, 0xED, 0xDD,
    0xDD, 0xDD, 0xDD, 0xCB, 0xD7, 0x87, 0xBD, 0xDD, 0xDD, 0xE7, 0x8B, 0x4C, 0xED, 0xDD, 0xED, 0xCD,
    0xCB, 0xBB, 0x8A, 0xB7, 0x88, 0x8A, 0xAB, 0x39, 0xCC, 0xCC, 0xC9, 0x53, 0x21, 0x14, 0x8B, 0xBC,
    0xDD, 0xDD, 0xDC, 0xCB, 0xD7, 0x87, 0xBD, 0xDD, 0xDE, 0xA2, 0x7A, 0x46, 0xCD, 0xDD, 0xDE, 0xCD,
    0xCB, 0xAB, 0x8A, 0xA7, 0x77, 0x8A, 0xA4, 0x39, 0xCE, 0xEE, 0xEC, 0x95, 0x52, 0x11, 0x22, 0x23,
    0x7C, 0xDC, 0xCC, 0xCC, 0xD7, 0x87, 0xCD, 0xDD, 0xDE, 0xA4, 0x8C, 0x74, 0xCE, 0xDD, 0xDE, 0xCD,
    0xCA, 0xAB, 0x8A, 0xA7, 0x77, 0x8A, 0x82, 0x59, 0xCC, 0xEF, 0xEE, 0xC9, 0x53, 0x32, 0x22, 0x35,
    0x34, 0xCD, 0xCD, 0xCB, 0xD7, 0x88, 0xCD, 0xDD, 0xEE, 0xCA, 0xDE, 0xBA, 0xED, 0xED, 0xDE, 0xCC,
    0xCA, 0xAB, 0x7A, 0xA7, 0x77, 0x8A, 0x72, 0x8C, 0xCC, 0xEC, 0xEE, 0xEC, 0x95, 0x33, 0x23, 0x59,
    0x95, 0x8D, 0xCC, 0xCB, 0xD7, 0x88, 0xCD, 0xDD, 0xED, 0xDE, 0xEE, 0xED, 0xDD, 0xDD, 0xDE, 0xCC,
    0xCA, 0xAB, 0x7A, 0xA6, 0x77, 0x7A, 0x63, 0x99, 0xCC, 0xCC, 0xEE, 0xEE, 0x95, 0x33, 0x55, 0x9C,
    0xC9, 0xAD, 0xDC, 0xCB, 0xD7, 0x88, 0xCD, 0xEE, 0xEE, 0xED, 0xDE, 0xEE, 0xEE, 0xEE, 0xDD, 0xCC,
    0xCA, 0xAB, 0x7A, 0xA6, 0x77, 0x7A, 0x33, 0x99, 0xCC, 0xCC, 0xEE, 0xEE, 0xEC, 0x99, 0xCE, 0xEC,
    0xCA, 0xDD, 0xDD, 0xCC, 0xD7, 0x88, 0xCE, 0xDE, 0xEC, 0xCE, 0xDD, 0xEC, 0xCC, 0xDC, 0xED, 0xDC,
    0xCA, 0xAB, 0x7A, 0xA6, 0x77, 0x78, 0x55, 0x99, 0x99, 0xCC, 0xEC, 0xEE, 0xCD, 0xEF, 0xEF, 0xFC,
    0xCC, 0xDD, 0xDD, 0xCB, 0xD7, 0xAC, 0xDD, 0xCE, 0xA6, 0x4C, 0xEE, 0xC4, 0x46, 0x87, 0xED, 0xED,
    0xC8, 0xAB, 0x7A, 0xA6, 0x77, 0x78, 0x43, 0x89, 0x99, 0x9C, 0xEC, 0xCE, 0xCC, 0xCE, 0xEF, 0xFD,
    0xDD, 0xDD, 0xDC, 0xCB, 0xD7, 0x8E, 0xED, 0xCC, 0xA6, 0x6B, 0xEE, 0xE8, 0x47, 0x8B, 0xED, 0xED,
    0xC8, 0xAB, 0x7A, 0xA6, 0x76, 0x78, 0x63, 0x59, 0x99, 0x9C, 0xEC, 0xCC, 0xA9, 0xCE, 0xEE, 0xFD,
    0xDD, 0xDD, 0xDC, 0xCB, 0xD8, 0x8A, 0xED, 0xEC, 0x84, 0x8E, 0xCA, 0xEB, 0x44, 0xAE, 0xDE, 0xDC,
    0xC8, 0xAA, 0x7A, 0xA6, 0x76, 0x77, 0x73, 0x58, 0x99, 0x9C, 0xCC, 0xCC, 0x99, 0xCE, 0xFE, 0xED,
    0xDD, 0xDD, 0xDC, 0xCB, 0xD8, 0x88, 0xCE, 0xEE, 0xBA, 0xDD, 0x88, 0xAE, 0xAA, 0xEE, 0xEE, 0xBC,
    0xC8, 0x8A, 0x7A, 0xA6, 0x76, 0x77, 0x75, 0x35, 0x99, 0x99, 0xCC, 0xBC, 0x9C, 0xCE, 0xFE, 0xED,
    0xDD, 0xDD, 0xDC, 0xCB, 0xD8, 0x8A, 0x62, 0x8D, 0xEE, 0xEC, 0x8A, 0x6E, 0xEE, 0xC7, 0xAA, 0xAC,
    0xB8, 0x8A, 0x7A, 0xA6, 0x66, 0x77, 0x7A, 0x53, 0x89, 0x99, 0x9B, 0x9C, 0x99, 0xCE, 0xEE, 0xED,
    0xCD, 0xDD, 0xDD, 0xCB, 0xD8, 0x8A, 0x41, 0x7C, 0xDE, 0xED, 0xCD, 0xCE, 0xDE, 0xB6, 0xAA, 0xAC,
    0xB8, 0x8A, 0x7A, 0xA7, 0x76, 0x77, 0x6B, 0xA5, 0x35, 0x55, 0x9A, 0x99, 0x97, 0xCD, 0xEE, 0xFE,
    0xDD, 0xDD, 0xCC, 0xCB, 0xD8, 0x8A, 0x41, 0x7C, 0xCE, 0xEE, 0xEE, 0xEE, 0xDE, 0xB6, 0xAA, 0xAC,
    0xB8, 0x8A, 0x7A, 0xA7, 0x76, 0x77, 0x6B, 0xA8, 0x53, 0x35, 0x59, 0x99, 0x97, 0xCD, 0xFE, 0xFE,
    0xCC, 0xCC, 0xCD, 0xCB, 0xD8, 0x8A, 0x41, 0x7C, 0xCE, 0xEE, 0xEE, 0xEE, 0xEE, 0xA7, 0xAA, 0xAC,
    0xA8, 0x8A, 0x7A, 0xA7, 0x76, 0x77, 0x6B, 0x88, 0xA9, 0x95, 0x35, 0xAA, 0xA6, 0xDC, 0xCC, 0x95,
    0x55, 0x59, 0x9C, 0xCB, 0xC8, 0x8A, 0x41, 0x7C, 0xCE, 0xCD, 0xED, 0xEC, 0xED, 0xA7, 0x88, 0xAC,
    0xA8, 0x88, 0x7A, 0xA6, 0x76, 0x67, 0x6B, 0x88, 0xAB, 0xD7, 0x11, 0x7A, 0xA6, 0xA5, 0x55, 0x53,
    0x55, 0x55, 0x99, 0x9B, 0xD8, 0x8A, 0x41, 0x7D, 0xBE, 0xAD, 0xDC, 0xFA, 0xEC, 0xA7, 0x88, 0xAC,
    0xA8, 0x88, 0x7A, 0xA6, 0x76, 0x67, 0x7B, 0x88, 0xAB, 0xC7, 0x21, 0x7A, 0x83, 0x23, 0x55, 0x53,
    0x35, 0x59, 0x59, 0x99, 0xB8, 0x8A, 0x21, 0x7C, 0xAE, 0xAD, 0xCA, 0xE8, 0xDB, 0xA7, 0x88, 0xAB,
    0xA8, 0x88, 0x7A, 0xA6, 0x76, 0x67, 0x6B, 0x88, 0xAA, 0xC6, 0x11, 0x88, 0x11, 0x13, 0x35, 0x33,
    0x55, 0x59, 0x99, 0x99, 0x99, 0x8A, 0x21, 0x6C, 0xAA, 0x8E, 0xC8, 0xE7, 0x78, 0xA7, 0x88, 0xAB,
    0xA8, 0x88, 0x7A, 0xA6, 0x76, 0x66, 0x6B, 0x88, 0x8A, 0xC6, 0x11, 0x41, 0x11, 0x25, 0x35, 0x55,
    0x55, 0x99, 0x99, 0x9C, 0x9C, 0x9A, 0x21, 0x6C, 0x88, 0x7E, 0xB7, 0xE7, 0x68, 0xA7, 0x88, 0xAB,
    0xA8, 0x8A, 0x7A, 0xA6, 0x76, 0x66, 0x6B, 0x87, 0x8A, 0xC4, 0x21, 0x11, 0x11, 0x35, 0x55, 0x55,
    0x59, 0x99, 0x99, 0xCC, 0xCC, 0xC9, 0x21, 0x6C, 0x88, 0x7D, 0xA7, 0xD6, 0x67, 0xA7, 0x88, 0xAB,
    0xA8, 0x8A, 0x7A, 0xA6, 0x76, 0x66, 0x6A, 0x87, 0x8A, 0xC4, 0x21, 0x12, 0x22, 0x35, 0x55, 0x55,
    0x99, 0x99, 0x99, 0xCC, 0xCC, 0xC9, 0x82, 0x4C, 0x88, 0x7B, 0x66, 0x76, 0x67, 0xA7, 0x88, 0xAB,
    0xA8, 0x88, 0x7A, 0xA6, 0x66, 0x66, 0x6A, 0x87, 0x7A, 0xC4, 0x11, 0x22, 0x22, 0x35, 0x55, 0x59,
    0x99, 0x99, 0x99, 0x99, 0xC9, 0xC9, 0x98, 0x6B, 0x87, 0x7A, 0x66, 0x66, 0x67, 0xA7, 0x88, 0xAB,
    0xA8, 0x88, 0x7A, 0xA6, 0x66, 0x66, 0x6A, 0x87, 0x78, 0xC4, 0x13, 0x33, 0x22, 0x35, 0x55, 0x59,
    0x99, 0x99, 0x99, 0x99, 0x99, 0xCC, 0x99, 0x9B, 0x87, 0x7A, 0x66, 0x66, 0x67, 0xA7, 0x88, 0x8B,
    0xA8, 0x88, 0x7A, 0xA6, 0x66, 0x66, 0x6A, 0x87, 0x7A, 0xC2, 0x23, 0x33, 0x22, 0x23, 0x55, 0x59,
    0x99, 0x99, 0x99, 0x99, 0x99, 0x9C, 0x99, 0x99, 0x87, 0x7A, 0x66, 0x66, 0x67, 0xA7, 0x88, 0x8B,
    0xA8, 0x88, 0x7A, 0xA6, 0x66, 0x66, 0x6A, 0x87, 0x7A, 0x62, 0x53, 0x53, 0x32, 0x23, 0x33, 0x55,
    0x55, 0x59, 0x99, 0x99, 0x99, 0x99, 0x99, 0x99, 0x77, 0x7A, 0x66, 0x66, 0x67, 0xA7, 0x88, 0x8B,
    0xA8, 0x88, 0x78, 0xA6, 0x66, 0x66, 0x6A, 0x77, 0x78, 0x33, 0x55, 0x53, 0x33, 0x33, 0x33, 0x55,
    0x55, 0x55, 0x55, 0x99, 0x59, 0x99, 0x99, 0x99, 0x87, 0x7A, 0x66, 0x66, 0x47, 0xA7, 0x88, 0x8B,
    0xA8, 0x88, 0x78, 0xA6, 0x66, 0x66, 0x6A, 0x76, 0x76, 0x35, 0x55, 0x53, 0x33, 0x33, 0x33, 0x35,
    0x55, 0x35, 0x55, 0x55, 0x55, 0x99, 0x99, 0x99, 0x97, 0x7A, 0x66, 0x64, 0x47, 0xA7, 0x88, 0x8B,
    0xA8, 0x88, 0x7A, 0xA6, 0x66, 0x66, 0x6A, 0x76, 0x74, 0x35, 0x55, 0x53, 0x23, 0x32, 0x33, 0x33,
    0x33, 0x33, 0x35, 0x55, 0x55, 0x59, 0x95, 0x99, 0x97, 0x7A, 0x66, 0x64, 0x47, 0xA7, 0x88, 0x8B,
    0xA8, 0x88, 0x7A, 0xA6, 0x66, 0x66, 0x6A, 0x77, 0x72, 0x55, 0x55, 0x53, 0x22, 0x22, 0x33, 0x22,
    0x23, 0x33, 0x33, 0x53, 0x35, 0x55, 0x55, 0x58, 0x95, 0x7A, 0x66, 0x66, 0x67, 0xA7, 0x88, 0xAB,
    0xA8, 0x88, 0x7A, 0xA6, 0x66, 0x66, 0x6A, 0x87, 0x63, 0x59, 0x85, 0x53, 0x22, 0x12, 0x32, 0x11,
    0x11, 0x21, 0x22, 0x32, 0x23, 0x55, 0x55, 0x55, 0x55, 0x7A, 0x66, 0x66, 0x67, 0xA7, 0x88, 0xAB,
    0xA8, 0x88, 0x7A, 0xA6, 0x66, 0x66, 0x6A, 0x87, 0x63, 0x59, 0x95, 0x53, 0x22, 0x12, 0x21, 0x11,
    0x11, 0x11, 0x11, 0x11, 0x13, 0x33, 0x33, 0x35, 0x55, 0x6A, 0x66, 0x66, 0x67, 0xA7, 0x88, 0xAB,
    0xA8, 0x88, 0x7A, 0xA6, 0x66, 0x66, 0x6A, 0x87, 0x45, 0x55, 0x55, 0x33, 0x22, 0x22, 0x11, 0x11,
    0x11, 0x11, 0x11, 0x11, 0x11, 0x22, 0x23, 0x33, 0x55, 0x5A, 0x66, 0x66, 0x67, 0xA7, 0x88, 0xAB,
    0xA8, 0x88, 0x7A, 0x86, 0x66, 0x66, 0x6A, 0x87, 0x65, 0x55, 0x55, 0x32, 0x22, 0x32, 0x11, 0x11,
    0x11, 0x11, 0x11, 0x11, 0x11, 0x11, 0x22, 0x23, 0x53, 0x38, 0x66, 0x66, 0x68, 0xA7, 0x88, 0xAB,
    0xA8, 0x88, 0x7A, 0x86, 0x66, 0x66, 0x6A, 0x77, 0x65, 0x95, 0x55, 0x32, 0x12, 0x32, 0x11, 0x11,
    0x11, 0x11, 0x11, 0x11, 0x11, 0x12, 0x11, 0x12, 0x53, 0x38, 0x66, 0x66, 0x67, 0xA7, 0x88, 0xAB,
    0xB8, 0x88, 0x7A, 0x86, 0x66, 0x66, 0x6A, 0x76, 0x75, 0x55, 0x33, 0x32, 0x22, 0x22, 0x11, 0x11,
    0x11, 0x11, 0x11, 0x11, 0x11, 0x12, 0x11, 0x12, 0x33, 0x37, 0x66, 0x66, 0x67, 0xA7, 0x88, 0x8B,
    0xB8, 0x88, 0x7A, 0x86, 0x66, 0x66, 0x6A, 0x76, 0x65, 0x55, 0x33, 0x32, 0x22, 0x11, 0x22, 0x34,
    0x44, 0x34, 0x32, 0x33, 0x21, 0x12, 0x11, 0x12, 0x33, 0x27, 0x66, 0x66, 0x68, 0xA7, 0x88, 0x8B,
    0xB8, 0x88, 0x7A, 0x86, 0x66, 0x66, 0x6A, 0x74, 0x12, 0x55, 0x33, 0x33, 0x21, 0x11, 0x24, 0x56,
    0x8B, 0x94, 0x44, 0x23, 0x55, 0x32, 0x12, 0x22, 0x22, 0x27, 0x76, 0x66, 0x68, 0xA7, 0x88, 0xAB,
    0xB8, 0x88, 0x7A, 0xA6, 0x66, 0x66, 0x6A, 0x72, 0x53, 0x35, 0x33, 0x32, 0x11, 0x11, 0x24, 0x48,
    0xBC, 0xC7, 0x42, 0x11, 0x11, 0x46, 0x33, 0x22, 0x22, 0x28, 0x76, 0x66, 0x68, 0xA7, 0x88, 0xAB,
    0xB8, 0x88, 0x7A, 0xA6, 0x66, 0x66, 0x6A, 0x43, 0x55, 0x35, 0x53, 0x32, 0x44, 0x11, 0x44, 0x46,
    0x78, 0x82, 0x54, 0x11, 0x11, 0x14, 0x44, 0x32, 0x22, 0x28, 0x66, 0x66, 0x67, 0xA7, 0x88, 0xAB,
    0xB8, 0x88, 0x7A, 0xA7, 0x66, 0x66, 0x6A, 0x45, 0x35, 0x53, 0x53, 0x32, 0x44, 0x44, 0x24, 0x46,
    0x46, 0x76, 0x58, 0x21, 0x11, 0x24, 0x11, 0x42, 0x22, 0x2A, 0x66, 0x66, 0x68, 0xA7, 0x88, 0xAB,
    0xB8, 0x88, 0x7A, 0xA7, 0x76, 0x66, 0x6A, 0x33, 0x23, 0x53, 0x33, 0x36, 0x66, 0x44, 0x44, 0x46,
    0x44, 0x66, 0x66, 0x11, 0x12, 0x35, 0x31, 0x26, 0x32, 0x48, 0x66, 0x66, 0x68, 0xA7, 0x88, 0xAB,
    0xB8, 0x88, 0x7A, 0xA6, 0x66, 0x66, 0x68, 0x32, 0x25, 0x95, 0x33, 0x57, 0x76, 0x44, 0x22, 0x42,
    0x24, 0x44, 0x41, 0x11, 0x12, 0x35, 0xB7, 0x24, 0x62, 0x6A, 0x76, 0x66, 0x67, 0xA7, 0x88, 0xAB,
    0xB8, 0x88, 0x7A, 0xA6, 0x66, 0x66, 0x68, 0x32, 0x39, 0x95, 0x33, 0x58, 0x87, 0x62, 0x11, 0x11,
    0x14, 0x12, 0x11, 0x11, 0x12, 0x33, 0xAA, 0x74, 0x76, 0x68, 0x76, 0x66, 0x67, 0xA7, 0x88, 0xAB,
    0xBA, 0x88, 0x7A, 0xA6, 0x66, 0x76, 0x68, 0x52, 0x59, 0x55, 0x33, 0x78, 0x77, 0x61, 0x11, 0x11,
    0x11, 0x11, 0x11, 0x11, 0x23, 0x33, 0x76, 0x8B, 0x86, 0x68, 0x66, 0x66, 0x67, 0xA7, 0x88, 0xAB,
    0xBA, 0x88, 0x88, 0xA6, 0x66, 0x76, 0x6A, 0x62, 0x35, 0x58, 0x25, 0x75, 0x57, 0x72, 0x11, 0x11,
    0x11, 0x11, 0x11, 0x11, 0x33, 0x13, 0x5B, 0xCA, 0x76, 0x68, 0x66, 0x66, 0x68, 0xA7, 0x88, 0xAB,
    0xAA, 0x88, 0x88, 0xA7, 0x67, 0x76, 0x68, 0x73, 0x33, 0x59, 0x25, 0x55, 0x53, 0x32, 0x11, 0x11,
    0x11, 0x11, 0x11, 0x12, 0x52, 0x12, 0x57, 0x78, 0x76, 0x68, 0x66, 0x66, 0x68, 0xA7, 0x88, 0xAA,
    0xBA, 0x88, 0x88, 0x86, 0x67, 0x76, 0x68, 0x72, 0x35, 0x58, 0x33, 0x55, 0x53, 0x32, 0x11, 0x11,
    0x11, 0x11, 0x11, 0x13, 0x33, 0x31, 0x3A, 0x78, 0x77, 0x68, 0x66, 0x77, 0x67, 0xA7, 0x88, 0xAA,
    0xBA, 0x88, 0x78, 0x86, 0x67, 0x76, 0x68, 0x76, 0x13, 0x9E, 0x93, 0x55, 0x53, 0x33, 0x21, 0x11,
    0x11, 0x11, 0x12, 0x23, 0x39, 0x51, 0x59, 0x78, 0x77, 0x68, 0x66, 0x76, 0x67, 0x87, 0x88, 0xAA,
    0xB8, 0x87, 0x78, 0x86, 0x67, 0x76, 0x68, 0x77, 0x62, 0x5E, 0xC3, 0x55, 0x53, 0x33, 0x21, 0x11,
    0x11, 0x11, 0x12, 0x23, 0x33, 0x35, 0x85, 0x58, 0x77, 0x68, 0x66, 0x66, 0x67, 0x87, 0x88, 0xAA,
    0xB8, 0x87, 0x78, 0x86, 0x67, 0x76, 0x68, 0x7B, 0xB8, 0x25, 0x53, 0x53, 0x33, 0x33, 0x31, 0x11,
    0x11, 0x11, 0x22, 0x23, 0x33, 0x35, 0x35, 0x58, 0x77, 0x68, 0x66, 0x76, 0x67, 0x87, 0x88, 0xAB,
    0xB8, 0x77, 0x78, 0x86, 0x67, 0x76, 0x67, 0xBB, 0xBD, 0xC9, 0x95, 0x53, 0x33, 0x33, 0x31, 0x11,
    0x11, 0x11, 0x22, 0x23, 0x33, 0x35, 0x35, 0x58, 0x77, 0x68, 0x66, 0x76, 0x68, 0x87, 0x78, 0xAB,
    0xBA, 0x77, 0x68, 0x86, 0x66, 0x76, 0x67, 0xBB, 0xBD, 0xD7, 0x95, 0x33, 0x33, 0x33, 0x21, 0x11,
    0x11, 0x11, 0x22, 0x25, 0x87, 0x39, 0x53, 0x58, 0x77, 0x68, 0x66, 0x77, 0x68, 0x86, 0x78, 0xAA,
    0xBA, 0x87, 0x67, 0x86, 0x67, 0x76, 0x7B, 0xBB, 0xBD, 0xD4, 0x95, 0x53, 0x33, 0x22, 0x32, 0x11,
    0x11, 0x11, 0x12, 0x8C, 0xED, 0xC9, 0x55, 0x67, 0x77, 0x78, 0x76, 0x77, 0x68, 0x86, 0x88, 0xAA,
    0xAA, 0x87, 0x67, 0x86, 0x67, 0x76, 0x7B, 0xBB, 0xBD, 0xD4, 0x98, 0x53, 0x32, 0x22, 0x22, 0x11,
    0x11, 0x12, 0x5C, 0xE8, 0x6B, 0xFC, 0x55, 0x47, 0x76, 0x68, 0x66, 0x77, 0x67, 0x86, 0x88, 0xAA,
    0xAA, 0x87, 0x67, 0x76, 0x66, 0x76, 0x7B, 0xBB, 0xDD, 0xD5, 0x98, 0x55, 0x32, 0x21, 0x21, 0x11,
    0x11, 0x13, 0x9C, 0xCA, 0x86, 0xEC, 0x85, 0x26, 0x76, 0x67, 0x66, 0x66, 0x67, 0x86, 0x88, 0xAA,
    0xAA, 0x87, 0x67, 0x86, 0x66, 0x66, 0x7B, 0xBD, 0xDD, 0xDA, 0x98, 0x55, 0x32, 0x21, 0x11, 0x11,
    0x11, 0x11, 0x12, 0x59, 0xCC, 0xED, 0x54, 0x26, 0x66, 0x67, 0x66, 0x66, 0x67, 0x87, 0x88, 0xAA,
    0xAA, 0x87, 0x67, 0x76, 0x66, 0x66, 0x7B, 0xDD, 0xDD, 0xD8, 0x85, 0x55, 0x32, 0x21, 0x11, 0x11,
    0x11, 0x11, 0x21, 0x12, 0x59, 0xCA, 0x34, 0x26, 0x66, 0x67, 0x66, 0x76, 0x67, 0x77, 0x78, 0xAA,
    0xAA, 0x87, 0x67, 0x76, 0x66, 0x64, 0x7B, 0xDD, 0xDD, 0xE8, 0x53, 0x55, 0x53, 0x22, 0x11, 0x11,
    0x11, 0x11, 0x21, 0x11, 0x12, 0x55, 0x32, 0x16, 0x66, 0x67, 0x66, 0x66, 0x67, 0x87, 0x8A, 0xAB,
    0xAA, 0x87, 0x67, 0x74, 0x66, 0x64, 0x6B, 0xDD, 0xDD, 0xE8, 0x53, 0x35, 0x53, 0x32, 0x21, 0x11,
    0x11, 0x11, 0x11, 0x23, 0x32, 0x55, 0x52, 0x26, 0x66, 0x66, 0x64, 0x66, 0x47, 0x87, 0x88, 0xBB,
    0xAA, 0x87, 0x66, 0x74, 0x46, 0x64, 0x4A, 0xDB, 0xED, 0xE8, 0x53, 0x35, 0x55, 0x53, 0x22, 0x11,
    0x11, 0x11, 0x11, 0x11, 0x35, 0x55, 0x31, 0x16, 0x76, 0x66, 0x46, 0x66, 0x67, 0x87, 0x8A, 0xBB,
    0xAA, 0x87, 0x66, 0x74, 0x66, 0x64, 0x46, 0xED, 0xBE, 0xF8, 0x32, 0x33, 0x58, 0x55, 0x32, 0x21,
    0x22, 0x11, 0x11, 0x12, 0x35, 0x55, 0x61, 0x16, 0x76, 0x44, 0x66, 0x67, 0x47, 0x87, 0x7A, 0xBB,
    0xAA, 0x87, 0x66, 0x74, 0x46, 0x64, 0x44, 0x7F, 0xDB, 0xEA, 0x42, 0x33, 0x35, 0x88, 0x85, 0x32,
    0x22, 0x21, 0x11, 0x12, 0x35, 0x58, 0xD2, 0x16, 0x66, 0x46, 0x44, 0x76, 0x47, 0x77, 0x8A, 0xBB,
    0x7A, 0x87, 0x66, 0x74, 0x44, 0x44, 0x46, 0x4A, 0xFD, 0xBB, 0x82, 0x23, 0x35, 0x55, 0x89, 0x85,
    0x33, 0x32, 0x22, 0x23, 0x35, 0x5B, 0xD4, 0x14, 0x66, 0x44, 0x44, 0x64, 0x47, 0x76, 0x8A, 0xBA,
    0x48, 0x88, 0x66, 0x64, 0x44, 0x44, 0x46, 0x44, 0xEF, 0xEB, 0xB3, 0x23, 0x33, 0x35, 0x55, 0x8A,
    0x95, 0x33, 0x33, 0x33, 0x35, 0x8D, 0xD6, 0x14, 0x66, 0x44, 0x44, 0x64, 0x47, 0x76, 0x8A, 0xA7,
    0x46, 0x87, 0x66, 0x64, 0x44, 0x44, 0x44, 0x44, 0x8F, 0xFF, 0xBA, 0x53, 0x33, 0x33, 0x55, 0x58,
    0x9A, 0x98, 0x55, 0x53, 0x35, 0xDD, 0xB6, 0x14, 0x64, 0x44, 0x46, 0x64, 0x46, 0x76, 0x88, 0xA4,
    0x44, 0x77, 0x66, 0x64, 0x44, 0x44, 0x44, 0x46, 0x6E, 0xFF, 0xFD, 0xB5, 0x22, 0x33, 0x35, 0x55,
    0x58, 0x9A, 0xAB, 0xB9, 0x8C, 0xDB, 0xB6, 0x14, 0x64, 0x44, 0x46, 0x64, 0x46, 0x76, 0x8A, 0x74,
    0x44, 0x68, 0x66, 0x64, 0x44, 0x44, 0x44, 0x46, 0x4C, 0xFF, 0xFF, 0xDB, 0x63, 0x33, 0x33, 0x55,
    0x58, 0x99, 0x9A, 0xDD, 0xED, 0xBB, 0xD4, 0x14, 0x66, 0x44, 0x46, 0x64, 0x46, 0x66, 0x88, 0x44,
    0x44, 0x47, 0x64, 0x64, 0x44, 0x44, 0x44, 0x46, 0x4A, 0xFF, 0xFF, 0xFD, 0xB6, 0x33, 0x33, 0x35,
    0x55, 0x59, 0x9D, 0xDD, 0xBB, 0x7D, 0xB2, 0x14, 0x66, 0x44, 0x46, 0x64, 0x46, 0x66, 0x86, 0x44,
    0x44, 0x44, 0x64, 0x64, 0x44, 0x44, 0x44, 0x44, 0x4A, 0xFF, 0xFF, 0xFF, 0xEB, 0x33, 0x33, 0x35,
    0x55, 0x88, 0xBB, 0x7B, 0xBB, 0xD8, 0x22, 0x16, 0x76, 0x44, 0x66, 0x64, 0x46, 0x76, 0x74, 0x44,
    0x44, 0x42, 0x44, 0x44, 0x44, 0x44, 0x44, 0x44, 0x4D, 0xFF, 0xFF, 0xFF, 0xFD, 0x73, 0x33, 0x33,
    0x58, 0xBD, 0xEE, 0xEE, 0xEB, 0x81, 0x24, 0x26, 0x74, 0x44, 0x66, 0x64, 0x46, 0x66, 0x42, 0x24,
    0x44, 0x42, 0x24, 0x44, 0x44, 0x44, 0x44, 0x44, 0x6E, 0xFF, 0xFF, 0xFF, 0xFF, 0xD6, 0x33, 0x35,
    0x7D, 0xFF, 0xFF, 0xFB, 0x84, 0x62, 0x22, 0x26, 0x66, 0x44, 0x66, 0x44, 0x46, 0x64, 0x24, 0x24,
    0x44, 0x42, 0x24, 0x44, 0x44, 0x44, 0x44, 0x44, 0x4D, 0xFF, 0xFF, 0xFF, 0xFF, 0xEB, 0x33, 0x36,
    0xDF, 0xFF, 0xFF, 0xFB, 0x86, 0x72, 0x22, 0x26, 0x64, 0x44, 0x66, 0x64, 0x46, 0x62, 0x22, 0x42,
    0x44, 0x42, 0x22, 0x44, 0x42, 0x44, 0x44, 0x44, 0x4D, 0xFF, 0xFF, 0xFF, 0xFF, 0xFD, 0x53, 0x3A,
    0xFF, 0xFF, 0xFF, 0xFB, 0x84, 0x62, 0x22, 0x26, 0x64, 0x44, 0x67, 0x64, 0x46, 0x42, 0x22, 0x22,
    0x44, 0x42, 0x22, 0x24, 0x42, 0x44, 0x44, 0x44, 0x4D, 0xFE, 0xFF, 0xFF, 0xFF, 0xFE, 0x83, 0x3D,
    0xFF, 0xFF, 0xFF, 0xFB, 0x84, 0x62, 0x22, 0x16, 0x64, 0x44, 0x67, 0x64, 0x46, 0x42, 0x22, 0x22,
    0x44, 0x42, 0x22, 0x24, 0x22, 0x44, 0x44, 0x44, 0x6E, 0xFE, 0xEF, 0xFF, 0xFF, 0xFE, 0xB3, 0x6E,
    0xFF, 0xFF, 0xFF, 0xFB, 0x84, 0x62, 0x12, 0x14, 0x64, 0x44, 0x67, 0x64, 0x44, 0x42, 0x22, 0x22,
    0x44, 0x22, 0x22, 0x44, 0x42, 0x44, 0x42, 0x24, 0x6E, 0xFE, 0xFF, 0xFF, 0xEF, 0xFF, 0xB5, 0x7E,
    0xFF, 0xFE, 0xEF, 0xFC, 0x84, 0x42, 0x11, 0x14, 0x64, 0x44, 0x67, 0x64, 0x44, 0x42, 0x22, 0x22,
    0x44, 0x42, 0x22, 0x44, 0x44, 0x44, 0x42, 0x22, 0x6E, 0xFE, 0xFF, 0xFF, 0xFF, 0xFF, 0xEC, 0xDF,
    0xFE, 0xEF, 0xFF, 0xFF, 0xEA, 0x62, 0x11, 0x16, 0x64, 0x44, 0x66, 0x64, 0x44, 0x42, 0x22, 0x22,
    0x24, 0x42, 0x22, 0x44, 0x24, 0x44, 0x41, 0x27, 0xEF, 0xFE, 0xEF, 0xFF, 0xFF, 0xFF, 0xE8, 0x7A,
    0xFE, 0xFF, 0xFF, 0xFF, 0xFF, 0xFC, 0x42, 0x14, 0x64, 0x42, 0x67, 0x44, 0x44, 0x42, 0x22, 0x22,
    0x22, 0x42, 0x22, 0x46, 0x24, 0x42, 0x46, 0xCF, 0xFF, 0xFE, 0xFF, 0xFF, 0xFF, 0xFF, 0xC4, 0x66,
    0xFE, 0xFF, 0xFF, 0xFF, 0xFF, 0xFF, 0xFE, 0xA7, 0x64, 0x42, 0x64, 0x44, 0x44, 0x42, 0x22, 0x22,
    0x22, 0x22, 0x22, 0x46, 0x42, 0x47, 0xCF, 0xFF, 0xFE, 0xFF, 0xFF, 0xFF, 0xFF, 0xFF, 0xC7, 0xB7,
    0xFE, 0xFF, 0xFF, 0xFF, 0xFF, 0xFF, 0xFF, 0xFF, 0xD8, 0x21, 0x24, 0x44, 0x44, 0x41, 0x22, 0x22,
    0x24, 0x22, 0x22, 0x44, 0x28, 0xEF, 0xFF, 0xEF, 0xFE, 0xFF, 0xFF, 0xFF, 0xFF, 0xFF, 0xC7, 0xB7,
    0xFF, 0xFF, 0xFF, 0xFF, 0xEF, 0xFF, 0xFF, 0xFF, 0xFF, 0xD6, 0x12, 0x44, 0x44, 0x22, 0x22, 0x22,
    0x22, 0x22, 0x21, 0x4A, 0xEF, 0xFE, 0xFE, 0xFF, 0xEE, 0xFF, 0xFF, 0xFF, 0xFF, 0xFF, 0xC7, 0x77,
    0xFF, 0xFF, 0xFF, 0xFF, 0xFE, 0xFF, 0xFF, 0xFF, 0xFF, 0xFF, 0xC7, 0x44, 0x44, 0x42, 0x22, 0x22,
    0x22, 0x22, 0x14, 0xDF, 0xFF, 0xEE, 0xEE, 0xFF, 0xDF, 0xFF, 0xFF, 0xFF, 0xFF, 0xFF, 0xC7, 0xB8,
    0xFF, 0xFF, 0xFF, 0xFF, 0xFE, 0xFF, 0xFF, 0xFF, 0xFF, 0xFE, 0xFF, 0xC6, 0x24, 0x42, 0x22, 0x22,
    0x22, 0x22, 0x9F, 0xFE, 0xFE, 0xEE, 0xEF, 0xFE, 0xEF, 0xFF, 0xFF, 0xFF, 0xFF, 0xFF, 0xD4, 0x67,
    0xFF, 0xFF, 0xFF, 0xFF, 0xFF, 0xEF, 0xFF, 0xFF, 0xFF, 0xFF, 0xEE, 0xFF, 0xA4, 0x42, 0x22, 0x22,
};

static const uint8_t coup_animdata_assassin_f05[3072] = {
    0xA9, 0x8A, 0x8A, 0xDC, 0xBB, 0xAA, 0xBC, 0xCB, 0xBB, 0xCE, 0xB6, 0xC7, 0xA8, 0xCE, 0xDE, 0xDD,
    0xDD, 0xDD, 0xDD, 0xDC, 0xDA, 0xA6, 0xCD, 0xDB, 0xBB, 0xCC, 0xBB, 0xBB, 0xAC, 0xAA, 0x89, 0xAA,
    0x98, 0xA9, 0x8B, 0xDB, 0xBA, 0xAA, 0xBC, 0xCB, 0xBB, 0xCE, 0xA4, 0xB7, 0xA8, 0xCE, 0xDD, 0xDD,
    0xDD, 0xDD, 0xDD, 0xDC, 0xDA, 0xA6, 0xBC, 0xDB, 0xBC, 0xDD, 0xBC, 0xBB, 0xAC, 0xBA, 0xA8, 0x99,
    0x89, 0x87, 0xCB, 0xDB, 0xBA, 0xAA, 0xAC, 0xCB, 0xBB, 0xCE, 0x84, 0xA6, 0xA8, 0xBE, 0xDD, 0xDD,
    0xDD, 0xDD, 0xDD, 0xCC, 0xDA, 0xA6, 0xAC, 0xDB, 0x88, 0x88, 0x78, 0x77, 0x7C, 0xCA, 0xAA, 0x8A,
    0xAA, 0x6A, 0xCB, 0xDB, 0xAA, 0xAA, 0xAC, 0xCB, 0xBB, 0xCE, 0x72, 0xA6, 0xA8, 0xBE, 0xDD, 0xDD,
    0xDD, 0xDD, 0xDD, 0xCC, 0xDA, 0xA6, 0xAB, 0xDA, 0xAC, 0xBB, 0xBC, 0xBB, 0xCC, 0xBB, 0xAA, 0x88,
    0xA7, 0xAC, 0xCB, 0xDA, 0xAA, 0xAA, 0xAC, 0xCB, 0xBB, 0xCE, 0x62, 0xA6, 0xA8, 0xBD, 0xDD, 0xDD,
    0xDD, 0xDD, 0xDD, 0xCC, 0xDA, 0xA6, 0x8B, 0xDA, 0xEE, 0xEE, 0xEE, 0xEE, 0xED, 0xBB, 0xBA, 0xA8,
    0x88, 0xCC, 0xCA, 0xDA, 0xAA, 0xAA, 0xAB, 0xCB, 0xBB, 0xCE, 0x62, 0xA6, 0xA7, 0xBD, 0xDD, 0xDD,
    0xDD, 0xDD, 0xDD, 0xCC, 0xD8, 0xA6, 0x8A, 0xBC, 0xED, 0xDD, 0xDD, 0xDD, 0xDE, 0xCB, 0xBB, 0xAA,
    0xAC, 0xCC, 0xBA, 0xCA, 0xAA, 0xAA, 0xAB, 0xCB, 0xBB, 0xCD, 0x42, 0xA7, 0xA6, 0xBD, 0xDD, 0xDD,
    0xDD, 0xDD, 0xDD, 0xCC, 0xD8, 0x87, 0x76, 0xCE, 0xDD, 0xEE, 0xDE, 0xED, 0xDE, 0xDC, 0xBC, 0xCA,
    0xDC, 0xBC, 0xBA, 0xCA, 0xAA, 0xAA, 0xAB, 0xCB, 0xBB, 0xCC, 0x42, 0x86, 0xA6, 0xBD, 0xDD, 0xDD,
    0xDD, 0xDD, 0xDD, 0xCC, 0xD7, 0x87, 0x8A, 0xED, 0xDE, 0xEE, 0xEE, 0xCE, 0xDD, 0xDD, 0xDC, 0xDB,
    0xDC, 0xBC, 0xBA, 0xCA, 0x88, 0x8A, 0xAB, 0xCB, 0xBB, 0xCD, 0x42, 0x86, 0xA6, 0xBD, 0xDD, 0xDD,
    0xDD, 0xDD, 0xDD, 0xCC, 0xD7, 0x87, 0xAD, 0xDD, 0xDE, 0xDA, 0xDA, 0x4B, 0xED, 0xDD, 0xEC, 0xDD,
    0xDC, 0xBC, 0xB8, 0xCA, 0x88, 0x8A, 0xAB, 0xBB, 0xCC, 0xBC, 0x42, 0x87, 0xA6, 0xBD, 0xDD, 0xDD,
    0xDD, 0xDD, 0xDD, 0xCC, 0xD7, 0x87, 0xBC, 0xDD, 0xDD, 0xC8, 0xB7, 0x48, 0xEE, 0xDD, 0xEC, 0xDD,
    0xDC, 0xBB, 0xB8, 0xC8, 0x88, 0x88, 0xAB, 0xBB, 0x82, 0x12, 0x11, 0x64, 0x84, 0xBD, 0xDD, 0xDD,
    0xDD, 0xDD, 0xDD, 0xCC, 0xD7, 0x87, 0xBD, 0xDD, 0xDD, 0xEA, 0xB7, 0x7C, 0xDD, 0xDD, 0xEC, 0xDD,
    0xDC, 0xBB, 0xA8, 0xC8, 0x88, 0x88, 0xAB, 0xC4, 0x12, 0x55, 0x32, 0x11, 0x12, 0xBE, 0xED, 0xDD,
    0xDD, 0xDD, 0xDD, 0xCC, 0xD7, 0x88, 0xCD, 0xDD, 0xDE, 0xE6, 0xB6, 0xAE, 0xDD, 0xDD, 0xEC, 0xDD,
    0xDC, 0xAB, 0xA8, 0xC8, 0x88, 0x88, 0xAB, 0x73, 0x99, 0xCC, 0xC9, 0x53, 0x11, 0x38, 0xBD, 0xDD,
    0xDD, 0xDD, 0xDD, 0xCC, 0xD7, 0x88, 0xCD, 0xDD, 0xDE, 0x82, 0xA6, 0x4B, 0xED, 0xDD, 0xEC, 0xCD,
    0xDC, 0xAB, 0xA7, 0xC8, 0x77, 0x88, 0xA8, 0x39, 0xCE, 0xEE, 0xEC, 0x95, 0x32, 0x11, 0x23, 0x35,
    0x9D, 0xDD, 0xCC, 0xCC, 0xD7, 0x88, 0xCD, 0xDD, 0xED, 0x74, 0xAA, 0x47, 0xDD, 0xDD, 0xEC, 0xCD,
    0xCC, 0xAB, 0xA7, 0xC8, 0x77, 0x78, 0xA4, 0x39, 0xCC, 0xEF, 0xFE, 0xC9, 0x53, 0x22, 0x22, 0x33,
    0x36, 0xDD, 0xDD, 0xCC, 0xD7, 0x88, 0xCD, 0xDD, 0xEE, 0xA8, 0xED, 0x8C, 0xED, 0xED, 0xEC, 0xCD,
    0xDB, 0xAB, 0xA7, 0xC7, 0x77, 0x78, 0xA2, 0x59, 0xCC, 0xEE, 0xEE, 0xEC, 0x95, 0x33, 0x23, 0x55,
    0x93, 0xAD, 0xCC, 0xCC, 0xD7, 0x88, 0xDD, 0xDE, 0xED, 0xDD, 0xEE, 0xDD, 0xDD, 0xDD, 0xEC, 0xCD,
    0xCB, 0xAB, 0xA7, 0xC7, 0x77, 0x78, 0x82, 0x59, 0xCC, 0xCC, 0xCE, 0xEE, 0x95, 0x33, 0x35, 0x99,
    0xC9, 0xAD, 0xCC, 0xCC, 0xD7, 0x88, 0xCD, 0xDE, 0xEE, 0xDD, 0xDE, 0xEE, 0xEE, 0xED, 0xEC, 0xCD,
    0xCB, 0xAB, 0xA7, 0xC7, 0x77, 0x78, 0x72, 0x99, 0xC9, 0xCC, 0xEE, 0xEE, 0xE9, 0x98, 0x9C, 0xCC,
    0xCA, 0xDD, 0xDD, 0xCC, 0xD7, 0x88, 0xDD, 0xEE, 0xEE, 0xEE, 0xDE, 0xEE, 0xDE, 0xEE, 0xDD, 0xCD,
    0xCB, 0xAB, 0xA7, 0xB7, 0x67, 0x78, 0x73, 0x89, 0xC9, 0xCC, 0xEC, 0xEE, 0xCE, 0xEF, 0xEF, 0xFC,
    0xCC, 0xDD, 0xDD, 0xCB, 0xD7, 0xAC, 0xDD, 0xCD, 0x84, 0x7E, 0xDE, 0xA4, 0x4A, 0x7C, 0xED, 0xED,
    0xCB, 0x8B, 0xA7, 0xB7, 0x77, 0x78, 0x73, 0x59, 0x99, 0x9C, 0xEC, 0xCE, 0xCC, 0xCE, 0xEE, 0xFD,
    0xDD, 0xDD, 0xDD, 0xCB, 0xD7, 0xBE, 0xDD, 0xCC, 0x84, 0x7D, 0xEE, 0xC4, 0x48, 0x8C, 0xDE, 0xED,
    0xCB, 0x8A, 0xA7, 0xC7, 0x67, 0x77, 0x72, 0x58, 0x99, 0x9C, 0xEC, 0xCC, 0xB9, 0xCE, 0xEE, 0xFD,
    0xDD, 0xDD, 0xDC, 0xCB, 0xC7, 0x8C, 0xED, 0xDC, 0x74, 0xAE, 0xBC, 0xE7, 0x47, 0xCE, 0xDE, 0xCD,
    0xCB, 0x8A, 0xA7, 0xB7, 0x66, 0x67, 0x73, 0x35, 0x99, 0x99, 0xCC, 0xCC, 0xA9, 0xCE, 0xFE, 0xFD,
    0xDD, 0xDD, 0xDC, 0xCC, 0xC7, 0x8A, 0xEE, 0xEE, 0x8A, 0xEB, 0xA7, 0xEC, 0x7C, 0xEE, 0xEC, 0xCD,
    0xCA, 0x8A, 0xA7, 0xB7, 0x66, 0x67, 0x77, 0x35, 0x99, 0x99, 0xCC, 0xAC, 0x9C, 0xCE, 0xFE, 0xED,
    0xDD, 0xDD, 0xDC, 0xCC, 0xC7, 0xA8, 0x42, 0xBE, 0xEE, 0xEA, 0xA7, 0xAE, 0xEE, 0x88, 0xBA, 0xCD,
    0xCA, 0x8A, 0xA7, 0xB7, 0x66, 0x67, 0x6A, 0x83, 0x59, 0x99, 0x9C, 0x9C, 0x99, 0xCE, 0xEE, 0xED,
    0xCD, 0xDD, 0xDD, 0xCC, 0xD7, 0x88, 0x41, 0xAC, 0xED, 0xEC, 0xCC, 0xCE, 0xDE, 0x78, 0xAA, 0xCD,
    0xCA, 0x88, 0x87, 0xB7, 0x77, 0x67, 0x6A, 0xB5, 0x35, 0x55, 0x8A, 0x99, 0x97, 0xBD, 0xEE, 0xFE,
    0xDD, 0xDD, 0xCC, 0xCC, 0xC7, 0x88, 0x42, 0xAC, 0xDE, 0xEE, 0xEE, 0xEE, 0xDE, 0x78, 0xAA, 0xBD,
    0xCA, 0x88, 0x87, 0xB7, 0x76, 0x77, 0x6A, 0xA8, 0x53, 0x33, 0x59, 0x99, 0xA7, 0xBD, 0xEE, 0xFE,
    0xCC, 0xCC, 0xCD, 0xCB, 0xC8, 0x88, 0x22, 0xAC, 0xDE, 0xEE, 0xEE, 0xEE, 0xEC, 0x78, 0xAA, 0xBD,
    0xBA, 0x88, 0x87, 0xB7, 0x76, 0x77, 0x6A, 0xA8, 0xA9, 0x95, 0x25, 0x9A, 0xA6, 0xCC, 0xCC, 0x99,
    0x55, 0x59, 0x9C, 0xCB, 0xC8, 0xA8, 0x22, 0xAC, 0xCE, 0xCE, 0xDE, 0xEC, 0xEB, 0x88, 0x8A, 0xBD,
    0xBA, 0x88, 0x87, 0xB7, 0x77, 0x67, 0x6A, 0xA8, 0xAA, 0xDA, 0x21, 0x6A, 0xA6, 0xA5, 0x55, 0x53,
    0x55, 0x55, 0x99, 0x9B, 0xC8, 0xA8, 0x22, 0xAC, 0xCD, 0xAE, 0xCE, 0xDA, 0xEA, 0x88, 0x8A, 0xBD,
    0xBA, 0x88, 0x87, 0xB7, 0x76, 0x67, 0x6A, 0xA7, 0xAA, 0xC8, 0x21, 0x6A, 0x83, 0x23, 0x55, 0x53,
    0x35, 0x59, 0x59, 0x99, 0xA8, 0xA8, 0x22, 0xAC, 0xCD, 0xAE, 0xAC, 0xC8, 0xDA, 0x87, 0x8A, 0xBC,
    0xBA, 0x88, 0x87, 0xB7, 0x76, 0x66, 0x6A, 0xA7, 0xAA, 0xC8, 0x11, 0x68, 0x11, 0x13, 0x35, 0x33,
    0x55, 0x59, 0x99, 0x99, 0x99, 0xA8, 0x11, 0x8C, 0xAA, 0x8E, 0x8C, 0xC6, 0x7A, 0x77, 0x8A, 0xBC,
    0xBA, 0x88, 0x87, 0xB7, 0x76, 0x66, 0x68, 0xA7, 0x8A, 0xC8, 0x21, 0x21, 0x11, 0x25, 0x35, 0x55,
    0x59, 0x99, 0x99, 0xCC, 0xCC, 0x98, 0x11, 0x8B, 0x88, 0x8E, 0x7C, 0xB6, 0x6A, 0x77, 0x8A, 0xBD,
    0xBA, 0x88, 0x87, 0xB7, 0x66, 0x66, 0x68, 0xA7, 0x8A, 0xC7, 0x22, 0x11, 0x21, 0x35, 0x55, 0x55,
    0x59, 0x99, 0x9C, 0xCC, 0xCC, 0x98, 0x21, 0x8B, 0x88, 0x8E, 0x6B, 0xA6, 0x6A, 0x87, 0x88, 0xBC,
    0xB9, 0x88, 0x87, 0xB7, 0x66, 0x66, 0x68, 0xA7, 0x88, 0xC7, 0x21, 0x12, 0x22, 0x35, 0x55, 0x55,
    0x99, 0x99, 0x99, 0xCC, 0xCC, 0xC9, 0x81, 0x8B, 0x87, 0x8A, 0x66, 0x66, 0x6A, 0x88, 0x88, 0xAC,
    0xB9, 0x88, 0x87, 0xB7, 0x66, 0x66, 0x68, 0xA7, 0x78, 0xC7, 0x11, 0x22, 0x22, 0x35, 0x55, 0x59,
    0x99, 0x99, 0x99, 0x99, 0xC9, 0xC9, 0x95, 0x7B, 0x87, 0x88, 0x66, 0x66, 0x6A, 0x88, 0x88, 0xAD,
    0xB9, 0x88, 0x87, 0xB7, 0x66, 0x66, 0x68, 0xA7, 0x78, 0xC7, 0x13, 0x33, 0x22, 0x35, 0x55, 0x59,
    0x99, 0x99, 0x99, 0x99, 0x99, 0xCC, 0x99, 0x9A, 0x87, 0x88, 0x66, 0x66, 0x6A, 0x88, 0x88, 0xAD,
    0xB9, 0x88, 0x87, 0xB7, 0x66, 0x66, 0x68, 0xA6, 0x78, 0xC3, 0x23, 0x33, 0x22, 0x23, 0x55, 0x59,
    0x99, 0x99, 0x99, 0x99, 0x99, 0x9C, 0x99, 0x98, 0x87, 0x88, 0x66, 0x66, 0x6A, 0x88, 0x88, 0xAD,
    0xB9, 0x88, 0x87, 0xB7, 0x66, 0x66, 0x68, 0xA6, 0x78, 0x81, 0x53, 0x53, 0x32, 0x23, 0x33, 0x55,
    0x55, 0x59, 0x99, 0x99, 0x99, 0x99, 0x99, 0x98, 0x77, 0x88, 0x66, 0x66, 0x6A, 0x88, 0x88, 0xAD,
    0xB9, 0x88, 0x87, 0xB7, 0x66, 0x66, 0x68, 0xA6, 0x78, 0x43, 0x55, 0x53, 0x33, 0x33, 0x33, 0x55,
    0x55, 0x55, 0x55, 0x95, 0x59, 0x99, 0x99, 0x99, 0x87, 0x88, 0x66, 0x66, 0x4A, 0x88, 0x88, 0xAC,
    0xB9, 0x88, 0x87, 0xB7, 0x66, 0x66, 0x68, 0xA6, 0x77, 0x35, 0x55, 0x53, 0x33, 0x33, 0x33, 0x33,
    0x53, 0x35, 0x55, 0x55, 0x55, 0x99, 0x99, 0x99, 0x87, 0x88, 0x66, 0x46, 0x4A, 0x88, 0x88, 0xAC,
    0xB9, 0x88, 0x87, 0xB7, 0x66, 0x66, 0x68, 0xA6, 0x74, 0x35, 0x55, 0x53, 0x22, 0x32, 0x33, 0x33,
    0x33, 0x33, 0x35, 0x55, 0x55, 0x99, 0x55, 0x99, 0x86, 0x88, 0x66, 0x66, 0x6A, 0x88, 0x88, 0xAC,
    0xC9, 0x88, 0x87, 0xB7, 0x66, 0x66, 0x68, 0xA6, 0x73, 0x35, 0x55, 0x53, 0x22, 0x22, 0x33, 0x21,
    0x12, 0x33, 0x33, 0x33, 0x33, 0x55, 0x55, 0x55, 0x56, 0x88, 0x66, 0x66, 0x6A, 0x88, 0x88, 0xAC,
    0xBA, 0x88, 0x87, 0xB7, 0x66, 0x66, 0x68, 0xA6, 0x73, 0x55, 0x95, 0x55, 0x22, 0x12, 0x32, 0x11,
    0x11, 0x11, 0x22, 0x31, 0x23, 0x35, 0x55, 0x55, 0x55, 0x88, 0x66, 0x66, 0x6A, 0x88, 0x88, 0xAC,
    0xBA, 0x88, 0x87, 0xB7, 0x66, 0x66, 0x68, 0xA6, 0x63, 0x55, 0x95, 0x53, 0x32, 0x22, 0x21, 0x11,
    0x11, 0x11, 0x11, 0x11, 0x12, 0x33, 0x33, 0x35, 0x55, 0x88, 0x66, 0x66, 0x6A, 0x88, 0x88, 0xAC,
    0xBA, 0x88, 0x87, 0xB7, 0x66, 0x66, 0x68, 0xA7, 0x63, 0x55, 0x55, 0x53, 0x22, 0x33, 0x11, 0x11,
    0x11, 0x11, 0x11, 0x11, 0x11, 0x22, 0x23, 0x33, 0x53, 0x78, 0x66, 0x66, 0x6A, 0x88, 0x88, 0xAC,
    0xBA, 0x88, 0x87, 0xB6, 0x66, 0x66, 0x68, 0xA6, 0x65, 0x55, 0x55, 0x52, 0x12, 0x32, 0x11, 0x11,
    0x11, 0x11, 0x11, 0x11, 0x11, 0x11, 0x11, 0x23, 0x53, 0x58, 0x66, 0x66, 0x6A, 0x88, 0x88, 0xAC,
    0xBA, 0x88, 0x87, 0xB6, 0x66, 0x66, 0x68, 0x86, 0x75, 0x95, 0x53, 0x32, 0x12, 0x32, 0x11, 0x11,
    0x11, 0x11, 0x11, 0x11, 0x11, 0x12, 0x11, 0x13, 0x33, 0x58, 0x66, 0x66, 0x6A, 0x88, 0x88, 0xAC,
    0xBA, 0x88, 0x87, 0xA6, 0x66, 0x66, 0x68, 0x86, 0x78, 0x55, 0x33, 0x32, 0x22, 0x21, 0x11, 0x12,
    0x21, 0x12, 0x21, 0x12, 0x11, 0x12, 0x11, 0x13, 0x33, 0x37, 0x66, 0x66, 0x6A, 0x88, 0x88, 0xAC,
    0xBA, 0x88, 0x87, 0xB6, 0x66, 0x66, 0x68, 0x86, 0x43, 0x55, 0x33, 0x33, 0x22, 0x11, 0x33, 0x56,
    0x66, 0x44, 0x53, 0x55, 0x32, 0x12, 0x11, 0x13, 0x32, 0x37, 0x66, 0x66, 0x6A, 0x88, 0x88, 0xAC,
    0xBA, 0x88, 0x87, 0xB7, 0x66, 0x66, 0x68, 0xA4, 0x22, 0x35, 0x33, 0x33, 0x11, 0x11, 0x24, 0x47,
    0xAC, 0xC6, 0x43, 0x12, 0x33, 0x53, 0x22, 0x22, 0x22, 0x38, 0x66, 0x66, 0x6A, 0x88, 0x88, 0xBC,
    0xBA, 0x88, 0x87, 0xA7, 0x66, 0x66, 0x68, 0x82, 0x55, 0x25, 0x33, 0x32, 0x22, 0x11, 0x44, 0x47,
    0x9B, 0xA4, 0x62, 0x11, 0x11, 0x26, 0x63, 0x22, 0x21, 0x38, 0x66, 0x66, 0x6A, 0x87, 0x88, 0xBC,
    0xBA, 0x88, 0x87, 0xB7, 0x66, 0x66, 0x68, 0x73, 0x55, 0x53, 0x53, 0x32, 0x44, 0x22, 0x44, 0x44,
    0x68, 0x72, 0x56, 0x11, 0x11, 0x14, 0x24, 0x32, 0x21, 0x48, 0x66, 0x66, 0x6A, 0x87, 0x88, 0xAB,
    0xBA, 0x88, 0x87, 0xA7, 0x76, 0x66, 0x68, 0x73, 0x33, 0x83, 0x33, 0x33, 0x44, 0x44, 0x24, 0x46,
    0x44, 0x67, 0x77, 0x11, 0x12, 0x34, 0x11, 0x43, 0x21, 0x68, 0x66, 0x66, 0x6A, 0x87, 0x88, 0xAB,
    0xBA, 0x88, 0x88, 0xA7, 0x66, 0x66, 0x68, 0x63, 0x22, 0x55, 0x33, 0x37, 0x76, 0x44, 0x44, 0x44,
    0x44, 0x66, 0x42, 0x11, 0x12, 0x36, 0x62, 0x26, 0x32, 0x78, 0x66, 0x66, 0x6A, 0x77, 0x88, 0xAB,
    0xAA, 0x88, 0x88, 0xA7, 0x66, 0x66, 0x68, 0x52, 0x25, 0x95, 0x33, 0x57, 0x87, 0x64, 0x11, 0x11,
    0x14, 0x24, 0x21, 0x11, 0x12, 0x35, 0xDA, 0x24, 0x54, 0x78, 0x66, 0x66, 0x6A, 0x87, 0x88, 0xAB,
    0xAA, 0x88, 0x88, 0xA7, 0x66, 0x66, 0x68, 0x72, 0x39, 0x95, 0x53, 0x58, 0x87, 0x62, 0x11, 0x11,
    0x11, 0x11, 0x11, 0x11, 0x22, 0x33, 0x77, 0x87, 0x76, 0x78, 0x66, 0x66, 0x6A, 0x87, 0x8A, 0xBB,
    0xAA, 0x88, 0x87, 0xA7, 0x66, 0x76, 0x68, 0x82, 0x25, 0x58, 0x33, 0x78, 0x57, 0x71, 0x11, 0x11,
    0x11, 0x11, 0x11, 0x11, 0x32, 0x23, 0x88, 0xCA, 0x76, 0x78, 0x66, 0x66, 0x6A, 0x88, 0x8A, 0xBB,
    0xAA, 0x88, 0x88, 0xA7, 0x66, 0x76, 0x68, 0x83, 0x23, 0x59, 0x25, 0x75, 0x55, 0x52, 0x11, 0x11,
    0x11, 0x11, 0x11, 0x12, 0x52, 0x13, 0x6A, 0x88, 0x76, 0x78, 0x66, 0x66, 0x6A, 0x88, 0x8A, 0xAB,
    0xAA, 0x88, 0x88, 0xA7, 0x66, 0x76, 0x68, 0x83, 0x33, 0x35, 0x33, 0x55, 0x53, 0x32, 0x11, 0x11,
    0x11, 0x11, 0x11, 0x13, 0x32, 0x21, 0x57, 0x78, 0x76, 0x78, 0x67, 0x76, 0x6A, 0x87, 0x8A, 0xAB,
    0xAA, 0x88, 0x87, 0xA7, 0x66, 0x76, 0x67, 0x86, 0x13, 0x5A, 0x93, 0x55, 0x53, 0x33, 0x11, 0x11,
    0x11, 0x11, 0x11, 0x13, 0x38, 0x31, 0x5A, 0x88, 0x76, 0x78, 0x66, 0x76, 0x68, 0x87, 0x88, 0xAB,
    0xAA, 0x88, 0x77, 0xA7, 0x67, 0x76, 0x68, 0x77, 0x42, 0x5E, 0xE3, 0x55, 0x53, 0x33, 0x21, 0x11,
    0x11, 0x11, 0x12, 0x23, 0x35, 0x33, 0x85, 0x58, 0x76, 0x78, 0x66, 0x66, 0x68, 0x77, 0x88, 0xAB,
    0xBA, 0x87, 0x77, 0xA7, 0x67, 0x76, 0x68, 0x87, 0xB5, 0x27, 0x83, 0x55, 0x33, 0x33, 0x31, 0x11,
    0x11, 0x11, 0x22, 0x33, 0x33, 0x35, 0x55, 0x57, 0x76, 0x78, 0x66, 0x76, 0x68, 0x77, 0x88, 0xAB,
    0xBA, 0x87, 0x77, 0x87, 0x66, 0x76, 0x67, 0xAB, 0xBD, 0x95, 0x95, 0x55, 0x33, 0x33, 0x31, 0x11,
    0x11, 0x11, 0x22, 0x23, 0x33, 0x35, 0x35, 0x58, 0x76, 0x77, 0x66, 0x76, 0x68, 0x77, 0x88, 0xAB,
    0xAB, 0x87, 0x77, 0x87, 0x66, 0x76, 0x67, 0xBB, 0xBB, 0xE9, 0x98, 0x35, 0x33, 0x33, 0x31, 0x11,
    0x11, 0x11, 0x22, 0x23, 0x53, 0x39, 0x35, 0x78, 0x77, 0x78, 0x66, 0x76, 0x78, 0x77, 0x88, 0xAA,
    0xAA, 0x87, 0x76, 0x87, 0x66, 0x76, 0x67, 0xBB, 0xBD, 0xD6, 0x98, 0x33, 0x33, 0x32, 0x32, 0x11,
    0x11, 0x11, 0x22, 0x5C, 0xEB, 0x99, 0x55, 0x68, 0x77, 0x77, 0x66, 0x76, 0x68, 0x77, 0x8A, 0xAA,
    0xAA, 0x87, 0x76, 0x87, 0x66, 0x77, 0x6B, 0xBB, 0xBD, 0xD6, 0x89, 0x55, 0x32, 0x22, 0x22, 0x11,
    0x11, 0x12, 0x29, 0xEA, 0xAE, 0xE9, 0x55, 0x47, 0x76, 0x77, 0x67, 0x76, 0x68, 0x77, 0x8A, 0xAB,
    0xAA, 0x88, 0x76, 0x76, 0x66, 0x76, 0x7B, 0xBB, 0xDD, 0xD7, 0x59, 0x55, 0x32, 0x21, 0x22, 0x11,
    0x11, 0x13, 0x9E, 0xD8, 0x47, 0xEC, 0x55, 0x47, 0x76, 0x77, 0x66, 0x76, 0x68, 0x77, 0x8A, 0xAA,
    0xAA, 0x88, 0x76, 0x86, 0x66, 0x66, 0x7B, 0xBB, 0xDD, 0xDB, 0x99, 0x55, 0x32, 0x21, 0x11, 0x11,
    0x11, 0x12, 0x23, 0x9C, 0xCC, 0xEC, 0x54, 0x27, 0x66, 0x77, 0x66, 0x66, 0x68, 0x77, 0x8A, 0xAA,
    0x8A, 0x88, 0x76, 0x87, 0x66, 0x66, 0x7B, 0xBD, 0xDD, 0xDB, 0x85, 0x55, 0x32, 0x21, 0x11, 0x11,
    0x11, 0x11, 0x11, 0x23, 0x9C, 0xE9, 0x52, 0x27, 0x66, 0x67, 0x66, 0x76, 0x67, 0x77, 0x8A, 0xAB,
    0xAA, 0xA8, 0x76, 0x86, 0x66, 0x66, 0x6B, 0xDD, 0xDD, 0xDA, 0x55, 0x55, 0x53, 0x22, 0x11, 0x11,
    0x11, 0x11, 0x21, 0x11, 0x13, 0x95, 0x52, 0x26, 0x66, 0x66, 0x66, 0x66, 0x68, 0x77, 0x8A, 0xAB,
    0xAA, 0x88, 0x66, 0x86, 0x46, 0x66, 0x4B, 0xDD, 0xDD, 0xDB, 0x53, 0x35, 0x53, 0x32, 0x21, 0x11,
    0x11, 0x11, 0x11, 0x23, 0x21, 0x55, 0x31, 0x26, 0x66, 0x66, 0x46, 0x66, 0x68, 0x77, 0x8A, 0xBA,
    0xAA, 0x88, 0x66, 0x76, 0x46, 0x66, 0x47, 0xDB, 0xED, 0xEB, 0x53, 0x25, 0x55, 0x53, 0x22, 0x11,
    0x11, 0x11, 0x11, 0x22, 0x53, 0x55, 0x31, 0x27, 0x66, 0x66, 0x46, 0x66, 0x68, 0x77, 0x8A, 0xBA,
    0x8A, 0x88, 0x76, 0x76, 0x46, 0x64, 0x44, 0xCD, 0xBE, 0xFB, 0x33, 0x33, 0x58, 0x55, 0x32, 0x21,
    0x22, 0x11, 0x11, 0x11, 0x35, 0x55, 0x41, 0x27, 0x66, 0x44, 0x64, 0x76, 0x68, 0x77, 0x8A, 0xBA,
    0x6A, 0x88, 0x76, 0x76, 0x46, 0x44, 0x44, 0x6E, 0xDB, 0xEC, 0x62, 0x33, 0x35, 0x88, 0x85, 0x32,
    0x22, 0x21, 0x11, 0x12, 0x35, 0x5A, 0xA1, 0x27, 0x64, 0x46, 0x46, 0x74, 0x68, 0x67, 0x8A, 0xB7,
    0x48, 0x88, 0x76, 0x76, 0x44, 0x44, 0x46, 0x48, 0xFE, 0xBB, 0x83, 0x23, 0x33, 0x55, 0x89, 0x85,
    0x33, 0x22, 0x22, 0x23, 0x35, 0x5B, 0xB1, 0x16, 0x64, 0x44, 0x46, 0x64, 0x67, 0x67, 0x8A, 0xB6,
    0x47, 0xA8, 0x74, 0x76, 0x44, 0x44, 0x46, 0x64, 0xCF, 0xFB, 0xB5, 0x23, 0x33, 0x35, 0x55, 0x8A,
    0x95, 0x33, 0x33, 0x33, 0x55, 0x9D, 0xB2, 0x16, 0x64, 0x44, 0x46, 0x64, 0x47, 0x67, 0x8A, 0xA4,
    0x44, 0x88, 0x74, 0x66, 0x44, 0x44, 0x44, 0x64, 0x6F, 0xFF, 0xDB, 0x53, 0x33, 0x33, 0x55, 0x58,
    0x9A, 0x95, 0x55, 0x53, 0x35, 0xDD, 0xB2, 0x16, 0x64, 0x44, 0x46, 0x44, 0x47, 0x67, 0x8A, 0x64,
    0x44, 0x68, 0x74, 0x66, 0x44, 0x44, 0x44, 0x46, 0x4C, 0xFF, 0xFD, 0xB6, 0x22, 0x33, 0x35, 0x55,
    0x59, 0xAA, 0xAA, 0xA8, 0x8C, 0xDB, 0xB2, 0x16, 0x64, 0x44, 0x46, 0x44, 0x47, 0x67, 0x8A, 0x44,
    0x44, 0x47, 0x76, 0x66, 0x44, 0x44, 0x44, 0x44, 0x48, 0xFF, 0xFF, 0xEB, 0x63, 0x33, 0x33, 0x55,
    0x58, 0x99, 0x9B, 0xDD, 0xDD, 0xBB, 0xB1, 0x16, 0x66, 0x44, 0x46, 0x44, 0x67, 0x67, 0x86, 0x44,
    0x44, 0x46, 0x74, 0x64, 0x44, 0x44, 0x44, 0x44, 0x47, 0xFF, 0xFF, 0xFE, 0xB6, 0x33, 0x33, 0x35,
    0x55, 0x59, 0x9D, 0xDD, 0xBB, 0x7D, 0x81, 0x16, 0x64, 0x44, 0x46, 0x44, 0x47, 0x67, 0x84, 0x44,
    0x24, 0x44, 0x64, 0x64, 0x44, 0x44, 0x44, 0x44, 0x47, 0xFF, 0xFF, 0xFF, 0xEB, 0x53, 0x33, 0x35,
    0x55, 0x8A, 0xBB, 0x7B, 0xBD, 0xD7, 0x22, 0x26, 0x64, 0x44, 0x66, 0x44, 0x47, 0x67, 0x42, 0x44,
    0x24, 0x42, 0x44, 0x44, 0x44, 0x44, 0x44, 0x44, 0x4A, 0xFF, 0xFF, 0xFF, 0xFE, 0x83, 0x33, 0x33,
    0x58, 0xBD, 0xEE, 0xEE, 0xEA, 0x71, 0x22, 0x26, 0x64, 0x44, 0x66, 0x44, 0x47, 0x66, 0x42, 0x44,
    0x44, 0x44, 0x24, 0x44, 0x44, 0x44, 0x44, 0x44, 0x4B, 0xFF, 0xFF, 0xFF, 0xFF, 0xD6, 0x33, 0x35,
    0x8D, 0xFF, 0xFF, 0xFA, 0x84, 0x61, 0x22, 0x27, 0x64, 0x44, 0x66, 0x44, 0x46, 0x42, 0x22, 0x24,
    0x44, 0x44, 0x22, 0x44, 0x44, 0x44, 0x44, 0x44, 0x4B, 0xFF, 0xFF, 0xFF, 0xFF, 0xEB, 0x33, 0x36,
    0xDF, 0xFF, 0xFF, 0xFA, 0x84, 0x61, 0x22, 0x26, 0x64, 0x44, 0x66, 0x44, 0x46, 0x42, 0x24, 0x24,
    0x24, 0x44, 0x22, 0x24, 0x42, 0x44, 0x44, 0x44, 0x4B, 0xFF, 0xFF, 0xFF, 0xFF, 0xFD, 0x73, 0x3B,
    0xFF, 0xFF, 0xFF, 0xFA, 0x84, 0x61, 0x22, 0x26, 0x64, 0x44, 0x66, 0x44, 0x46, 0x22, 0x22, 0x24,
    0x24, 0x44, 0x22, 0x24, 0x42, 0x44, 0x44, 0x44, 0x4B, 0xFE, 0xEF, 0xFF, 0xFF, 0xFE, 0xA3, 0x3D,
    0xFF, 0xFF, 0xFF, 0xFA, 0x84, 0x61, 0x21, 0x26, 0x64, 0x44, 0x77, 0x64, 0x44, 0x22, 0x22, 0x24,
    0x24, 0x44, 0x22, 0x24, 0x42, 0x44, 0x44, 0x44, 0x4C, 0xFE, 0xEF, 0xFF, 0xFF, 0xFF, 0xB3, 0x6E,
    0xFF, 0xFF, 0xFF, 0xFA, 0x84, 0x71, 0x21, 0x16, 0x64, 0x44, 0x77, 0x64, 0x44, 0x22, 0x22, 0x24,
    0x24, 0x22, 0x22, 0x24, 0x42, 0x44, 0x44, 0x24, 0x4C, 0xFE, 0xEF, 0xFF, 0xEF, 0xFF, 0xD5, 0x7E,
    0xFF, 0xEE, 0xFF, 0xFC, 0x84, 0x42, 0x11, 0x16, 0x64, 0x44, 0x77, 0x62, 0x44, 0x22, 0x22, 0x24,
    0x24, 0x44, 0x22, 0x24, 0x44, 0x44, 0x42, 0x22, 0x4D, 0xFE, 0xEF, 0xFF, 0xFF, 0xFF, 0xEE, 0xDF,
    0xFE, 0xEF, 0xFF, 0xFF, 0xEA, 0x71, 0x11, 0x26, 0x64, 0x24, 0x67, 0x42, 0x44, 0x22, 0x22, 0x24,
    0x24, 0x44, 0x22, 0x24, 0x42, 0x44, 0x42, 0x16, 0xDF, 0xFE, 0xEF, 0xFF, 0xFF, 0xFF, 0xE7, 0x48,
    0xFE, 0xFF, 0xFF, 0xFF, 0xFF, 0xFC, 0x62, 0x16, 0x64, 0x24, 0x77, 0x44, 0x44, 0x22, 0x22, 0x24,
    0x22, 0x22, 0x22, 0x26, 0x42, 0x42, 0x46, 0xCF, 0xFF, 0xFE, 0xEF, 0xFF, 0xFF, 0xFF, 0xE6, 0x76,
    0xFE, 0xFF, 0xFF, 0xFF, 0xFF, 0xFF, 0xFE, 0xB8, 0x64, 0x24, 0x64, 0x44, 0x44, 0x21, 0x22, 0x22,
    0x22, 0x22, 0x22, 0x46, 0x42, 0x48, 0xCF, 0xFF, 0xFF, 0xFF, 0xFF, 0xFF, 0xFF, 0xFF, 0xE7, 0xB7,
    0xFF, 0xFF, 0xFF, 0xFF, 0xFF, 0xFF, 0xFF, 0xFF, 0xD8, 0x21, 0x24, 0x44, 0x44, 0x21, 0x22, 0x22,
    0x22, 0x42, 0x22, 0x46, 0x48, 0xEF, 0xFF, 0xEF, 0xFE, 0xFF, 0xFF, 0xFF, 0xFF, 0xFF, 0xE7, 0xB7,
    0xFF, 0xFF, 0xFF, 0xFF, 0xEF, 0xFF, 0xFF, 0xFF, 0xFF, 0xD6, 0x24, 0x44, 0x44, 0x22, 0x22, 0x24,
    0x22, 0x22, 0x21, 0x2A, 0xEF, 0xFE, 0xEE, 0xEF, 0xEE, 0xFF, 0xFF, 0xFF, 0xFF, 0xFF, 0xE7, 0x77,
    0xFF, 0xFF, 0xFF, 0xFF, 0xFE, 0xFF, 0xFF, 0xFF, 0xFE, 0xFF, 0xD7, 0x44, 0x44, 0x22, 0x22, 0x24,
    0x22, 0x22, 0x14, 0xCF, 0xFF, 0xEE, 0xEE, 0xFF, 0xDF, 0xFF, 0xFF, 0xFF, 0xFF, 0xFF, 0xE7, 0x77,
    0xFF, 0xFF, 0xFF, 0xFF, 0xFE, 0xFF, 0xFF, 0xFF, 0xFF, 0xFE, 0xFF, 0xC6, 0x24, 0x42, 0x22, 0x24,
    0x22, 0x24, 0xAF, 0xFE, 0xFE, 0xEE, 0xEF, 0xFF, 0xDF, 0xFF, 0xFF, 0xFF, 0xFF, 0xFF, 0xE6, 0x68,
    0xFF, 0xFF, 0xFF, 0xFF, 0xFE, 0xEF, 0xFF, 0xFF, 0xFF, 0xFF, 0xEE, 0xFF, 0xB6, 0x21, 0x22, 0x24,
    0x22, 0x6E, 0xFE, 0xEF, 0xFE, 0xEE, 0xFF, 0xFD, 0xEF, 0xFF, 0xFF, 0xFF, 0xFF, 0xFF, 0xFD, 0xBF,
    0xFF, 0xFF, 0xFF, 0xFF, 0xFF, 0xEF, 0xFF, 0xFF, 0xEF, 0xFF, 0xFE, 0xEE, 0xFF, 0xA4, 0x12, 0x24,
};

static const uint8_t coup_animdata_assassin_f06[3072] = {
    0xAA, 0xA8, 0xA9, 0xAB, 0xAA, 0xA8, 0xA8, 0xA8, 0x88, 0x8A, 0xA4, 0x86, 0x67, 0x8A, 0xAA, 0xAA,
    0xAA, 0xAA, 0xAA, 0xAA, 0xA8, 0x64, 0xAC, 0xBA, 0xA8, 0xAA, 0xAA, 0x88, 0xAA, 0xA8, 0x89, 0xAB,
    0xAA, 0x8A, 0xA8, 0xCD, 0xBB, 0xBA, 0xBC, 0xDC, 0xCB, 0xCE, 0xD6, 0xB8, 0x8A, 0xCE, 0xEE, 0xEE,
    0xDD, 0xDD, 0xDD, 0xDD, 0xCB, 0x87, 0xDE, 0xCB, 0xBC, 0xCC, 0xCC, 0xBB, 0xCC, 0xAA, 0x89, 0x9A,
    0xA8, 0x8A, 0x8B, 0xCC, 0xBA, 0xAA, 0xAB, 0xCB, 0xBB, 0xBD, 0xC4, 0xA7, 0x88, 0xBE, 0xDD, 0xDD,
    0xDD, 0xDD, 0xDD, 0xCD, 0xCA, 0x87, 0xBD, 0xCB, 0xBB, 0xDC, 0xBB, 0xAA, 0xBC, 0xAA, 0xA8, 0x9A,
    0x89, 0xA7, 0xBC, 0xCC, 0xAA, 0xAA, 0xAB, 0xCB, 0xBB, 0xCD, 0xA4, 0xA7, 0x88, 0xBE, 0xDD, 0xDD,
    0xDD, 0xDD, 0xDD, 0xCD, 0xCA, 0x87, 0xAC, 0xCA, 0x77, 0x87, 0x87, 0x77, 0xAC, 0xBA, 0xA8, 0x8A,
    0x8A, 0x78, 0xCB, 0xCC, 0xAA, 0xAA, 0xAB, 0xCB, 0xBB, 0xCD, 0xA2, 0xA7, 0x88, 0xBE, 0xDD, 0xDD,
    0xDD, 0xDD, 0xDD, 0xCC, 0xCA, 0x87, 0xAC, 0xCA, 0xDD, 0xDC, 0xDD, 0xCD, 0xDC, 0xBB, 0xAA, 0x89,
    0xA8, 0x8C, 0xCB, 0xCC, 0xAA, 0xAA, 0xAB, 0xCB, 0xBB, 0xCD, 0x81, 0x87, 0xA8, 0xAE, 0xDD, 0xDD,
    0xDD, 0xDD, 0xDD, 0xCC, 0xCA, 0x87, 0x8D, 0xBC, 0xEE, 0xED, 0xDE, 0xDE, 0xEC, 0xBB, 0xBA, 0xA8,
    0xA7, 0xCC, 0xCA, 0xCC, 0xAA, 0xAA, 0xAA, 0xCB, 0xBB, 0xCD, 0x81, 0x87, 0xA7, 0xAD, 0xDD, 0xDD,
    0xDD, 0xDD, 0xDD, 0xCC, 0xC8, 0x87, 0x7A, 0xBE, 0xDD, 0xDD, 0xDE, 0xDD, 0xEE, 0xCB, 0xBC, 0xAA,
    0xBC, 0xCC, 0xCA, 0xBB, 0xAA, 0xAA, 0xAA, 0xCB, 0xBB, 0xCD, 0x71, 0x87, 0xA7, 0xAD, 0xDD, 0xDD,
    0xDD, 0xDD, 0xDD, 0xCC, 0xC7, 0x87, 0x68, 0xEE, 0xDE, 0xEE, 0xDE, 0xED, 0xDD, 0xDC, 0xBD, 0xBA,
    0xED, 0xCC, 0xCA, 0xBB, 0x8A, 0xAA, 0xAA, 0xCB, 0xBB, 0xCC, 0x61, 0x87, 0x87, 0xAD, 0xDD, 0xDD,
    0xDD, 0xDD, 0xDD, 0xCC, 0xC7, 0x87, 0xAC, 0xED, 0xDE, 0xDC, 0xEA, 0xAE, 0xDD, 0xDE, 0xCC, 0xDB,
    0xED, 0xBB, 0xCA, 0xBB, 0x88, 0x8A, 0xAA, 0xCB, 0xBC, 0xCE, 0x71, 0x87, 0x86, 0xAD, 0xDD, 0xDD,
    0xDD, 0xDD, 0xDD, 0xCC, 0xC7, 0x87, 0xBE, 0xDD, 0xEE, 0xB8, 0xC4, 0x4C, 0xED, 0xDE, 0xDC, 0xDC,
    0xED, 0xBB, 0xC8, 0xBB, 0x88, 0x88, 0xAA, 0xCB, 0xCA, 0x77, 0x41, 0x77, 0x86, 0xAD, 0xDD, 0xDD,
    0xDD, 0xDD, 0xDD, 0xCC, 0xC7, 0x88, 0xBD, 0xDD, 0xDC, 0xC8, 0xB4, 0x6C, 0xED, 0xDE, 0xDC, 0xDC,
    0xED, 0xBB, 0xC8, 0xBB, 0x78, 0x88, 0xAA, 0xCB, 0x41, 0x12, 0x11, 0x22, 0x44, 0xBE, 0xDD, 0xDD,
    0xDD, 0xDD, 0xDD, 0xCC, 0xC7, 0x88, 0xCD, 0xDD, 0xDE, 0xE8, 0xB6, 0xCD, 0xDD, 0xDE, 0xDC, 0xEC,
    0xDC, 0xBB, 0xB8, 0xAB, 0x78, 0x88, 0xAA, 0xC3, 0x25, 0x99, 0x95, 0x32, 0x11, 0x8D, 0xEE, 0xDD,
    0xDD, 0xDD, 0xDD, 0xCC, 0xC7, 0x88, 0xCD, 0xDD, 0xDE, 0x86, 0xC4, 0xBE, 0xDD, 0xDE, 0xDC, 0xEC,
    0xDC, 0xBA, 0xB8, 0xAA, 0x78, 0x88, 0xAB, 0x73, 0xCC, 0xCC, 0xCC, 0x85, 0x31, 0x12, 0x6A, 0x8A,
    0xDD, 0xDD, 0xCC, 0xCC, 0xC7, 0x88, 0xCD, 0xDD, 0xEC, 0x44, 0xA4, 0x4C, 0xED, 0xDE, 0xDC, 0xDD,
    0xDC, 0xBA, 0xB8, 0xAA, 0x77, 0x78, 0xA8, 0x25, 0x9E, 0xEE, 0xFC, 0xC9, 0x53, 0x22, 0x22, 0x23,
    0x5B, 0xDC, 0xCC, 0xCC, 0xC7, 0x88, 0xDD, 0xDD, 0xEC, 0x68, 0xD9, 0x4C, 0xED, 0xDE, 0xDB, 0xDD,
    0xDC, 0xBA, 0xB8, 0xAA, 0x77, 0x78, 0xA6, 0x28, 0xCC, 0xCE, 0xEE, 0xE9, 0x95, 0x32, 0x22, 0x35,
    0x53, 0xBD, 0xCD, 0xCC, 0xC7, 0x8A, 0xDD, 0xDE, 0xED, 0xCC, 0xEC, 0xCE, 0xDE, 0xDE, 0xEB, 0xDD,
    0xDC, 0xAA, 0xB7, 0xAA, 0x67, 0x78, 0xA4, 0x39, 0xCC, 0xCC, 0xCE, 0xEC, 0x95, 0x33, 0x23, 0x59,
    0x98, 0xAD, 0xCC, 0xCC, 0xC7, 0x8A, 0xDD, 0xDE, 0xED, 0xDD, 0xEE, 0xDD, 0xDD, 0xDD, 0xEB, 0xDD,
    0xDC, 0xAA, 0xB7, 0xAA, 0x67, 0x77, 0xA3, 0x59, 0xCC, 0xCC, 0xCE, 0xEE, 0xC9, 0x53, 0x59, 0x9C,
    0xC9, 0xBD, 0xDC, 0xCC, 0xB7, 0x88, 0xDE, 0xEE, 0xEE, 0xED, 0xDE, 0xEE, 0xEE, 0xED, 0xDC, 0xCD,
    0xDC, 0xAA, 0xB7, 0xAA, 0x67, 0x77, 0x83, 0x59, 0xC9, 0xCC, 0xEE, 0xEE, 0xEE, 0xCC, 0xEF, 0xFC,
    0xBB, 0xDD, 0xDD, 0xCC, 0xB7, 0xAB, 0xED, 0xED, 0xA8, 0xCE, 0xDD, 0xA8, 0xAB, 0xAE, 0xDD, 0xDD,
    0xDC, 0xAA, 0xB7, 0xAA, 0x67, 0x77, 0x83, 0x59, 0x99, 0x99, 0xCC, 0xCE, 0xCC, 0xCE, 0xEF, 0xFD,
    0xDD, 0xDD, 0xDD, 0xCC, 0xC6, 0xCE, 0xDC, 0xDC, 0x64, 0x8E, 0xEE, 0x64, 0x68, 0x8E, 0xDE, 0xDD,
    0xDC, 0xAA, 0xB7, 0xAA, 0x67, 0x77, 0x83, 0x59, 0x99, 0x99, 0xCD, 0xCC, 0xCC, 0xCE, 0xEE, 0xFD,
    0xDD, 0xDD, 0xDC, 0xCC, 0xB7, 0xAE, 0xDD, 0xCB, 0x64, 0xBE, 0xCE, 0xA4, 0x68, 0xCD, 0xEE, 0xDC,
    0xDC, 0xA8, 0xA7, 0xAA, 0x66, 0x67, 0x74, 0x35, 0x99, 0x99, 0xCC, 0xCC, 0xB9, 0xCE, 0xFE, 0xFD,
    0xDD, 0xDD, 0xDC, 0xCC, 0xB7, 0x8C, 0xFE, 0xEB, 0x68, 0xEB, 0x8B, 0xE7, 0x6D, 0xEE, 0xEC, 0xDC,
    0xDC, 0xA8, 0xA7, 0xAA, 0x67, 0x67, 0x77, 0x35, 0x99, 0x99, 0xCC, 0xAC, 0xA9, 0xCE, 0xFE, 0xED,
    0xDD, 0xDD, 0xDC, 0xCC, 0xB7, 0xA8, 0x78, 0xDE, 0xDE, 0xE8, 0xA6, 0xEC, 0xED, 0xAC, 0xBB, 0xDC,
    0xDB, 0x88, 0xA7, 0xAA, 0x66, 0x67, 0x77, 0x83, 0x59, 0x99, 0x9C, 0x9C, 0x99, 0xCE, 0xFE, 0xED,
    0xDD, 0xDD, 0xDD, 0xCC, 0xB7, 0xA8, 0x12, 0xBD, 0xEE, 0xDB, 0xCA, 0xDD, 0xEB, 0x6A, 0xAB, 0xDC,
    0xDB, 0x88, 0xA7, 0xAA, 0x67, 0x67, 0x67, 0xC5, 0x35, 0x55, 0x9C, 0x99, 0x97, 0xBE, 0xEE, 0xED,
    0xDD, 0xDD, 0xCD, 0xCC, 0xB7, 0x88, 0x24, 0xCC, 0xEE, 0xEE, 0xEE, 0xED, 0xEB, 0x6A, 0xAA, 0xCC,
    0xDB, 0x88, 0xA7, 0xAA, 0x77, 0x77, 0x67, 0xB8, 0x53, 0x33, 0x59, 0x99, 0xA7, 0xBD, 0xEE, 0xFE,
    0xCD, 0xDD, 0xDD, 0xCC, 0xB7, 0xA8, 0x24, 0xCC, 0xDE, 0xEE, 0xEE, 0xED, 0xEA, 0x7A, 0xAA, 0xCC,
    0xDB, 0x88, 0xA7, 0xAA, 0x77, 0x67, 0x67, 0xB8, 0xA8, 0x85, 0x35, 0x9A, 0xA6, 0xBD, 0xEC, 0xC9,
    0x99, 0x99, 0xBC, 0xCC, 0xB8, 0xA7, 0x24, 0xCC, 0xDD, 0xCE, 0xDE, 0xDE, 0xDA, 0x78, 0xAA, 0xCC,
    0xDB, 0x88, 0x87, 0xAA, 0x67, 0x67, 0x77, 0xB8, 0xAA, 0xCB, 0x21, 0x4A, 0xA6, 0xB9, 0x55, 0x55,
    0x55, 0x55, 0x99, 0xBB, 0xB8, 0xA7, 0x12, 0xCB, 0xEC, 0xCE, 0xCF, 0xBD, 0xCA, 0x78, 0x8A, 0xCD,
    0xDB, 0x88, 0x87, 0xAA, 0x67, 0x66, 0x67, 0xB8, 0xAA, 0xCB, 0x21, 0x4A, 0xA6, 0x33, 0x35, 0x53,
    0x55, 0x55, 0x59, 0x99, 0xA7, 0xA7, 0x12, 0xCB, 0xEC, 0xBE, 0xAE, 0x8D, 0xBA, 0x78, 0x8A, 0xCC,
    0xDA, 0x88, 0x87, 0xAA, 0x67, 0x66, 0x67, 0xB7, 0x8A, 0xCB, 0x21, 0x4A, 0x31, 0x13, 0x35, 0x33,
    0x55, 0x59, 0x99, 0x99, 0x98, 0xA7, 0x12, 0xBB, 0xB8, 0xCD, 0x8E, 0x88, 0x8A, 0x78, 0x8A, 0xCC,
    0xDA, 0x88, 0x87, 0xAA, 0x67, 0x66, 0x67, 0xB7, 0x8A, 0xCA, 0x21, 0x43, 0x11, 0x25, 0x35, 0x55,
    0x55, 0x99, 0x99, 0xC9, 0xC9, 0xA7, 0x12, 0xBA, 0x87, 0xCD, 0x7E, 0x76, 0x7A, 0x78, 0x8A, 0xCC,
    0xDB, 0x88, 0x87, 0xAA, 0x66, 0x66, 0x67, 0xB7, 0x88, 0xCA, 0x22, 0x11, 0x11, 0x35, 0x55, 0x55,
    0x59, 0x99, 0x9C, 0xCC, 0xCC, 0x96, 0x12, 0xBA, 0x87, 0xCC, 0x6D, 0x76, 0x7A, 0x78, 0x8A, 0xCC,
    0xCA, 0x88, 0x87, 0xAA, 0x67, 0x66, 0x67, 0xB7, 0x78, 0xCA, 0x21, 0x11, 0x22, 0x35, 0x55, 0x55,
    0x99, 0x99, 0x99, 0xCC, 0xCC, 0xC9, 0x42, 0xAA, 0x87, 0xA8, 0x67, 0x66, 0x7A, 0x78, 0x8A, 0xCC,
    0xCA, 0x88, 0x87, 0xAA, 0x66, 0x66, 0x67, 0xB7, 0x78, 0xCA, 0x21, 0x22, 0x22, 0x35, 0x55, 0x59,
    0x99, 0x99, 0x99, 0x99, 0xCC, 0xC9, 0x94, 0xAA, 0x87, 0xA7, 0x66, 0x66, 0x7A, 0x78, 0x8A, 0xCC,
    0xCA, 0x88, 0x88, 0xAA, 0x66, 0x66, 0x67, 0xB7, 0x77, 0xBA, 0x12, 0x33, 0x22, 0x35, 0x55, 0x59,
    0x99, 0x99, 0x99, 0x99, 0x99, 0xC9, 0x99, 0xAA, 0x87, 0xA7, 0x66, 0x66, 0x7A, 0x78, 0x89, 0xCD,
    0xCA, 0x88, 0x87, 0xAA, 0x66, 0x66, 0x67, 0xB7, 0x77, 0xC7, 0x23, 0x33, 0x22, 0x23, 0x55, 0x59,
    0x99, 0x99, 0x99, 0x99, 0x99, 0xCC, 0x99, 0x98, 0x87, 0xA7, 0x66, 0x66, 0x7A, 0x78, 0x88, 0xCD,
    0xDA, 0x88, 0x87, 0xAA, 0x66, 0x66, 0x67, 0xB7, 0x77, 0xA2, 0x33, 0x53, 0x32, 0x23, 0x33, 0x55,
    0x55, 0x59, 0x99, 0x99, 0x99, 0x99, 0x99, 0x98, 0x77, 0xA7, 0x66, 0x66, 0x7A, 0x78, 0x88, 0xCD,
    0xDA, 0x88, 0x87, 0x8A, 0x66, 0x66, 0x67, 0xA7, 0x77, 0x72, 0x55, 0x55, 0x33, 0x33, 0x33, 0x55,
    0x55, 0x55, 0x55, 0x95, 0x59, 0x99, 0x99, 0x99, 0x76, 0xA7, 0x66, 0x64, 0x7A, 0x78, 0x89, 0xCD,
    0xCB, 0x88, 0x87, 0x8A, 0x66, 0x66, 0x67, 0xA7, 0x77, 0x33, 0x55, 0x53, 0x33, 0x33, 0x33, 0x33,
    0x53, 0x35, 0x55, 0x55, 0x55, 0x99, 0x99, 0x99, 0x86, 0xA7, 0x66, 0x44, 0x7A, 0x78, 0x89, 0xCC,
    0xCA, 0x88, 0x87, 0xAA, 0x66, 0x66, 0x67, 0xA7, 0x76, 0x35, 0x55, 0x53, 0x32, 0x32, 0x33, 0x33,
    0x33, 0x33, 0x35, 0x55, 0x55, 0x99, 0x55, 0x99, 0x86, 0xA7, 0x66, 0x44, 0x7A, 0x78, 0x8A, 0xCC,
    0xCB, 0x88, 0x87, 0xAA, 0x66, 0x66, 0x67, 0xA7, 0x74, 0x35, 0x85, 0x55, 0x22, 0x22, 0x33, 0x21,
    0x12, 0x33, 0x33, 0x33, 0x35, 0x55, 0x55, 0x58, 0x56, 0x87, 0x66, 0x64, 0x7A, 0x78, 0x8A, 0xCC,
    0xCB, 0x88, 0x87, 0xA8, 0x66, 0x66, 0x67, 0xA7, 0x74, 0x35, 0x95, 0x55, 0x32, 0x12, 0x32, 0x11,
    0x11, 0x11, 0x22, 0x31, 0x23, 0x55, 0x55, 0x55, 0x56, 0x87, 0x66, 0x66, 0x7A, 0x78, 0x8A, 0xCC,
    0xBB, 0x88, 0x87, 0xA8, 0x66, 0x66, 0x67, 0xA7, 0x74, 0x55, 0x95, 0x53, 0x32, 0x22, 0x21, 0x11,
    0x11, 0x11, 0x11, 0x11, 0x22, 0x33, 0x33, 0x35, 0x55, 0x87, 0x66, 0x66, 0x7A, 0x78, 0x8A, 0xCC,
    0xBB, 0x88, 0x87, 0xA8, 0x66, 0x66, 0x67, 0xA7, 0x73, 0x55, 0x55, 0x53, 0x22, 0x33, 0x11, 0x11,
    0x11, 0x11, 0x11, 0x11, 0x11, 0x12, 0x23, 0x35, 0x53, 0x87, 0x66, 0x66, 0x7A, 0x78, 0x8A, 0xCC,
    0xBB, 0x88, 0x87, 0xA8, 0x66, 0x66, 0x67, 0xA7, 0x75, 0x55, 0x55, 0x52, 0x12, 0x32, 0x11, 0x11,
    0x11, 0x11, 0x11, 0x11, 0x11, 0x11, 0x11, 0x23, 0x53, 0x87, 0x66, 0x66, 0x8A, 0x78, 0x8A, 0xCC,
    0xBB, 0x88, 0x87, 0xA8, 0x66, 0x66, 0x67, 0xA6, 0x75, 0x55, 0x53, 0x32, 0x12, 0x32, 0x11, 0x11,
    0x11, 0x11, 0x11, 0x11, 0x11, 0x12, 0x11, 0x23, 0x33, 0x77, 0x66, 0x66, 0x7A, 0x78, 0x8A, 0xBC,
    0xBB, 0x88, 0x87, 0xA8, 0x66, 0x66, 0x67, 0xA6, 0x78, 0x55, 0x33, 0x32, 0x22, 0x21, 0x11, 0x22,
    0x22, 0x12, 0x21, 0x22, 0x11, 0x11, 0x11, 0x23, 0x33, 0x67, 0x66, 0x66, 0x7A, 0x78, 0x8A, 0xCC,
    0xBB, 0x88, 0x87, 0xA8, 0x66, 0x66, 0x67, 0xA7, 0x42, 0x55, 0x33, 0x33, 0x21, 0x11, 0x23, 0x56,
    0x77, 0x64, 0x53, 0x55, 0x32, 0x22, 0x11, 0x23, 0x32, 0x57, 0x66, 0x66, 0x8A, 0x78, 0x8A, 0xCC,
    0xBB, 0xA8, 0x87, 0xA8, 0x66, 0x66, 0x67, 0xA6, 0x23, 0x35, 0x33, 0x33, 0x11, 0x11, 0x24, 0x47,
    0xBD, 0xC6, 0x42, 0x11, 0x23, 0x52, 0x22, 0x22, 0x22, 0x67, 0x66, 0x66, 0x8A, 0x78, 0x8A, 0xCC,
    0xBB, 0xA8, 0x87, 0xA8, 0x66, 0x66, 0x67, 0xA3, 0x59, 0x33, 0x53, 0x32, 0x22, 0x11, 0x44, 0x47,
    0x8A, 0x84, 0x62, 0x11, 0x11, 0x26, 0x62, 0x22, 0x21, 0x77, 0x66, 0x66, 0x7A, 0x78, 0x8A, 0xBC,
    0xBB, 0xA8, 0x87, 0xAA, 0x66, 0x66, 0x67, 0xA3, 0x53, 0x93, 0x53, 0x32, 0x44, 0x22, 0x44, 0x44,
    0x67, 0x73, 0x56, 0x11, 0x11, 0x23, 0x14, 0x32, 0x21, 0x87, 0x66, 0x66, 0x7A, 0x78, 0x8A, 0xBB,
    0xBB, 0xA8, 0x87, 0xA8, 0x77, 0x66, 0x67, 0x83, 0x32, 0x55, 0x33, 0x33, 0x44, 0x44, 0x44, 0x46,
    0x44, 0x66, 0x67, 0x11, 0x12, 0x34, 0x11, 0x43, 0x22, 0x87, 0x66, 0x66, 0x8A, 0x78, 0x8A, 0xBC,
    0xBB, 0xA8, 0x87, 0xA8, 0x66, 0x66, 0x67, 0x83, 0x22, 0x59, 0x33, 0x36, 0x76, 0x44, 0x44, 0x44,
    0x24, 0x46, 0x41, 0x11, 0x12, 0x37, 0x72, 0x26, 0x24, 0x87, 0x66, 0x66, 0x7A, 0x78, 0x8A, 0xBB,
    0xAB, 0xA8, 0x87, 0xAA, 0x66, 0x66, 0x67, 0x82, 0x25, 0x99, 0x33, 0x57, 0x87, 0x64, 0x11, 0x11,
    0x14, 0x12, 0x11, 0x11, 0x22, 0x37, 0xC8, 0x26, 0x56, 0x87, 0x66, 0x66, 0x7A, 0x78, 0x8A, 0xBB,
    0xAA, 0xA8, 0x87, 0xA8, 0x66, 0x67, 0x67, 0x83, 0x29, 0x95, 0x53, 0x58, 0x87, 0x72, 0x11, 0x11,
    0x11, 0x11, 0x11, 0x11, 0x22, 0x35, 0x76, 0xA8, 0x76, 0x87, 0x66, 0x66, 0x7A, 0x78, 0x8A, 0xBB,
    0xAA, 0xA8, 0x88, 0x88, 0x66, 0x77, 0x67, 0x83, 0x25, 0x58, 0x33, 0x87, 0x55, 0x72, 0x11, 0x11,
    0x11, 0x11, 0x11, 0x12, 0x32, 0x23, 0x8B, 0xB8, 0x76, 0x87, 0x66, 0x66, 0x7A, 0x78, 0x8A, 0xBB,
    0xAA, 0xA8, 0x88, 0x88, 0x76, 0x76, 0x67, 0x85, 0x32, 0x39, 0x33, 0x55, 0x55, 0x32, 0x11, 0x11,
    0x11, 0x11, 0x11, 0x13, 0x51, 0x13, 0x67, 0x78, 0x66, 0x87, 0x66, 0x66, 0x8A, 0x78, 0x8A, 0xBB,
    0xAA, 0xA8, 0x88, 0x88, 0x66, 0x77, 0x67, 0x86, 0x23, 0x35, 0x53, 0x55, 0x53, 0x32, 0x11, 0x11,
    0x11, 0x11, 0x11, 0x13, 0x33, 0x21, 0x87, 0x77, 0x76, 0x87, 0x67, 0x76, 0x7A, 0x78, 0x8A, 0xAB,
    0xBB, 0xA8, 0x87, 0x88, 0x66, 0x77, 0x67, 0x87, 0x32, 0x5C, 0xD5, 0x35, 0x53, 0x33, 0x21, 0x11,
    0x11, 0x11, 0x12, 0x23, 0x59, 0x32, 0x88, 0x87, 0x76, 0x87, 0x67, 0x66, 0x78, 0x78, 0x8A, 0xAC,
    0xBA, 0xA8, 0x77, 0x88, 0x66, 0x77, 0x67, 0x87, 0x73, 0x3C, 0xE5, 0x55, 0x53, 0x33, 0x21, 0x11,
    0x11, 0x11, 0x22, 0x33, 0x33, 0x35, 0x55, 0x77, 0x76, 0x87, 0x66, 0x66, 0x78, 0x78, 0x8A, 0xBB,
    0xBB, 0x88, 0x77, 0x88, 0x66, 0x77, 0x67, 0x87, 0xBB, 0x53, 0x55, 0x55, 0x33, 0x33, 0x31, 0x11,
    0x11, 0x11, 0x22, 0x33, 0x33, 0x55, 0x35, 0x77, 0x76, 0x87, 0x66, 0x66, 0x78, 0x78, 0x8A, 0xBA,
    0xAB, 0xA7, 0x77, 0x88, 0x66, 0x77, 0x67, 0x7B, 0xBB, 0xD9, 0x99, 0x35, 0x33, 0x33, 0x31, 0x11,
    0x11, 0x11, 0x22, 0x23, 0x33, 0x55, 0x35, 0x87, 0x76, 0x87, 0x67, 0x66, 0x88, 0x78, 0x8A, 0xBA,
    0xAA, 0xA7, 0x76, 0x88, 0x66, 0x77, 0x67, 0xBB, 0xBB, 0xDA, 0x99, 0x35, 0x33, 0x33, 0x32, 0x11,
    0x11, 0x11, 0x22, 0x25, 0x95, 0x58, 0x35, 0x87, 0x77, 0x77, 0x67, 0x76, 0x78, 0x67, 0x8A, 0xAA,
    0xAA, 0xA8, 0x76, 0x78, 0x66, 0x77, 0x67, 0xBB, 0xBD, 0xD8, 0x59, 0x55, 0x33, 0x22, 0x32, 0x11,
    0x11, 0x12, 0x13, 0xBE, 0xEC, 0xC9, 0x55, 0x67, 0x77, 0x77, 0x67, 0x76, 0x88, 0x68, 0x8A, 0xAA,
    0xAA, 0xA8, 0x76, 0x78, 0x66, 0x77, 0x67, 0xBB, 0xBB, 0xD8, 0x59, 0x55, 0x32, 0x22, 0x22, 0x11,
    0x11, 0x13, 0x8E, 0xE6, 0x4C, 0xE9, 0x54, 0x47, 0x76, 0x77, 0x67, 0x76, 0x78, 0x78, 0x8A, 0xAA,
    0x8A, 0xA8, 0x76, 0x77, 0x66, 0x66, 0x6B, 0xBB, 0xDD, 0xDB, 0x59, 0x55, 0x32, 0x21, 0x21, 0x11,
    0x11, 0x13, 0x8B, 0xCB, 0x89, 0xEA, 0x52, 0x47, 0x66, 0x77, 0x66, 0x66, 0x78, 0x68, 0x8A, 0xAA,
    0x8A, 0xA8, 0x76, 0x78, 0x66, 0x66, 0x6B, 0xBB, 0xDD, 0xDD, 0x98, 0x55, 0x32, 0x21, 0x11, 0x11,
    0x11, 0x11, 0x12, 0x59, 0xCC, 0xE9, 0x52, 0x47, 0x66, 0x76, 0x66, 0x66, 0x78, 0x78, 0x8A, 0xAB,
    0x8A, 0xA8, 0x76, 0x77, 0x66, 0x66, 0x6B, 0xDD, 0xDD, 0xDC, 0x55, 0x55, 0x53, 0x22, 0x11, 0x11,
    0x11, 0x12, 0x21, 0x12, 0x39, 0xC5, 0x52, 0x47, 0x66, 0x76, 0x66, 0x66, 0x68, 0x77, 0x8A, 0xBA,
    0xAA, 0xA8, 0x76, 0x77, 0x66, 0x66, 0x4A, 0xDD, 0xDD, 0xDD, 0x55, 0x35, 0x53, 0x22, 0x21, 0x11,
    0x11, 0x11, 0x11, 0x12, 0x12, 0x85, 0x41, 0x46, 0x66, 0x66, 0x66, 0x66, 0x78, 0x78, 0xAA, 0xBA,
    0x8A, 0xA8, 0x76, 0x77, 0x44, 0x66, 0x47, 0xBD, 0xDD, 0xDD, 0x53, 0x25, 0x55, 0x33, 0x21, 0x11,
    0x11, 0x11, 0x11, 0x23, 0x32, 0x55, 0x21, 0x47, 0x66, 0x66, 0x46, 0x66, 0x78, 0x78, 0xAB, 0xBA,
    0x6A, 0xA8, 0x76, 0x67, 0x46, 0x66, 0x44, 0xBD, 0xDE, 0xED, 0x53, 0x23, 0x55, 0x55, 0x32, 0x21,
    0x11, 0x11, 0x11, 0x11, 0x55, 0x55, 0x21, 0x47, 0x66, 0x64, 0x66, 0x76, 0x78, 0x78, 0xAB, 0xB7,
    0x48, 0xA8, 0x76, 0x67, 0x46, 0x64, 0x44, 0x6E, 0xDB, 0xFD, 0x63, 0x33, 0x35, 0x88, 0x53, 0x22,
    0x22, 0x11, 0x11, 0x12, 0x35, 0x5A, 0x41, 0x27, 0x64, 0x46, 0x46, 0x74, 0x77, 0x78, 0xAB, 0xA6,
    0x27, 0xA8, 0x86, 0x67, 0x44, 0x64, 0x44, 0x47, 0xFD, 0xBD, 0x83, 0x23, 0x35, 0x55, 0x88, 0x53,
    0x23, 0x22, 0x11, 0x23, 0x35, 0x5D, 0x81, 0x27, 0x64, 0x64, 0x46, 0x64, 0x77, 0x68, 0xAB, 0x84,
    0x24, 0xA8, 0x86, 0x67, 0x44, 0x44, 0x44, 0x64, 0xBF, 0xEB, 0xB5, 0x13, 0x33, 0x55, 0x88, 0x99,
    0x53, 0x33, 0x33, 0x33, 0x55, 0x8D, 0xB1, 0x26, 0x64, 0x44, 0x46, 0x44, 0x77, 0x68, 0xAB, 0x74,
    0x24, 0x78, 0x86, 0x66, 0x44, 0x44, 0x44, 0x64, 0x6E, 0xFE, 0xBA, 0x32, 0x33, 0x33, 0x55, 0x89,
    0xA9, 0x53, 0x33, 0x33, 0x35, 0xDD, 0xB1, 0x26, 0x64, 0x44, 0x46, 0x44, 0x67, 0x68, 0xAA, 0x44,
    0x24, 0x48, 0x76, 0x66, 0x44, 0x44, 0x44, 0x44, 0x4B, 0xFF, 0xFD, 0xB5, 0x22, 0x33, 0x35, 0x55,
    0x89, 0xBA, 0x88, 0x85, 0x5B, 0xDB, 0xB1, 0x26, 0x44, 0x44, 0x66, 0x44, 0x67, 0x68, 0xA7, 0x46,
    0x24, 0x46, 0x86, 0x66, 0x44, 0x44, 0x44, 0x44, 0x67, 0xFF, 0xFF, 0xDB, 0x42, 0x33, 0x33, 0x55,
    0x58, 0x99, 0xAB, 0xCC, 0xDD, 0xBB, 0xA1, 0x26, 0x64, 0x44, 0x66, 0x44, 0x66, 0x68, 0x84, 0x44,
    0x24, 0x44, 0x76, 0x66, 0x44, 0x44, 0x44, 0x44, 0x66, 0xEF, 0xFF, 0xFD, 0xB5, 0x33, 0x33, 0x35,
    0x55, 0x89, 0x9D, 0xED, 0xDB, 0xBD, 0x81, 0x26, 0x64, 0x44, 0x66, 0x44, 0x66, 0x68, 0x64, 0x44,
    0x24, 0x44, 0x66, 0x46, 0x44, 0x44, 0x44, 0x44, 0x64, 0xEF, 0xFF, 0xFF, 0xEB, 0x33, 0x33, 0x35,
    0x55, 0x88, 0xBB, 0xBB, 0xBB, 0xD8, 0x41, 0x27, 0x64, 0x44, 0x66, 0x44, 0x67, 0x68, 0x44, 0x44,
    0x24, 0x44, 0x44, 0x44, 0x44, 0x44, 0x44, 0x44, 0x47, 0xFF, 0xFF, 0xFF, 0xFD, 0x73, 0x33, 0x33,
    0x58, 0xAB, 0xDD, 0xDE, 0xEC, 0x81, 0x42, 0x47, 0x64, 0x46, 0x66, 0x44, 0x66, 0x66, 0x24, 0x44,
    0x44, 0x44, 0x22, 0x44, 0x44, 0x44, 0x44, 0x44, 0x48, 0xFF, 0xFF, 0xFF, 0xFF, 0xD6, 0x33, 0x33,
    0x7B, 0xEF, 0xFF, 0xFB, 0x84, 0x41, 0x22, 0x47, 0x64, 0x44, 0x66, 0x44, 0x66, 0x42, 0x42, 0x44,
    0x44, 0x44, 0x22, 0x44, 0x44, 0x44, 0x44, 0x44, 0x48, 0xFF, 0xFF, 0xFF, 0xFF, 0xEB, 0x33, 0x36,
    0xDF, 0xFF, 0xFF, 0xFA, 0x86, 0x61, 0x22, 0x47, 0x64, 0x44, 0x66, 0x44, 0x66, 0x22, 0x42, 0x44,
    0x24, 0x44, 0x22, 0x24, 0x44, 0x24, 0x44, 0x44, 0x48, 0xFF, 0xFF, 0xFF, 0xFF, 0xFD, 0x73, 0x38,
    0xFF, 0xFF, 0xFF, 0xFA, 0x74, 0x61, 0x22, 0x47, 0x64, 0x44, 0x76, 0x44, 0x64, 0x22, 0x22, 0x44,
    0x24, 0x44, 0x22, 0x24, 0x44, 0x24, 0x44, 0x44, 0x48, 0xFE, 0xEF, 0xFF, 0xFF, 0xFE, 0xA3, 0x3D,
    0xFF, 0xFF, 0xFF, 0xFA, 0x74, 0x61, 0x21, 0x46, 0x64, 0x46, 0x76, 0x44, 0x64, 0x22, 0x22, 0x44,
    0x22, 0x44, 0x22, 0x22, 0x42, 0x24, 0x44, 0x44, 0x48, 0xFE, 0xEF, 0xFF, 0xFF, 0xFF, 0xB3, 0x6D,
    0xFF, 0xFF, 0xFF, 0xF8, 0x84, 0x61, 0x21, 0x26, 0x64, 0x46, 0x77, 0x44, 0x44, 0x22, 0x22, 0x44,
    0x22, 0x42, 0x22, 0x24, 0x44, 0x24, 0x44, 0x24, 0x4A, 0xFE, 0xEF, 0xFF, 0xEF, 0xFF, 0xD5, 0x6E,
    0xFF, 0xFE, 0xFF, 0xFA, 0x74, 0x61, 0x21, 0x26, 0x64, 0x46, 0x77, 0x44, 0x44, 0x22, 0x22, 0x24,
    0x22, 0x42, 0x22, 0x24, 0x44, 0x44, 0x44, 0x22, 0x4A, 0xFE, 0xEF, 0xFF, 0xFF, 0xFF, 0xEC, 0xCF,
    0xFE, 0xEF, 0xFF, 0xFF, 0xC7, 0x41, 0x11, 0x46, 0x64, 0x24, 0x66, 0x44, 0x44, 0x22, 0x22, 0x24,
    0x22, 0x44, 0x22, 0x24, 0x42, 0x44, 0x42, 0x12, 0xAF, 0xFE, 0xEF, 0xFF, 0xFF, 0xFF, 0xF8, 0x7A,
    0xFE, 0xFF, 0xFF, 0xFF, 0xFF, 0xE8, 0x41, 0x26, 0x64, 0x24, 0x76, 0x44, 0x44, 0x22, 0x22, 0x24,
    0x22, 0x24, 0x22, 0x24, 0x62, 0x42, 0x24, 0x8E, 0xFF, 0xFE, 0xEF, 0xFF, 0xFF, 0xFF, 0xE4, 0x76,
    0xFE, 0xFF, 0xFF, 0xFF, 0xFF, 0xFF, 0xFC, 0x87, 0x44, 0x26, 0x64, 0x44, 0x44, 0x22, 0x22, 0x24,
    0x22, 0x22, 0x22, 0x24, 0x62, 0x24, 0xAE, 0xFF, 0xFF, 0xEF, 0xFF, 0xFF, 0xFF, 0xFF, 0xE7, 0xB7,
    0xFF, 0xFF, 0xFF, 0xFF, 0xFF, 0xFF, 0xFF, 0xFE, 0xB4, 0x12, 0x44, 0x44, 0x44, 0x12, 0x22, 0x24,
    0x22, 0x22, 0x22, 0x24, 0x44, 0xBF, 0xFF, 0xEE, 0xFE, 0xFF, 0xFF, 0xFF, 0xFF, 0xFF, 0xE7, 0xB7,
    0xFF, 0xFF, 0xFF, 0xFF, 0xEF, 0xFF, 0xFF, 0xFF, 0xFE, 0xA2, 0x24, 0x44, 0x42, 0x22, 0x22, 0x24,
    0x22, 0x22, 0x22, 0x16, 0xCE, 0xFF, 0xEF, 0xEF, 0xFD, 0xFF, 0xFF, 0xFF, 0xFF, 0xFF, 0xE7, 0x77,
    0xFF, 0xFF, 0xFF, 0xFF, 0xEF, 0xFF, 0xFF, 0xFF, 0xFF, 0xFE, 0xA4, 0x44, 0x44, 0x22, 0x22, 0x24,
    0x22, 0x22, 0x22, 0x7E, 0xFF, 0xEE, 0xEE, 0xFF, 0xEE, 0xFF, 0xFF, 0xFF, 0xFF, 0xFF, 0xE7, 0x77,
    0xFF, 0xFF, 0xFF, 0xFF, 0xFE, 0xFF, 0xFF, 0xFF, 0xFF, 0xEE, 0xFE, 0x84, 0x24, 0x22, 0x22, 0x24,
    0x22, 0x22, 0x4C, 0xFE, 0xFF, 0xEE, 0xEF, 0xFF, 0xDF, 0xFF, 0xFF, 0xFF, 0xFF, 0xFF, 0xE4, 0x48,
    0xFF, 0xFF, 0xFF, 0xFF, 0xFE, 0xEF, 0xFF, 0xFF, 0xFF, 0xFF, 0xEF, 0xFD, 0x84, 0x12, 0x22, 0x26,
    0x22, 0x2A, 0xFF, 0xEF, 0xFE, 0xEE, 0xFF, 0xFE, 0xEF, 0xFF, 0xFF, 0xFF, 0xFF, 0xFF, 0xFE, 0xBF,
    0xFF, 0xFF, 0xFF, 0xFF, 0xFF, 0xEF, 0xFF, 0xFF, 0xEF, 0xFF, 0xFE, 0xEF, 0xFD, 0x72, 0x12, 0x26,
    0x26, 0xEF, 0xEE, 0xFF, 0xEE, 0xEF, 0xFF, 0xFD, 0xFF, 0xFE, 0xFF, 0xFF, 0xFF, 0xFF, 0xE7, 0x6A,
    0xFF, 0xFF, 0xFF, 0xFF, 0xFF, 0xEE, 0xFF, 0xFF, 0xFE, 0xFF, 0xFF, 0xFE, 0xEF, 0xFE, 0x72, 0x46,
};

static const uint8_t coup_animdata_assassin_f07[3072] = {
    0xCB, 0xAA, 0xAB, 0x9A, 0x88, 0x88, 0x87, 0x77, 0x66, 0x67, 0x64, 0x66, 0x44, 0x67, 0x77, 0x76,
    0x77, 0x77, 0x88, 0x77, 0x76, 0x44, 0x8A, 0x88, 0x87, 0x77, 0x77, 0x88, 0x8A, 0xA8, 0x9A, 0xCB,
    0xAA, 0xA8, 0xA9, 0x9D, 0xBB, 0xBA, 0xAB, 0xCB, 0xBB, 0xBC, 0xD6, 0xAA, 0x7A, 0xAD, 0xDD, 0xDD,
    0xDD, 0xDD, 0xDD, 0xCD, 0xBA, 0x68, 0xCE, 0xCB, 0xBB, 0xCB, 0xBB, 0xAA, 0xCA, 0x98, 0x9A, 0xAB,
    0xBA, 0x89, 0xA8, 0xBD, 0xBB, 0xBA, 0xAB, 0xDC, 0xBB, 0xCC, 0xD6, 0xA8, 0x8A, 0xBE, 0xDE, 0xED,
    0xDD, 0xDD, 0xDD, 0xCD, 0xBB, 0x78, 0xCD, 0xBB, 0xCC, 0xDC, 0xCB, 0xBA, 0xCB, 0xAA, 0x89, 0x9A,
    0xA8, 0x8A, 0x7B, 0xCD, 0xBB, 0xAA, 0xAB, 0xCC, 0xBB, 0xBC, 0xC4, 0x88, 0x88, 0xAE, 0xDD, 0xDD,
    0xDD, 0xDD, 0xDD, 0xCD, 0xBA, 0x78, 0xBD, 0xCA, 0x8A, 0xA8, 0x87, 0x77, 0xCC, 0xAA, 0x98, 0xAA,
    0xA9, 0xA7, 0xAC, 0xBD, 0xAA, 0xAA, 0xAA, 0xCC, 0xBB, 0xBC, 0xC2, 0x88, 0x88, 0xAE, 0xDD, 0xDD,
    0xDD, 0xDD, 0xDD, 0xCD, 0xBA, 0x78, 0xAD, 0xB8, 0xAA, 0xAA, 0xBA, 0xAA, 0xCB, 0xBA, 0xA8, 0x8A,
    0x9A, 0x88, 0xCC, 0xBD, 0xAA, 0xAA, 0xAA, 0xCB, 0xBB, 0xBD, 0xB2, 0x78, 0x8A, 0xAE, 0xDD, 0xDD,
    0xDD, 0xDD, 0xDD, 0xCD, 0xBA, 0x78, 0x8E, 0xAC, 0xEE, 0xEE, 0xEE, 0xEE, 0xDB, 0xBB, 0xAA, 0x8A,
    0xA8, 0x8C, 0xCC, 0xAD, 0xAA, 0xAA, 0xAA, 0xCB, 0xBB, 0xCD, 0xA1, 0x78, 0x88, 0xAD, 0xDD, 0xDD,
    0xDD, 0xDD, 0xDD, 0xCD, 0xBA, 0x77, 0x8C, 0xBE, 0xDD, 0xDD, 0xDD, 0xDD, 0xEC, 0xBB, 0xBA, 0xAA,
    0xBA, 0xBC, 0xCB, 0xAC, 0xAA, 0xAA, 0xAA, 0xCB, 0xBB, 0xCD, 0xA1, 0x78, 0x87, 0xAD, 0xDD, 0xDD,
    0xDD, 0xDD, 0xDD, 0xCD, 0xB8, 0x78, 0x6A, 0xEE, 0xDE, 0xED, 0xEE, 0xDD, 0xED, 0xCB, 0xCC, 0xAA,
    0xCE, 0xCB, 0xCB, 0xAC, 0xAA, 0xAA, 0xAA, 0xBC, 0xBB, 0xCC, 0x81, 0x68, 0x87, 0x8D, 0xDD, 0xDD,
    0xDD, 0xDD, 0xDD, 0xCD, 0xB7, 0x78, 0x8C, 0xED, 0xEE, 0xEE, 0xEC, 0xEE, 0xDD, 0xDD, 0xCD, 0xB9,
    0xCE, 0xCB, 0xCB, 0xAC, 0xA8, 0x88, 0xAA, 0xBB, 0xBB, 0xCD, 0xA1, 0x67, 0x87, 0x8D, 0xDD, 0xDD,
    0xDD, 0xDD, 0xDD, 0xCC, 0xB7, 0x78, 0xCE, 0xDD, 0xEE, 0xAC, 0xC4, 0xAE, 0xDD, 0xDE, 0xCD, 0xDA,
    0xCD, 0xCB, 0xCB, 0x8C, 0x88, 0x88, 0xAA, 0xBB, 0xBC, 0xBB, 0x81, 0x68, 0x87, 0x8D, 0xDD, 0xDD,
    0xDD, 0xDD, 0xDD, 0xCC, 0xB7, 0x88, 0xCE, 0xDD, 0xDC, 0xAA, 0x84, 0x7D, 0xED, 0xDE, 0xCD, 0xDB,
    0xCD, 0xCB, 0xBB, 0x8C, 0x88, 0x88, 0xAA, 0xBB, 0xA2, 0x11, 0x11, 0x24, 0x66, 0x8E, 0xDD, 0xDD,
    0xDD, 0xDD, 0xDD, 0xCD, 0xB7, 0x8A, 0xCE, 0xDD, 0xDE, 0xCA, 0x87, 0xCD, 0xDD, 0xDE, 0xCD, 0xDB,
    0xCD, 0xCB, 0xBA, 0x8C, 0x88, 0x88, 0xAA, 0xC8, 0x12, 0x59, 0x53, 0x21, 0x11, 0x8E, 0xED, 0xDD,
    0xDD, 0xDD, 0xDD, 0xCD, 0xB7, 0x8A, 0xCD, 0xDD, 0xDE, 0x7A, 0x86, 0xED, 0xDD, 0xDE, 0xCD, 0xDB,
    0xCD, 0xCA, 0xBA, 0x8C, 0x87, 0x88, 0xAA, 0xB3, 0x8C, 0xCC, 0xCC, 0x83, 0x31, 0x13, 0x8B, 0xBC,
    0xDD, 0xDD, 0xDC, 0xCD, 0xB7, 0x8A, 0xDD, 0xDD, 0xEA, 0x28, 0x82, 0x8E, 0xDD, 0xDE, 0xCD, 0xDB,
    0xCD, 0xCA, 0xBA, 0x8B, 0x77, 0x78, 0x8A, 0x43, 0x9C, 0xEE, 0xFE, 0xC8, 0x53, 0x11, 0x22, 0x23,
    0x7C, 0xDC, 0xCC, 0xCD, 0xB7, 0x8A, 0xDD, 0xDD, 0xEA, 0x4A, 0xC6, 0x7D, 0xDD, 0xDE, 0xCC, 0xDB,
    0xCD, 0xCA, 0xBA, 0x7B, 0x77, 0x77, 0xA8, 0x25, 0x9C, 0xCE, 0xEE, 0xCC, 0x95, 0x32, 0x22, 0x35,
    0x35, 0xCD, 0xDD, 0xCC, 0xB7, 0x8A, 0xDD, 0xDE, 0xEC, 0xAD, 0xEA, 0xCE, 0xDE, 0xDE, 0xCC, 0xDC,
    0xBD, 0xCA, 0xBA, 0x7C, 0x77, 0x77, 0xA7, 0x29, 0xCC, 0xCE, 0xCE, 0xEC, 0x95, 0x33, 0x23, 0x59,
    0x95, 0xAD, 0xCC, 0xCD, 0xB7, 0x8B, 0xDD, 0xDE, 0xDD, 0xEE, 0xEE, 0xDD, 0xDD, 0xDE, 0xCC, 0xDC,
    0xBD, 0xBA, 0xBA, 0x7C, 0x77, 0x77, 0xA6, 0x39, 0x9C, 0xCC, 0xCE, 0xEE, 0xC9, 0x53, 0x59, 0x9C,
    0xC9, 0xBD, 0xDC, 0xCC, 0xB7, 0x8A, 0xDE, 0xEE, 0xEE, 0xDD, 0xDE, 0xEE, 0xEE, 0xED, 0xCC, 0xDC,
    0xBD, 0xBA, 0xBA, 0x7B, 0x77, 0x77, 0x85, 0x39, 0x99, 0xCC, 0xCE, 0xEE, 0xEC, 0xCC, 0xDF, 0xEC,
    0xBB, 0xDD, 0xDD, 0xCD, 0xB7, 0x8B, 0xED, 0xED, 0xBA, 0xED, 0xEC, 0xAA, 0xCB, 0xCD, 0xDC, 0xDB,
    0xBD, 0xB8, 0xBA, 0x7B, 0x77, 0x77, 0x85, 0x59, 0x99, 0x99, 0xCD, 0xCE, 0xCC, 0xCE, 0xEF, 0xFD,
    0xCD, 0xDD, 0xDD, 0xCC, 0xB7, 0xDD, 0xDC, 0xDA, 0x44, 0xCE, 0xEB, 0x44, 0x87, 0xCE, 0xEE, 0xDC,
    0xBD, 0xB8, 0xAA, 0x7B, 0x77, 0x77, 0x84, 0x38, 0x99, 0x99, 0xCE, 0xCC, 0xCC, 0xCE, 0xEE, 0xFD,
    0xDD, 0xDD, 0xDC, 0xCC, 0xB7, 0xBE, 0xDD, 0xCA, 0x66, 0xCE, 0xDE, 0x74, 0x7A, 0xDD, 0xED, 0xDB,
    0xCD, 0xB8, 0xAA, 0x7B, 0x76, 0x66, 0x76, 0x35, 0x89, 0x99, 0xCC, 0xCC, 0xC9, 0xAE, 0xFE, 0xFD,
    0xDD, 0xDD, 0xDC, 0xCC, 0xB7, 0x8E, 0xEE, 0xE9, 0x6B, 0xEA, 0x8E, 0xA4, 0x8E, 0xEE, 0xDC, 0xDB,
    0xCD, 0xB8, 0xAA, 0x7B, 0x77, 0x66, 0x77, 0x33, 0x89, 0x99, 0xCC, 0xBC, 0xB9, 0xCE, 0xFE, 0xED,
    0xDD, 0xDD, 0xDC, 0xCC, 0xB7, 0xA8, 0x8A, 0xEE, 0xCE, 0xC8, 0x7A, 0xEC, 0xEC, 0xCD, 0xBC, 0xDA,
    0xCC, 0xA8, 0xAA, 0x7B, 0x76, 0x67, 0x77, 0x83, 0x59, 0x99, 0x9C, 0x9C, 0x99, 0xCD, 0xFE, 0xED,
    0xDD, 0xDD, 0xDD, 0xCC, 0xB7, 0xA7, 0x14, 0xCE, 0xEE, 0xCB, 0xAA, 0xED, 0xE7, 0x7A, 0xAC, 0xDA,
    0xCC, 0xA8, 0xAA, 0x7B, 0x77, 0x67, 0x76, 0xB8, 0x35, 0x55, 0x8A, 0x99, 0x98, 0xBD, 0xEE, 0xED,
    0xDD, 0xDD, 0xCD, 0xCC, 0xB7, 0xA7, 0x26, 0xCC, 0xEE, 0xEE, 0xEE, 0xED, 0xE7, 0x8A, 0xAB, 0xDA,
    0xCC, 0xA8, 0x88, 0x7B, 0x77, 0x77, 0x76, 0xBA, 0x73, 0x33, 0x58, 0x99, 0xA8, 0xBD, 0xEE, 0xFE,
    0xCD, 0xDD, 0xDD, 0xCC, 0xB7, 0xA7, 0x16, 0xCC, 0xEE, 0xEE, 0xEE, 0xEE, 0xD7, 0x8A, 0xAB, 0xDA,
    0xCC, 0xA8, 0x88, 0x7B, 0x77, 0x67, 0x76, 0xB8, 0x88, 0x85, 0x35, 0x9A, 0xA7, 0xBD, 0xEE, 0xC9,
    0x99, 0x99, 0xBC, 0xCC, 0xB8, 0xA6, 0x16, 0xCC, 0xEC, 0xDE, 0xEE, 0xCE, 0xC8, 0x88, 0xAB, 0xDA,
    0xBC, 0xA8, 0x88, 0x7B, 0x77, 0x66, 0x76, 0xB8, 0x8A, 0xCC, 0x41, 0x4A, 0xA7, 0xA9, 0x55, 0x55,
    0x55, 0x55, 0x99, 0xBC, 0xB8, 0xA6, 0x16, 0xDB, 0xEA, 0xDC, 0xCE, 0xAE, 0xB8, 0x88, 0xAB, 0xDB,
    0xBC, 0xA8, 0x88, 0x7B, 0x77, 0x66, 0x76, 0xB8, 0x8A, 0xBC, 0x41, 0x4A, 0xA6, 0x33, 0x35, 0x53,
    0x55, 0x55, 0x59, 0x99, 0xA8, 0xA4, 0x16, 0xCB, 0xEA, 0xDC, 0xCE, 0x8E, 0xA8, 0x78, 0xAB, 0xDB,
    0xBC, 0xA8, 0x88, 0x7B, 0x77, 0x66, 0x66, 0xB8, 0x8A, 0xBC, 0x41, 0x2B, 0x41, 0x13, 0x35, 0x33,
    0x55, 0x99, 0x99, 0x99, 0x98, 0xA6, 0x14, 0xCA, 0xB8, 0xEA, 0xAD, 0x78, 0xA8, 0x78, 0xAB, 0xDB,
    0xBC, 0xA8, 0x88, 0x7B, 0x77, 0x66, 0x66, 0xB8, 0x88, 0xBC, 0x21, 0x24, 0x11, 0x13, 0x35, 0x55,
    0x59, 0x99, 0x99, 0xCC, 0xC9, 0xA6, 0x14, 0xCA, 0x87, 0xEA, 0xAC, 0x66, 0xA8, 0x78, 0xAB, 0xDA,
    0xBC, 0xA8, 0x88, 0x7B, 0x66, 0x66, 0x66, 0xA8, 0x78, 0xBB, 0x22, 0x11, 0x11, 0x25, 0x55, 0x55,
    0x59, 0x99, 0x9C, 0xCC, 0xCC, 0x96, 0x14, 0xCA, 0x87, 0xE8, 0xAC, 0x66, 0xA8, 0x78, 0xAB, 0xDA,
    0xBC, 0xA8, 0x88, 0x7B, 0x66, 0x66, 0x66, 0xA8, 0x78, 0xBB, 0x21, 0x11, 0x22, 0x35, 0x55, 0x55,
    0x99, 0x99, 0x99, 0xCC, 0xCC, 0x99, 0x44, 0xCA, 0x87, 0xA6, 0x66, 0x66, 0xA8, 0x78, 0x8B, 0xDA,
    0xBB, 0x98, 0x88, 0x7B, 0x66, 0x66, 0x66, 0xA8, 0x77, 0xBB, 0x21, 0x22, 0x22, 0x35, 0x55, 0x59,
    0x99, 0x99, 0x99, 0x99, 0x9C, 0xC9, 0x96, 0xB8, 0x77, 0xA6, 0x66, 0x66, 0xA8, 0x88, 0x8B, 0xDA,
    0xBC, 0x98, 0x88, 0x8B, 0x66, 0x66, 0x66, 0xA8, 0x77, 0xAB, 0x22, 0x33, 0x22, 0x35, 0x55, 0x59,
    0x99, 0x99, 0x99, 0x99, 0x99, 0xC9, 0x99, 0xA8, 0x77, 0xA6, 0x66, 0x66, 0xA8, 0x88, 0x8A, 0xDB,
    0xCC, 0x98, 0x88, 0x7B, 0x66, 0x66, 0x66, 0xA8, 0x77, 0xA8, 0x23, 0x33, 0x22, 0x23, 0x53, 0x59,
    0x99, 0x99, 0x99, 0x99, 0x99, 0xC9, 0x99, 0x98, 0x77, 0xA6, 0x66, 0x66, 0xA8, 0x88, 0x8A, 0xDA,
    0xBC, 0x98, 0x88, 0x7B, 0x76, 0x66, 0x66, 0xA8, 0x77, 0xA3, 0x35, 0x55, 0x32, 0x23, 0x33, 0x55,
    0x55, 0x59, 0x99, 0x99, 0x99, 0x99, 0x99, 0x97, 0x77, 0xA6, 0x66, 0x64, 0xA8, 0x88, 0x8A, 0xDA,
    0xBC, 0x98, 0x88, 0x7A, 0x66, 0x66, 0x66, 0xA7, 0x77, 0x72, 0x55, 0x55, 0x33, 0x33, 0x33, 0x55,
    0x55, 0x55, 0x55, 0x95, 0x59, 0x99, 0x99, 0x98, 0x77, 0xA6, 0x66, 0x64, 0x88, 0x88, 0x8A, 0xDB,
    0xBC, 0x98, 0x88, 0x7A, 0x76, 0x66, 0x66, 0xA7, 0x67, 0x43, 0x55, 0x55, 0x33, 0x33, 0x33, 0x33,
    0x53, 0x35, 0x55, 0x55, 0x55, 0x99, 0x99, 0x99, 0x77, 0xA6, 0x66, 0x44, 0x88, 0x88, 0x8A, 0xCB,
    0xAC, 0xA8, 0x88, 0x7B, 0x76, 0x66, 0x66, 0xA7, 0x77, 0x35, 0x55, 0x55, 0x32, 0x32, 0x33, 0x33,
    0x33, 0x33, 0x35, 0x55, 0x55, 0x99, 0x55, 0x99, 0x77, 0xA6, 0x66, 0x66, 0xA8, 0x88, 0x8B, 0xCA,
    0xAC, 0xA8, 0x88, 0x7B, 0x76, 0x66, 0x66, 0xA7, 0x76, 0x35, 0x95, 0x55, 0x32, 0x21, 0x33, 0x11,
    0x12, 0x32, 0x33, 0x33, 0x35, 0x55, 0x55, 0x55, 0x57, 0x86, 0x66, 0x64, 0x88, 0x88, 0x8B, 0xDB,
    0xAC, 0xA8, 0x88, 0x7B, 0x66, 0x66, 0x66, 0xA8, 0x76, 0x35, 0x95, 0x55, 0x32, 0x12, 0x31, 0x11,
    0x11, 0x11, 0x11, 0x21, 0x23, 0x35, 0x35, 0x55, 0x57, 0x86, 0x66, 0x66, 0xA8, 0x88, 0x8B, 0xCA,
    0x8B, 0xA8, 0x88, 0x7B, 0x76, 0x66, 0x66, 0xA8, 0x74, 0x55, 0x95, 0x53, 0x32, 0x22, 0x21, 0x11,
    0x11, 0x11, 0x11, 0x11, 0x22, 0x23, 0x33, 0x35, 0x56, 0xA6, 0x66, 0x66, 0xA8, 0x88, 0x8B, 0xCB,
    0x8B, 0xA8, 0x88, 0x7A, 0x66, 0x66, 0x66, 0xA8, 0x74, 0x55, 0x55, 0x53, 0x22, 0x33, 0x11, 0x11,
    0x11, 0x11, 0x11, 0x11, 0x11, 0x12, 0x22, 0x35, 0x35, 0x86, 0x66, 0x66, 0xA8, 0x88, 0x8B, 0xCB,
    0x8B, 0xA8, 0x88, 0x7A, 0x66, 0x66, 0x66, 0xA7, 0x76, 0x55, 0x55, 0x53, 0x12, 0x32, 0x11, 0x11,
    0x11, 0x11, 0x11, 0x11, 0x11, 0x11, 0x11, 0x25, 0x33, 0x86, 0x66, 0x66, 0xA8, 0x88, 0x8B, 0xCB,
    0xAB, 0xA8, 0x88, 0x7A, 0x66, 0x66, 0x66, 0xA7, 0x77, 0x55, 0x53, 0x33, 0x22, 0x22, 0x11, 0x11,
    0x11, 0x11, 0x11, 0x11, 0x11, 0x21, 0x11, 0x23, 0x33, 0x76, 0x66, 0x66, 0xA8, 0x88, 0x8B, 0xCB,
    0xAB, 0xA8, 0x88, 0x7A, 0x66, 0x66, 0x66, 0xA7, 0x67, 0x55, 0x33, 0x32, 0x22, 0x21, 0x22, 0x33,
    0x33, 0x23, 0x32, 0x32, 0x21, 0x21, 0x11, 0x23, 0x33, 0x76, 0x66, 0x66, 0xA8, 0x88, 0x8B, 0xCA,
    0xAB, 0xA8, 0x88, 0x7A, 0x66, 0x66, 0x66, 0xA8, 0x41, 0x35, 0x33, 0x33, 0x21, 0x11, 0x23, 0x56,
    0x8A, 0x84, 0x43, 0x34, 0x53, 0x21, 0x22, 0x23, 0x22, 0x76, 0x66, 0x66, 0xA8, 0x88, 0x8B, 0xCA,
    0xAB, 0xA8, 0x88, 0x7A, 0x76, 0x66, 0x66, 0xA7, 0x25, 0x35, 0x53, 0x33, 0x21, 0x11, 0x24, 0x47,
    0xBC, 0xB7, 0x42, 0x11, 0x12, 0x64, 0x32, 0x22, 0x22, 0x86, 0x66, 0x66, 0xA8, 0x88, 0x8B, 0xCA,
    0xAB, 0xA8, 0x88, 0x7A, 0x76, 0x66, 0x66, 0xA4, 0x55, 0x52, 0x53, 0x32, 0x44, 0x11, 0x44, 0x46,
    0x7A, 0x72, 0x72, 0x11, 0x11, 0x24, 0x43, 0x22, 0x22, 0x86, 0x66, 0x66, 0xA8, 0x78, 0x8B, 0xCA,
    0xAB, 0xA8, 0x88, 0x7A, 0x77, 0x66, 0x66, 0xA5, 0x52, 0x55, 0x33, 0x33, 0x24, 0x44, 0x24, 0x46,
    0x46, 0x76, 0x87, 0x11, 0x12, 0x32, 0x14, 0x32, 0x22, 0x86, 0x66, 0x66, 0xA8, 0x78, 0x8A, 0xBA,
    0xAB, 0xA8, 0x88, 0x8A, 0x77, 0x66, 0x66, 0x83, 0x31, 0x35, 0x33, 0x35, 0x66, 0x44, 0x44, 0x46,
    0x44, 0x66, 0x64, 0x11, 0x23, 0x34, 0x11, 0x43, 0x26, 0x86, 0x66, 0x66, 0xA8, 0x78, 0x8B, 0xBA,
    0xAB, 0xA8, 0x88, 0x8A, 0x76, 0x66, 0x66, 0x83, 0x23, 0x99, 0x53, 0x35, 0x87, 0x64, 0x22, 0x21,
    0x24, 0x24, 0x21, 0x11, 0x23, 0x3A, 0xB2, 0x26, 0x36, 0x86, 0x66, 0x66, 0xA8, 0x78, 0x8B, 0xB8,
    0xAA, 0xA8, 0x88, 0x8A, 0x76, 0x66, 0x66, 0x83, 0x25, 0x98, 0x53, 0x57, 0x87, 0x64, 0x11, 0x11,
    0x12, 0x11, 0x11, 0x11, 0x23, 0x37, 0xA8, 0x67, 0x67, 0x86, 0x66, 0x66, 0xA8, 0x78, 0xAB, 0xBA,
    0xAA, 0xA8, 0x88, 0x8A, 0x76, 0x67, 0x66, 0x85, 0x15, 0x55, 0x53, 0x58, 0x57, 0x72, 0x11, 0x11,
    0x11, 0x11, 0x11, 0x12, 0x32, 0x35, 0x88, 0xC8, 0x66, 0x86, 0x66, 0x66, 0xA8, 0x88, 0xAB, 0xBA,
    0xAA, 0xA8, 0x88, 0x8A, 0x76, 0x67, 0x66, 0x86, 0x22, 0x39, 0x53, 0x75, 0x55, 0x63, 0x11, 0x11,
    0x11, 0x11, 0x11, 0x13, 0x31, 0x23, 0x8B, 0x87, 0x66, 0x86, 0x66, 0x66, 0xA8, 0x88, 0xAB, 0xBA,
    0xAA, 0xAA, 0x88, 0x8A, 0x76, 0x77, 0x66, 0x87, 0x23, 0x35, 0x53, 0x55, 0x55, 0x32, 0x11, 0x11,
    0x11, 0x11, 0x11, 0x13, 0x32, 0x13, 0x76, 0x87, 0x66, 0x86, 0x67, 0x66, 0xA8, 0x88, 0xAA, 0xBA,
    0xAA, 0xA8, 0x88, 0x8A, 0x76, 0x67, 0x66, 0x87, 0x32, 0x58, 0x93, 0x35, 0x53, 0x33, 0x21, 0x11,
    0x11, 0x11, 0x11, 0x23, 0x55, 0x22, 0xA8, 0x87, 0x77, 0x86, 0x67, 0x66, 0x88, 0x78, 0xAA, 0xBA,
    0xAB, 0xA8, 0x88, 0x7A, 0x76, 0x77, 0x66, 0x87, 0x62, 0x3C, 0xF8, 0x35, 0x53, 0x33, 0x21, 0x11,
    0x11, 0x11, 0x22, 0x23, 0x55, 0x35, 0x85, 0x87, 0x76, 0x86, 0x66, 0x66, 0x87, 0x78, 0x8A, 0xBA,
    0xAB, 0xA8, 0x77, 0x78, 0x76, 0x77, 0x66, 0x87, 0xBA, 0x33, 0xA5, 0x55, 0x33, 0x33, 0x31, 0x11,
    0x11, 0x11, 0x22, 0x33, 0x33, 0x55, 0x55, 0x77, 0x77, 0x86, 0x67, 0x66, 0x87, 0x78, 0x8A, 0xBA,
    0xAB, 0xB8, 0x77, 0x78, 0x76, 0x67, 0x66, 0x7B, 0xBB, 0xB5, 0x58, 0x55, 0x33, 0x33, 0x31, 0x11,
    0x11, 0x11, 0x22, 0x33, 0x33, 0x55, 0x35, 0x87, 0x76, 0x86, 0x67, 0x66, 0x87, 0x78, 0x8A, 0xB8,
    0xAA, 0xB8, 0x77, 0x78, 0x76, 0x67, 0x66, 0x7B, 0xBB, 0xDC, 0x99, 0x55, 0x33, 0x33, 0x31, 0x11,
    0x11, 0x12, 0x22, 0x23, 0x53, 0x55, 0x35, 0x87, 0x77, 0x86, 0x67, 0x66, 0x87, 0x78, 0xAA, 0xAA,
    0xAA, 0xA8, 0x77, 0x68, 0x76, 0x67, 0x66, 0xBB, 0xBB, 0xDA, 0x59, 0x55, 0x33, 0x32, 0x32, 0x11,
    0x11, 0x12, 0x12, 0x8C, 0xE9, 0x98, 0x55, 0x77, 0x77, 0x86, 0x67, 0x66, 0x87, 0x78, 0xAA, 0xA8,
    0x8A, 0xA8, 0x87, 0x68, 0x76, 0x67, 0x67, 0xBB, 0xBB, 0xDB, 0x59, 0x55, 0x32, 0x22, 0x22, 0x11,
    0x11, 0x12, 0x3C, 0xE8, 0xAE, 0xD8, 0x54, 0x67, 0x67, 0x76, 0x77, 0x66, 0x87, 0x78, 0xAA, 0xA8,
    0x8A, 0xA8, 0x87, 0x67, 0x66, 0x67, 0x67, 0xBB, 0xBD, 0xDC, 0x59, 0x55, 0x32, 0x21, 0x22, 0x11,
    0x11, 0x25, 0xBE, 0xC8, 0x4B, 0xE9, 0x52, 0x67, 0x66, 0x76, 0x67, 0x66, 0x87, 0x78, 0xAA, 0xAA,
    0xA8, 0xA8, 0x87, 0x68, 0x66, 0x66, 0x67, 0xBB, 0xDD, 0xDD, 0x99, 0x55, 0x33, 0x21, 0x11, 0x11,
    0x11, 0x12, 0x23, 0x9C, 0xCC, 0xE9, 0x52, 0x66, 0x66, 0x76, 0x66, 0x66, 0x87, 0x78, 0xAA, 0xAA,
    0x88, 0xA8, 0x87, 0x68, 0x76, 0x66, 0x67, 0xBD, 0xDD, 0xDD, 0x88, 0x55, 0x53, 0x21, 0x11, 0x11,
    0x11, 0x11, 0x11, 0x23, 0x8C, 0xC5, 0x51, 0x66, 0x66, 0x76, 0x67, 0x66, 0x77, 0x78, 0xAA, 0xB8,
    0x8A, 0xAA, 0x87, 0x68, 0x66, 0x66, 0x47, 0xBD, 0xDD, 0xDD, 0x55, 0x35, 0x53, 0x22, 0x11, 0x11,
    0x11, 0x11, 0x21, 0x12, 0x13, 0x83, 0x41, 0x46, 0x66, 0x76, 0x66, 0x66, 0x87, 0x78, 0xAB, 0xA8,
    0x6A, 0xA8, 0x86, 0x68, 0x64, 0x66, 0x46, 0xBD, 0xDD, 0xDD, 0x55, 0x25, 0x55, 0x33, 0x21, 0x11,
    0x11, 0x11, 0x12, 0x23, 0x22, 0x55, 0x21, 0x46, 0x66, 0x64, 0x46, 0x66, 0x87, 0x78, 0xAB, 0xA8,
    0x48, 0xAA, 0x86, 0x67, 0x64, 0x66, 0x44, 0x9D, 0xBE, 0xEE, 0x53, 0x23, 0x55, 0x53, 0x22, 0x11,
    0x11, 0x11, 0x11, 0x12, 0x55, 0x55, 0x21, 0x47, 0x66, 0x64, 0x66, 0x66, 0x87, 0x78, 0xAB, 0xA6,
    0x46, 0xA8, 0x87, 0x67, 0x64, 0x64, 0x44, 0x6D, 0xDB, 0xFE, 0x63, 0x23, 0x35, 0x85, 0x53, 0x22,
    0x22, 0x11, 0x11, 0x12, 0x55, 0x58, 0x21, 0x47, 0x64, 0x46, 0x47, 0x66, 0x87, 0x78, 0xBB, 0x86,
    0x44, 0xA8, 0x87, 0x67, 0x64, 0x66, 0x44, 0x46, 0xFD, 0xBD, 0x83, 0x23, 0x35, 0x58, 0x88, 0x53,
    0x23, 0x21, 0x11, 0x23, 0x35, 0x5D, 0x41, 0x46, 0x44, 0x64, 0x67, 0x44, 0x86, 0x78, 0xAB, 0x66,
    0x42, 0x7A, 0x87, 0x67, 0x64, 0x44, 0x44, 0x64, 0xAF, 0xEB, 0xB5, 0x13, 0x33, 0x55, 0x88, 0x98,
    0x53, 0x33, 0x32, 0x33, 0x55, 0x8D, 0x71, 0x46, 0x64, 0x44, 0x66, 0x44, 0x77, 0x7A, 0xAA, 0x46,
    0x44, 0x68, 0x87, 0x46, 0x64, 0x44, 0x44, 0x64, 0x4D, 0xFE, 0xBA, 0x32, 0x33, 0x35, 0x55, 0x89,
    0xA8, 0x53, 0x33, 0x33, 0x35, 0xDD, 0x81, 0x46, 0x44, 0x44, 0x66, 0x44, 0x76, 0x78, 0xA7, 0x46,
    0x44, 0x47, 0x87, 0x46, 0x64, 0x44, 0x44, 0x44, 0x48, 0xFF, 0xFD, 0xA5, 0x32, 0x33, 0x35, 0x55,
    0x8A, 0xB9, 0x88, 0x55, 0x5B, 0xDB, 0x71, 0x46, 0x44, 0x44, 0x66, 0x44, 0x76, 0x78, 0xA4, 0x47,
    0x44, 0x44, 0x87, 0x66, 0x64, 0x44, 0x44, 0x44, 0x66, 0xEF, 0xFF, 0xDB, 0x42, 0x33, 0x33, 0x55,
    0x58, 0x99, 0xAB, 0xCB, 0xDD, 0xBB, 0x71, 0x46, 0x64, 0x44, 0x66, 0x44, 0x76, 0x78, 0x74, 0x46,
    0x42, 0x44, 0x67, 0x46, 0x44, 0x44, 0x44, 0x44, 0x64, 0xCF, 0xFF, 0xFD, 0xB5, 0x33, 0x33, 0x35,
    0x55, 0x89, 0x9D, 0xEE, 0xDB, 0xBD, 0x61, 0x46, 0x64, 0x44, 0x64, 0x44, 0x76, 0x78, 0x44, 0x46,
    0x42, 0x44, 0x47, 0x46, 0x44, 0x44, 0x44, 0x44, 0x44, 0xCF, 0xFF, 0xFF, 0xEB, 0x33, 0x33, 0x35,
    0x55, 0x89, 0xBB, 0xBB, 0xBB, 0xD8, 0x21, 0x47, 0x64, 0x46, 0x64, 0x44, 0x76, 0x86, 0x44, 0x46,
    0x62, 0x44, 0x24, 0x44, 0x44, 0x44, 0x44, 0x44, 0x46, 0xDF, 0xFF, 0xFF, 0xFE, 0x83, 0x33, 0x33,
    0x58, 0xAB, 0xDB, 0xDE, 0xEC, 0x61, 0x41, 0x47, 0x64, 0x46, 0x64, 0x44, 0x76, 0x74, 0x24, 0x46,
    0x62, 0x44, 0x42, 0x46, 0x44, 0x44, 0x44, 0x44, 0x46, 0xFF, 0xFF, 0xFF, 0xFF, 0xD6, 0x33, 0x33,
    0x7B, 0xEF, 0xFF, 0xFB, 0x86, 0x41, 0x42, 0x47, 0x44, 0x46, 0x64, 0x44, 0x66, 0x42, 0x24, 0x46,
    0x64, 0x44, 0x42, 0x24, 0x44, 0x44, 0x44, 0x44, 0x46, 0xEF, 0xFF, 0xFF, 0xFF, 0xFB, 0x33, 0x36,
    0xBF, 0xFF, 0xFF, 0xE8, 0x76, 0x41, 0x22, 0x47, 0x64, 0x46, 0x64, 0x44, 0x64, 0x22, 0x42, 0x46,
    0x62, 0x44, 0x42, 0x24, 0x44, 0x24, 0x44, 0x44, 0x46, 0xEF, 0xFF, 0xFF, 0xFF, 0xFD, 0x83, 0x38,
    0xFF, 0xFF, 0xFF, 0xFA, 0x76, 0x41, 0x22, 0x46, 0x44, 0x46, 0x74, 0x44, 0x62, 0x22, 0x22, 0x46,
    0x42, 0x44, 0x42, 0x22, 0x44, 0x24, 0x44, 0x44, 0x46, 0xEF, 0xEF, 0xFF, 0xFF, 0xFE, 0xA3, 0x3D,
    0xFF, 0xFF, 0xFF, 0xF8, 0x74, 0x41, 0x21, 0x46, 0x44, 0x47, 0x76, 0x44, 0x62, 0x22, 0x22, 0x44,
    0x42, 0x44, 0x42, 0x22, 0x44, 0x24, 0x44, 0x44, 0x47, 0xEE, 0xEF, 0xFF, 0xFF, 0xFF, 0xB3, 0x6D,
    0xFF, 0xFF, 0xFF, 0xF8, 0x76, 0x41, 0x21, 0x46, 0x44, 0x47, 0x76, 0x44, 0x42, 0x22, 0x22, 0x46,
    0x42, 0x44, 0x22, 0x22, 0x44, 0x24, 0x44, 0x22, 0x47, 0xFE, 0xEF, 0xFF, 0xFF, 0xFF, 0xD5, 0x6E,
    0xFF, 0xFE, 0xFF, 0xFA, 0x64, 0x41, 0x21, 0x46, 0x44, 0x47, 0x76, 0x44, 0x42, 0x22, 0x22, 0x46,
    0x42, 0x44, 0x42, 0x22, 0x44, 0x44, 0x44, 0x22, 0x27, 0xFE, 0xEF, 0xFF, 0xFF, 0xFF, 0xEC, 0xCF,
    0xFE, 0xEF, 0xFF, 0xFF, 0xC7, 0x41, 0x11, 0x46, 0x44, 0x46, 0x76, 0x24, 0x42, 0x22, 0x22, 0x46,
    0x42, 0x44, 0x42, 0x22, 0x64, 0x44, 0x44, 0x12, 0x8E, 0xFE, 0xEF, 0xFF, 0xFF, 0xFF, 0xF8, 0x6A,
    0xFE, 0xFF, 0xFF, 0xFF, 0xFF, 0xE8, 0x41, 0x46, 0x44, 0x26, 0x74, 0x44, 0x42, 0x22, 0x22, 0x46,
    0x42, 0x22, 0x22, 0x22, 0x64, 0x24, 0x24, 0x7E, 0xFF, 0xFF, 0xEF, 0xFF, 0xFF, 0xFF, 0xE6, 0x76,
    0xFE, 0xFF, 0xFF, 0xFF, 0xFF, 0xFF, 0xFC, 0x96, 0x42, 0x46, 0x44, 0x44, 0x42, 0x12, 0x22, 0x46,
    0x42, 0x22, 0x22, 0x24, 0x64, 0x24, 0x9E, 0xFF, 0xFF, 0xEF, 0xFF, 0xFF, 0xFF, 0xFF, 0xE7, 0xB7,
    0xFF, 0xFF, 0xFF, 0xFF, 0xFF, 0xFF, 0xFF, 0xFE, 0xA4, 0x12, 0x44, 0x44, 0x42, 0x12, 0x22, 0x46,
    0x42, 0x24, 0x22, 0x24, 0x64, 0xAF, 0xFF, 0xFE, 0xFE, 0xEF, 0xFF, 0xFF, 0xFF, 0xFF, 0xE7, 0x77,
    0xFF, 0xFF, 0xFF, 0xFF, 0xEF, 0xFF, 0xFF, 0xFF, 0xFE, 0x82, 0x24, 0x44, 0x42, 0x22, 0x22, 0x46,
    0x42, 0x22, 0x22, 0x12, 0xBE, 0xFF, 0xEE, 0xEF, 0xFD, 0xFF, 0xFF, 0xFF, 0xFF, 0xFF, 0xE7, 0x77,
    0xFF, 0xFF, 0xFF, 0xFF, 0xEF, 0xFF, 0xFF, 0xFF, 0xFF, 0xFE, 0xA4, 0x44, 0x42, 0x22, 0x22, 0x46,
    0x42, 0x22, 0x21, 0x6D, 0xFF, 0xFE, 0xEE, 0xFF, 0xEE, 0xFF, 0xFF, 0xFF, 0xFF, 0xFF, 0xE6, 0x77,
    0xFF, 0xFF, 0xFF, 0xFF, 0xFE, 0xFF, 0xFF, 0xFF, 0xFF, 0xEE, 0xFE, 0x82, 0x22, 0x22, 0x22, 0x46,
    0x42, 0x22, 0x4B, 0xFF, 0xEF, 0xEE, 0xEF, 0xFF, 0xDE, 0xFF, 0xFF, 0xFF, 0xFF, 0xFF, 0xF7, 0x6A,
    0xFF, 0xFF, 0xFF, 0xFF, 0xFE, 0xEF, 0xFF, 0xFF, 0xFF, 0xFE, 0xEF, 0xFC, 0x72, 0x12, 0x22, 0x46,
    0x42, 0x28, 0xFF, 0xEF, 0xFE, 0xEE, 0xFF, 0xFF, 0xDF, 0xFF, 0xFF, 0xFF, 0xFF, 0xFF, 0xFE, 0xBF,
    0xFF, 0xFF, 0xFF, 0xFF, 0xFF, 0xEF, 0xFF, 0xFF, 0xEF, 0xFF, 0xFE, 0xEF, 0xFC, 0x71, 0x12, 0x46,
    0x44, 0xCF, 0xFE, 0xFF, 0xFF, 0xEE, 0xFF, 0xFD, 0xEF, 0xFF, 0xEF, 0xFF, 0xFF, 0xFF, 0xD4, 0x46,
    0xEF, 0xFF, 0xFF, 0xFF, 0xFF, 0xEE, 0xFF, 0xFF, 0xFE, 0xFF, 0xFF, 0xFE, 0xEF, 0xFD, 0x82, 0x47,
    0x6E, 0xFE, 0xEF, 0xFE, 0xEE, 0xEF, 0xFF, 0xFD, 0xFF, 0xFF, 0xEE, 0xEF, 0xFF, 0xFF, 0x42, 0x44,
    0xAF, 0xFF, 0xFF, 0xEF, 0xFF, 0xED, 0xFF, 0xFF, 0xFF, 0xEE, 0xFF, 0xFF, 0xFE, 0xEF, 0xFC, 0x77,
};

static const uint8_t* const coup_animdata_assassin[8] = {
    coup_animdata_assassin_f00,
    coup_animdata_assassin_f01,
    coup_animdata_assassin_f02,
    coup_animdata_assassin_f03,
    coup_animdata_assassin_f04,
    coup_animdata_assassin_f05,
    coup_animdata_assassin_f06,
    coup_animdata_assassin_f07,
};

static const uint8_t coup_animdata_captain_f00[3072] = {
    0x7A, 0xBB, 0xAA, 0xAA, 0xA7, 0x74, 0x77, 0x77, 0x77, 0x44, 0x44, 0x44, 0x44, 0x44, 0x44, 0x44,
    0x44, 0x44, 0x44, 0x44, 0x44, 0x44, 0x44, 0x77, 0x77, 0x77, 0x77, 0x77, 0xAA, 0xB7, 0x7A, 0xBB,
    0x7A, 0x77, 0x66, 0x66, 0x64, 0x46, 0x77, 0x77, 0x77, 0x67, 0x44, 0x44, 0x44, 0x44, 0x44, 0x44,
    0x44, 0x44, 0x44, 0x44, 0x44, 0x46, 0x66, 0x88, 0xAA, 0xAA, 0xAA, 0xAA, 0xBA, 0xA7, 0x77, 0xAB,
    0xA7, 0x46, 0x66, 0x66, 0x66, 0x66, 0x67, 0x77, 0x76, 0x66, 0x64, 0x44, 0x44, 0x44, 0x44, 0x44,
    0x44, 0x46, 0x66, 0x87, 0x66, 0x78, 0x88, 0x77, 0x88, 0xAA, 0xAA, 0xAA, 0xAA, 0x77, 0x77, 0xAA,
    0x74, 0x76, 0x66, 0x66, 0x66, 0x64, 0x66, 0x66, 0x66, 0x64, 0x66, 0x66, 0x66, 0x66, 0x64, 0x44,
    0x66, 0x66, 0x87, 0x87, 0x66, 0x77, 0x77, 0x78, 0x8A, 0xAA, 0xAA, 0xAA, 0xAA, 0xA7, 0x74, 0x7A,
    0x46, 0x66, 0x66, 0x66, 0x66, 0x44, 0x66, 0x66, 0x64, 0x44, 0x44, 0x44, 0x66, 0x66, 0x44, 0x44,
    0x44, 0x44, 0x76, 0x77, 0x66, 0x77, 0x78, 0x78, 0xA8, 0xAA, 0xAA, 0xAA, 0xAA, 0xAA, 0x77, 0x47,
    0x67, 0x76, 0x66, 0x66, 0x66, 0x44, 0x44, 0x66, 0x44, 0x46, 0x44, 0x44, 0x66, 0x66, 0x44, 0x64,
    0x44, 0x67, 0x66, 0x77, 0x76, 0x77, 0x77, 0x78, 0x84, 0xA8, 0xAA, 0xAA, 0xAA, 0xAA, 0x77, 0x77,
    0x77, 0x76, 0x66, 0x66, 0x66, 0x44, 0x44, 0x64, 0x44, 0x42, 0x44, 0x44, 0x46, 0x43, 0x22, 0x24,
    0x67, 0x66, 0x67, 0x76, 0x67, 0x77, 0x67, 0x7A, 0x44, 0x4A, 0xAA, 0xAA, 0xAA, 0xAA, 0xA7, 0x7A,
    0x77, 0x67, 0x66, 0x66, 0x64, 0x44, 0x46, 0x44, 0x44, 0x22, 0x44, 0x42, 0x34, 0x22, 0x22, 0x23,
    0x46, 0x76, 0x67, 0x86, 0x46, 0x66, 0x66, 0x77, 0x44, 0x47, 0xAA, 0xAA, 0xAA, 0xA8, 0xA7, 0x7A,
    0x76, 0x64, 0x67, 0x66, 0x66, 0x44, 0x44, 0x44, 0x44, 0x44, 0x44, 0x44, 0x44, 0x46, 0x66, 0x44,
    0x44, 0x66, 0x67, 0x77, 0x64, 0x66, 0x66, 0x84, 0x44, 0x44, 0xAA, 0xAA, 0xAA, 0xA8, 0xA8, 0x7A,
    0x36, 0x63, 0x46, 0x33, 0x66, 0x44, 0x44, 0x44, 0x44, 0x44, 0x44, 0x44, 0x44, 0x44, 0x44, 0x43,
    0x44, 0x64, 0x66, 0x88, 0x64, 0x46, 0x67, 0x7A, 0x64, 0x7A, 0x8A, 0xAA, 0x8A, 0xA8, 0x8A, 0x7A,
    0x66, 0x66, 0x66, 0x66, 0x62, 0x44, 0x44, 0x44, 0x44, 0x66, 0x66, 0x43, 0x44, 0x43, 0x44, 0x34,
    0x44, 0x66, 0x44, 0x67, 0x66, 0x42, 0x44, 0x78, 0x44, 0x78, 0x74, 0x44, 0x7A, 0xA8, 0x88, 0x7A,
    0x66, 0x64, 0x46, 0x67, 0x64, 0x24, 0x44, 0x44, 0x44, 0x66, 0x64, 0x44, 0x64, 0x46, 0x44, 0x34,
    0x44, 0x46, 0x44, 0x66, 0x64, 0x74, 0x47, 0x76, 0x44, 0x77, 0x84, 0x24, 0xB8, 0xA8, 0x88, 0x7A,
    0x66, 0x66, 0x66, 0x66, 0x64, 0x64, 0x24, 0x44, 0x44, 0x44, 0x44, 0x44, 0x44, 0x66, 0x43, 0x43,
    0x44, 0x46, 0x44, 0x44, 0x66, 0x68, 0x44, 0x77, 0x44, 0x77, 0x84, 0x4B, 0x88, 0xA8, 0x88, 0x7A,
    0x66, 0x66, 0x66, 0x66, 0x66, 0x64, 0x23, 0x64, 0x44, 0x44, 0x44, 0x44, 0x44, 0xA7, 0x44, 0x44,
    0x44, 0x44, 0x44, 0x64, 0x66, 0x78, 0x74, 0x48, 0x44, 0x47, 0x44, 0xA8, 0x78, 0x88, 0x88, 0x7A,
    0x66, 0x66, 0x66, 0x66, 0x66, 0x44, 0x64, 0x64, 0x44, 0x44, 0x67, 0x77, 0x44, 0x77, 0x7B, 0xA7,
    0x44, 0x44, 0x44, 0x44, 0x66, 0x76, 0x77, 0x44, 0x64, 0x72, 0x4A, 0x88, 0xA8, 0x88, 0x88, 0x7A,
    0x66, 0x66, 0x66, 0x66, 0x66, 0x66, 0x66, 0x34, 0x46, 0x46, 0xCB, 0xDB, 0x4A, 0xAD, 0xEE, 0xEE,
    0xA7, 0x44, 0x44, 0x46, 0x66, 0x67, 0x68, 0x44, 0x44, 0x42, 0x78, 0x88, 0x88, 0x88, 0x88, 0x7A,
    0x64, 0x66, 0x66, 0x66, 0x66, 0x66, 0x66, 0x42, 0x66, 0x6E, 0xFD, 0xDD, 0xDE, 0xDE, 0xFF, 0xFF,
    0xFE, 0x84, 0x44, 0x44, 0x66, 0x66, 0x66, 0x74, 0x44, 0x24, 0x86, 0x87, 0x7A, 0xA8, 0xAA, 0x7A,
    0x66, 0x64, 0x46, 0x66, 0x66, 0x66, 0x66, 0x64, 0x66, 0xBF, 0xFD, 0xEE, 0xDE, 0xDE, 0xFF, 0xFF,
    0xFF, 0xE4, 0x44, 0x46, 0x44, 0x64, 0x66, 0x77, 0x44, 0x4A, 0x77, 0x75, 0x77, 0x6A, 0x8A, 0x7A,
    0x63, 0x23, 0x32, 0x36, 0x66, 0x66, 0x66, 0x66, 0x68, 0xFF, 0xFD, 0xED, 0xDE, 0xDE, 0xFF, 0xFF,
    0xFF, 0xF6, 0x44, 0x44, 0x44, 0x44, 0x64, 0x78, 0xA8, 0xA8, 0x86, 0x74, 0x74, 0x4A, 0xA8, 0x7A,
    0x24, 0x66, 0x66, 0x42, 0x46, 0x46, 0x66, 0x67, 0x4B, 0xFF, 0xFE, 0xDB, 0xDD, 0xDF, 0xFF, 0xFF,
    0xFF, 0xFA, 0x44, 0x46, 0x44, 0x46, 0x47, 0x48, 0x77, 0x78, 0x47, 0x66, 0x24, 0xAA, 0xA8, 0x6A,
    0x67, 0x66, 0x64, 0x66, 0x34, 0x44, 0x66, 0x66, 0x6E, 0xFF, 0xFF, 0xDD, 0xDD, 0xDF, 0xFF, 0xFF,
    0xFF, 0xFE, 0x64, 0x44, 0x74, 0x44, 0x64, 0x74, 0x87, 0x84, 0x74, 0x74, 0x27, 0xB8, 0xAA, 0x6A,
    0x66, 0x66, 0x66, 0x66, 0x43, 0x44, 0x66, 0x64, 0xAF, 0xFF, 0xFF, 0xDD, 0xDD, 0xDE, 0xFF, 0xFF,
    0xFF, 0xFF, 0x94, 0x44, 0x67, 0x44, 0x64, 0x77, 0x68, 0x46, 0x77, 0x82, 0x4B, 0xA8, 0xAA, 0x67,
    0x66, 0x66, 0x46, 0x66, 0x63, 0x44, 0x66, 0x68, 0xEF, 0xFF, 0xEE, 0xDD, 0xDD, 0xDE, 0xFF, 0xFF,
    0xFF, 0xFF, 0xE5, 0x44, 0x64, 0x44, 0x4A, 0x47, 0x46, 0x47, 0x4A, 0x24, 0x88, 0x88, 0xAA, 0x77,
    0x76, 0x66, 0x66, 0x66, 0x64, 0x44, 0x46, 0x6B, 0xEE, 0xFE, 0xDC, 0xCE, 0xEE, 0xFF, 0xFF, 0xFF,
    0xFF, 0xFF, 0xE3, 0x64, 0x44, 0x37, 0x44, 0xA4, 0xA4, 0xA4, 0xA4, 0x47, 0x38, 0x88, 0xAA, 0x77,
    0x66, 0x76, 0x66, 0x67, 0x66, 0x34, 0x66, 0x5C, 0xCF, 0xFE, 0xDB, 0x7B, 0xBE, 0xFF, 0xEE, 0xFF,
    0xFF, 0xFF, 0xF5, 0x44, 0x44, 0x47, 0x44, 0x4A, 0x4B, 0x4A, 0x42, 0xA5, 0x28, 0x88, 0xBA, 0x77,
    0x76, 0x76, 0x76, 0x66, 0x66, 0x36, 0x66, 0x9B, 0xCE, 0xFE, 0xEF, 0xEB, 0x47, 0xEF, 0xEE, 0xEF,
    0xFF, 0xFF, 0xE9, 0x34, 0x44, 0x24, 0x74, 0x47, 0x74, 0xA6, 0x24, 0xA3, 0x38, 0x88, 0xAA, 0x87,
    0x66, 0x77, 0x66, 0x66, 0x66, 0x46, 0x65, 0x99, 0xBE, 0xFE, 0xEF, 0xED, 0xDB, 0xAE, 0xFE, 0xEE,
    0xFF, 0xEE, 0xC9, 0x36, 0x64, 0x26, 0x47, 0x44, 0x7A, 0x82, 0x4A, 0x83, 0x38, 0x88, 0xAA, 0xA7,
    0x66, 0x66, 0x66, 0x66, 0x66, 0x46, 0x65, 0x99, 0x9C, 0xEE, 0xEE, 0xEE, 0xDD, 0xCB, 0xCE, 0xEE,
    0xEF, 0xEE, 0x99, 0x34, 0x64, 0x36, 0x47, 0x74, 0x48, 0x24, 0xA8, 0x83, 0x28, 0x88, 0xAA, 0xAA,
    0x66, 0x66, 0x64, 0x66, 0x64, 0x36, 0x69, 0x98, 0x59, 0xEE, 0xEE, 0xED, 0xDD, 0xDC, 0x9C, 0xFE,
    0xEE, 0xEC, 0x99, 0x33, 0x64, 0x24, 0x66, 0x77, 0x42, 0x47, 0x87, 0x83, 0x1A, 0x87, 0xAA, 0xAA,
    0x66, 0x66, 0x64, 0x66, 0x63, 0x26, 0x69, 0x95, 0x59, 0xCE, 0xEE, 0xCA, 0xAA, 0xDD, 0xA5, 0xFE,
    0xEE, 0xC9, 0x99, 0x32, 0x64, 0x23, 0x77, 0x7B, 0x44, 0x7A, 0x8A, 0xA3, 0x38, 0x87, 0x8A, 0xAA,
    0x66, 0x66, 0x64, 0x66, 0x43, 0x66, 0x79, 0x55, 0x55, 0xBE, 0xEE, 0xC5, 0x37, 0xBC, 0xC5, 0xCE,
    0xEC, 0x99, 0x55, 0x52, 0x64, 0x11, 0x11, 0x11, 0x24, 0x21, 0x11, 0x11, 0x68, 0x87, 0x8A, 0xAA,
    0x67, 0x66, 0x66, 0x76, 0x36, 0x66, 0x89, 0x53, 0x33, 0x8B, 0xC9, 0x82, 0x25, 0x88, 0xA5, 0xBE,
    0xC9, 0x95, 0x55, 0x52, 0x64, 0x11, 0x11, 0x11, 0x11, 0x11, 0x11, 0x11, 0x68, 0x87, 0x8A, 0xAA,
    0x33, 0x67, 0x76, 0x42, 0x66, 0x66, 0x99, 0x53, 0x33, 0x35, 0x53, 0x21, 0x12, 0x35, 0x82, 0x5C,
    0x88, 0x55, 0x33, 0x93, 0x54, 0x22, 0x23, 0x33, 0x33, 0x33, 0x33, 0x33, 0x78, 0x88, 0x8A, 0xAA,
    0x63, 0x33, 0x23, 0x36, 0x66, 0x66, 0x99, 0x53, 0x32, 0x33, 0x21, 0x11, 0x11, 0x12, 0x32, 0x28,
    0x33, 0x33, 0x33, 0x55, 0x56, 0x62, 0x16, 0x77, 0x78, 0x78, 0x88, 0x88, 0x88, 0x88, 0x8A, 0xAA,
    0x66, 0x66, 0x46, 0x76, 0x66, 0x76, 0x99, 0x53, 0x22, 0x22, 0x11, 0x11, 0x11, 0x11, 0x11, 0x22,
    0x22, 0x22, 0x33, 0x55, 0x54, 0x43, 0x34, 0x44, 0x67, 0x77, 0x76, 0x77, 0x77, 0x88, 0x88, 0xAA,
    0x66, 0x66, 0x66, 0x77, 0x66, 0x67, 0x99, 0x53, 0x22, 0x21, 0x11, 0x11, 0x11, 0x11, 0x11, 0x12,
    0x11, 0x22, 0x33, 0x55, 0x54, 0x44, 0x66, 0x46, 0x77, 0x76, 0x66, 0x66, 0x77, 0x78, 0xA8, 0x87,
    0x66, 0x66, 0x66, 0x76, 0x66, 0x67, 0x99, 0x53, 0x22, 0x21, 0x11, 0x11, 0x11, 0x11, 0x11, 0x11,
    0x11, 0x12, 0x23, 0x59, 0x84, 0x44, 0x34, 0x34, 0x64, 0x66, 0x66, 0x33, 0x34, 0x78, 0x77, 0x87,
    0x77, 0x66, 0x66, 0x66, 0x77, 0x66, 0x99, 0x53, 0x22, 0x11, 0x11, 0x11, 0x11, 0x11, 0x11, 0x11,
    0x11, 0x11, 0x23, 0x59, 0x84, 0x46, 0x23, 0x42, 0x44, 0x66, 0x66, 0x44, 0x66, 0x77, 0x77, 0x87,
    0x67, 0x77, 0x76, 0x67, 0x77, 0x76, 0xB9, 0x55, 0x31, 0x11, 0x11, 0x11, 0x11, 0x11, 0x11, 0x11,
    0x21, 0x11, 0x23, 0x39, 0x86, 0x76, 0x66, 0x66, 0x66, 0x66, 0x66, 0x66, 0x67, 0x77, 0x77, 0x77,
    0x33, 0x46, 0x76, 0x77, 0x66, 0x77, 0xC9, 0x55, 0x32, 0x11, 0x11, 0x11, 0x11, 0x11, 0x11, 0x11,
    0x11, 0x12, 0x23, 0x59, 0x86, 0x76, 0x64, 0x66, 0x64, 0x44, 0x46, 0x66, 0x67, 0x77, 0x77, 0x87,
    0x32, 0x36, 0x67, 0x67, 0x67, 0x77, 0xB9, 0x93, 0x32, 0x21, 0x11, 0x11, 0x11, 0x11, 0x11, 0x11,
    0x12, 0x12, 0x23, 0x59, 0x87, 0x76, 0x66, 0x66, 0x64, 0x66, 0x66, 0x66, 0x67, 0x87, 0x77, 0x87,
    0x43, 0x32, 0x67, 0x67, 0x76, 0x77, 0xC9, 0x53, 0x22, 0x21, 0x11, 0x11, 0x11, 0x11, 0x11, 0x11,
    0x11, 0x12, 0x23, 0x39, 0x97, 0x64, 0x66, 0x66, 0x66, 0x66, 0x77, 0x66, 0x67, 0x77, 0x77, 0x87,
    0x34, 0x33, 0x36, 0x66, 0x77, 0x78, 0xE9, 0x53, 0x22, 0x21, 0x11, 0x11, 0x11, 0x11, 0x11, 0x11,
    0x11, 0x22, 0x23, 0x59, 0xA6, 0x64, 0x66, 0x66, 0x66, 0x67, 0x77, 0x76, 0x77, 0x77, 0x78, 0x87,
    0x33, 0x43, 0x34, 0x66, 0x67, 0x55, 0xE9, 0x53, 0x22, 0x21, 0x11, 0x11, 0x11, 0x11, 0x11, 0x11,
    0x11, 0x32, 0x22, 0x59, 0x93, 0x66, 0x66, 0x78, 0x77, 0x67, 0x77, 0x77, 0x77, 0x77, 0x77, 0x87,
    0x76, 0x34, 0x33, 0x66, 0x76, 0x53, 0xE9, 0x93, 0x32, 0x11, 0x11, 0x11, 0x11, 0x11, 0x11, 0x11,
    0x11, 0x22, 0x22, 0x3C, 0x53, 0x64, 0x67, 0x77, 0x77, 0x77, 0x77, 0x77, 0x77, 0x77, 0x77, 0x87,
    0x77, 0x34, 0x33, 0x67, 0x77, 0x95, 0x99, 0x55, 0x32, 0x11, 0x11, 0x11, 0x11, 0x11, 0x11, 0x11,
    0x11, 0x23, 0x33, 0x39, 0x39, 0x76, 0x67, 0x77, 0x78, 0x77, 0x77, 0x77, 0x77, 0x77, 0x77, 0x87,
    0x77, 0x63, 0x33, 0x67, 0x77, 0xB5, 0x99, 0x59, 0x53, 0x21, 0x11, 0x11, 0x11, 0x11, 0x11, 0x11,
    0x13, 0xB5, 0x59, 0x39, 0x39, 0x87, 0x67, 0x78, 0xAA, 0x87, 0x77, 0x77, 0x77, 0x77, 0x77, 0x87,
    0x77, 0x63, 0x33, 0x47, 0x77, 0x99, 0x59, 0x5C, 0xCC, 0xC8, 0x31, 0x11, 0x11, 0x11, 0x11, 0x12,
    0x89, 0x32, 0x39, 0x59, 0x39, 0x87, 0x77, 0x7A, 0x88, 0xA8, 0x88, 0x87, 0x77, 0x77, 0x77, 0x87,
    0x67, 0x75, 0x53, 0x37, 0x76, 0x99, 0x99, 0x59, 0xCC, 0x99, 0xEC, 0x32, 0x22, 0x22, 0x22, 0x5C,
    0xC3, 0x25, 0x95, 0x99, 0x99, 0x87, 0x77, 0x88, 0x77, 0x88, 0x87, 0x88, 0x87, 0x77, 0x77, 0x87,
    0x67, 0x75, 0x53, 0x37, 0x76, 0x9E, 0x99, 0x55, 0x9C, 0x53, 0x89, 0xC9, 0x55, 0x33, 0x39, 0xB8,
    0x93, 0x9C, 0x93, 0x59, 0x9C, 0xAA, 0x77, 0x77, 0x23, 0x88, 0x87, 0x78, 0x78, 0x77, 0x78, 0x87,
    0x77, 0x63, 0x55, 0x63, 0x77, 0x8C, 0xC9, 0x33, 0x39, 0x92, 0x32, 0x39, 0xE5, 0x39, 0x99, 0x32,
    0x32, 0x99, 0x32, 0x39, 0xE9, 0x8A, 0xA8, 0x76, 0x12, 0x77, 0x88, 0x78, 0x88, 0x88, 0x78, 0x87,
    0x88, 0x65, 0x53, 0x66, 0x77, 0x89, 0x99, 0x32, 0x23, 0x35, 0x55, 0x33, 0x31, 0x13, 0x53, 0x33,
    0x35, 0x93, 0x11, 0x39, 0x99, 0x87, 0x88, 0x87, 0x35, 0x88, 0x78, 0x87, 0x88, 0x88, 0x88, 0x87,
    0xA8, 0x55, 0x53, 0x67, 0x76, 0x89, 0x9C, 0x32, 0x11, 0x23, 0x32, 0x11, 0x21, 0x11, 0x22, 0x22,
    0x33, 0x31, 0x12, 0x39, 0x99, 0x88, 0xA8, 0x88, 0xAA, 0x88, 0x88, 0x88, 0x8A, 0x88, 0x88, 0x87,
    0x85, 0x55, 0x53, 0x77, 0x76, 0x39, 0x5E, 0x32, 0x11, 0x11, 0x11, 0x13, 0x31, 0x12, 0x11, 0x21,
    0x11, 0x21, 0x12, 0x59, 0x59, 0x88, 0x88, 0x8A, 0xAA, 0x88, 0x88, 0x88, 0x88, 0x88, 0x88, 0x87,
    0x55, 0x55, 0x58, 0x87, 0x87, 0x73, 0x5E, 0x52, 0x11, 0x11, 0x11, 0x23, 0x21, 0x12, 0x11, 0x11,
    0x11, 0x12, 0x12, 0x59, 0x38, 0x88, 0x88, 0xAA, 0xAA, 0xA8, 0x88, 0x88, 0x88, 0xA8, 0x88, 0x87,
    0x55, 0x53, 0x38, 0x88, 0x87, 0x73, 0x39, 0x93, 0x21, 0x11, 0x11, 0x22, 0x21, 0x11, 0x11, 0x11,
    0x11, 0x12, 0x22, 0x99, 0x27, 0x77, 0x88, 0x88, 0x88, 0x88, 0x88, 0x8A, 0x8A, 0x88, 0x88, 0xA7,
    0x55, 0x53, 0x88, 0x88, 0x77, 0x75, 0x25, 0x93, 0x32, 0x11, 0x11, 0x22, 0x31, 0x11, 0x11, 0x11,
    0x11, 0x12, 0x22, 0x93, 0x37, 0x88, 0x88, 0x8A, 0xAA, 0xAA, 0xAA, 0x88, 0xAA, 0xA8, 0x8A, 0xA7,
    0x33, 0x57, 0x8A, 0xA8, 0x77, 0x87, 0x99, 0x95, 0x32, 0x11, 0x11, 0x13, 0x31, 0x11, 0x22, 0x11,
    0x11, 0x12, 0x23, 0x99, 0x87, 0x88, 0x88, 0x88, 0xAA, 0xAA, 0xA8, 0x8A, 0x8A, 0xAA, 0xAA, 0xA7,
    0x55, 0x88, 0x8A, 0x88, 0x77, 0x6B, 0xEF, 0x99, 0x32, 0x11, 0x11, 0x23, 0x31, 0x11, 0x22, 0x11,
    0x11, 0x12, 0x23, 0x9E, 0x88, 0x78, 0x88, 0x88, 0xAA, 0xAA, 0xA8, 0xAA, 0x8A, 0xAA, 0xAA, 0x74,
    0x8A, 0xA8, 0x88, 0x88, 0x87, 0x8D, 0xDF, 0xE9, 0x32, 0x22, 0x11, 0x32, 0x21, 0x11, 0x23, 0x11,
    0x11, 0x12, 0x23, 0xEF, 0xA8, 0x88, 0x88, 0x8A, 0xAA, 0xAA, 0xA8, 0xAA, 0xAA, 0xAA, 0x75, 0xA7,
    0x88, 0x88, 0x88, 0x88, 0x87, 0x8C, 0xDF, 0xF9, 0x32, 0x22, 0x12, 0x35, 0x21, 0x11, 0x33, 0x21,
    0x12, 0x22, 0x25, 0xFF, 0xB8, 0x88, 0x88, 0x88, 0xA8, 0xAA, 0xA8, 0x8A, 0xAA, 0x8A, 0x8A, 0xA7,
    0x88, 0x8A, 0x88, 0x88, 0x88, 0x7B, 0xBD, 0xF9, 0x53, 0x22, 0x12, 0x39, 0x31, 0x12, 0x93, 0x32,
    0x12, 0x22, 0x29, 0xEF, 0xBA, 0x88, 0x88, 0x77, 0x88, 0x8A, 0xAA, 0xAA, 0xA8, 0x38, 0xBA, 0xA7,
    0x88, 0xAA, 0x88, 0x88, 0x88, 0x7A, 0xDB, 0xEC, 0x53, 0x32, 0x22, 0x39, 0xC2, 0x29, 0x93, 0x32,
    0x23, 0x22, 0x3E, 0xDF, 0xA8, 0x87, 0x77, 0x77, 0x78, 0x8A, 0xAA, 0xAA, 0x58, 0x8A, 0xA9, 0xA7,
    0x8A, 0xA8, 0xA8, 0xAA, 0x88, 0x88, 0xEB, 0xDE, 0x55, 0x32, 0x22, 0x5F, 0xFF, 0xFF, 0xE9, 0x22,
    0x25, 0x32, 0x5E, 0xDE, 0x75, 0x77, 0x77, 0x77, 0x77, 0x7A, 0xAA, 0xA5, 0x5A, 0xAA, 0xAB, 0xA7,
    0xA8, 0x88, 0xA8, 0x88, 0x88, 0x88, 0xCD, 0xDE, 0x99, 0x53, 0x59, 0xEF, 0xFF, 0xFF, 0xFE, 0x53,
    0x59, 0x32, 0x9E, 0xEC, 0x85, 0x57, 0x67, 0x76, 0x32, 0x58, 0x83, 0x8A, 0xAA, 0xAA, 0xAB, 0xA7,
    0x8A, 0xA8, 0x88, 0xA8, 0x88, 0xA8, 0xBD, 0xDF, 0x99, 0xFE, 0xEF, 0xEF, 0xE9, 0x9C, 0xCE, 0xFF,
    0xFE, 0x33, 0xFD, 0xEB, 0x8A, 0x87, 0x36, 0x83, 0x11, 0x38, 0x55, 0xAA, 0xAA, 0xAA, 0xAB, 0xA7,
    0xAA, 0xAA, 0xAA, 0xAA, 0xAA, 0x88, 0xAF, 0xDF, 0xE5, 0x9E, 0xEF, 0xEC, 0xC5, 0x59, 0x9C, 0xEC,
    0x95, 0x29, 0xFB, 0xEB, 0x77, 0x88, 0x88, 0x82, 0x22, 0x28, 0x8A, 0xAA, 0xAA, 0xAA, 0xAB, 0xA7,
    0x8A, 0xAA, 0x8A, 0xAA, 0xAA, 0xA8, 0xCF, 0xDE, 0xF9, 0x59, 0x99, 0x53, 0x59, 0x55, 0x35, 0x99,
    0x53, 0x3E, 0xEB, 0xEB, 0x78, 0x88, 0x88, 0x85, 0x11, 0x38, 0xA9, 0xAA, 0xAA, 0xAA, 0xAB, 0xA7,
    0xAA, 0xA8, 0x88, 0xAA, 0xA8, 0xAC, 0xFF, 0xED, 0xFE, 0x59, 0x93, 0x33, 0x33, 0x33, 0x33, 0x5C,
    0x93, 0x9F, 0xDD, 0xFC, 0xB8, 0x78, 0x88, 0xA8, 0x55, 0x5A, 0xBB, 0xAA, 0xAA, 0xAB, 0xBB, 0xA6,
    0xAA, 0xA8, 0x88, 0x88, 0xA8, 0xCE, 0xEF, 0xFB, 0xEF, 0x99, 0x93, 0x23, 0x99, 0x99, 0x32, 0x9E,
    0x53, 0xEF, 0xDD, 0xEF, 0xEB, 0xA8, 0x8A, 0xAA, 0x88, 0x9A, 0x9B, 0xAA, 0xAA, 0xBB, 0xBC, 0xA7,
    0xAA, 0x88, 0x88, 0x88, 0xAC, 0xFE, 0xEF, 0xFD, 0xDE, 0xE9, 0xE3, 0x23, 0xCF, 0xEE, 0x32, 0x9F,
    0x59, 0xFE, 0xDE, 0xEF, 0x9C, 0xDA, 0xAA, 0xAA, 0xBB, 0xBB, 0xAA, 0xAA, 0xAB, 0xBB, 0xBC, 0xA7,
    0xAA, 0xA8, 0x88, 0xBC, 0xFF, 0xFE, 0xEE, 0xFE, 0xDE, 0xFC, 0xE9, 0x39, 0xEF, 0xFE, 0x35, 0xEE,
    0x9F, 0xED, 0xDE, 0xEC, 0xAD, 0xDD, 0xBA, 0xAA, 0x9A, 0xAA, 0xAA, 0xAB, 0x9B, 0xBB, 0xBC, 0xA7,
    0xAA, 0xAA, 0xBD, 0xDD, 0xEF, 0xFE, 0xEE, 0xFF, 0xDD, 0xEF, 0xFC, 0x9C, 0xEF, 0xEC, 0x9E, 0xFE,
    0xEF, 0xDD, 0xDE, 0xE9, 0xBD, 0xDD, 0xDC, 0xB9, 0xAA, 0xAA, 0xAA, 0xAA, 0xAA, 0xBB, 0xBC, 0xA7,
    0xAB, 0xCC, 0xDD, 0xDD, 0xDE, 0xFE, 0xEE, 0xEF, 0xDD, 0xEF, 0xFE, 0xFE, 0xCE, 0xCC, 0xEF, 0xFE,
    0xFF, 0xDD, 0xEE, 0xCA, 0xDB, 0xBB, 0xDD, 0xCB, 0xAA, 0xAB, 0xBB, 0xBB, 0xB9, 0xBC, 0xBB, 0x7A,
    0xCD, 0xDD, 0xBD, 0xDD, 0xDD, 0xFE, 0xEE, 0xEF, 0xFB, 0xEE, 0xFF, 0xFF, 0xEE, 0xEE, 0xFF, 0xFF,
    0xFE, 0xDD, 0xEF, 0x9C, 0xDB, 0xBB, 0xDD, 0xDD, 0xBB, 0x9A, 0xBB, 0xBB, 0xBB, 0xBC, 0xCA, 0x7A,
    0xBD, 0xBB, 0xDD, 0xDD, 0xDD, 0xDE, 0xEE, 0xEF, 0xFD, 0xDE, 0xFF, 0xFF, 0xFF, 0xFF, 0xFF, 0xFF,
    0xFD, 0xBD, 0xFE, 0xBD, 0xDB, 0xBB, 0xBB, 0xDD, 0xDC, 0xBA, 0xAB, 0xBB, 0xAA, 0xBB, 0xCA, 0x7B,
    0xAD, 0xDD, 0xDD, 0xDD, 0xDD, 0xDE, 0xDE, 0xEF, 0xFE, 0xBE, 0xFF, 0xFF, 0xFF, 0xFF, 0xFF, 0xFF,
    0xED, 0xBE, 0xFC, 0xDD, 0xBB, 0xBB, 0xBB, 0xBB, 0xDD, 0xDC, 0xBA, 0xAB, 0xBA, 0x9C, 0xBA, 0x7A,
    0xBD, 0xDD, 0xDD, 0xDD, 0xDE, 0xDE, 0xEE, 0xEE, 0xFF, 0xDD, 0xFF, 0xFF, 0xFF, 0xFF, 0xFF, 0xFF,
    0xDD, 0xBF, 0xEC, 0xCD, 0xDB, 0xBB, 0xBB, 0xBB, 0xDD, 0xDD, 0xDB, 0xBB, 0xBB, 0xBB, 0xCA, 0x7B,
    0xBD, 0xDD, 0xDE, 0xDD, 0xDD, 0xEE, 0xEE, 0xEE, 0xFF, 0xEB, 0xDE, 0xFF, 0xFF, 0xFF, 0xFF, 0xFD,
    0xCB, 0xDF, 0xCC, 0x8B, 0xBB, 0xDB, 0xBB, 0xBB, 0xDB, 0xBD, 0xDD, 0xCB, 0xBB, 0xBB, 0xCA, 0x7B,
    0xBD, 0xDD, 0xDD, 0xED, 0xED, 0xDE, 0xEE, 0xEE, 0xEF, 0xFE, 0xEE, 0xFF, 0xFF, 0xFF, 0xFF, 0xFF,
    0xFF, 0xFF, 0xCC, 0xCE, 0xBB, 0xDD, 0xDB, 0xBD, 0xBB, 0xBB, 0xBD, 0xDD, 0xCB, 0xBC, 0xCB, 0x7B,
    0xAD, 0xDD, 0xDD, 0xDD, 0xDE, 0xDE, 0xEE, 0xDD, 0xEF, 0xFF, 0xFF, 0xFF, 0xEF, 0xFF, 0xFF, 0xFC,
    0xCE, 0xFE, 0xDE, 0x33, 0xC5, 0xDD, 0xDD, 0xBD, 0xBB, 0xBB, 0xBB, 0xBD, 0xDB, 0xCC, 0xBC, 0xAA,
    0xAD, 0xDD, 0xDD, 0xDD, 0xDD, 0xDD, 0xEE, 0xDD, 0xEE, 0xFF, 0xFF, 0xFF, 0xEC, 0xEE, 0xEE, 0x99,
    0x59, 0xEE, 0xEB, 0x33, 0x9E, 0xDD, 0xDD, 0xDD, 0xBB, 0xDD, 0xBB, 0xBB, 0xDD, 0xDC, 0xCC, 0xB7,
    0xBD, 0xDD, 0xDD, 0xDD, 0xDD, 0xDD, 0xDE, 0xED, 0xDE, 0xFF, 0xFF, 0xFF, 0xFE, 0xBC, 0xE9, 0x9E,
    0x93, 0x25, 0xF5, 0x39, 0xCE, 0xDD, 0xDD, 0xDB, 0xBD, 0xDD, 0xDD, 0xBB, 0xBD, 0xDD, 0xCC, 0xC7,
    0xDD, 0xDD, 0xDD, 0xDD, 0xDD, 0xDD, 0xDE, 0xED, 0xDE, 0xFF, 0xFF, 0xFF, 0xED, 0xDD, 0x55, 0xDE,
    0xEC, 0x31, 0x25, 0x59, 0xED, 0xDD, 0xDD, 0xDD, 0xBD, 0xDD, 0xDD, 0xDB, 0xBB, 0xBD, 0xDB, 0x9A,
    0xDD, 0xDD, 0xDD, 0xDD, 0xDD, 0xDD, 0xDD, 0xEE, 0xDD, 0xEF, 0xFF, 0xFF, 0xFD, 0xD9, 0x2B, 0xED,
    0xED, 0xD5, 0x22, 0x59, 0xED, 0xDD, 0xDB, 0xAB, 0xDD, 0xDD, 0xDD, 0xDD, 0xBB, 0xBB, 0xB9, 0x9A,
    0xDD, 0xDD, 0xDD, 0xDD, 0xDD, 0xDD, 0xDD, 0xDE, 0xED, 0xEF, 0xFF, 0xFF, 0xEE, 0xE2, 0x5D, 0xDD,
    0xCB, 0xCE, 0xC3, 0x15, 0xFE, 0xDD, 0xEB, 0xCD, 0x5C, 0xDD, 0xDD, 0xDD, 0xBB, 0xBB, 0x99, 0xFA,
    0xDD, 0xDD, 0xDD, 0xDD, 0xDD, 0xDD, 0xDD, 0xDD, 0xEE, 0xDE, 0xFF, 0xFF, 0xFF, 0x31, 0xBD, 0xC9,
    0x53, 0x39, 0xDB, 0x52, 0x3E, 0xFD, 0xEC, 0x39, 0x5D, 0xDD, 0xDD, 0xDD, 0xDB, 0xBB, 0x5C, 0xFA,
    0xDD, 0xDD, 0xDD, 0xDD, 0xDD, 0xDD, 0xDD, 0xDD, 0xDE, 0xDE, 0xFF, 0xFF, 0xF9, 0x15, 0xDD, 0xB9,
    0x99, 0x55, 0xAD, 0xDA, 0x32, 0x9F, 0xF5, 0x29, 0xED, 0xDD, 0xDD, 0xDD, 0xDB, 0xB7, 0x5F, 0xFA,
    0xDD, 0xDD, 0xDD, 0xDD, 0xDD, 0xDD, 0xDD, 0xDD, 0xDD, 0xDD, 0xEE, 0xFF, 0xE2, 0x2D, 0xDD, 0x95,
    0x8E, 0x92, 0x5D, 0xCD, 0xB3, 0x25, 0xE1, 0x39, 0xDD, 0xDD, 0xDD, 0xDD, 0xDB, 0xD3, 0x9E, 0xEA,
    0xDD, 0xDD, 0xDD, 0xDD, 0xDD, 0xDD, 0xDD, 0xDD, 0xDD, 0xDD, 0xEE, 0xFF, 0x52, 0xAD, 0xDD, 0x51,
    0x29, 0xB1, 0x3D, 0xDD, 0xDB, 0x52, 0x33, 0x59, 0xDD, 0xDD, 0xDD, 0xDD, 0xDD, 0xB3, 0xCD, 0xEA,
    0xED, 0xED, 0xDD, 0xDD, 0xDD, 0xDD, 0xDD, 0xDD, 0xDD, 0xDD, 0xDE, 0xF9, 0x25, 0xDD, 0xDE, 0x93,
    0x3B, 0xC3, 0x29, 0xCD, 0xDD, 0xDA, 0x32, 0x9E, 0xDD, 0xDD, 0xDD, 0xDD, 0xDD, 0x83, 0xED, 0xD7,
    0xEE, 0xDD, 0xDD, 0xDD, 0xDD, 0xDD, 0xDD, 0xDD, 0xDD, 0xDD, 0xDE, 0xE3, 0x3B, 0xDD, 0xD9, 0x3C,
    0x9E, 0x99, 0x89, 0xCC, 0x5E, 0xDD, 0xB3, 0x25, 0xDD, 0xDD, 0xDD, 0xDD, 0xCD, 0x53, 0xFD, 0xD7,
    0xEE, 0xDD, 0xDD, 0xDD, 0xDD, 0xDD, 0xDD, 0xDD, 0xDD, 0xDD, 0xDE, 0x93, 0x5D, 0xDD, 0xD5, 0x8C,
    0x59, 0x9D, 0xEE, 0x93, 0x9E, 0xDC, 0xDB, 0x52, 0x3C, 0xDD, 0xDD, 0xDD, 0xDD, 0x39, 0xEE, 0xD6,
    0xDE, 0xED, 0xDD, 0xDD, 0xDD, 0xDD, 0xDD, 0xDD, 0xDD, 0xDD, 0xEE, 0x55, 0xDD, 0xDD, 0x95, 0xCD,
    0x59, 0xEE, 0xC9, 0x53, 0xBE, 0xDD, 0xDD, 0xD9, 0x21, 0x9D, 0xDD, 0xDD, 0xDB, 0x3E, 0xEE, 0xD4,
    0xDD, 0xEE, 0xDD, 0xDD, 0xDD, 0xDD, 0xDD, 0xDD, 0xDD, 0xDD, 0xE9, 0x5B, 0xDD, 0xDB, 0x39, 0xBC,
    0x93, 0x9E, 0xEC, 0xE5, 0x9E, 0xCC, 0x9B, 0xDD, 0xC3, 0x29, 0xDD, 0xDD, 0xDA, 0x3F, 0xEE, 0xD7,
    0xDD, 0xEE, 0xDD, 0xDD, 0xDD, 0xDD, 0xDD, 0xDD, 0xDD, 0xDE, 0xC3, 0x8D, 0xDD, 0xDB, 0x5C, 0x9D,
    0xD5, 0x59, 0xED, 0xD9, 0xBC, 0x95, 0x52, 0x9D, 0xDD, 0x95, 0xCD, 0xDD, 0xD5, 0x5F, 0xEC, 0xD7,
};

static const uint8_t coup_animdata_captain_f01[3072] = {
    0x7B, 0xAA, 0x77, 0x77, 0x76, 0x46, 0x77, 0x77, 0x77, 0x64, 0x44, 0x44, 0x44, 0x44, 0x44, 0x44,
    0x44, 0x44, 0x44, 0x44, 0x44, 0x44, 0x44, 0x7A, 0x8A, 0xAA, 0xAA, 0xAA, 0xAA, 0xAA, 0x77, 0xAB,
    0xA6, 0x46, 0x66, 0x66, 0x64, 0x46, 0x77, 0x77, 0x77, 0x77, 0x44, 0x44, 0x44, 0x44, 0x44, 0x44,
    0x44, 0x44, 0x44, 0x77, 0x66, 0x67, 0x77, 0x78, 0x88, 0xAA, 0xAA, 0xAA, 0xAA, 0x77, 0x77, 0x7A,
    0x74, 0x66, 0x66, 0x66, 0x66, 0x66, 0x66, 0x66, 0x66, 0x66, 0x66, 0x66, 0x66, 0x66, 0x66, 0x66,
    0x66, 0x67, 0x78, 0x87, 0x66, 0x67, 0x77, 0x77, 0x88, 0xAA, 0xAA, 0xAA, 0xAA, 0xA7, 0x74, 0x7A,
    0x47, 0x66, 0x66, 0x66, 0x66, 0x46, 0x66, 0x66, 0x66, 0x44, 0x44, 0x44, 0x66, 0x66, 0x44, 0x44,
    0x44, 0x66, 0x77, 0x77, 0x66, 0x77, 0x77, 0x77, 0x8A, 0xAA, 0xAA, 0xAA, 0xAA, 0xAA, 0x77, 0x47,
    0x67, 0x66, 0x66, 0x66, 0x66, 0x44, 0x66, 0x66, 0x64, 0x44, 0x44, 0x44, 0x66, 0x66, 0x44, 0x44,
    0x44, 0x46, 0x76, 0x77, 0x76, 0x77, 0x77, 0x77, 0xA6, 0x8A, 0xAA, 0xAA, 0xAA, 0xAA, 0x77, 0x74,
    0x77, 0x76, 0x66, 0x66, 0x66, 0x44, 0x44, 0x44, 0x44, 0x44, 0x44, 0x44, 0x46, 0x66, 0x44, 0x44,
    0x46, 0x67, 0x66, 0x76, 0x77, 0x67, 0x77, 0x78, 0xA2, 0x4A, 0xAA, 0xAA, 0xAA, 0xAA, 0xA7, 0x77,
    0x77, 0x66, 0x66, 0x66, 0x64, 0x44, 0x46, 0x64, 0x44, 0x22, 0x44, 0x42, 0x44, 0x22, 0x22, 0x23,
    0x67, 0x64, 0x67, 0x76, 0x66, 0x76, 0x66, 0x6A, 0x44, 0x48, 0x8A, 0xAA, 0xAA, 0xAA, 0xA8, 0x7A,
    0x76, 0x66, 0x66, 0x66, 0x64, 0x44, 0x46, 0x44, 0x44, 0x23, 0x44, 0x44, 0x44, 0x33, 0x34, 0x44,
    0x46, 0x77, 0x67, 0x87, 0x64, 0x66, 0x66, 0x77, 0x44, 0x44, 0xAA, 0xAA, 0xAA, 0xA8, 0xA8, 0x77,
    0x66, 0x43, 0x66, 0x44, 0x66, 0x44, 0x44, 0x44, 0x44, 0x44, 0x44, 0x46, 0x44, 0x46, 0x64, 0x44,
    0x44, 0x44, 0x67, 0x78, 0x64, 0x66, 0x66, 0x76, 0x44, 0x44, 0x8A, 0xAA, 0xAA, 0x8A, 0x8A, 0x78,
    0x46, 0x44, 0x64, 0x24, 0x44, 0x44, 0x44, 0x44, 0x44, 0x44, 0x44, 0x43, 0x44, 0x33, 0x44, 0x33,
    0x44, 0x64, 0x66, 0x78, 0x64, 0x44, 0x66, 0x7A, 0xA4, 0x4A, 0x88, 0xA8, 0x78, 0xAA, 0x8A, 0x88,
    0x66, 0x66, 0x66, 0x66, 0x42, 0x44, 0x44, 0x44, 0x44, 0x66, 0x64, 0x44, 0x44, 0x44, 0x44, 0x44,
    0x44, 0x66, 0x44, 0x66, 0x66, 0x64, 0x24, 0x77, 0x74, 0x48, 0x76, 0x42, 0x4A, 0xAA, 0x88, 0x88,
    0x66, 0x64, 0x66, 0x66, 0x64, 0x34, 0x44, 0x44, 0x44, 0x66, 0x64, 0x44, 0x64, 0x46, 0x43, 0x34,
    0x44, 0x46, 0x44, 0x46, 0x66, 0x67, 0x44, 0x86, 0x64, 0x48, 0x7A, 0x44, 0xBA, 0x8A, 0x88, 0x88,
    0x76, 0x66, 0x66, 0x66, 0x46, 0x63, 0x24, 0x44, 0x44, 0x44, 0x44, 0x64, 0x44, 0x66, 0x43, 0x43,
    0x44, 0x44, 0x44, 0x44, 0x66, 0x68, 0x42, 0x48, 0x64, 0x47, 0x84, 0x4A, 0x87, 0x8A, 0x8A, 0x78,
    0x66, 0x66, 0x66, 0x66, 0x66, 0x44, 0x34, 0x64, 0x44, 0x44, 0x46, 0x44, 0x44, 0xA6, 0x46, 0x44,
    0x44, 0x44, 0x44, 0x64, 0x66, 0x77, 0x84, 0x47, 0x64, 0x45, 0x44, 0xA8, 0x78, 0x88, 0x88, 0x77,
    0x66, 0x66, 0x66, 0x66, 0x66, 0x46, 0x66, 0x64, 0x44, 0x44, 0x7A, 0xAA, 0x44, 0x77, 0xBB, 0xC8,
    0x44, 0x44, 0x44, 0x44, 0x66, 0x76, 0x6A, 0x44, 0x74, 0x44, 0x27, 0xA8, 0x88, 0x88, 0x88, 0x77,
    0x66, 0x66, 0x66, 0x66, 0x66, 0x66, 0x66, 0x24, 0x66, 0x4A, 0xEC, 0xDA, 0x7B, 0xBD, 0xFE, 0xEF,
    0xB8, 0x44, 0x44, 0x46, 0x66, 0x66, 0x67, 0x74, 0x44, 0x42, 0x48, 0x78, 0x88, 0x88, 0x8A, 0x87,
    0x66, 0x66, 0x66, 0x66, 0x66, 0x66, 0x66, 0x33, 0x66, 0x8F, 0xFD, 0xDD, 0xDE, 0xDE, 0xFF, 0xFF,
    0xFF, 0xA4, 0x44, 0x44, 0x66, 0x66, 0x66, 0x74, 0x44, 0x44, 0x86, 0x87, 0x78, 0xAA, 0x8A, 0x87,
    0x76, 0x44, 0x46, 0x66, 0x66, 0x66, 0x66, 0x66, 0x67, 0xEF, 0xFD, 0xEE, 0xDE, 0xDE, 0xFF, 0xFF,
    0xFF, 0xE4, 0x44, 0x46, 0x44, 0x64, 0x64, 0x78, 0x77, 0x7A, 0x87, 0x65, 0x4A, 0x48, 0xAA, 0x87,
    0x42, 0x33, 0x32, 0x36, 0x66, 0x66, 0x66, 0x66, 0x6B, 0xFF, 0xFD, 0xED, 0xDD, 0xDF, 0xFF, 0xFF,
    0xFF, 0xF7, 0x44, 0x46, 0x44, 0x44, 0x64, 0x68, 0x88, 0x88, 0xA6, 0x74, 0x64, 0x27, 0xA8, 0x77,
    0x36, 0x66, 0x66, 0x32, 0x64, 0x46, 0x66, 0x66, 0x4E, 0xFF, 0xFE, 0xDB, 0xDD, 0xDF, 0xFF, 0xFF,
    0xFF, 0xFB, 0x44, 0x46, 0x74, 0x44, 0x47, 0x47, 0x77, 0x78, 0x66, 0x66, 0x32, 0x4B, 0xAA, 0x77,
    0x76, 0x66, 0x44, 0x64, 0x36, 0x46, 0x66, 0x66, 0x8F, 0xFF, 0xFE, 0xDD, 0xDD, 0xEE, 0xFF, 0xFF,
    0xFF, 0xFF, 0x64, 0x44, 0x67, 0x44, 0x74, 0x74, 0x77, 0x76, 0x47, 0x48, 0x24, 0xB8, 0x8A, 0x77,
    0x66, 0x66, 0x46, 0x66, 0x34, 0x44, 0x66, 0x66, 0xCF, 0xFF, 0xFE, 0xDD, 0xDD, 0xDE, 0xFF, 0xFF,
    0xFF, 0xFF, 0x94, 0x44, 0x47, 0x44, 0x47, 0x47, 0x48, 0x74, 0x84, 0xA2, 0x4A, 0xB8, 0xAA, 0x76,
    0x66, 0x66, 0x66, 0x66, 0x62, 0x44, 0x66, 0x69, 0xEF, 0xFF, 0xEE, 0xDD, 0xDD, 0xDE, 0xFF, 0xFF,
    0xFF, 0xFF, 0xE5, 0x44, 0x64, 0x34, 0x27, 0x77, 0x74, 0x47, 0x4A, 0x44, 0x78, 0xA8, 0xAA, 0x87,
    0x66, 0x66, 0x66, 0x66, 0x63, 0x44, 0x46, 0x7E, 0xEE, 0xFE, 0xDB, 0xCE, 0xEE, 0xFF, 0xFF, 0xFF,
    0xFF, 0xFF, 0xF5, 0x44, 0x44, 0x37, 0x44, 0xA4, 0x74, 0x74, 0xA4, 0x27, 0x36, 0xA8, 0xAA, 0x87,
    0x67, 0x66, 0x66, 0x76, 0x64, 0x46, 0x66, 0x9C, 0xEF, 0xFE, 0xDB, 0x7B, 0xBE, 0xFF, 0xEE, 0xFF,
    0xFF, 0xFF, 0xF5, 0x34, 0x44, 0x47, 0x74, 0x4A, 0x4A, 0x77, 0x72, 0x4A, 0x26, 0xA7, 0xAB, 0x87,
    0x67, 0x77, 0x66, 0x76, 0x64, 0x46, 0x65, 0x99, 0xCF, 0xFE, 0xFF, 0xEA, 0x47, 0xEF, 0xEE, 0xEF,
    0xFF, 0xFF, 0xE9, 0x34, 0x44, 0x24, 0x74, 0x44, 0xA4, 0x7A, 0x24, 0xB7, 0x27, 0xA8, 0xAA, 0xA8,
    0x67, 0x77, 0x66, 0x66, 0x64, 0x47, 0x65, 0x99, 0xCE, 0xFE, 0xFE, 0xED, 0xDB, 0xAE, 0xFE, 0xEE,
    0xFF, 0xFE, 0xC9, 0x36, 0x64, 0x26, 0x47, 0x42, 0x4A, 0xA4, 0x4A, 0x86, 0x37, 0x87, 0xAA, 0xA8,
    0x66, 0x66, 0x66, 0x66, 0x64, 0x47, 0x69, 0x99, 0x9E, 0xFE, 0xEE, 0xEE, 0xDD, 0xBB, 0xCE, 0xEE,
    0xEF, 0xEE, 0x99, 0x33, 0x64, 0x26, 0x47, 0x84, 0x27, 0x42, 0x78, 0x77, 0x26, 0x88, 0xAA, 0xA8,
    0x66, 0x66, 0x64, 0x66, 0x63, 0x46, 0x69, 0x98, 0x8B, 0xEE, 0xEE, 0xED, 0xDD, 0xDC, 0x9C, 0xFE,
    0xEE, 0xEC, 0x99, 0x32, 0x64, 0x23, 0x46, 0x67, 0x44, 0x24, 0xA6, 0x77, 0x14, 0xA7, 0x8A, 0xA8,
    0x66, 0x66, 0x64, 0x66, 0x62, 0x36, 0x79, 0x85, 0x59, 0xEE, 0xEE, 0xBA, 0xAA, 0xDD, 0xA8, 0xFE,
    0xEE, 0xCC, 0x99, 0x52, 0x64, 0x22, 0x77, 0x7A, 0xA4, 0x4B, 0x88, 0xA7, 0x27, 0x87, 0x88, 0xAA,
    0x66, 0x66, 0x44, 0x66, 0x34, 0x66, 0x89, 0x55, 0x58, 0xCE, 0xEE, 0xB3, 0x37, 0xBC, 0xB5, 0xCE,
    0xEC, 0x99, 0x55, 0x52, 0x64, 0x11, 0x11, 0x12, 0x24, 0x42, 0x22, 0x21, 0x28, 0x87, 0x78, 0xA8,
    0x77, 0x66, 0x66, 0x74, 0x36, 0x66, 0x99, 0x53, 0x35, 0x9C, 0xB9, 0x82, 0x25, 0x88, 0xA5, 0xBE,
    0xC9, 0x95, 0x55, 0x53, 0x44, 0x11, 0x11, 0x11, 0x11, 0x11, 0x11, 0x11, 0x28, 0x77, 0x78, 0xAA,
    0x36, 0x77, 0x76, 0x33, 0x66, 0x67, 0x99, 0x53, 0x33, 0x55, 0x53, 0x21, 0x12, 0x35, 0x82, 0x5C,
    0x98, 0x55, 0x33, 0x93, 0x54, 0x22, 0x22, 0x33, 0x22, 0x22, 0x23, 0x32, 0x48, 0x88, 0x78, 0xAA,
    0x43, 0x33, 0x33, 0x46, 0x66, 0x67, 0x98, 0x53, 0x32, 0x32, 0x11, 0x11, 0x11, 0x22, 0x32, 0x28,
    0x33, 0x53, 0x33, 0x55, 0x56, 0x72, 0x14, 0x87, 0x78, 0x88, 0x88, 0x88, 0x88, 0x88, 0x88, 0xAA,
    0x66, 0x64, 0x46, 0x76, 0x66, 0x67, 0x95, 0x53, 0x22, 0x22, 0x11, 0x11, 0x11, 0x11, 0x11, 0x22,
    0x22, 0x32, 0x33, 0x55, 0x54, 0x43, 0x23, 0x64, 0x66, 0x76, 0x77, 0x77, 0x77, 0x88, 0x88, 0x8A,
    0x66, 0x66, 0x66, 0x76, 0x66, 0x68, 0x95, 0x53, 0x22, 0x21, 0x11, 0x11, 0x11, 0x11, 0x11, 0x12,
    0x11, 0x22, 0x33, 0x55, 0x54, 0x44, 0x46, 0x46, 0x67, 0x77, 0x66, 0x67, 0x77, 0x77, 0xA8, 0x88,
    0x66, 0x66, 0x66, 0x76, 0x66, 0x68, 0x98, 0x53, 0x22, 0x11, 0x11, 0x11, 0x11, 0x11, 0x11, 0x11,
    0x11, 0x12, 0x23, 0x55, 0x84, 0x44, 0x46, 0x44, 0x66, 0x66, 0x66, 0x43, 0x34, 0x67, 0x87, 0x87,
    0x76, 0x66, 0x66, 0x66, 0x76, 0x68, 0x99, 0x53, 0x22, 0x11, 0x11, 0x11, 0x11, 0x11, 0x11, 0x11,
    0x11, 0x11, 0x23, 0x39, 0x84, 0x46, 0x22, 0x42, 0x44, 0x46, 0x66, 0x44, 0x66, 0x77, 0x77, 0x87,
    0x77, 0x77, 0x76, 0x67, 0x77, 0x68, 0x99, 0x53, 0x21, 0x11, 0x11, 0x11, 0x11, 0x11, 0x11, 0x11,
    0x21, 0x11, 0x23, 0x39, 0x96, 0x66, 0x66, 0x46, 0x66, 0x66, 0x66, 0x66, 0x67, 0x77, 0x77, 0x87,
    0x36, 0x67, 0x76, 0x76, 0x67, 0x68, 0xC9, 0x55, 0x31, 0x11, 0x11, 0x11, 0x11, 0x11, 0x11, 0x11,
    0x21, 0x11, 0x23, 0x35, 0x96, 0x76, 0x66, 0x66, 0x64, 0x44, 0x46, 0x66, 0x66, 0x77, 0x77, 0x87,
    0x22, 0x66, 0x76, 0x67, 0x67, 0x68, 0xC9, 0x53, 0x32, 0x11, 0x11, 0x11, 0x11, 0x11, 0x11, 0x11,
    0x12, 0x11, 0x23, 0x59, 0x97, 0x86, 0x66, 0x66, 0x66, 0x46, 0x66, 0x66, 0x66, 0x87, 0x77, 0x87,
    0x33, 0x34, 0x77, 0x67, 0x67, 0x6A, 0xC9, 0x53, 0x22, 0x11, 0x11, 0x11, 0x11, 0x11, 0x11, 0x11,
    0x11, 0x11, 0x23, 0x39, 0x97, 0x74, 0x46, 0x66, 0x66, 0x66, 0x67, 0x66, 0x66, 0x77, 0x77, 0x87,
    0x34, 0x32, 0x67, 0x67, 0x77, 0x7A, 0xE9, 0x32, 0x22, 0x11, 0x11, 0x11, 0x11, 0x11, 0x11, 0x11,
    0x11, 0x22, 0x23, 0x59, 0x97, 0x64, 0x46, 0x66, 0x66, 0x67, 0x77, 0x76, 0x67, 0x77, 0x77, 0x87,
    0x34, 0x43, 0x46, 0x76, 0x77, 0x59, 0xE9, 0x52, 0x22, 0x11, 0x11, 0x11, 0x11, 0x11, 0x11, 0x11,
    0x11, 0x32, 0x22, 0x59, 0x95, 0x66, 0x66, 0x77, 0x77, 0x67, 0x77, 0x77, 0x77, 0x77, 0x77, 0x87,
    0x63, 0x43, 0x34, 0x66, 0x67, 0x35, 0xE9, 0x53, 0x22, 0x11, 0x11, 0x11, 0x11, 0x11, 0x11, 0x11,
    0x11, 0x22, 0x22, 0x39, 0x93, 0x64, 0x67, 0x77, 0x76, 0x77, 0x77, 0x77, 0x77, 0x77, 0x77, 0x87,
    0x74, 0x34, 0x33, 0x77, 0x77, 0x83, 0xE9, 0x53, 0x32, 0x11, 0x11, 0x11, 0x11, 0x11, 0x11, 0x11,
    0x11, 0x12, 0x23, 0x39, 0x55, 0x76, 0x67, 0x77, 0x77, 0x77, 0x77, 0x77, 0x67, 0x77, 0x77, 0x87,
    0x76, 0x34, 0x33, 0x67, 0x78, 0xC3, 0xC9, 0x95, 0x32, 0x21, 0x11, 0x11, 0x11, 0x11, 0x11, 0x11,
    0x12, 0x88, 0x59, 0x39, 0x59, 0xA6, 0x66, 0x78, 0x88, 0x87, 0x77, 0x77, 0x77, 0x77, 0x77, 0x87,
    0x77, 0x43, 0x34, 0x67, 0x77, 0xC5, 0x99, 0x9C, 0x99, 0x53, 0x11, 0x11, 0x11, 0x11, 0x11, 0x11,
    0x39, 0x93, 0x39, 0x59, 0x59, 0x87, 0x67, 0x78, 0xA8, 0xA8, 0x87, 0x87, 0x77, 0x77, 0x77, 0x87,
    0x77, 0x53, 0x33, 0x67, 0x77, 0xC9, 0x95, 0x5C, 0xCC, 0xCC, 0xC5, 0x21, 0x12, 0x11, 0x11, 0x39,
    0xC5, 0x12, 0x55, 0x99, 0x59, 0x97, 0x77, 0x78, 0x87, 0x88, 0x88, 0x88, 0x87, 0x77, 0x77, 0x87,
    0x77, 0x65, 0x53, 0x67, 0x66, 0xCC, 0x95, 0x59, 0xC9, 0x55, 0xCE, 0xC3, 0x33, 0x32, 0x29, 0xCE,
    0x95, 0x89, 0x93, 0x59, 0x9C, 0xA8, 0x77, 0x88, 0x53, 0x88, 0x88, 0x78, 0x88, 0x87, 0x77, 0x87,
    0x77, 0x55, 0x53, 0x46, 0x77, 0x9C, 0x95, 0x33, 0x59, 0x52, 0x32, 0x9E, 0xC5, 0x39, 0x9C, 0x32,
    0x62, 0x59, 0x52, 0x39, 0xEC, 0xAA, 0xA8, 0x77, 0x21, 0x68, 0x88, 0x78, 0x88, 0x88, 0x77, 0x87,
    0x78, 0x55, 0x36, 0x64, 0x87, 0x9C, 0x99, 0x32, 0x35, 0x53, 0x35, 0x35, 0x92, 0x25, 0x95, 0x33,
    0x33, 0x95, 0x21, 0x39, 0xE9, 0x88, 0x88, 0x87, 0x32, 0x67, 0x78, 0x87, 0x88, 0x88, 0x88, 0x87,
    0x87, 0x55, 0x33, 0x77, 0x77, 0x99, 0x99, 0x32, 0x12, 0x33, 0x33, 0x22, 0x21, 0x12, 0x32, 0x23,
    0x33, 0x52, 0x11, 0x39, 0x99, 0x88, 0xAA, 0x88, 0x88, 0x88, 0x88, 0x88, 0x8A, 0x87, 0x88, 0x87,
    0x85, 0x55, 0x34, 0x77, 0x74, 0x99, 0x99, 0x32, 0x11, 0x12, 0x11, 0x13, 0x31, 0x12, 0x12, 0x22,
    0x22, 0x21, 0x12, 0x39, 0x59, 0x88, 0x8A, 0x88, 0xAA, 0x88, 0x88, 0x88, 0x88, 0x88, 0x88, 0xA7,
    0x55, 0x55, 0x57, 0x87, 0x76, 0x55, 0x9C, 0x32, 0x11, 0x11, 0x11, 0x23, 0x21, 0x12, 0x11, 0x11,
    0x11, 0x12, 0x12, 0x59, 0x39, 0x88, 0x88, 0xAA, 0xAA, 0xA8, 0x88, 0x88, 0x88, 0x8A, 0x88, 0x88,
    0x55, 0x53, 0x5A, 0x88, 0x87, 0x73, 0x9C, 0x32, 0x11, 0x11, 0x11, 0x22, 0x11, 0x11, 0x11, 0x11,
    0x11, 0x12, 0x22, 0x5C, 0x35, 0x88, 0x88, 0x88, 0x8A, 0x88, 0x88, 0x88, 0x88, 0x8A, 0x88, 0xA8,
    0x55, 0x33, 0x88, 0x88, 0x87, 0x73, 0x39, 0x93, 0x21, 0x11, 0x11, 0x22, 0x21, 0x11, 0x11, 0x11,
    0x11, 0x12, 0x22, 0x95, 0x25, 0x87, 0x88, 0x88, 0x88, 0x88, 0x88, 0x88, 0x8A, 0xA8, 0x88, 0xA8,
    0x53, 0x57, 0xA8, 0xA7, 0x77, 0x85, 0x39, 0x93, 0x22, 0x11, 0x11, 0x23, 0x31, 0x11, 0x21, 0x11,
    0x11, 0x12, 0x22, 0x93, 0x37, 0x88, 0x78, 0x8A, 0xAA, 0xAA, 0xAA, 0x88, 0x88, 0xAA, 0x8A, 0xAA,
    0x35, 0x88, 0xAA, 0x88, 0x77, 0x79, 0xEC, 0x95, 0x32, 0x11, 0x11, 0x23, 0x31, 0x11, 0x32, 0x11,
    0x11, 0x12, 0x23, 0x9E, 0xA7, 0x78, 0x88, 0x88, 0xAA, 0xAA, 0xA8, 0x8A, 0x88, 0xAA, 0xAA, 0xA6,
    0x8A, 0x88, 0x88, 0x88, 0x86, 0x9D, 0xEF, 0x95, 0x32, 0x11, 0x11, 0x22, 0x21, 0x11, 0x23, 0x11,
    0x11, 0x12, 0x23, 0x9F, 0xA8, 0x88, 0x88, 0x88, 0xAA, 0xAA, 0xAA, 0xAA, 0xAA, 0xAA, 0xA8, 0x87,
    0x8A, 0x88, 0x88, 0x88, 0x87, 0xBD, 0xEF, 0xC5, 0x32, 0x22, 0x12, 0x32, 0x21, 0x11, 0x23, 0x11,
    0x11, 0x12, 0x23, 0xEF, 0xB8, 0x88, 0x88, 0x88, 0xAA, 0xAA, 0xA8, 0x8A, 0xAA, 0xAA, 0x83, 0x87,
    0x88, 0x88, 0x88, 0x88, 0x77, 0xAD, 0xBF, 0xF9, 0x32, 0x22, 0x12, 0x55, 0x21, 0x12, 0x33, 0x21,
    0x12, 0x22, 0x25, 0xFF, 0xCA, 0x88, 0x88, 0x88, 0x88, 0x8A, 0xAA, 0x8A, 0xAA, 0x85, 0xAA, 0xB7,
    0x88, 0x8A, 0x88, 0x88, 0x88, 0x8C, 0xBD, 0xF9, 0x53, 0x21, 0x12, 0x39, 0x31, 0x13, 0x93, 0x32,
    0x22, 0x22, 0x29, 0xEE, 0xCA, 0x88, 0x88, 0x77, 0x78, 0x8A, 0xAA, 0xAA, 0xAA, 0x55, 0xAA, 0xA7,
    0x8A, 0x8A, 0x88, 0x8A, 0x88, 0x7C, 0xDB, 0xE9, 0x55, 0x22, 0x22, 0x3E, 0xE5, 0x5E, 0xC3, 0x22,
    0x23, 0x22, 0x3E, 0xDE, 0xA8, 0x87, 0x77, 0x77, 0x77, 0x8A, 0xAA, 0xAA, 0x38, 0xAA, 0xAA, 0xB7,
    0xAA, 0x88, 0xA8, 0x88, 0x88, 0x8A, 0xDB, 0xDC, 0x59, 0x22, 0x33, 0x9F, 0xFF, 0xFF, 0xF9, 0x32,
    0x25, 0x32, 0x5F, 0xDE, 0x83, 0x57, 0x77, 0x77, 0x66, 0x58, 0xAA, 0x88, 0x7A, 0xAA, 0xAA, 0xB7,
    0x88, 0x88, 0x88, 0x88, 0x88, 0x8A, 0xEB, 0xDE, 0x9C, 0x95, 0x9E, 0xEF, 0xFE, 0xFF, 0xEE, 0x99,
    0x9C, 0x32, 0xCE, 0xEC, 0x88, 0x57, 0x37, 0x76, 0x21, 0x37, 0x83, 0x5A, 0xAA, 0xAA, 0xAA, 0xB7,
    0xAA, 0xA8, 0x8A, 0xA8, 0x8A, 0xA8, 0xCD, 0xDF, 0x99, 0xFF, 0xFF, 0xEF, 0xC9, 0x99, 0x9E, 0xFF,
    0xFE, 0x23, 0xFD, 0xEB, 0x78, 0x87, 0x55, 0x85, 0x12, 0x17, 0x88, 0xAA, 0xAA, 0xAA, 0xAA, 0xB7,
    0xAA, 0xAA, 0xAA, 0xAA, 0xA8, 0x88, 0xCE, 0xDF, 0xC5, 0x99, 0xEF, 0xC9, 0x99, 0x59, 0x99, 0xC9,
    0x93, 0x29, 0xFB, 0xEC, 0x77, 0x88, 0x88, 0x85, 0x12, 0x18, 0x8A, 0xAA, 0xAA, 0xAA, 0xAA, 0xB7,
    0x8A, 0x88, 0x8A, 0xAA, 0xAA, 0x8A, 0xFF, 0xBE, 0xF5, 0x59, 0x99, 0x33, 0x35, 0x33, 0x35, 0x99,
    0x53, 0x3F, 0xEB, 0xEC, 0x77, 0x88, 0x88, 0x88, 0x21, 0x37, 0xA9, 0xAA, 0xAA, 0xAA, 0xBB, 0xB7,
    0xAA, 0x88, 0x88, 0x8A, 0xA8, 0xCF, 0xFF, 0xDD, 0xFC, 0x59, 0x93, 0x33, 0x33, 0x35, 0x33, 0x9C,
    0x53, 0x9F, 0xDD, 0xEE, 0xC9, 0x78, 0x88, 0xA8, 0x88, 0x59, 0xBB, 0xAA, 0xAA, 0xAB, 0xBB, 0xB7,
    0xAA, 0xA8, 0x88, 0x88, 0x8A, 0xFE, 0xEF, 0xEB, 0xEF, 0x99, 0x92, 0x23, 0x9C, 0xCC, 0x32, 0x9E,
    0x53, 0xFF, 0xDD, 0xEE, 0xEC, 0xB8, 0x8A, 0xAA, 0xA8, 0x9B, 0xAB, 0xAA, 0xAA, 0x9B, 0xBB, 0xC7,
    0xA8, 0x88, 0x88, 0x8A, 0xBF, 0xFE, 0xEF, 0xFB, 0xDF, 0xE9, 0xE3, 0x25, 0xEF, 0xFE, 0x32, 0x9F,
    0x99, 0xFD, 0xDE, 0xEF, 0x9C, 0xDC, 0xAA, 0xAA, 0xAB, 0xB9, 0xAA, 0xAA, 0xAB, 0xBB, 0xBB, 0xB7,
    0xAA, 0xA8, 0x8B, 0xCE, 0xFF, 0xFE, 0xEE, 0xFD, 0xDE, 0xFC, 0xF9, 0x5C, 0xFF, 0xFC, 0x39, 0xEE,
    0x9F, 0xED, 0xDE, 0xEC, 0xAD, 0xDD, 0xCA, 0xAA, 0x9A, 0xAA, 0xAA, 0xAA, 0xBA, 0xBB, 0xBB, 0xC7,
    0xAA, 0xAB, 0xCD, 0xDD, 0xFF, 0xFE, 0xEE, 0xFF, 0xDE, 0xFF, 0xFC, 0xCC, 0xEF, 0xEC, 0x9F, 0xFE,
    0xEF, 0xDD, 0xDE, 0xE9, 0xBD, 0xBD, 0xDD, 0xBA, 0xAA, 0xAA, 0xAA, 0xAA, 0xAA, 0xAB, 0xBB, 0xB7,
    0xBC, 0xCD, 0xDD, 0xDD, 0xDF, 0xFE, 0xEE, 0xFF, 0xDD, 0xEF, 0xFE, 0xFE, 0xCE, 0xCC, 0xEF, 0xFE,
    0xFE, 0xDD, 0xEE, 0xC9, 0xDB, 0xBB, 0xDD, 0xDB, 0xAA, 0xAB, 0xBB, 0xBB, 0xBB, 0x9C, 0xBB, 0xA7,
    0xDD, 0xCB, 0xDD, 0xDD, 0xDD, 0xFD, 0xEE, 0xFF, 0xED, 0xEE, 0xFF, 0xFF, 0xEE, 0xFF, 0xFF, 0xFF,
    0xFE, 0xDB, 0xFF, 0x9C, 0xDB, 0xBB, 0xBD, 0xDD, 0xCB, 0x9A, 0xAB, 0xBB, 0xBB, 0xBB, 0xCC, 0x77,
    0xDB, 0xBD, 0xDD, 0xDD, 0xDD, 0xEE, 0xEE, 0xFF, 0xFB, 0xDE, 0xFF, 0xFF, 0xFF, 0xFF, 0xFF, 0xFF,
    0xFD, 0xBD, 0xFE, 0xBD, 0xDB, 0xBB, 0xBB, 0xBD, 0xDD, 0xCA, 0xAA, 0xBB, 0xBA, 0x9B, 0xCB, 0x77,
    0xDD, 0xDD, 0xDD, 0xDD, 0xDD, 0xDE, 0xEE, 0xEF, 0xFE, 0xBE, 0xFF, 0xFF, 0xFF, 0xFF, 0xFF, 0xFF,
    0xED, 0xBE, 0xFC, 0xDD, 0xDB, 0xBB, 0xBB, 0xBB, 0xDD, 0xDD, 0xBA, 0xAB, 0xBB, 0xAB, 0xCB, 0x77,
    0xDD, 0xDD, 0xDD, 0xDD, 0xDE, 0xDE, 0xEE, 0xEF, 0xFF, 0xBE, 0xFF, 0xFF, 0xFF, 0xFF, 0xFF, 0xFF,
    0xDB, 0xBF, 0xFC, 0xCC, 0xDB, 0xBB, 0xBB, 0xBB, 0xBD, 0xDD, 0xDC, 0xBB, 0xBB, 0xBB, 0xBC, 0x7A,
    0xDD, 0xDD, 0xDD, 0xDD, 0xDD, 0xEE, 0xEE, 0xEE, 0xFF, 0xDB, 0xDE, 0xFF, 0xFF, 0xFF, 0xFF, 0xFD,
    0xCB, 0xCF, 0xCE, 0x9B, 0xBB, 0xDB, 0xBB, 0xBB, 0xDB, 0xBD, 0xDD, 0xDC, 0xBB, 0xBB, 0xCC, 0x7A,
    0xDD, 0xDD, 0xDD, 0xDD, 0xED, 0xDE, 0xEE, 0xEE, 0xFF, 0xFE, 0xEE, 0xFF, 0xFF, 0xFF, 0xFF, 0xFF,
    0xFF, 0xFF, 0xCC, 0xCE, 0xBB, 0xDD, 0xDB, 0xBB, 0xDB, 0xBB, 0xBB, 0xDD, 0xCB, 0xBB, 0xCC, 0xA7,
    0xBD, 0xDD, 0xDD, 0xDD, 0xDD, 0xDE, 0xEE, 0xDD, 0xEF, 0xFF, 0xFF, 0xFE, 0xEF, 0xFF, 0xFF, 0xFC,
    0xCE, 0xFE, 0xDE, 0x52, 0xE5, 0xDD, 0xDD, 0xBD, 0xBB, 0xBB, 0xBB, 0xBD, 0xDD, 0xCC, 0xBC, 0xB7,
    0xBD, 0xDD, 0xDD, 0xDD, 0xDD, 0xDE, 0xEE, 0xDE, 0xEF, 0xFF, 0xFF, 0xFF, 0xEC, 0xEE, 0xEC, 0x99,
    0x59, 0xEE, 0xEB, 0x33, 0x9E, 0xDD, 0xDD, 0xDD, 0xBB, 0xDD, 0xDB, 0xBB, 0xBD, 0xDD, 0xCC, 0xCA,
    0xBD, 0xDD, 0xDD, 0xDD, 0xDD, 0xDD, 0xEE, 0xDD, 0xDE, 0xFF, 0xFF, 0xFF, 0xFD, 0xBD, 0xE5, 0x9E,
    0x93, 0x25, 0xF9, 0x29, 0xCE, 0xDD, 0xDD, 0xDD, 0xBB, 0xDD, 0xDD, 0xBB, 0xBB, 0xDD, 0xDC, 0xCB,
    0xDD, 0xDD, 0xDD, 0xDD, 0xDD, 0xDD, 0xDE, 0xED, 0xDE, 0xFF, 0xFF, 0xFF, 0xED, 0xDE, 0x55, 0xDE,
    0xEC, 0x31, 0x25, 0x59, 0xED, 0xDD, 0xDD, 0xDD, 0xBD, 0xDD, 0xDD, 0xDB, 0xBB, 0xBD, 0xDC, 0x9A,
    0xDD, 0xDD, 0xDD, 0xDD, 0xDD, 0xDD, 0xDD, 0xEE, 0xDD, 0xEF, 0xFF, 0xFF, 0xFD, 0xE9, 0x2B, 0xED,
    0xED, 0xD5, 0x22, 0x39, 0xED, 0xDD, 0xDC, 0xAB, 0xDD, 0xDD, 0xDD, 0xDD, 0xBB, 0xBB, 0xDB, 0x5B,
    0xDD, 0xDD, 0xDD, 0xDD, 0xDD, 0xDD, 0xDD, 0xEE, 0xDD, 0xEF, 0xFF, 0xFF, 0xEE, 0xC2, 0x5D, 0xDD,
    0xCB, 0xCE, 0xC3, 0x13, 0xEE, 0xDD, 0xEB, 0xBD, 0x7A, 0xDD, 0xDD, 0xDD, 0xBB, 0xBB, 0xB5, 0xCE,
    0xDD, 0xDD, 0xDD, 0xDD, 0xDD, 0xDD, 0xDD, 0xDE, 0xEE, 0xDE, 0xFF, 0xFF, 0xFF, 0x22, 0xCD, 0xC9,
    0x53, 0x39, 0xDC, 0x52, 0x3C, 0xFD, 0xDE, 0x35, 0x5A, 0xDD, 0xDD, 0xDD, 0xDB, 0xBB, 0x85, 0xFC,
    0xDD, 0xDD, 0xDD, 0xDD, 0xDD, 0xDD, 0xDD, 0xDD, 0xDE, 0xDE, 0xFF, 0xFF, 0xF5, 0x17, 0xDD, 0xB9,
    0x99, 0x35, 0xAD, 0xDA, 0x32, 0x9F, 0xF9, 0x25, 0xED, 0xDD, 0xDD, 0xDD, 0xDD, 0xBB, 0x39, 0xFC,
    0xDD, 0xDD, 0xDD, 0xDD, 0xDD, 0xDD, 0xDD, 0xDD, 0xDD, 0xDE, 0xEE, 0xFF, 0xE2, 0x2D, 0xDD, 0x95,
    0x9E, 0x93, 0x5D, 0xCD, 0xB5, 0x25, 0xF2, 0x29, 0xBD, 0xDD, 0xDD, 0xDD, 0xDB, 0xDA, 0x3E, 0xEC,
    0xDD, 0xDD, 0xDD, 0xDD, 0xDD, 0xDD, 0xDD, 0xDD, 0xDD, 0xDD, 0xEE, 0xFF, 0x52, 0xAD, 0xDD, 0x51,
    0x29, 0xB1, 0x3D, 0xDD, 0xDB, 0x52, 0x33, 0x39, 0xDD, 0xDD, 0xDD, 0xDD, 0xDB, 0xD5, 0x5E, 0xDC,
    0xDD, 0xDD, 0xDD, 0xDD, 0xDD, 0xDD, 0xDD, 0xDD, 0xDD, 0xDD, 0xEE, 0xF9, 0x25, 0xDD, 0xDE, 0x93,
    0x29, 0xC3, 0x29, 0xDD, 0xDD, 0xDA, 0x32, 0x5E, 0xDD, 0xDD, 0xDD, 0xDD, 0xDD, 0xD3, 0x9E, 0xDB,
    0xED, 0xED, 0xDD, 0xDD, 0xDD, 0xDD, 0xDD, 0xDD, 0xDD, 0xDD, 0xEE, 0xE3, 0x3B, 0xDD, 0xD9, 0x5C,
    0x9E, 0x99, 0x59, 0xCE, 0x9C, 0xDD, 0xB3, 0x25, 0xED, 0xDD, 0xDD, 0xDD, 0xDD, 0xB2, 0x9E, 0xDB,
    0xED, 0xDD, 0xDD, 0xDD, 0xDD, 0xDD, 0xDD, 0xDD, 0xDD, 0xDD, 0xEE, 0x93, 0x8D, 0xDD, 0xD5, 0x5C,
    0x59, 0x9C, 0xEE, 0xC5, 0x5E, 0xDC, 0xDB, 0x82, 0x2B, 0xDD, 0xDD, 0xDD, 0xDD, 0x83, 0xEE, 0xEA,
    0xEE, 0xDD, 0xDD, 0xDD, 0xDD, 0xDD, 0xDD, 0xDD, 0xDD, 0xDD, 0xEC, 0x35, 0xDD, 0xDD, 0xB5, 0xBD,
    0x59, 0xCD, 0xE9, 0x33, 0x9E, 0xDD, 0xDD, 0xDB, 0x31, 0x9D, 0xDD, 0xDD, 0xDD, 0x55, 0xFC, 0xEB,
    0xDE, 0xED, 0xDD, 0xDD, 0xDD, 0xDD, 0xDD, 0xDD, 0xDD, 0xDD, 0xE9, 0x5B, 0xDD, 0xDC, 0x39, 0xCC,
    0x93, 0xCE, 0xCB, 0xE9, 0x9E, 0xEC, 0xBC, 0xDD, 0xC3, 0x25, 0xDD, 0xDD, 0xDD, 0x39, 0xFC, 0xEB,
};

static const uint8_t coup_animdata_captain_f02[3072] = {
    0xA7, 0x66, 0x64, 0x44, 0x44, 0x47, 0x77, 0x77, 0x77, 0x66, 0x44, 0x44, 0x44, 0x44, 0x44, 0x44,
    0x44, 0x44, 0x44, 0x44, 0x44, 0x44, 0x66, 0x68, 0x88, 0xAA, 0xAA, 0xAA, 0xAA, 0xAA, 0x77, 0x7A,
    0x44, 0x66, 0x66, 0x66, 0x66, 0x66, 0x77, 0x77, 0x67, 0x67, 0x64, 0x44, 0x44, 0x44, 0x44, 0x44,
    0x44, 0x44, 0x44, 0x88, 0x76, 0x67, 0x88, 0x87, 0x88, 0xAA, 0xAA, 0xAA, 0xAA, 0xA7, 0x77, 0x7A,
    0x47, 0x66, 0x66, 0x66, 0x66, 0x46, 0x66, 0x66, 0x66, 0x66, 0x66, 0x66, 0x66, 0x66, 0x64, 0x44,
    0x66, 0x66, 0x78, 0x87, 0x66, 0x67, 0x77, 0x77, 0x88, 0xAA, 0xAA, 0xAA, 0xAA, 0xAA, 0x77, 0x47,
    0x66, 0x66, 0x66, 0x66, 0x66, 0x46, 0x66, 0x66, 0x64, 0x44, 0x44, 0x44, 0x66, 0x66, 0x44, 0x44,
    0x44, 0x64, 0x77, 0x77, 0x76, 0x77, 0x77, 0x77, 0x8A, 0xAA, 0xAA, 0xAA, 0xAA, 0xAA, 0x87, 0x74,
    0x77, 0x66, 0x66, 0x66, 0x64, 0x44, 0x46, 0x66, 0x44, 0x44, 0x44, 0x44, 0x66, 0x66, 0x44, 0x64,
    0x44, 0x46, 0x76, 0x77, 0x76, 0x67, 0x77, 0x77, 0xA6, 0x4A, 0x8A, 0xAA, 0xAA, 0xAA, 0xA7, 0x77,
    0x77, 0x66, 0x66, 0x66, 0x64, 0x44, 0x46, 0x44, 0x44, 0x44, 0x44, 0x44, 0x46, 0x44, 0x44, 0x44,
    0x66, 0x66, 0x67, 0x76, 0x67, 0x77, 0x77, 0x77, 0xA4, 0x48, 0x8A, 0xAA, 0xAA, 0xAA, 0xAA, 0x7A,
    0x77, 0x66, 0x66, 0x66, 0x44, 0x44, 0x66, 0x44, 0x44, 0x22, 0x44, 0x42, 0x44, 0x22, 0x22, 0x23,
    0x67, 0x76, 0x67, 0x87, 0x66, 0x66, 0x66, 0x68, 0x64, 0x44, 0xAA, 0xAA, 0xAA, 0xAA, 0x8A, 0x87,
    0x66, 0x66, 0x66, 0x66, 0x64, 0x44, 0x44, 0x44, 0x44, 0x44, 0x44, 0x44, 0x44, 0x44, 0x44, 0x44,
    0x44, 0x66, 0x67, 0x87, 0x64, 0x66, 0x66, 0x68, 0x44, 0x44, 0x7A, 0xAA, 0xAA, 0xAA, 0x8A, 0x77,
    0x64, 0x24, 0x73, 0x44, 0x64, 0x44, 0x44, 0x44, 0x44, 0x44, 0x44, 0x44, 0x44, 0x44, 0x44, 0x44,
    0x44, 0x64, 0x66, 0x78, 0x74, 0x46, 0x76, 0x77, 0x74, 0x47, 0x78, 0xAA, 0xAA, 0x8A, 0x88, 0xA7,
    0x66, 0x66, 0x64, 0x46, 0x44, 0x44, 0x44, 0x44, 0x44, 0x66, 0x44, 0x43, 0x43, 0x32, 0x43, 0x33,
    0x44, 0x66, 0x44, 0x77, 0x66, 0x44, 0x44, 0x68, 0x94, 0x4A, 0x87, 0x87, 0x47, 0xAA, 0x88, 0xA7,
    0x66, 0x46, 0x66, 0x76, 0x42, 0x46, 0x44, 0x44, 0x44, 0x66, 0x64, 0x44, 0x44, 0x44, 0x44, 0x34,
    0x44, 0x46, 0x44, 0x66, 0x64, 0x74, 0x24, 0x77, 0x74, 0x48, 0x77, 0x42, 0x4A, 0x8A, 0x88, 0xA7,
    0x66, 0x44, 0x66, 0x66, 0x64, 0x44, 0x44, 0x44, 0x44, 0x64, 0x44, 0x44, 0x64, 0x46, 0x43, 0x33,
    0x44, 0x46, 0x44, 0x46, 0x66, 0x68, 0x44, 0x86, 0x64, 0x48, 0x6A, 0x44, 0xBA, 0x8A, 0x88, 0xA7,
    0x66, 0x66, 0x66, 0x66, 0x66, 0x42, 0x24, 0x44, 0x44, 0x44, 0x46, 0x44, 0x46, 0x76, 0x44, 0x44,
    0x44, 0x44, 0x44, 0x44, 0x66, 0x77, 0xA4, 0x48, 0x74, 0x47, 0x84, 0x4A, 0x87, 0x8A, 0x88, 0xA7,
    0x66, 0x66, 0x66, 0x66, 0x66, 0x44, 0x36, 0x64, 0x44, 0x44, 0x46, 0x44, 0x44, 0xA4, 0x47, 0x64,
    0x44, 0x44, 0x44, 0x64, 0x46, 0x77, 0x87, 0x44, 0x84, 0x46, 0x42, 0x7A, 0x78, 0x88, 0x88, 0x87,
    0x66, 0x66, 0x66, 0x66, 0x64, 0x46, 0x66, 0x44, 0x44, 0x44, 0xAA, 0xB7, 0x47, 0x7A, 0xBC, 0xCA,
    0x44, 0x44, 0x44, 0x44, 0x66, 0x67, 0x68, 0x44, 0x64, 0x47, 0x24, 0xA8, 0x88, 0x88, 0x88, 0x87,
    0x66, 0x66, 0x66, 0x66, 0x66, 0x66, 0x64, 0x24, 0x66, 0x6E, 0xEC, 0xDA, 0xBD, 0xBE, 0xFF, 0xEF,
    0xEA, 0x64, 0x44, 0x46, 0x66, 0x66, 0x66, 0x84, 0x44, 0x42, 0x48, 0x78, 0x88, 0x8A, 0x8A, 0xA7,
    0x66, 0x67, 0x66, 0x66, 0x66, 0x66, 0x66, 0x34, 0x66, 0xBF, 0xED, 0xDD, 0xDE, 0xEF, 0xFF, 0xFF,
    0xFF, 0xB4, 0x44, 0x44, 0x66, 0x66, 0x66, 0x67, 0x44, 0x44, 0xA7, 0x78, 0x77, 0xAA, 0xAA, 0xA7,
    0x64, 0x33, 0x46, 0x76, 0x66, 0x66, 0x66, 0x66, 0x4A, 0xFF, 0xED, 0xED, 0xDE, 0xDF, 0xFF, 0xFF,
    0xFF, 0xF6, 0x44, 0x46, 0x44, 0x64, 0x64, 0x78, 0x87, 0x7A, 0x88, 0x67, 0x48, 0x64, 0xA8, 0xA7,
    0x23, 0x33, 0x32, 0x36, 0x66, 0x66, 0x66, 0x66, 0x6E, 0xFF, 0xEE, 0xED, 0xED, 0xDF, 0xFF, 0xFF,
    0xFF, 0xF8, 0x44, 0x46, 0x44, 0x44, 0x47, 0x48, 0x78, 0x88, 0xA7, 0x76, 0x46, 0x24, 0xAA, 0x86,
    0x66, 0x66, 0x64, 0x33, 0x64, 0x46, 0x66, 0x66, 0x5F, 0xFF, 0xFE, 0xDB, 0xDD, 0xEF, 0xFF, 0xFF,
    0xFF, 0xFC, 0x44, 0x44, 0x74, 0x44, 0x46, 0x74, 0x87, 0x78, 0x74, 0x74, 0x52, 0x4B, 0xAA, 0xA6,
    0x66, 0x66, 0x46, 0x63, 0x44, 0x46, 0x66, 0x66, 0xBF, 0xFF, 0xFE, 0xDD, 0xDD, 0xEE, 0xFF, 0xFF,
    0xFF, 0xFF, 0x74, 0x44, 0x67, 0x42, 0x64, 0x74, 0x67, 0x77, 0x47, 0x4A, 0x24, 0xAB, 0x8A, 0xA6,
    0x66, 0x66, 0x66, 0x46, 0x24, 0x46, 0x66, 0x67, 0xFF, 0xFF, 0xFE, 0xDD, 0xDD, 0xDE, 0xFF, 0xFF,
    0xFF, 0xFF, 0x94, 0x44, 0x47, 0x44, 0x47, 0x4A, 0x47, 0x84, 0x84, 0xA4, 0x27, 0xB8, 0x8A, 0xA6,
    0x66, 0x66, 0x66, 0x66, 0x43, 0x44, 0x66, 0x7C, 0xEF, 0xFE, 0xEE, 0xDE, 0xDD, 0xDE, 0xFF, 0xFF,
    0xFF, 0xFF, 0xF5, 0x44, 0x44, 0x34, 0x44, 0xA4, 0xA4, 0x47, 0x67, 0x72, 0x48, 0x88, 0x8A, 0xA6,
    0x76, 0x66, 0x66, 0x66, 0x63, 0x44, 0x66, 0x9E, 0xEE, 0xFD, 0xDB, 0xCE, 0xEF, 0xFF, 0xFF, 0xFF,
    0xFF, 0xFF, 0xF5, 0x46, 0x46, 0x27, 0x42, 0x6A, 0x47, 0x77, 0x6A, 0x24, 0x53, 0x88, 0x8A, 0xA7,
    0x67, 0x66, 0x66, 0x76, 0x63, 0x46, 0x65, 0xCC, 0xEF, 0xEE, 0xDB, 0x7B, 0xBE, 0xFF, 0xEE, 0xEF,
    0xFF, 0xFF, 0xF9, 0x34, 0x44, 0x46, 0x74, 0x47, 0x77, 0xA4, 0xA2, 0x4B, 0x33, 0x88, 0x8B, 0xA7,
    0x67, 0x67, 0x66, 0x66, 0x63, 0x46, 0x65, 0xC9, 0xEF, 0xEE, 0xFF, 0xCA, 0x4A, 0xEE, 0xEE, 0xEF,
    0xFF, 0xFF, 0xE9, 0x34, 0x44, 0x24, 0x67, 0x44, 0xA4, 0x4B, 0x42, 0x7A, 0x33, 0x88, 0x8A, 0xAA,
    0x67, 0x76, 0x66, 0x66, 0x63, 0x66, 0x49, 0x99, 0xCE, 0xEE, 0xFE, 0xED, 0xDA, 0xAE, 0xFE, 0xEE,
    0xFF, 0xFE, 0xC9, 0x34, 0x64, 0x24, 0x46, 0x74, 0x4A, 0xA4, 0x24, 0xA7, 0x35, 0x88, 0x8A, 0xAA,
    0x66, 0x66, 0x66, 0x66, 0x64, 0x67, 0x59, 0x99, 0x9E, 0xEE, 0xEE, 0xEE, 0xDD, 0xBB, 0xCE, 0xEE,
    0xEF, 0xEE, 0x99, 0x33, 0x66, 0x26, 0x46, 0x84, 0x24, 0x72, 0x4A, 0x78, 0x22, 0x88, 0x8A, 0xAA,
    0x66, 0x66, 0x46, 0x66, 0x62, 0x64, 0x89, 0x98, 0x8C, 0xEE, 0xEE, 0xED, 0xDD, 0xDC, 0x9C, 0xFE,
    0xEE, 0xEC, 0x99, 0x52, 0x66, 0x23, 0x46, 0x68, 0x44, 0x24, 0xA7, 0x78, 0x22, 0xA8, 0x7A, 0xAA,
    0x66, 0x66, 0x46, 0x66, 0x42, 0x46, 0x99, 0x55, 0x8B, 0xEE, 0xEE, 0xBA, 0xAB, 0xDD, 0xA8, 0xFE,
    0xEE, 0xCC, 0x99, 0x52, 0x66, 0x22, 0x67, 0x7A, 0xB4, 0x4A, 0xA8, 0xAA, 0x33, 0x88, 0x78, 0xAA,
    0x66, 0x66, 0x46, 0x66, 0x36, 0x66, 0x99, 0x55, 0x59, 0xCE, 0xEE, 0xA3, 0x47, 0xBD, 0xB5, 0xEE,
    0xEC, 0x99, 0x95, 0x92, 0x46, 0x21, 0x22, 0x22, 0x24, 0x42, 0x22, 0x22, 0x26, 0x88, 0x78, 0xAA,
    0x76, 0x66, 0x67, 0x63, 0x46, 0x67, 0x99, 0x53, 0x35, 0x9C, 0xB9, 0x52, 0x25, 0x88, 0xA5, 0xCE,
    0xCB, 0x95, 0x55, 0x93, 0x36, 0x11, 0x11, 0x11, 0x11, 0x11, 0x11, 0x11, 0x16, 0x78, 0x77, 0xAA,
    0x47, 0x77, 0x74, 0x24, 0x66, 0x68, 0x95, 0x53, 0x33, 0x55, 0x53, 0x21, 0x13, 0x55, 0x82, 0x8C,
    0x98, 0x55, 0x33, 0x93, 0x36, 0x22, 0x22, 0x22, 0x22, 0x22, 0x22, 0x22, 0x27, 0x88, 0x77, 0xAA,
    0x33, 0x33, 0x33, 0x46, 0x66, 0x68, 0x95, 0x33, 0x22, 0x32, 0x11, 0x11, 0x11, 0x22, 0x32, 0x29,
    0x33, 0x53, 0x33, 0x55, 0x56, 0x73, 0x13, 0xA7, 0x78, 0x88, 0x88, 0x88, 0xA8, 0x88, 0x88, 0x8A,
    0x66, 0x44, 0x66, 0x66, 0x67, 0x69, 0x95, 0x33, 0x22, 0x22, 0x11, 0x11, 0x11, 0x11, 0x11, 0x22,
    0x22, 0x32, 0x33, 0x55, 0x54, 0x63, 0x23, 0x64, 0x66, 0x76, 0x77, 0x67, 0x77, 0x78, 0x88, 0x8A,
    0x66, 0x66, 0x67, 0x66, 0x66, 0x69, 0x95, 0x33, 0x22, 0x11, 0x11, 0x11, 0x11, 0x11, 0x11, 0x12,
    0x12, 0x22, 0x33, 0x55, 0x54, 0x44, 0x46, 0x46, 0x67, 0x77, 0x67, 0x67, 0x77, 0x77, 0x8A, 0x88,
    0x66, 0x66, 0x67, 0x76, 0x66, 0x69, 0x95, 0x53, 0x22, 0x11, 0x11, 0x11, 0x11, 0x11, 0x11, 0x12,
    0x11, 0x12, 0x23, 0x55, 0x84, 0x46, 0x46, 0x44, 0x66, 0x66, 0x66, 0x64, 0x34, 0x67, 0x88, 0x78,
    0x76, 0x66, 0x66, 0x67, 0x76, 0x69, 0x95, 0x53, 0x22, 0x11, 0x11, 0x11, 0x11, 0x11, 0x11, 0x11,
    0x11, 0x11, 0x23, 0x39, 0x94, 0x44, 0x32, 0x43, 0x36, 0x46, 0x66, 0x64, 0x44, 0x67, 0x87, 0x78,
    0x76, 0x76, 0x66, 0x77, 0x77, 0x69, 0x95, 0x53, 0x21, 0x11, 0x11, 0x11, 0x11, 0x11, 0x11, 0x11,
    0x21, 0x11, 0x23, 0x35, 0x96, 0x66, 0x64, 0x44, 0x46, 0x66, 0x66, 0x66, 0x67, 0x77, 0x77, 0x78,
    0x66, 0x67, 0x66, 0x76, 0x77, 0x6B, 0x99, 0x53, 0x21, 0x11, 0x11, 0x11, 0x11, 0x11, 0x11, 0x11,
    0x21, 0x11, 0x23, 0x35, 0x96, 0x76, 0x66, 0x66, 0x66, 0x44, 0x44, 0x66, 0x66, 0x77, 0x77, 0x78,
    0x23, 0x66, 0x76, 0x76, 0x67, 0x69, 0x99, 0x53, 0x32, 0x11, 0x11, 0x11, 0x11, 0x11, 0x11, 0x11,
    0x12, 0x11, 0x23, 0x35, 0x96, 0x86, 0x66, 0x66, 0x66, 0x44, 0x66, 0x66, 0x66, 0x77, 0x77, 0x78,
    0x33, 0x46, 0x76, 0x77, 0x67, 0x6B, 0x99, 0x33, 0x22, 0x11, 0x11, 0x11, 0x11, 0x11, 0x11, 0x11,
    0x12, 0x11, 0x23, 0x35, 0x97, 0x84, 0x46, 0x66, 0x66, 0x66, 0x66, 0x76, 0x66, 0x77, 0x77, 0x78,
    0x33, 0x24, 0x76, 0x67, 0x67, 0x7C, 0x95, 0x32, 0x22, 0x11, 0x11, 0x11, 0x11, 0x11, 0x11, 0x11,
    0x11, 0x21, 0x23, 0x35, 0x97, 0x64, 0x46, 0x66, 0x66, 0x66, 0x77, 0x76, 0x66, 0x77, 0x77, 0x78,
    0x44, 0x33, 0x66, 0x66, 0x77, 0x7C, 0xC5, 0x32, 0x22, 0x11, 0x11, 0x11, 0x11, 0x11, 0x11, 0x11,
    0x11, 0x22, 0x22, 0x59, 0x96, 0x66, 0x66, 0x67, 0x77, 0x76, 0x77, 0x77, 0x67, 0x77, 0x77, 0x88,
    0x33, 0x33, 0x36, 0x66, 0x77, 0x3E, 0xC9, 0x32, 0x22, 0x11, 0x11, 0x11, 0x11, 0x11, 0x11, 0x11,
    0x11, 0x22, 0x22, 0x39, 0x93, 0x54, 0x66, 0x77, 0x87, 0x67, 0x77, 0x77, 0x77, 0x77, 0x77, 0x78,
    0x63, 0x43, 0x36, 0x67, 0x67, 0x39, 0xC9, 0x53, 0x21, 0x11, 0x11, 0x11, 0x11, 0x11, 0x11, 0x11,
    0x11, 0x12, 0x22, 0x39, 0x93, 0x74, 0x67, 0x76, 0x67, 0x77, 0x77, 0x77, 0x77, 0x77, 0x77, 0x78,
    0x74, 0x43, 0x34, 0x67, 0x7B, 0x95, 0xC5, 0x53, 0x22, 0x11, 0x11, 0x11, 0x11, 0x11, 0x11, 0x11,
    0x11, 0x35, 0x35, 0x39, 0x55, 0xA6, 0x66, 0x78, 0x88, 0x87, 0x77, 0x77, 0x77, 0x77, 0x77, 0x78,
    0x76, 0x33, 0x36, 0x77, 0x79, 0x95, 0x95, 0x99, 0x55, 0x31, 0x11, 0x11, 0x11, 0x11, 0x11, 0x11,
    0x25, 0xC5, 0x39, 0x59, 0x55, 0x97, 0x66, 0x78, 0xAA, 0x88, 0x87, 0x77, 0x77, 0x77, 0x77, 0x78,
    0x76, 0x34, 0x33, 0x77, 0x69, 0x95, 0x95, 0x9E, 0xCE, 0xC9, 0x52, 0x11, 0x11, 0x11, 0x11, 0x23,
    0x99, 0x22, 0x35, 0x99, 0x59, 0x97, 0x77, 0x78, 0xA7, 0x8A, 0x88, 0x88, 0x77, 0x77, 0x77, 0x78,
    0x77, 0x55, 0x33, 0x77, 0x68, 0xC9, 0x95, 0x59, 0xC9, 0x99, 0xEE, 0x52, 0x23, 0x22, 0x23, 0x9E,
    0xB5, 0x35, 0x95, 0x59, 0x99, 0x97, 0x77, 0x78, 0x86, 0x88, 0x88, 0x78, 0x88, 0x87, 0x78, 0x78,
    0x77, 0x55, 0x33, 0x77, 0x78, 0xC9, 0x95, 0x35, 0x99, 0x33, 0x55, 0xE9, 0x95, 0x35, 0x5C, 0x95,
    0x83, 0x5C, 0x93, 0x39, 0x9C, 0x9A, 0xA7, 0x78, 0x52, 0x38, 0x88, 0x78, 0x87, 0x88, 0x77, 0x78,
    0x86, 0x35, 0x56, 0x37, 0x78, 0xCC, 0x95, 0x33, 0x59, 0x32, 0x32, 0x39, 0xC3, 0x39, 0x99, 0x32,
    0x32, 0x99, 0x32, 0x39, 0xEC, 0x8A, 0xA8, 0x87, 0x31, 0x37, 0x78, 0x87, 0x88, 0x88, 0x88, 0x88,
    0x85, 0x55, 0x36, 0x77, 0x78, 0x99, 0x95, 0x32, 0x33, 0x55, 0x53, 0x32, 0x31, 0x13, 0x32, 0x33,
    0x35, 0x93, 0x11, 0x39, 0x99, 0x87, 0x8A, 0x88, 0x74, 0x78, 0x87, 0x88, 0x78, 0x88, 0x88, 0x88,
    0x85, 0x55, 0x36, 0x77, 0x67, 0x99, 0xE5, 0x31, 0x11, 0x23, 0x21, 0x12, 0x21, 0x12, 0x22, 0x22,
    0x33, 0x31, 0x12, 0x39, 0x99, 0xA8, 0xAA, 0x88, 0xAA, 0x88, 0x88, 0x78, 0x88, 0xA8, 0x88, 0x88,
    0x55, 0x55, 0x37, 0x77, 0x73, 0x95, 0xC9, 0x22, 0x11, 0x11, 0x11, 0x23, 0x21, 0x12, 0x11, 0x21,
    0x11, 0x11, 0x12, 0x39, 0x59, 0x88, 0x88, 0xA8, 0xAA, 0xA8, 0x88, 0x88, 0x88, 0x88, 0x8A, 0x8A,
    0x55, 0x55, 0x88, 0x77, 0x77, 0x53, 0xC9, 0x32, 0x11, 0x11, 0x11, 0x32, 0x21, 0x12, 0x11, 0x11,
    0x11, 0x12, 0x22, 0x39, 0x35, 0x88, 0x88, 0x8A, 0xAA, 0xAA, 0x88, 0x88, 0x88, 0x8A, 0x88, 0x88,
    0x55, 0x33, 0x88, 0x88, 0x77, 0x53, 0x99, 0x32, 0x11, 0x11, 0x11, 0x22, 0x11, 0x11, 0x11, 0x11,
    0x11, 0x12, 0x22, 0x59, 0x33, 0x87, 0x88, 0x88, 0x88, 0x88, 0x88, 0xA8, 0xA8, 0xA8, 0x88, 0x8A,
    0x55, 0x38, 0x88, 0x87, 0x77, 0x72, 0x39, 0x53, 0x21, 0x11, 0x12, 0x22, 0x21, 0x11, 0x11, 0x11,
    0x11, 0x12, 0x22, 0x95, 0x25, 0x88, 0x78, 0xA8, 0xAA, 0xAA, 0xAA, 0xA8, 0x8A, 0xAA, 0x88, 0xAA,
    0x35, 0x78, 0xAA, 0x87, 0x78, 0x75, 0x99, 0x93, 0x22, 0x11, 0x11, 0x25, 0x31, 0x11, 0x21, 0x11,
    0x11, 0x12, 0x22, 0x99, 0x87, 0x78, 0x78, 0x88, 0xAA, 0xAA, 0xAA, 0x88, 0xA8, 0xAA, 0xAA, 0xAA,
    0x58, 0x88, 0xA8, 0x87, 0x76, 0xAE, 0xFC, 0x93, 0x32, 0x11, 0x11, 0x23, 0x21, 0x11, 0x22, 0x11,
    0x11, 0x12, 0x23, 0x9F, 0xA8, 0x77, 0x88, 0x88, 0x8A, 0xAA, 0xAA, 0x8A, 0xA8, 0xAA, 0xAA, 0xAA,
    0xAA, 0x88, 0x88, 0x88, 0x77, 0xCD, 0xFF, 0x95, 0x22, 0x11, 0x12, 0x32, 0x21, 0x11, 0x23, 0x11,
    0x11, 0x12, 0x23, 0x9F, 0xB8, 0x88, 0x88, 0x88, 0xAA, 0xAA, 0xAA, 0x8A, 0xAA, 0xAA, 0xA8, 0x5A,
    0x88, 0x88, 0x88, 0x88, 0x77, 0xCD, 0xFF, 0xC5, 0x32, 0x22, 0x12, 0x53, 0x21, 0x12, 0x33, 0x21,
    0x12, 0x22, 0x23, 0xFF, 0xC8, 0x88, 0x88, 0x88, 0x8A, 0x8A, 0xAA, 0x88, 0xAA, 0xAA, 0xA5, 0x8A,
    0x88, 0xA8, 0x88, 0x87, 0x77, 0xBB, 0xDF, 0xE5, 0x33, 0x21, 0x12, 0x55, 0x21, 0x12, 0x53, 0x21,
    0x12, 0x22, 0x25, 0xFF, 0xEA, 0xA7, 0x87, 0x87, 0x88, 0x88, 0xAA, 0xAA, 0xAA, 0x83, 0x7B, 0xAA,
    0x88, 0xA8, 0x88, 0x88, 0x87, 0xAD, 0xBD, 0xE9, 0x33, 0x21, 0x22, 0x3C, 0x51, 0x19, 0x93, 0x32,
    0x22, 0x22, 0x29, 0xDE, 0xC8, 0x88, 0x78, 0x77, 0x78, 0x88, 0xAA, 0xAA, 0xA8, 0x85, 0xAA, 0xAA,
    0xAA, 0x88, 0x8A, 0xAA, 0x88, 0x8E, 0xBD, 0xE9, 0x53, 0x22, 0x22, 0x9F, 0xF9, 0x9F, 0xC3, 0x22,
    0x23, 0x22, 0x3F, 0xDE, 0xA7, 0x87, 0x77, 0x77, 0x77, 0x78, 0xAA, 0xAA, 0x55, 0xAA, 0xAA, 0xAA,
    0x88, 0x8A, 0x88, 0x88, 0x88, 0x8C, 0xDB, 0xE9, 0x99, 0x22, 0x59, 0xEF, 0xFF, 0xFF, 0xFC, 0x32,
    0x35, 0x32, 0x5F, 0xDE, 0x85, 0x37, 0x77, 0x77, 0x65, 0x56, 0xAA, 0x58, 0x8A, 0xAA, 0xAA, 0xBA,
    0xAA, 0x88, 0x88, 0x88, 0x88, 0xAA, 0xEB, 0xEC, 0x9E, 0x99, 0xCE, 0xFF, 0xFC, 0xEE, 0xEE, 0xEC,
    0xEE, 0x32, 0xEE, 0xEC, 0x8A, 0x77, 0x33, 0x87, 0x31, 0x27, 0x85, 0x5A, 0xAA, 0xAA, 0xAA, 0xBA,
    0xAA, 0xA8, 0x8A, 0x88, 0xA8, 0x8A, 0xED, 0xEF, 0x59, 0xFF, 0xFF, 0xEE, 0x95, 0x59, 0x9E, 0xFE,
    0xE9, 0x23, 0xFD, 0xDC, 0x78, 0x88, 0x75, 0x88, 0x13, 0x13, 0x88, 0xAA, 0xAA, 0xAA, 0xAA, 0xAB,
    0xAA, 0xAA, 0xAA, 0xAA, 0xA8, 0x88, 0xFD, 0xDF, 0x95, 0x99, 0xEE, 0x99, 0x99, 0x99, 0x59, 0xC9,
    0x93, 0x29, 0xFD, 0xDE, 0x77, 0x88, 0x88, 0x88, 0x21, 0x15, 0x88, 0xAA, 0xAA, 0xAA, 0xAA, 0xBB,
    0xAA, 0x88, 0x8A, 0xAA, 0xAA, 0xAC, 0xFE, 0xDE, 0xF5, 0x59, 0x95, 0x33, 0x33, 0x33, 0x33, 0x99,
    0x93, 0x3F, 0xEB, 0xEE, 0x88, 0x78, 0x88, 0xA8, 0x52, 0x35, 0xA9, 0xBA, 0xAA, 0xAA, 0xAB, 0xBB,
    0xAA, 0x88, 0x88, 0x8A, 0x8A, 0xEE, 0xFF, 0xDE, 0xF9, 0x59, 0x52, 0x35, 0x55, 0x59, 0x32, 0x9C,
    0x53, 0x9F, 0xDD, 0xEE, 0xEB, 0x87, 0x88, 0xAA, 0x88, 0x88, 0xBB, 0xAA, 0xAA, 0xAB, 0xBB, 0xBB,
    0xAA, 0x88, 0x88, 0x88, 0x8E, 0xEE, 0xEF, 0xDD, 0xEF, 0x99, 0x92, 0x23, 0x9C, 0xEC, 0x32, 0x9E,
    0x55, 0xFE, 0xDD, 0xEE, 0xEB, 0xCA, 0x8A, 0xAA, 0xA9, 0xAB, 0x9A, 0xBA, 0xAA, 0xAB, 0xBB, 0xBB,
    0xA8, 0x88, 0x88, 0xAB, 0xEF, 0xEE, 0xEF, 0xFB, 0xDF, 0xC9, 0xE3, 0x39, 0xEF, 0xFE, 0x33, 0x9F,
    0x99, 0xFD, 0xDE, 0xEF, 0x9C, 0xDC, 0xBA, 0xAA, 0xAB, 0xBA, 0xAA, 0xAA, 0xAA, 0xBB, 0xBB, 0xBB,
    0xAA, 0x88, 0xBC, 0xEF, 0xFF, 0xEE, 0xEF, 0xFD, 0xDE, 0xFE, 0xE9, 0x9C, 0xFF, 0xFC, 0x59, 0xFE,
    0x9F, 0xED, 0xDE, 0xEC, 0x9D, 0xCD, 0xDB, 0xAB, 0x9A, 0xAA, 0xAA, 0xAA, 0xBA, 0xAB, 0xBB, 0xCB,
    0xAA, 0xBC, 0xDD, 0xDE, 0xFF, 0xEE, 0xEE, 0xFE, 0xDE, 0xFF, 0xFC, 0xEC, 0xEF, 0xCC, 0x9F, 0xFE,
    0xEF, 0xDD, 0xDE, 0xE9, 0xBD, 0xBD, 0xDD, 0xCB, 0xAA, 0xAA, 0xAA, 0xAB, 0xA9, 0xAB, 0xCB, 0xBA,
    0xCC, 0xDD, 0xDD, 0xDD, 0xEF, 0xFE, 0xEE, 0xFF, 0xBE, 0xEF, 0xFE, 0xFE, 0xCE, 0xCE, 0xFF, 0xFF,
    0xFE, 0xDB, 0xEF, 0xE9, 0xDB, 0xBB, 0xDD, 0xDC, 0xBA, 0xAB, 0xBB, 0xBB, 0xBB, 0x9B, 0xCB, 0xB7,
    0xDD, 0xBB, 0xDD, 0xDD, 0xDE, 0xED, 0xEE, 0xFF, 0xDD, 0xEF, 0xFF, 0xFE, 0xEE, 0xFF, 0xFF, 0xFF,
    0xFD, 0xDB, 0xEF, 0x9B, 0xDB, 0xBB, 0xBB, 0xDD, 0xDC, 0xB9, 0xAB, 0xBB, 0xBB, 0xBB, 0xBC, 0xA7,
    0xDB, 0xCD, 0xDD, 0xDD, 0xDD, 0xED, 0xEE, 0xFF, 0xFB, 0xEE, 0xFF, 0xFF, 0xFF, 0xFF, 0xFF, 0xFF,
    0xFD, 0xBC, 0xFE, 0xBD, 0xDB, 0xBB, 0xBB, 0xBD, 0xDD, 0xCB, 0xAA, 0xBB, 0xBA, 0xA9, 0xBC, 0xA7,
    0xDD, 0xDD, 0xDD, 0xDD, 0xDD, 0xED, 0xEE, 0xEF, 0xFD, 0xDE, 0xFF, 0xFF, 0xFF, 0xFF, 0xFF, 0xFF,
    0xED, 0xBE, 0xFC, 0xDD, 0xDB, 0xBB, 0xBB, 0xBB, 0xBD, 0xDD, 0xCB, 0xAA, 0xBB, 0xAB, 0xCC, 0xA7,
    0xDD, 0xDD, 0xDD, 0xDD, 0xDD, 0xEE, 0xEE, 0xEF, 0xFE, 0xBE, 0xFF, 0xFF, 0xFF, 0xFF, 0xFF, 0xFF,
    0xDB, 0xBF, 0xFC, 0xBC, 0xDB, 0xBB, 0xBB, 0xBB, 0xBD, 0xDD, 0xDD, 0xBB, 0xBB, 0xBB, 0xBC, 0xB7,
    0xDD, 0xDD, 0xED, 0xDD, 0xDE, 0xEE, 0xEE, 0xEF, 0xFF, 0xBB, 0xDF, 0xFF, 0xFF, 0xFF, 0xFF, 0xFD,
    0xCB, 0xDF, 0xCE, 0x9B, 0xBB, 0xDD, 0xBB, 0xBB, 0xDB, 0xBD, 0xDD, 0xDC, 0xBB, 0xBB, 0xBC, 0xA7,
    0xDD, 0xDD, 0xDD, 0xDE, 0xDD, 0xEE, 0xEE, 0xEE, 0xFF, 0xFE, 0xEE, 0xFF, 0xFF, 0xFF, 0xFF, 0xFF,
    0xFF, 0xFF, 0xCC, 0xBE, 0xDB, 0xCD, 0xDB, 0xBB, 0xDB, 0xBB, 0xBB, 0xDD, 0xDC, 0xBB, 0xCC, 0xB7,
    0xDD, 0xDD, 0xDD, 0xDD, 0xED, 0xDE, 0xED, 0xDE, 0xFF, 0xFF, 0xFF, 0xFE, 0xEF, 0xFF, 0xFF, 0xEC,
    0xCE, 0xFE, 0xCE, 0x91, 0xC5, 0xBD, 0xDD, 0xBD, 0xBB, 0xBD, 0xBB, 0xBB, 0xDD, 0xCC, 0xCB, 0xCB,
    0xDD, 0xDD, 0xDD, 0xDD, 0xDD, 0xDE, 0xEE, 0xDE, 0xEF, 0xFF, 0xFF, 0xFF, 0xEC, 0xEE, 0xEC, 0x99,
    0x55, 0xCE, 0xEC, 0x33, 0x9E, 0xDD, 0xDD, 0xDD, 0xBB, 0xBD, 0xDB, 0xBB, 0xBD, 0xDD, 0xCC, 0xCC,
    0xDD, 0xDD, 0xDD, 0xDD, 0xDD, 0xDD, 0xEE, 0xDD, 0xDE, 0xFF, 0xFF, 0xFF, 0xFC, 0xBD, 0xE5, 0xBE,
    0x93, 0x25, 0xF9, 0x29, 0x9E, 0xDD, 0xDD, 0xDD, 0xBB, 0xDD, 0xDD, 0xBB, 0xBB, 0xDD, 0xDC, 0xCC,
    0xDD, 0xDD, 0xDD, 0xDD, 0xDD, 0xDD, 0xDE, 0xDD, 0xDE, 0xFF, 0xFF, 0xFF, 0xEE, 0xDE, 0x55, 0xEE,
    0xEC, 0x51, 0x25, 0x59, 0xED, 0xDD, 0xDD, 0xDD, 0xBB, 0xDD, 0xDD, 0xDD, 0xBB, 0xBD, 0xDD, 0xB9,
    0xDD, 0xDD, 0xDD, 0xDD, 0xDD, 0xDD, 0xDE, 0xED, 0xDE, 0xFF, 0xFF, 0xFF, 0xFD, 0xE9, 0x2B, 0xED,
    0xED, 0xD5, 0x22, 0x39, 0xED, 0xDD, 0xDD, 0x9B, 0xBD, 0xDD, 0xDD, 0xDD, 0xDB, 0xBB, 0xBC, 0x99,
    0xDD, 0xDD, 0xDD, 0xDD, 0xDD, 0xDD, 0xDD, 0xEE, 0xDD, 0xEF, 0xFF, 0xFF, 0xEE, 0xC2, 0x5D, 0xDD,
    0xCC, 0xCE, 0xC3, 0x13, 0xEE, 0xDD, 0xDC, 0x9D, 0xA8, 0xDD, 0xDD, 0xDD, 0xDB, 0xBB, 0xBA, 0x5F,
    0xDD, 0xDD, 0xDD, 0xDD, 0xDD, 0xDD, 0xDD, 0xDE, 0xED, 0xEF, 0xFF, 0xFF, 0xFE, 0x22, 0xDD, 0xD9,
    0x53, 0x59, 0xDD, 0x52, 0x3C, 0xFD, 0xDE, 0x55, 0x85, 0xDD, 0xDD, 0xDD, 0xDD, 0xBB, 0xB5, 0x9F,
    0xDD, 0xDD, 0xDD, 0xDD, 0xDD, 0xDD, 0xDD, 0xDD, 0xEE, 0xDE, 0xFF, 0xFF, 0xF5, 0x17, 0xDD, 0xB5,
    0x95, 0x35, 0xAD, 0xDA, 0x32, 0x9F, 0xEE, 0x23, 0xCE, 0xDD, 0xDD, 0xDD, 0xDD, 0xBB, 0xA3, 0xEF,
    0xDD, 0xDD, 0xDD, 0xDD, 0xDD, 0xDD, 0xDD, 0xDD, 0xDE, 0xDE, 0xEF, 0xFF, 0xE1, 0x2D, 0xDD, 0x99,
    0x9E, 0x93, 0x5D, 0xCD, 0xB5, 0x23, 0xF5, 0x19, 0xBD, 0xDD, 0xDD, 0xDD, 0xDD, 0xBD, 0x35, 0xFE,
    0xDD, 0xDD, 0xDD, 0xDD, 0xDD, 0xDD, 0xDD, 0xDD, 0xDD, 0xDE, 0xEE, 0xFF, 0x32, 0xAD, 0xDD, 0x51,
    0x39, 0xB1, 0x3D, 0xDD, 0xDB, 0x52, 0x35, 0x35, 0xCD, 0xDD, 0xDD, 0xDD, 0xDD, 0xDB, 0x39, 0xED,
    0xDE, 0xDD, 0xDD, 0xDD, 0xDD, 0xDD, 0xDD, 0xDD, 0xDD, 0xDD, 0xEE, 0xF9, 0x25, 0xDD, 0xDE, 0x93,
    0x29, 0xC2, 0x29, 0xDD, 0xDD, 0xDA, 0x33, 0x3C, 0xDD, 0xDD, 0xDD, 0xDD, 0xDD, 0xDA, 0x2E, 0xDD,
    0xDE, 0xDD, 0xDD, 0xDD, 0xDD, 0xDD, 0xDD, 0xDD, 0xDD, 0xDD, 0xEE, 0xE3, 0x3B, 0xDD, 0xDB, 0x5B,
    0x9E, 0xB9, 0x35, 0xBE, 0x9C, 0xDD, 0xB3, 0x25, 0xED, 0xDD, 0xDD, 0xDD, 0xDC, 0xD5, 0x2F, 0xDD,
    0xED, 0xDD, 0xDD, 0xDD, 0xDD, 0xDD, 0xDD, 0xDD, 0xDD, 0xDD, 0xEE, 0x92, 0x8D, 0xDD, 0xD5, 0x5C,
    0x5B, 0x9C, 0xCC, 0xE9, 0x3C, 0xDC, 0xDB, 0x82, 0x39, 0xDD, 0xDD, 0xDD, 0xDD, 0xD3, 0x5E, 0xED,
    0xED, 0xDD, 0xDD, 0xDD, 0xDD, 0xDD, 0xDD, 0xDD, 0xDD, 0xDD, 0xEC, 0x33, 0xDD, 0xDD, 0xC5, 0xBD,
    0x59, 0xCD, 0xEE, 0x52, 0x8E, 0xDE, 0xDD, 0xD9, 0x31, 0x9D, 0xDD, 0xDD, 0xDD, 0xB3, 0xCE, 0xED,
};

static const uint8_t coup_animdata_captain_f03[3072] = {
    0x46, 0x66, 0x66, 0x66, 0x66, 0x67, 0x77, 0x77, 0x77, 0x67, 0x44, 0x44, 0x44, 0x44, 0x44, 0x44,
    0x44, 0x44, 0x44, 0x77, 0x66, 0x67, 0x77, 0x77, 0x88, 0xAA, 0xAA, 0xAA, 0xAA, 0xAA, 0x77, 0x77,
    0x66, 0x66, 0x66, 0x66, 0x66, 0x46, 0x66, 0x66, 0x66, 0x66, 0x66, 0x66, 0x66, 0x66, 0x66, 0x64,
    0x66, 0x67, 0x77, 0x88, 0x76, 0x67, 0x77, 0x77, 0x78, 0x8A, 0xAA, 0xAA, 0xAA, 0xAA, 0x77, 0x67,
    0x76, 0x66, 0x66, 0x66, 0x64, 0x46, 0x66, 0x66, 0x64, 0x44, 0x44, 0x46, 0x66, 0x66, 0x44, 0x44,
    0x44, 0x66, 0x77, 0x77, 0x76, 0x67, 0x77, 0x77, 0x8A, 0xAA, 0xAA, 0xAA, 0xAA, 0xAA, 0xA7, 0xA4,
    0x76, 0x66, 0x66, 0x66, 0x44, 0x46, 0x66, 0x66, 0x44, 0x44, 0x44, 0x44, 0x66, 0x66, 0x44, 0x44,
    0x44, 0x46, 0x76, 0x77, 0x76, 0x67, 0x77, 0x87, 0x8A, 0x4A, 0x8A, 0xAA, 0xAA, 0xAA, 0xA8, 0x7A,
    0x76, 0x66, 0x66, 0x66, 0x64, 0x44, 0x44, 0x44, 0x44, 0x44, 0x44, 0x44, 0x66, 0x66, 0x44, 0x44,
    0x46, 0x67, 0x66, 0x77, 0x67, 0x67, 0x77, 0x77, 0xA6, 0x27, 0xAA, 0xAA, 0xAA, 0xAA, 0xAA, 0x77,
    0x76, 0x66, 0x66, 0x66, 0x44, 0x44, 0x66, 0x44, 0x44, 0x24, 0x44, 0x42, 0x44, 0x22, 0x22, 0x23,
    0x67, 0x64, 0x67, 0x87, 0x66, 0x76, 0x66, 0x77, 0xA4, 0x44, 0xA8, 0xAA, 0xAA, 0xAA, 0xA8, 0xA7,
    0x66, 0x66, 0x66, 0x66, 0x44, 0x44, 0x64, 0x44, 0x44, 0x24, 0x44, 0x44, 0x43, 0x33, 0x44, 0x44,
    0x46, 0x77, 0x66, 0x87, 0x64, 0x66, 0x66, 0x68, 0x42, 0x44, 0x4A, 0xAA, 0xAA, 0xAA, 0x8A, 0x87,
    0x63, 0x36, 0x64, 0x46, 0x64, 0x44, 0x44, 0x44, 0x44, 0x44, 0x44, 0x46, 0x44, 0x46, 0x64, 0x44,
    0x44, 0x44, 0x67, 0x78, 0x74, 0x46, 0x66, 0x67, 0x44, 0x44, 0x4A, 0xAA, 0xAA, 0x88, 0xA8, 0xA7,
    0x64, 0x46, 0x42, 0x46, 0x44, 0x44, 0x44, 0x44, 0x44, 0x44, 0x44, 0x44, 0x44, 0x33, 0x44, 0x33,
    0x44, 0x64, 0x66, 0x78, 0x76, 0x44, 0x66, 0x77, 0xA6, 0x4A, 0xA8, 0xAA, 0xA8, 0x8A, 0xA8, 0x8A,
    0x66, 0x66, 0x66, 0x64, 0x24, 0x44, 0x44, 0x44, 0x44, 0x66, 0x64, 0x44, 0x44, 0x44, 0x44, 0x44,
    0x44, 0x66, 0x44, 0x66, 0x64, 0x64, 0x22, 0x47, 0x84, 0x47, 0x87, 0x44, 0x24, 0xAA, 0xA8, 0x88,
    0x64, 0x46, 0x66, 0x66, 0x43, 0x44, 0x44, 0x44, 0x44, 0x66, 0x44, 0x46, 0x64, 0x66, 0x43, 0x24,
    0x44, 0x46, 0x44, 0x66, 0x66, 0x68, 0x44, 0xA6, 0x64, 0x47, 0x77, 0x82, 0x4B, 0xAA, 0xA8, 0x8A,
    0x66, 0x66, 0x66, 0x64, 0x66, 0x42, 0x44, 0x44, 0x44, 0x44, 0x44, 0x64, 0x44, 0x66, 0x43, 0x43,
    0x44, 0x44, 0x44, 0x44, 0x66, 0x67, 0x74, 0x48, 0x74, 0x47, 0x78, 0x44, 0xA8, 0x78, 0xA8, 0x8A,
    0x66, 0x66, 0x66, 0x66, 0x66, 0x42, 0x36, 0x44, 0x44, 0x44, 0x46, 0x44, 0x47, 0xA4, 0x44, 0x44,
    0x44, 0x44, 0x44, 0x64, 0x46, 0x77, 0x87, 0x44, 0x84, 0x44, 0x54, 0x4A, 0xA7, 0x88, 0x88, 0x88,
    0x66, 0x66, 0x66, 0x66, 0x64, 0x46, 0x46, 0x44, 0x44, 0x44, 0x77, 0x77, 0x47, 0x77, 0xAA, 0xA6,
    0x44, 0x44, 0x44, 0x44, 0x66, 0x67, 0x68, 0x44, 0x66, 0x47, 0x32, 0x7A, 0x78, 0x88, 0x88, 0x88,
    0x66, 0x66, 0x66, 0x66, 0x64, 0x66, 0x63, 0x44, 0x66, 0x4A, 0xCB, 0xD7, 0x7A, 0xAD, 0xEE, 0xEE,
    0x86, 0x44, 0x44, 0x46, 0x66, 0x67, 0x66, 0x84, 0x44, 0x44, 0x24, 0xA8, 0x88, 0x88, 0x88, 0x8A,
    0x66, 0x66, 0x66, 0x66, 0x66, 0x66, 0x64, 0x26, 0x66, 0xBF, 0xDD, 0xBD, 0xDE, 0xDF, 0xFF, 0xFF,
    0xFE, 0x84, 0x44, 0x44, 0x46, 0x66, 0x66, 0x67, 0x44, 0x42, 0x48, 0x67, 0x77, 0x8A, 0xA8, 0xAA,
    0x66, 0x66, 0x66, 0x66, 0x66, 0x66, 0x66, 0x46, 0x68, 0xFF, 0xDD, 0xED, 0xDE, 0xDF, 0xFF, 0xFF,
    0xFF, 0xE4, 0x44, 0x44, 0x64, 0x66, 0x66, 0x68, 0x74, 0x44, 0xA8, 0x77, 0x56, 0xA7, 0xAA, 0xAA,
    0x32, 0x22, 0x36, 0x66, 0x66, 0x66, 0x66, 0x66, 0x6C, 0xFF, 0xED, 0xED, 0xEE, 0xDF, 0xFF, 0xFF,
    0xFF, 0xF7, 0x44, 0x46, 0x44, 0x44, 0x44, 0x48, 0x8A, 0xAA, 0x8A, 0x67, 0x44, 0x72, 0x4A, 0x8A,
    0x36, 0x66, 0x42, 0x36, 0x44, 0x66, 0x66, 0x64, 0x8F, 0xFF, 0xEE, 0xDD, 0xDD, 0xDF, 0xFF, 0xFF,
    0xFF, 0xFB, 0x44, 0x44, 0x44, 0x24, 0x47, 0x46, 0x87, 0x77, 0x87, 0x68, 0x46, 0x24, 0xAA, 0xA8,
    0x66, 0x66, 0x66, 0x34, 0x64, 0x66, 0x66, 0x74, 0x9F, 0xFF, 0xFE, 0xDB, 0xDD, 0xEF, 0xFF, 0xFF,
    0xFF, 0xFE, 0x64, 0x44, 0x76, 0x42, 0x64, 0x74, 0x77, 0x77, 0x74, 0x74, 0x82, 0x4A, 0x98, 0xA8,
    0x66, 0x64, 0x66, 0x63, 0x44, 0x46, 0x67, 0x67, 0xFF, 0xFF, 0xFD, 0xDD, 0xDD, 0xEE, 0xFF, 0xFF,
    0xFF, 0xFF, 0x94, 0x44, 0x47, 0x44, 0x47, 0x4A, 0x47, 0x77, 0x48, 0x4A, 0x42, 0x7B, 0x8A, 0xAA,
    0x66, 0x66, 0x66, 0x64, 0x24, 0x46, 0x66, 0x6C, 0xFF, 0xFF, 0xED, 0xDD, 0xDD, 0xDE, 0xFF, 0xFF,
    0xFF, 0xFF, 0xE5, 0x44, 0x46, 0x64, 0x24, 0x74, 0x74, 0xA4, 0x74, 0x77, 0x24, 0xAA, 0x8A, 0xAA,
    0x66, 0x66, 0x66, 0x66, 0x34, 0x44, 0x66, 0x9E, 0xEF, 0xFD, 0xDD, 0xEE, 0xEE, 0xEF, 0xFF, 0xFF,
    0xFF, 0xFF, 0xF5, 0x44, 0x46, 0x34, 0x42, 0x87, 0x77, 0x47, 0x67, 0x82, 0x47, 0x7A, 0x8A, 0xAA,
    0x66, 0x66, 0x66, 0x66, 0x44, 0x44, 0x65, 0xCE, 0xEE, 0xFD, 0xBA, 0xBE, 0xEF, 0xFF, 0xEF, 0xFF,
    0xFF, 0xFF, 0xF9, 0x36, 0x46, 0x36, 0x74, 0x4A, 0x47, 0xA7, 0x4A, 0x24, 0xA2, 0x6A, 0x8A, 0xAA,
    0x76, 0x66, 0x67, 0x66, 0x43, 0x66, 0x68, 0xCC, 0xEF, 0xEE, 0xEC, 0x7A, 0x7E, 0xFF, 0xEE, 0xEF,
    0xFF, 0xFF, 0xF9, 0x34, 0x44, 0x44, 0x74, 0x44, 0xA4, 0x84, 0xA4, 0x4A, 0x82, 0x7A, 0x7A, 0xAA,
    0x77, 0x76, 0x66, 0x66, 0x44, 0x66, 0x69, 0x9B, 0xEF, 0xEE, 0xFF, 0xEA, 0x67, 0xEE, 0xFE, 0xEE,
    0xFF, 0xFF, 0xE9, 0x34, 0x64, 0x32, 0x47, 0x44, 0x4A, 0x4A, 0x42, 0x7A, 0x63, 0x7A, 0x8A, 0xAA,
    0x77, 0x66, 0x66, 0x66, 0x64, 0x76, 0x59, 0x99, 0xCF, 0xEE, 0xFE, 0xED, 0xDB, 0xAE, 0xEE, 0xEE,
    0xFF, 0xEE, 0xC9, 0x33, 0x66, 0x24, 0x64, 0x84, 0x27, 0xB6, 0x24, 0xA8, 0x62, 0x78, 0x7A, 0xAA,
    0x66, 0x66, 0x66, 0x66, 0x44, 0x76, 0x89, 0x99, 0xBE, 0xED, 0xEE, 0xEE, 0xDD, 0xCB, 0xBE, 0xEE,
    0xEE, 0xEE, 0x99, 0x32, 0x66, 0x24, 0x46, 0x77, 0x44, 0x62, 0x4A, 0x77, 0x61, 0x6A, 0x8A, 0xAA,
    0x66, 0x66, 0x46, 0x66, 0x33, 0x66, 0x99, 0x85, 0x9E, 0xEE, 0xEE, 0xDD, 0xDC, 0xDC, 0x8C, 0xFE,
    0xEE, 0xEC, 0x99, 0x52, 0x46, 0x22, 0x46, 0x68, 0x74, 0x24, 0x78, 0x68, 0x61, 0x5A, 0x78, 0xAA,
    0x66, 0x44, 0x46, 0x66, 0x23, 0x66, 0x99, 0x55, 0x8C, 0xEE, 0xEE, 0xAA, 0x7B, 0xDD, 0x88, 0xFE,
    0xFE, 0xC9, 0x95, 0x92, 0x46, 0x22, 0x47, 0x67, 0xB4, 0x47, 0xA8, 0x8A, 0x63, 0x88, 0x78, 0x8A,
    0x66, 0x64, 0x66, 0x63, 0x46, 0x67, 0x95, 0x55, 0x59, 0xEE, 0xCE, 0x83, 0x38, 0xBC, 0xB5, 0xCD,
    0xEC, 0x99, 0x95, 0x92, 0x36, 0x21, 0x11, 0x11, 0x12, 0x42, 0x11, 0x11, 0x12, 0x88, 0x87, 0x8A,
    0x76, 0x66, 0x77, 0x43, 0x66, 0x69, 0x95, 0x53, 0x35, 0x9C, 0x98, 0x32, 0x25, 0x88, 0xA5, 0xCE,
    0xC9, 0x95, 0x55, 0x53, 0x36, 0x21, 0x11, 0x11, 0x11, 0x11, 0x11, 0x11, 0x12, 0x87, 0x77, 0x8A,
    0x67, 0x77, 0x63, 0x36, 0x66, 0x69, 0x95, 0x33, 0x33, 0x55, 0x32, 0x11, 0x13, 0x35, 0x82, 0x8C,
    0x88, 0x55, 0x33, 0x55, 0x36, 0x32, 0x22, 0x33, 0x33, 0x33, 0x33, 0x33, 0x36, 0x88, 0x87, 0x8A,
    0x23, 0x33, 0x34, 0x66, 0x66, 0x69, 0x95, 0x33, 0x22, 0x32, 0x11, 0x11, 0x11, 0x22, 0x32, 0x28,
    0x33, 0x33, 0x33, 0x55, 0x36, 0x64, 0x12, 0x77, 0x77, 0x87, 0x88, 0x88, 0x88, 0x88, 0x88, 0x8A,
    0x66, 0x46, 0x67, 0x66, 0x67, 0x79, 0x95, 0x33, 0x22, 0x22, 0x11, 0x11, 0x11, 0x11, 0x11, 0x22,
    0x22, 0x32, 0x33, 0x59, 0x54, 0x64, 0x23, 0x44, 0x46, 0x76, 0x77, 0x67, 0x77, 0x78, 0x88, 0x88,
    0x66, 0x66, 0x67, 0x66, 0x66, 0x79, 0x95, 0x32, 0x22, 0x11, 0x11, 0x11, 0x11, 0x11, 0x11, 0x12,
    0x11, 0x22, 0x33, 0x35, 0x54, 0x44, 0x46, 0x64, 0x67, 0x77, 0x77, 0x66, 0x77, 0x77, 0x78, 0x88,
    0x66, 0x66, 0x67, 0x66, 0x66, 0x79, 0x95, 0x32, 0x22, 0x11, 0x11, 0x11, 0x11, 0x11, 0x11, 0x12,
    0x11, 0x12, 0x23, 0x35, 0x94, 0x46, 0x46, 0x44, 0x66, 0x66, 0x66, 0x64, 0x33, 0x46, 0x78, 0x78,
    0x66, 0x66, 0x76, 0x67, 0x66, 0x79, 0x95, 0x32, 0x22, 0x11, 0x11, 0x11, 0x11, 0x11, 0x11, 0x11,
    0x11, 0x11, 0x23, 0x35, 0x96, 0x44, 0x42, 0x33, 0x24, 0x46, 0x66, 0x64, 0x44, 0x46, 0x78, 0x77,
    0x67, 0x76, 0x66, 0x77, 0x76, 0x79, 0x95, 0x52, 0x11, 0x11, 0x11, 0x11, 0x11, 0x11, 0x11, 0x11,
    0x21, 0x11, 0x23, 0x35, 0x96, 0x66, 0x64, 0x44, 0x46, 0x66, 0x66, 0x66, 0x66, 0x77, 0x77, 0x77,
    0x66, 0x77, 0x67, 0x66, 0x76, 0x7C, 0x95, 0x53, 0x21, 0x11, 0x11, 0x11, 0x11, 0x11, 0x11, 0x11,
    0x21, 0x11, 0x23, 0x35, 0x96, 0x76, 0x66, 0x66, 0x66, 0x44, 0x44, 0x66, 0x66, 0x67, 0x77, 0x77,
    0x36, 0x67, 0x67, 0x76, 0x76, 0x7C, 0x99, 0x53, 0x32, 0x11, 0x11, 0x11, 0x11, 0x11, 0x11, 0x11,
    0x12, 0x11, 0x23, 0x35, 0x97, 0x87, 0x66, 0x66, 0x66, 0x44, 0x66, 0x66, 0x66, 0x68, 0x77, 0x78,
    0x34, 0x47, 0x66, 0x76, 0x76, 0x7C, 0x95, 0x32, 0x22, 0x11, 0x11, 0x11, 0x11, 0x11, 0x11, 0x11,
    0x12, 0x11, 0x23, 0x35, 0x97, 0x86, 0x46, 0x66, 0x66, 0x66, 0x66, 0x76, 0x66, 0x67, 0x77, 0x78,
    0x33, 0x36, 0x76, 0x77, 0x77, 0x8E, 0x95, 0x32, 0x22, 0x11, 0x11, 0x11, 0x11, 0x11, 0x11, 0x11,
    0x11, 0x21, 0x23, 0x35, 0x97, 0x64, 0x46, 0x66, 0x66, 0x66, 0x77, 0x77, 0x66, 0x78, 0x77, 0x77,
    0x43, 0x24, 0x66, 0x67, 0x77, 0xAE, 0x95, 0x32, 0x22, 0x11, 0x11, 0x11, 0x11, 0x11, 0x11, 0x11,
    0x11, 0x22, 0x22, 0x59, 0x97, 0x66, 0x66, 0x66, 0x77, 0x76, 0x77, 0x77, 0x77, 0x77, 0x77, 0x78,
    0x34, 0x33, 0x66, 0x67, 0x75, 0x5F, 0x95, 0x32, 0x22, 0x11, 0x11, 0x11, 0x11, 0x11, 0x11, 0x11,
    0x11, 0x22, 0x22, 0x39, 0xB3, 0x56, 0x66, 0x77, 0x87, 0x66, 0x77, 0x77, 0x77, 0x77, 0x77, 0x77,
    0x34, 0x42, 0x47, 0x67, 0x65, 0x3E, 0x99, 0x33, 0x21, 0x11, 0x11, 0x11, 0x11, 0x11, 0x11, 0x11,
    0x11, 0x12, 0x22, 0x39, 0x93, 0x54, 0x66, 0x77, 0x67, 0x77, 0x77, 0x77, 0x76, 0x77, 0x77, 0x77,
    0x63, 0x43, 0x36, 0x77, 0x7C, 0x39, 0x95, 0x53, 0x21, 0x11, 0x11, 0x11, 0x11, 0x11, 0x11, 0x11,
    0x11, 0x25, 0x35, 0x39, 0x95, 0xA6, 0x66, 0x77, 0x78, 0x87, 0x77, 0x77, 0x77, 0x77, 0x77, 0x77,
    0x64, 0x43, 0x46, 0x77, 0x7C, 0x59, 0x95, 0x99, 0x53, 0x21, 0x11, 0x11, 0x11, 0x11, 0x11, 0x11,
    0x13, 0xC8, 0x39, 0x55, 0x55, 0x97, 0x66, 0x77, 0x8A, 0xA8, 0x87, 0x77, 0x77, 0x77, 0x77, 0x77,
    0x75, 0x33, 0x36, 0x77, 0x79, 0x95, 0x95, 0xCE, 0xEE, 0x95, 0x21, 0x11, 0x11, 0x11, 0x11, 0x22,
    0x99, 0x32, 0x35, 0x99, 0x55, 0x97, 0x77, 0x77, 0xA8, 0x7A, 0x88, 0x88, 0x77, 0x77, 0x87, 0x77,
    0x75, 0x53, 0x36, 0x77, 0x69, 0x99, 0x95, 0x9C, 0xC9, 0x9C, 0xE9, 0x21, 0x23, 0x22, 0x23, 0x9E,
    0xC5, 0x25, 0x95, 0x59, 0x99, 0x97, 0x77, 0x78, 0x87, 0x78, 0x88, 0x78, 0x88, 0x77, 0x77, 0x77,
    0x75, 0x55, 0x26, 0x77, 0x79, 0xC9, 0x95, 0x59, 0xC9, 0x35, 0x89, 0xE5, 0x53, 0x33, 0x3C, 0x98,
    0x95, 0x5C, 0x93, 0x39, 0x9C, 0x9A, 0xA7, 0x77, 0x72, 0x38, 0x88, 0x87, 0x87, 0x88, 0x77, 0x78,
    0x75, 0x55, 0x63, 0x48, 0x79, 0xCC, 0x93, 0x33, 0x59, 0x32, 0x22, 0x5C, 0xC3, 0x39, 0x99, 0x32,
    0x32, 0x59, 0x32, 0x39, 0xEC, 0x9A, 0xA8, 0x87, 0x61, 0x27, 0x78, 0x88, 0x78, 0x88, 0x88, 0x88,
    0x75, 0x53, 0x36, 0x68, 0x79, 0x99, 0x93, 0x22, 0x33, 0x53, 0x53, 0x33, 0x31, 0x13, 0x53, 0x33,
    0x35, 0x95, 0x21, 0x39, 0x99, 0x97, 0x88, 0x88, 0x73, 0x38, 0x87, 0x88, 0x78, 0x88, 0x78, 0x88,
    0x55, 0x53, 0x37, 0x77, 0x79, 0x99, 0xC3, 0x21, 0x12, 0x33, 0x22, 0x12, 0x21, 0x12, 0x22, 0x23,
    0x33, 0x32, 0x11, 0x39, 0x99, 0x98, 0xAA, 0x88, 0x8A, 0x88, 0x88, 0x88, 0x88, 0xA8, 0x88, 0x88,
    0x55, 0x53, 0x67, 0x77, 0x45, 0x99, 0xE3, 0x21, 0x11, 0x11, 0x11, 0x23, 0x21, 0x12, 0x12, 0x22,
    0x12, 0x21, 0x12, 0x39, 0x59, 0x88, 0x88, 0xA8, 0xAA, 0xA8, 0x88, 0x88, 0x88, 0x88, 0x88, 0x88,
    0x55, 0x57, 0x88, 0x77, 0x75, 0x35, 0xE5, 0x21, 0x11, 0x11, 0x11, 0x32, 0x11, 0x12, 0x11, 0x11,
    0x11, 0x12, 0x12, 0x39, 0x55, 0x88, 0x88, 0x8A, 0xAA, 0xAA, 0x88, 0x88, 0x88, 0x88, 0xA8, 0x88,
    0x55, 0x35, 0xA8, 0x88, 0x77, 0x35, 0xC9, 0x32, 0x11, 0x11, 0x12, 0x22, 0x11, 0x11, 0x11, 0x11,
    0x11, 0x12, 0x22, 0x3C, 0x53, 0x87, 0x88, 0x88, 0x88, 0xA8, 0x88, 0x88, 0x88, 0x8A, 0x88, 0x88,
    0x53, 0x58, 0x88, 0x87, 0x77, 0x32, 0x99, 0x33, 0x21, 0x11, 0x12, 0x22, 0x21, 0x11, 0x11, 0x11,
    0x11, 0x12, 0x32, 0x59, 0x23, 0x88, 0x78, 0x88, 0x8A, 0x88, 0xAA, 0x88, 0x88, 0xAA, 0x88, 0x8A,
    0x36, 0x7A, 0x8A, 0x77, 0x78, 0x53, 0x59, 0x53, 0x21, 0x11, 0x12, 0x23, 0x21, 0x11, 0x21, 0x11,
    0x11, 0x12, 0x32, 0x95, 0x37, 0x78, 0x88, 0x88, 0xAA, 0xAA, 0xAA, 0xA8, 0x88, 0x8A, 0xA8, 0xAA,
    0x58, 0x8A, 0xA8, 0x87, 0x77, 0xAE, 0xE9, 0x93, 0x21, 0x11, 0x11, 0x25, 0x21, 0x11, 0x32, 0x11,
    0x11, 0x12, 0x23, 0x9E, 0xB7, 0x77, 0x88, 0x88, 0x8A, 0xAA, 0xAA, 0x88, 0xA8, 0x8A, 0xAA, 0xAA,
    0xA8, 0x88, 0x88, 0x88, 0x68, 0xDD, 0xFC, 0x93, 0x22, 0x11, 0x12, 0x22, 0x21, 0x11, 0x23, 0x11,
    0x11, 0x12, 0x23, 0x9F, 0xB8, 0x88, 0x88, 0x88, 0xAA, 0xAA, 0xAA, 0x8A, 0xAA, 0xAA, 0xAA, 0xA7,
    0xA8, 0x88, 0x88, 0x88, 0x7B, 0xDE, 0xFE, 0x93, 0x22, 0x22, 0x12, 0x32, 0x11, 0x11, 0x23, 0x11,
    0x11, 0x12, 0x23, 0xCF, 0xE8, 0x88, 0x88, 0x88, 0x8A, 0xAA, 0xAA, 0x88, 0xAA, 0xAA, 0xAA, 0x37,
    0x88, 0x88, 0x88, 0x87, 0x78, 0xCB, 0xFF, 0x93, 0x32, 0x22, 0x13, 0x93, 0x21, 0x12, 0x33, 0x21,
    0x12, 0x22, 0x33, 0xFF, 0xEA, 0xA8, 0x88, 0x88, 0x88, 0x88, 0xAA, 0xA8, 0xAA, 0xA8, 0x5A, 0xAB,
    0x88, 0xA8, 0x88, 0x88, 0x87, 0xCB, 0xDF, 0x95, 0x33, 0x21, 0x22, 0x59, 0x21, 0x13, 0x93, 0x32,
    0x22, 0x22, 0x25, 0xEE, 0xEA, 0xA8, 0x88, 0x87, 0x78, 0x88, 0xAA, 0xAA, 0xAA, 0xA3, 0x5A, 0xAA,
    0xA8, 0xA8, 0x88, 0xA8, 0x87, 0xBD, 0xBD, 0xC5, 0x53, 0x22, 0x22, 0x9F, 0xC3, 0x5E, 0x93, 0x22,
    0x23, 0x22, 0x3C, 0xDE, 0xC8, 0x88, 0x77, 0x77, 0x77, 0x78, 0xAA, 0xAA, 0xA3, 0x8A, 0xAA, 0xAB,
    0xA8, 0x8A, 0x8A, 0x88, 0x88, 0xAE, 0xBD, 0xE9, 0x93, 0x22, 0x35, 0xEF, 0xFF, 0xFF, 0xE9, 0x22,
    0x25, 0x32, 0x3F, 0xDF, 0xA5, 0x37, 0x77, 0x77, 0x66, 0x66, 0x8A, 0xAA, 0x75, 0xAA, 0xAA, 0xAA,
    0x88, 0x88, 0x88, 0x88, 0x88, 0x8C, 0xDD, 0xE9, 0x99, 0x35, 0x9E, 0xFF, 0xFE, 0xFF, 0xEE, 0x95,
    0x99, 0x52, 0x9E, 0xDF, 0x88, 0x37, 0x66, 0x77, 0x62, 0x25, 0x88, 0x35, 0xAA, 0xAA, 0xAA, 0xAB,
    0xAA, 0x88, 0xAA, 0x88, 0x8A, 0x8B, 0xDD, 0xF9, 0x5E, 0xFE, 0xFE, 0xFE, 0xC9, 0x9C, 0xCE, 0xFF,
    0xFE, 0x32, 0xFE, 0xDE, 0x7A, 0xA8, 0x63, 0x77, 0x31, 0x12, 0x87, 0x5A, 0xAA, 0xAA, 0xAA, 0xAB,
    0xAA, 0xAA, 0xAA, 0xAA, 0x88, 0x8B, 0xFB, 0xFF, 0x59, 0xCE, 0xFF, 0xCC, 0x95, 0x59, 0x9C, 0xEC,
    0x95, 0x25, 0xFD, 0xDE, 0x77, 0x88, 0x88, 0x88, 0x22, 0x21, 0x88, 0xAA, 0xAA, 0xAA, 0xAA, 0xAB,
    0xAA, 0xA8, 0xAA, 0xAA, 0xA8, 0x8C, 0xFD, 0xDF, 0x95, 0x99, 0xC9, 0x53, 0x59, 0x55, 0x35, 0x99,
    0x53, 0x3C, 0xFD, 0xDE, 0x77, 0x88, 0x88, 0x88, 0x51, 0x13, 0x88, 0xAA, 0xAA, 0xAA, 0xAA, 0xBB,
    0xA8, 0x88, 0x8A, 0xAA, 0x8A, 0xEF, 0xFE, 0xDF, 0xE5, 0x99, 0x53, 0x33, 0x33, 0x33, 0x33, 0x99,
    0x93, 0x5F, 0xEB, 0xEE, 0xBA, 0x78, 0x88, 0x8A, 0x85, 0x55, 0xAB, 0xBA, 0xAA, 0xAA, 0xAB, 0xBB,
    0xAA, 0x88, 0x88, 0x8A, 0x8E, 0xEE, 0xFF, 0xBE, 0xF9, 0x99, 0x52, 0x35, 0x99, 0x99, 0x32, 0x9E,
    0x53, 0xCF, 0xDD, 0xEE, 0xFC, 0xB8, 0x88, 0xAA, 0xA8, 0x89, 0xB9, 0xBA, 0xAA, 0xAA, 0xBB, 0xBB,
    0x88, 0x88, 0x88, 0x8A, 0xCF, 0xEE, 0xFF, 0xDD, 0xEF, 0x9C, 0x92, 0x35, 0xEE, 0xEC, 0x32, 0xCF,
    0x99, 0xFE, 0xDD, 0xEE, 0xEB, 0xEB, 0xAA, 0xAA, 0xAB, 0xBB, 0xBA, 0xBA, 0xAA, 0xBB, 0xBB, 0xBB,
    0xAA, 0x88, 0xAB, 0xCF, 0xFF, 0xEE, 0xEF, 0xEB, 0xEF, 0xCE, 0xE3, 0x5C, 0xFF, 0xF9, 0x33, 0xCF,
    0x9E, 0xFD, 0xDE, 0xEF, 0x9C, 0xDD, 0xCA, 0xAA, 0xA9, 0xAA, 0xAA, 0xAA, 0xAB, 0x9B, 0xBB, 0xBB,
    0xA8, 0xAB, 0xDD, 0xEF, 0xFF, 0xEE, 0xEF, 0xFD, 0xDE, 0xFE, 0xE9, 0x9E, 0xFF, 0xEC, 0x9E, 0xFE,
    0xCF, 0xDD, 0xDE, 0xEC, 0xAD, 0xCD, 0xDD, 0xBB, 0x9A, 0xAA, 0xAA, 0xAA, 0xAA, 0xAA, 0xBB, 0xBB,
    0xBC, 0xCD, 0xDD, 0xDE, 0xFF, 0xEE, 0xEE, 0xFD, 0xDE, 0xFF, 0xFC, 0xFC, 0xEE, 0xCC, 0xCF, 0xFE,
    0xFF, 0xDD, 0xDE, 0xE9, 0xBD, 0xBB, 0xDD, 0xDC, 0xAA, 0xAA, 0xAA, 0xBB, 0xBA, 0x9A, 0xBC, 0xBB,
    0xDD, 0xDD, 0xDD, 0xDD, 0xEF, 0xEE, 0xEE, 0xFF, 0xBE, 0xEF, 0xFE, 0xFE, 0xCE, 0xEE, 0xFF, 0xFF,
    0xFE, 0xDB, 0xEF, 0xC9, 0xDB, 0xBB, 0xBD, 0xDD, 0xCB, 0xAB, 0xB9, 0xBB, 0xBB, 0xB9, 0xBC, 0xBA,
    0xBB, 0xBD, 0xDD, 0xDD, 0xDE, 0xEE, 0xEE, 0xFF, 0xDD, 0xEF, 0xFF, 0xFE, 0xEF, 0xFF, 0xFF, 0xFF,
    0xFD, 0xDB, 0xFF, 0x9B, 0xDB, 0xBB, 0xBB, 0xDD, 0xDD, 0xCA, 0xAA, 0xBB, 0xBB, 0x9B, 0xBC, 0xC7,
    0xDB, 0xDD, 0xDD, 0xDD, 0xDD, 0xEE, 0xEE, 0xFF, 0xEB, 0xEF, 0xFF, 0xFF, 0xFF, 0xFF, 0xFF, 0xFF,
    0xED, 0xBD, 0xFE, 0xBD, 0xDB, 0xBB, 0xBB, 0xBB, 0xDD, 0xDC, 0xBA, 0xAB, 0xBB, 0xAA, 0xBC, 0xBA,
    0xDD, 0xDD, 0xDD, 0xDD, 0xDD, 0xED, 0xEE, 0xEF, 0xFB, 0xDE, 0xFF, 0xFF, 0xFF, 0xFF, 0xFF, 0xFF,
    0xDD, 0xBE, 0xFC, 0xDE, 0xDB, 0xBB, 0xBB, 0xBB, 0xBD, 0xDD, 0xDC, 0xAA, 0xBB, 0xBB, 0xBB, 0xBA,
    0xDD, 0xDD, 0xDD, 0xDD, 0xEE, 0xEE, 0xEE, 0xEF, 0xFE, 0xBE, 0xFF, 0xFF, 0xFF, 0xFF, 0xFF, 0xFE,
    0xDB, 0xBF, 0xFC, 0xBA, 0xDB, 0xBD, 0xBB, 0xBB, 0xBD, 0xDD, 0xDD, 0xDB, 0xBB, 0xBB, 0xBB, 0xCA,
    0xDD, 0xDD, 0xDD, 0xED, 0xDE, 0xEE, 0xEE, 0xEF, 0xFF, 0xBB, 0xDF, 0xFF, 0xFF, 0xFF, 0xFF, 0xFE,
    0xEC, 0xEF, 0xCC, 0x9B, 0xBD, 0xDD, 0xDB, 0xBB, 0xDD, 0xBB, 0xBB, 0xDD, 0xCB, 0xBB, 0xBC, 0xC7,
    0xDD, 0xDD, 0xDD, 0xDE, 0xDD, 0xEE, 0xEE, 0xEE, 0xFF, 0xFF, 0xFF, 0xFF, 0xFF, 0xFF, 0xFF, 0xFF,
    0xFF, 0xFF, 0xCD, 0x9C, 0xDA, 0xBD, 0xDD, 0xBB, 0xDB, 0xBB, 0xBB, 0xBD, 0xDD, 0xBB, 0xBC, 0xCB,
    0xDD, 0xDD, 0xDD, 0xDD, 0xDD, 0xEE, 0xED, 0xDE, 0xFF, 0xFF, 0xFF, 0xFE, 0xEF, 0xFF, 0xEF, 0xE9,
    0x9E, 0xFE, 0xDE, 0x91, 0x99, 0xBD, 0xDD, 0xDD, 0xBB, 0xBD, 0xBB, 0xBB, 0xBD, 0xDD, 0xCC, 0xCC,
    0xDD, 0xDD, 0xDD, 0xDD, 0xDD, 0xDE, 0xED, 0xDE, 0xEF, 0xFF, 0xFF, 0xFF, 0xEC, 0xEE, 0xE9, 0x99,
    0x55, 0x9E, 0xFC, 0x35, 0x9E, 0xED, 0xDD, 0xDD, 0xBB, 0xBD, 0xDD, 0xBB, 0xBB, 0xDD, 0xDC, 0xCC,
    0xDD, 0xDD, 0xDD, 0xDD, 0xDD, 0xDD, 0xEE, 0xDD, 0xEF, 0xFF, 0xFF, 0xFF, 0xFC, 0xBD, 0xC5, 0xCE,
    0xB5, 0x22, 0xEC, 0x29, 0x9E, 0xDD, 0xDD, 0xDD, 0xDB, 0xDD, 0xDD, 0xDB, 0xBB, 0xBD, 0xDD, 0xCC,
    0xDD, 0xDD, 0xDD, 0xDD, 0xDD, 0xDD, 0xEE, 0xDD, 0xDE, 0xFF, 0xFF, 0xFF, 0xDD, 0xDC, 0x38, 0xED,
    0xED, 0x81, 0x13, 0x59, 0xED, 0xDD, 0xDD, 0xCD, 0xDB, 0xDD, 0xDD, 0xDD, 0xBB, 0xBB, 0xDD, 0xC9,
    0xDD, 0xDD, 0xDD, 0xDD, 0xDD, 0xDD, 0xDE, 0xED, 0xDE, 0xFF, 0xFF, 0xFF, 0xED, 0xE5, 0x3C, 0xDD,
    0xED, 0xD9, 0x31, 0x39, 0xED, 0xDD, 0xDD, 0x9A, 0xBD, 0xDD, 0xDD, 0xDD, 0xDB, 0xBB, 0xBB, 0xB5,
    0xDD, 0xDD, 0xDD, 0xDD, 0xDD, 0xDD, 0xDD, 0xEE, 0xED, 0xEF, 0xFF, 0xFF, 0xEE, 0x91, 0x8D, 0xDD,
    0xCB, 0xCE, 0xD5, 0x22, 0xCF, 0xDD, 0xDD, 0x9C, 0xB5, 0xCD, 0xDD, 0xDD, 0xDB, 0xBB, 0xBB, 0x89,
    0xDD, 0xDD, 0xDD, 0xDD, 0xDD, 0xDD, 0xDD, 0xDE, 0xED, 0xEF, 0xFF, 0xFF, 0xFC, 0x12, 0xDD, 0xC9,
    0x53, 0x39, 0xDD, 0x82, 0x29, 0xFE, 0xDE, 0x93, 0x95, 0xDD, 0xDD, 0xDD, 0xDD, 0xBB, 0xBA, 0x5F,
    0xDD, 0xDD, 0xDD, 0xDD, 0xDD, 0xDD, 0xDD, 0xDD, 0xED, 0xDE, 0xFF, 0xFF, 0xF3, 0x1A, 0xDD, 0xB5,
    0x99, 0x35, 0x9D, 0xDB, 0x32, 0x3E, 0xEE, 0x32, 0xBE, 0xDD, 0xDD, 0xDD, 0xDD, 0xDB, 0xB5, 0x9F,
    0xDD, 0xDD, 0xDD, 0xDD, 0xDD, 0xDD, 0xDD, 0xDD, 0xDE, 0xDE, 0xEF, 0xFF, 0x91, 0x3D, 0xDD, 0x95,
    0x9E, 0xB3, 0x3D, 0xDD, 0xC5, 0x23, 0xC9, 0x15, 0x9D, 0xDD, 0xDD, 0xDD, 0xDD, 0xBB, 0xA2, 0xCE,
    0xDD, 0xDD, 0xDD, 0xDD, 0xDD, 0xDD, 0xDD, 0xDD, 0xDD, 0xDE, 0xEE, 0xFE, 0x32, 0xBD, 0xDC, 0x31,
    0x39, 0xC2, 0x3C, 0xDD, 0xDD, 0x83, 0x25, 0x35, 0xBD, 0xDD, 0xDD, 0xDD, 0xDD, 0xBD, 0x73, 0xED,
    0xED, 0xDD, 0xDD, 0xDD, 0xDD, 0xDD, 0xDD, 0xDD, 0xDD, 0xDD, 0xEE, 0xF5, 0x28, 0xDD, 0xDE, 0x93,
    0x29, 0xC3, 0x29, 0xEC, 0xDD, 0xDB, 0x53, 0x39, 0xED, 0xDD, 0xDD, 0xDD, 0xDD, 0xDD, 0x35, 0xED,
    0xDE, 0xDD, 0xDD, 0xDD, 0xDD, 0xDD, 0xDD, 0xDD, 0xDD, 0xDD, 0xEE, 0xC2, 0x3D, 0xDD, 0xDB, 0x5C,
    0x9E, 0xC9, 0x55, 0x9D, 0x9C, 0xDD, 0xD5, 0x23, 0xCD, 0xDD, 0xDD, 0xDD, 0xDD, 0xDB, 0x29, 0xED,
    0xDD, 0xDD, 0xDD, 0xDD, 0xDD, 0xDD, 0xDD, 0xDD, 0xDD, 0xDD, 0xEE, 0x52, 0xAD, 0xDD, 0xC5, 0x5C,
    0x5B, 0x9C, 0xCC, 0xEC, 0x3B, 0xED, 0xDD, 0x93, 0x29, 0xCD, 0xDD, 0xDD, 0xDD, 0xDA, 0x2C, 0xEE,
};

static const uint8_t coup_animdata_captain_f04[3072] = {
    0x66, 0x66, 0x66, 0x66, 0x66, 0x67, 0x67, 0x76, 0x66, 0x66, 0x66, 0x66, 0x66, 0x66, 0x66, 0x66,
    0x66, 0x66, 0x77, 0x88, 0x76, 0x66, 0x77, 0x77, 0x78, 0x8A, 0xAA, 0xAA, 0xAA, 0xAA, 0xA7, 0x76,
    0x66, 0x66, 0x66, 0x66, 0x64, 0x66, 0x66, 0x66, 0x66, 0x46, 0x66, 0x66, 0x66, 0x46, 0x44, 0x44,
    0x46, 0x66, 0x77, 0x78, 0x76, 0x67, 0x77, 0x77, 0x78, 0x8A, 0xAA, 0xAA, 0xAA, 0xAA, 0xA7, 0x76,
    0x66, 0x66, 0x66, 0x66, 0x64, 0x46, 0x66, 0x66, 0x44, 0x44, 0x44, 0x46, 0x66, 0x66, 0x44, 0x44,
    0x44, 0x44, 0x77, 0x77, 0x76, 0x67, 0x77, 0x87, 0x7A, 0x8A, 0xAA, 0xAA, 0xAA, 0xAA, 0xAA, 0x7A,
    0x66, 0x66, 0x66, 0x66, 0x44, 0x44, 0x66, 0x64, 0x44, 0x64, 0x44, 0x44, 0x66, 0x66, 0x44, 0x64,
    0x44, 0x47, 0x76, 0x67, 0x76, 0x67, 0x77, 0x77, 0x7A, 0x46, 0xAA, 0xAA, 0xAA, 0xAA, 0xAA, 0x87,
    0x76, 0x66, 0x66, 0x66, 0x44, 0x44, 0x44, 0x44, 0x44, 0x44, 0x44, 0x44, 0x66, 0x44, 0x43, 0x34,
    0x67, 0x76, 0x67, 0x77, 0x66, 0x77, 0x76, 0x77, 0x87, 0x24, 0xA8, 0xAA, 0xAA, 0xAA, 0xAA, 0xA7,
    0x66, 0x66, 0x66, 0x64, 0x44, 0x46, 0x64, 0x44, 0x42, 0x24, 0x44, 0x32, 0x43, 0x22, 0x22, 0x23,
    0x67, 0x76, 0x67, 0x87, 0x64, 0x66, 0x66, 0x66, 0xA4, 0x44, 0x4A, 0xAA, 0xAA, 0xAA, 0xAA, 0xA8,
    0x66, 0x66, 0x66, 0x66, 0x44, 0x44, 0x44, 0x44, 0x44, 0x44, 0x44, 0x44, 0x44, 0x44, 0x44, 0x44,
    0x44, 0x66, 0x66, 0x77, 0x74, 0x46, 0x66, 0x67, 0x62, 0x44, 0x4A, 0xAA, 0xAA, 0xAA, 0xA8, 0xA8,
    0x42, 0x47, 0x34, 0x46, 0x44, 0x44, 0x44, 0x44, 0x44, 0x44, 0x44, 0x44, 0x44, 0x46, 0x44, 0x44,
    0x44, 0x64, 0x46, 0x78, 0x76, 0x46, 0x76, 0x67, 0x77, 0x44, 0x77, 0x8A, 0xAA, 0xA8, 0x8A, 0x8A,
    0x66, 0x66, 0x43, 0x64, 0x44, 0x44, 0x44, 0x44, 0x44, 0x64, 0x44, 0x33, 0x33, 0x32, 0x43, 0x33,
    0x44, 0x66, 0x64, 0x67, 0x76, 0x44, 0x44, 0x47, 0xA8, 0x44, 0xA8, 0x88, 0x86, 0x7A, 0xA8, 0x88,
    0x66, 0x66, 0x67, 0x64, 0x23, 0x64, 0x44, 0x44, 0x46, 0x66, 0x64, 0x44, 0x44, 0x44, 0x44, 0x44,
    0x44, 0x46, 0x44, 0x66, 0x66, 0x66, 0x42, 0x47, 0x77, 0x44, 0x87, 0x74, 0x24, 0xA8, 0xA8, 0x88,
    0x64, 0x46, 0x66, 0x66, 0x44, 0x44, 0x44, 0x44, 0x44, 0x66, 0x44, 0x46, 0x64, 0x44, 0x33, 0x34,
    0x44, 0x46, 0x64, 0x44, 0x66, 0x47, 0x64, 0x68, 0x66, 0x44, 0x86, 0xA4, 0x4B, 0xA8, 0xA8, 0x88,
    0x66, 0x66, 0x66, 0x64, 0x66, 0x22, 0x44, 0x44, 0x44, 0x44, 0x46, 0x44, 0x46, 0x76, 0x44, 0x43,
    0x44, 0x44, 0x44, 0x44, 0x46, 0x77, 0xA4, 0x26, 0x86, 0x44, 0x78, 0x44, 0xAA, 0x78, 0xA8, 0x88,
    0x66, 0x66, 0x66, 0x66, 0x64, 0x42, 0x46, 0x44, 0x44, 0x44, 0x44, 0x44, 0x47, 0xA4, 0x46, 0x44,
    0x44, 0x44, 0x44, 0x66, 0x46, 0x67, 0x7A, 0x44, 0x76, 0x44, 0x54, 0x27, 0xA7, 0x88, 0x88, 0x88,
    0x66, 0x66, 0x66, 0x66, 0x64, 0x66, 0x66, 0x44, 0x44, 0x46, 0xA7, 0xB4, 0x47, 0x77, 0xBB, 0xC8,
    0x44, 0x44, 0x44, 0x44, 0x66, 0x67, 0x67, 0x74, 0x48, 0x44, 0x52, 0x4A, 0x88, 0xA8, 0x88, 0x88,
    0x66, 0x66, 0x66, 0x66, 0x66, 0x66, 0x62, 0x44, 0x64, 0x7E, 0xCD, 0xB7, 0xAB, 0xBE, 0xEE, 0xEF,
    0xB7, 0x44, 0x44, 0x46, 0x66, 0x66, 0x76, 0x77, 0x44, 0x44, 0x24, 0x88, 0x88, 0x88, 0x88, 0x8A,
    0x66, 0x66, 0x66, 0x66, 0x66, 0x66, 0x63, 0x36, 0x66, 0xEF, 0xDD, 0xDD, 0xDE, 0xDF, 0xFF, 0xFF,
    0xFF, 0xA4, 0x44, 0x44, 0x46, 0x46, 0x66, 0x67, 0x44, 0x42, 0x47, 0x77, 0x87, 0x7A, 0xA8, 0xAA,
    0x64, 0x46, 0x66, 0x66, 0x66, 0x66, 0x66, 0x46, 0x6B, 0xFF, 0xDD, 0xED, 0xEE, 0xDF, 0xFF, 0xFF,
    0xFF, 0xF6, 0x44, 0x44, 0x64, 0x66, 0x46, 0x67, 0x84, 0x44, 0x78, 0x77, 0x75, 0x78, 0x6A, 0x8A,
    0x22, 0x22, 0x36, 0x66, 0x66, 0x66, 0x66, 0x66, 0x8F, 0xFF, 0xDE, 0xED, 0xED, 0xDF, 0xFF, 0xFF,
    0xFF, 0xF8, 0x44, 0x44, 0x42, 0x44, 0x46, 0x47, 0x7A, 0xAA, 0xA8, 0x76, 0x64, 0x74, 0x4A, 0xA8,
    0x66, 0x66, 0x32, 0x46, 0x46, 0x66, 0x66, 0x64, 0xCF, 0xFF, 0xEE, 0xDD, 0xDD, 0xEF, 0xFF, 0xFF,
    0xFF, 0xFB, 0x44, 0x64, 0x74, 0x24, 0x44, 0x74, 0x87, 0x77, 0x78, 0x48, 0x46, 0x42, 0x7A, 0xA8,
    0x66, 0x64, 0x66, 0x34, 0x44, 0x66, 0x66, 0x66, 0xEF, 0xFF, 0xFD, 0xDD, 0xDD, 0xEF, 0xFF, 0xFF,
    0xFF, 0xFF, 0x74, 0x44, 0x67, 0x42, 0x44, 0x67, 0x48, 0x77, 0x84, 0x74, 0xA3, 0x24, 0xB8, 0xAA,
    0x66, 0x64, 0x66, 0x43, 0x44, 0x66, 0x66, 0x4B, 0xFF, 0xFF, 0xFD, 0xDD, 0xDD, 0xDE, 0xFF, 0xFF,
    0xFF, 0xFF, 0x94, 0x44, 0x47, 0x74, 0x47, 0x47, 0x46, 0x77, 0x47, 0x67, 0x82, 0x4B, 0xA8, 0xAA,
    0x66, 0x66, 0x66, 0x63, 0x34, 0x46, 0x66, 0x8E, 0xFF, 0xFE, 0xED, 0xDD, 0xDD, 0xDE, 0xFF, 0xFF,
    0xFF, 0xFF, 0xF5, 0x44, 0x46, 0x64, 0x44, 0xA4, 0xA4, 0x76, 0x47, 0x4A, 0x24, 0xAA, 0x88, 0xAA,
    0x66, 0x66, 0x66, 0x66, 0x34, 0x46, 0x66, 0xCE, 0xEF, 0xED, 0xDD, 0xEE, 0xEE, 0xEF, 0xFF, 0xFF,
    0xFF, 0xFF, 0xF5, 0x44, 0x46, 0x33, 0x42, 0x4A, 0x4A, 0x44, 0x84, 0xA4, 0x46, 0x57, 0xA8, 0xAA,
    0x66, 0x66, 0x66, 0x66, 0x34, 0x46, 0x68, 0xEE, 0xEF, 0xED, 0xBA, 0xBE, 0xEF, 0xFF, 0xEF, 0xFF,
    0xFF, 0xFF, 0xF9, 0x36, 0x46, 0x44, 0x74, 0x27, 0x74, 0xAA, 0x4A, 0x42, 0x75, 0x38, 0x88, 0xAA,
    0x76, 0x66, 0x77, 0x66, 0x34, 0x66, 0x59, 0xCC, 0xFF, 0xEE, 0xEB, 0x77, 0x7E, 0xFF, 0xEE, 0xEF,
    0xFF, 0xFF, 0xF9, 0x34, 0x44, 0x44, 0x67, 0x44, 0xA6, 0x74, 0xA6, 0x24, 0xB3, 0x38, 0x88, 0xAA,
    0x77, 0x76, 0x66, 0x66, 0x34, 0x66, 0x5B, 0x9C, 0xEF, 0xEE, 0xFF, 0xDA, 0x67, 0xEE, 0xFE, 0xEE,
    0xFF, 0xFF, 0xEC, 0x33, 0x64, 0x32, 0x47, 0x44, 0x4A, 0x47, 0x82, 0x4A, 0x83, 0x38, 0x88, 0xAA,
    0x76, 0x66, 0x66, 0x67, 0x46, 0x74, 0x89, 0x9B, 0xEF, 0xEE, 0xFE, 0xDD, 0xEB, 0xAE, 0xEE, 0xEE,
    0xEF, 0xEE, 0xC9, 0x33, 0x66, 0x34, 0x64, 0x84, 0x44, 0xBA, 0x24, 0xA8, 0x73, 0x38, 0x88, 0xAA,
    0x66, 0x66, 0x66, 0x66, 0x46, 0x76, 0x99, 0x99, 0xCE, 0xEE, 0xEE, 0xEE, 0xDD, 0xCB, 0xCE, 0xEE,
    0xEE, 0xEE, 0xC9, 0x52, 0x66, 0x33, 0x44, 0x78, 0x42, 0x44, 0x27, 0x87, 0x82, 0x28, 0x88, 0xAA,
    0x66, 0x64, 0x66, 0x66, 0x24, 0x45, 0x99, 0x88, 0x9E, 0xEE, 0xEE, 0xDD, 0xDC, 0xDC, 0x8C, 0xFE,
    0xEE, 0xEC, 0x99, 0x92, 0x46, 0x32, 0x46, 0x66, 0xA4, 0x42, 0x4A, 0x67, 0x82, 0x2A, 0x87, 0x8A,
    0x66, 0x64, 0x66, 0x74, 0x24, 0x68, 0x95, 0x55, 0x9C, 0xEE, 0xEE, 0xAA, 0x7B, 0xDD, 0x88, 0xFE,
    0xFE, 0xCB, 0x95, 0x92, 0x36, 0x32, 0x37, 0x67, 0xAA, 0x44, 0xA8, 0x8A, 0xA3, 0x68, 0x87, 0x8A,
    0x66, 0x64, 0x66, 0x42, 0x66, 0x69, 0x95, 0x53, 0x5C, 0xEE, 0xEE, 0x53, 0x4A, 0xBD, 0xB5, 0xED,
    0xEC, 0x99, 0x95, 0x93, 0x37, 0x21, 0x11, 0x11, 0x12, 0x44, 0x11, 0x11, 0x11, 0x68, 0x87, 0x88,
    0x66, 0x66, 0x76, 0x24, 0x66, 0x79, 0x95, 0x33, 0x58, 0xCC, 0x98, 0x32, 0x37, 0x88, 0xA5, 0xCE,
    0xCB, 0x95, 0x55, 0x53, 0x36, 0x21, 0x11, 0x11, 0x11, 0x11, 0x11, 0x11, 0x11, 0x67, 0x87, 0x78,
    0x77, 0x77, 0x42, 0x46, 0x66, 0x79, 0x95, 0x33, 0x35, 0x55, 0x32, 0x11, 0x23, 0x55, 0x72, 0x9C,
    0x98, 0x55, 0x53, 0x55, 0x36, 0x42, 0x22, 0x22, 0x22, 0x22, 0x22, 0x22, 0x23, 0x78, 0x87, 0x78,
    0x33, 0x33, 0x34, 0x66, 0x76, 0x89, 0x55, 0x33, 0x23, 0x32, 0x11, 0x11, 0x11, 0x22, 0x52, 0x29,
    0x33, 0x53, 0x33, 0x59, 0x36, 0x66, 0x22, 0x68, 0x77, 0x88, 0x88, 0x88, 0x8A, 0x88, 0x88, 0x88,
    0x64, 0x46, 0x66, 0x66, 0x76, 0x89, 0x55, 0x32, 0x22, 0x22, 0x11, 0x11, 0x11, 0x11, 0x11, 0x22,
    0x22, 0x33, 0x33, 0x59, 0x56, 0x64, 0x22, 0x46, 0x46, 0x67, 0x67, 0x77, 0x77, 0x77, 0x88, 0x88,
    0x66, 0x66, 0x76, 0x66, 0x66, 0x89, 0x55, 0x32, 0x22, 0x11, 0x11, 0x11, 0x11, 0x11, 0x11, 0x22,
    0x11, 0x22, 0x23, 0x39, 0x56, 0x44, 0x44, 0x64, 0x66, 0x77, 0x77, 0x76, 0x77, 0x77, 0x88, 0xA8,
    0x66, 0x66, 0x77, 0x66, 0x66, 0x99, 0x55, 0x32, 0x21, 0x11, 0x11, 0x11, 0x11, 0x11, 0x11, 0x12,
    0x11, 0x12, 0x23, 0x35, 0x96, 0x46, 0x46, 0x64, 0x66, 0x66, 0x66, 0x66, 0x43, 0x46, 0x78, 0x87,
    0x66, 0x66, 0x66, 0x77, 0x66, 0x89, 0x95, 0x32, 0x22, 0x11, 0x11, 0x11, 0x11, 0x11, 0x11, 0x11,
    0x11, 0x11, 0x23, 0x35, 0x96, 0x44, 0x42, 0x24, 0x24, 0x44, 0x66, 0x66, 0x34, 0x44, 0x78, 0x77,
    0x67, 0x66, 0x67, 0x77, 0x76, 0x89, 0x95, 0x32, 0x11, 0x11, 0x11, 0x11, 0x11, 0x11, 0x11, 0x11,
    0x21, 0x11, 0x23, 0x35, 0x97, 0x66, 0x64, 0x44, 0x44, 0x66, 0x66, 0x66, 0x66, 0x77, 0x77, 0x77,
    0x67, 0x76, 0x66, 0x77, 0x76, 0x99, 0x95, 0x53, 0x11, 0x11, 0x11, 0x11, 0x11, 0x11, 0x11, 0x11,
    0x21, 0x11, 0x23, 0x35, 0x97, 0x67, 0x67, 0x66, 0x66, 0x46, 0x44, 0x46, 0x66, 0x67, 0x77, 0x77,
    0x46, 0x76, 0x77, 0x66, 0x76, 0x9C, 0x95, 0x53, 0x21, 0x11, 0x11, 0x11, 0x11, 0x11, 0x11, 0x11,
    0x11, 0x11, 0x23, 0x35, 0x97, 0x77, 0x66, 0x46, 0x66, 0x64, 0x44, 0x66, 0x66, 0x67, 0x77, 0x77,
    0x44, 0x67, 0x67, 0x76, 0x76, 0x99, 0x95, 0x33, 0x22, 0x11, 0x11, 0x11, 0x11, 0x11, 0x11, 0x11,
    0x12, 0x11, 0x22, 0x35, 0x97, 0x87, 0x46, 0x66, 0x66, 0x66, 0x66, 0x66, 0x66, 0x67, 0x87, 0x77,
    0x32, 0x67, 0x66, 0x76, 0x76, 0xBC, 0x93, 0x22, 0x22, 0x11, 0x11, 0x11, 0x11, 0x11, 0x11, 0x11,
    0x11, 0x11, 0x23, 0x35, 0x98, 0x76, 0x46, 0x66, 0x66, 0x66, 0x66, 0x77, 0x66, 0x67, 0x78, 0x77,
    0x33, 0x36, 0x66, 0x77, 0x77, 0xBE, 0x93, 0x22, 0x22, 0x11, 0x11, 0x11, 0x11, 0x11, 0x11, 0x11,
    0x11, 0x22, 0x22, 0x55, 0x97, 0x64, 0x66, 0x66, 0x66, 0x66, 0x68, 0x77, 0x76, 0x77, 0x77, 0x77,
    0x43, 0x34, 0x66, 0x67, 0x73, 0xCE, 0x95, 0x22, 0x22, 0x11, 0x11, 0x11, 0x11, 0x11, 0x11, 0x11,
    0x11, 0x32, 0x22, 0x39, 0xC5, 0x56, 0x66, 0x67, 0x87, 0x76, 0x77, 0x77, 0x77, 0x77, 0x77, 0x87,
    0x34, 0x33, 0x66, 0x76, 0x73, 0x9E, 0x95, 0x32, 0x21, 0x11, 0x11, 0x11, 0x11, 0x11, 0x11, 0x11,
    0x11, 0x12, 0x22, 0x39, 0xC3, 0x56, 0x66, 0x77, 0x77, 0x77, 0x77, 0x77, 0x77, 0x77, 0x77, 0x77,
    0x34, 0x33, 0x66, 0x77, 0x89, 0x5E, 0x95, 0x33, 0x21, 0x11, 0x11, 0x11, 0x11, 0x11, 0x11, 0x11,
    0x11, 0x23, 0x23, 0x35, 0x93, 0x96, 0x66, 0x77, 0x77, 0x87, 0x77, 0x77, 0x77, 0x77, 0x77, 0x78,
    0x44, 0x33, 0x66, 0x77, 0xA9, 0x3C, 0x59, 0x93, 0x32, 0x11, 0x11, 0x11, 0x11, 0x11, 0x11, 0x11,
    0x12, 0x99, 0x39, 0x35, 0x93, 0x97, 0x66, 0x67, 0x88, 0xA8, 0x77, 0x77, 0x77, 0x77, 0x77, 0x77,
    0x63, 0x33, 0x67, 0x77, 0x89, 0x59, 0x59, 0xCC, 0x99, 0x32, 0x11, 0x11, 0x11, 0x11, 0x11, 0x11,
    0x3B, 0x93, 0x35, 0x95, 0x93, 0x97, 0x76, 0x77, 0x8A, 0x8A, 0x88, 0x78, 0x77, 0x77, 0x77, 0x78,
    0x63, 0x53, 0x37, 0x76, 0x8C, 0x59, 0x55, 0xCC, 0xCC, 0xCC, 0x92, 0x11, 0x22, 0x11, 0x12, 0x39,
    0xC5, 0x12, 0x55, 0x99, 0x99, 0x98, 0x77, 0x77, 0x88, 0x78, 0x88, 0x87, 0x87, 0x87, 0x77, 0x77,
    0x75, 0x53, 0x37, 0x76, 0x8C, 0x99, 0x55, 0x9C, 0xC5, 0x59, 0xEE, 0x92, 0x33, 0x32, 0x39, 0xCE,
    0x95, 0x59, 0x95, 0x39, 0x99, 0x98, 0x87, 0x78, 0x85, 0x38, 0x88, 0x87, 0x88, 0x88, 0x77, 0x87,
    0x63, 0x53, 0x36, 0x77, 0x7C, 0xC9, 0x53, 0x35, 0x95, 0x23, 0x23, 0xCC, 0x93, 0x59, 0x9C, 0x32,
    0x62, 0x39, 0x53, 0x39, 0xCC, 0x9A, 0xA8, 0x87, 0x72, 0x15, 0x88, 0x87, 0x78, 0x88, 0x87, 0x78,
    0x55, 0x55, 0x73, 0x77, 0x89, 0xC9, 0x53, 0x23, 0x55, 0x33, 0x53, 0x39, 0x52, 0x39, 0x95, 0x32,
    0x33, 0x99, 0x31, 0x29, 0xCC, 0x98, 0x88, 0x88, 0x72, 0x26, 0x77, 0x88, 0x78, 0x88, 0x88, 0x88,
    0x55, 0x53, 0x47, 0x77, 0x89, 0x9C, 0x93, 0x22, 0x23, 0x35, 0x33, 0x22, 0x21, 0x12, 0x32, 0x33,
    0x35, 0x53, 0x11, 0x29, 0x99, 0x98, 0x8A, 0x88, 0x87, 0x78, 0x88, 0x88, 0x87, 0x8A, 0x88, 0x88,
    0x55, 0x33, 0x67, 0x76, 0x59, 0x9C, 0x93, 0x21, 0x11, 0x22, 0x11, 0x13, 0x21, 0x12, 0x22, 0x22,
    0x22, 0x21, 0x11, 0x39, 0x99, 0x98, 0x8A, 0xA8, 0x8A, 0xA8, 0x88, 0x88, 0x88, 0x8A, 0x88, 0x88,
    0x55, 0x55, 0x87, 0x77, 0x45, 0x59, 0x93, 0x21, 0x11, 0x11, 0x11, 0x33, 0x11, 0x12, 0x11, 0x21,
    0x11, 0x12, 0x12, 0x39, 0x55, 0x98, 0x88, 0x8A, 0xAA, 0xAA, 0x88, 0x88, 0x88, 0x88, 0x8A, 0x88,
    0x55, 0x58, 0x87, 0x87, 0x75, 0x39, 0xC3, 0x21, 0x11, 0x11, 0x12, 0x32, 0x11, 0x12, 0x11, 0x11,
    0x11, 0x12, 0x21, 0x39, 0x93, 0x88, 0x88, 0x8A, 0x8A, 0xAA, 0xA8, 0x88, 0x88, 0x88, 0xA8, 0x88,
    0x53, 0x5A, 0x88, 0x87, 0x75, 0x25, 0x95, 0x32, 0x11, 0x11, 0x12, 0x22, 0x11, 0x11, 0x11, 0x11,
    0x11, 0x12, 0x22, 0x39, 0x33, 0x87, 0x78, 0x88, 0x88, 0x88, 0x88, 0x8A, 0x8A, 0x8A, 0x8A, 0x88,
    0x53, 0xA8, 0x88, 0x77, 0x77, 0x32, 0x99, 0x32, 0x21, 0x11, 0x12, 0x23, 0x21, 0x11, 0x11, 0x11,
    0x11, 0x12, 0x32, 0x59, 0x23, 0x78, 0x88, 0x8A, 0xAA, 0xAA, 0xAA, 0xA8, 0x88, 0xAA, 0xA8, 0x8A,
    0x77, 0x8A, 0xA8, 0x77, 0x87, 0x89, 0x99, 0x33, 0x21, 0x11, 0x11, 0x35, 0x21, 0x12, 0x21, 0x11,
    0x11, 0x12, 0x32, 0x99, 0x97, 0x78, 0x88, 0x88, 0x8A, 0xAA, 0xAA, 0x88, 0x8A, 0x8A, 0xAA, 0xAA,
    0x88, 0x8A, 0x88, 0x77, 0x68, 0xCF, 0xE9, 0x53, 0x21, 0x11, 0x12, 0x23, 0x21, 0x11, 0x32, 0x11,
    0x11, 0x12, 0x22, 0x5F, 0xB8, 0x87, 0x88, 0x88, 0x8A, 0xAA, 0xAA, 0xAA, 0xAA, 0x8A, 0xAA, 0xAA,
    0x88, 0x88, 0x88, 0x87, 0x6C, 0xDF, 0xF9, 0x53, 0x22, 0x21, 0x12, 0x22, 0x11, 0x11, 0x23, 0x11,
    0x11, 0x12, 0x23, 0x9F, 0xE8, 0x88, 0x88, 0x88, 0x8A, 0xAA, 0xAA, 0xA8, 0xAA, 0xAA, 0xAA, 0xA5,
    0x88, 0x88, 0x88, 0x87, 0x7C, 0xDE, 0xFE, 0x93, 0x22, 0x22, 0x13, 0x53, 0x11, 0x12, 0x33, 0x21,
    0x12, 0x22, 0x23, 0xCF, 0xEA, 0x88, 0x88, 0x88, 0x8A, 0x8A, 0xAA, 0xA8, 0x8A, 0xAA, 0xAA, 0x75,
    0x8A, 0x88, 0x88, 0x77, 0x7A, 0xDB, 0xFF, 0x93, 0x32, 0x21, 0x23, 0x93, 0x21, 0x12, 0x53, 0x21,
    0x12, 0x22, 0x33, 0xEF, 0xEA, 0xA8, 0x88, 0x78, 0x88, 0x88, 0xAA, 0xA8, 0xAA, 0xA8, 0x35, 0xBB,
    0x8A, 0x88, 0x88, 0x88, 0x88, 0xCB, 0xDF, 0x95, 0x32, 0x21, 0x22, 0x99, 0x21, 0x19, 0x92, 0x32,
    0x22, 0x22, 0x25, 0xED, 0xF8, 0x88, 0x87, 0x87, 0x77, 0x88, 0xAA, 0xAA, 0xAA, 0x88, 0x5A, 0xAA,
    0x8A, 0x88, 0xAA, 0xA8, 0x87, 0xCB, 0xBE, 0x95, 0x53, 0x22, 0x23, 0x9F, 0xE9, 0x9F, 0x93, 0x22,
    0x23, 0x22, 0x2E, 0xDE, 0xC7, 0x88, 0x77, 0x77, 0x77, 0x77, 0xAA, 0xAA, 0xA5, 0x5A, 0xAA, 0xAA,
    0x88, 0xA8, 0x88, 0x88, 0x88, 0xBD, 0xBE, 0xC5, 0x93, 0x23, 0x59, 0xFF, 0xFF, 0xFF, 0xE9, 0x32,
    0x25, 0x32, 0x3F, 0xDF, 0xA6, 0x36, 0x87, 0x77, 0x66, 0x55, 0x7A, 0xA8, 0xA7, 0xAA, 0xAA, 0xAA,
    0x88, 0x88, 0x88, 0x88, 0x8A, 0xAE, 0xBD, 0xE9, 0xC9, 0x59, 0xEE, 0xFF, 0xFE, 0xFF, 0xEE, 0x99,
    0x9C, 0x52, 0x9F, 0xDF, 0x8A, 0x77, 0x63, 0x77, 0x62, 0x13, 0x7A, 0x35, 0xAA, 0xAA, 0xAA, 0xAB,
    0xAA, 0x8A, 0xA8, 0x88, 0xAA, 0x8E, 0xDD, 0xF9, 0x9F, 0xFF, 0xFE, 0xEE, 0x99, 0x99, 0x9E, 0xFF,
    0xFE, 0x32, 0xFE, 0xDE, 0x88, 0x88, 0x75, 0x58, 0x51, 0x21, 0x58, 0x8A, 0xAA, 0xAA, 0xAA, 0xAA,
    0xAA, 0xAA, 0xAA, 0xAA, 0x88, 0x8E, 0xED, 0xFE, 0x59, 0x9C, 0xFE, 0x99, 0x95, 0x99, 0x9C, 0xC9,
    0x93, 0x25, 0xFD, 0xDE, 0x87, 0x88, 0x88, 0xA8, 0x51, 0x21, 0x58, 0xAA, 0xAA, 0xAA, 0xAA, 0xAA,
    0x88, 0x8A, 0xAA, 0xAA, 0xA8, 0xAF, 0xFB, 0xEF, 0x55, 0x99, 0x95, 0x33, 0x55, 0x33, 0x35, 0x99,
    0x53, 0x3C, 0xFD, 0xDF, 0xA7, 0x88, 0x88, 0x88, 0x82, 0x13, 0x78, 0xAA, 0xAA, 0xAA, 0xAA, 0xAB,
    0x88, 0x88, 0xAA, 0xAA, 0xAC, 0xFF, 0xFD, 0xDF, 0xE5, 0x99, 0x53, 0x33, 0x33, 0x33, 0x33, 0x9C,
    0x93, 0x5F, 0xEB, 0xEE, 0xCB, 0x87, 0x88, 0x8A, 0x87, 0x55, 0x8B, 0xBA, 0xAA, 0xAA, 0xAB, 0xBB,
    0xA8, 0x88, 0x88, 0xA8, 0xBF, 0xEE, 0xFE, 0xBE, 0xF9, 0x99, 0x32, 0x35, 0x99, 0xC9, 0x32, 0x9E,
    0x53, 0xCF, 0xDD, 0xED, 0xFC, 0xCA, 0x88, 0xAA, 0xAA, 0x89, 0xBA, 0xBA, 0xAA, 0xAA, 0xBB, 0xBB,
    0x88, 0x88, 0x88, 0xAB, 0xFE, 0xEE, 0xFF, 0xBD, 0xFE, 0x9E, 0x52, 0x39, 0xEE, 0xFC, 0x33, 0xCF,
    0x99, 0xFE, 0xDD, 0xEE, 0xE9, 0xEC, 0xAA, 0xAA, 0xAA, 0xBB, 0xBA, 0xAA, 0xAA, 0xAB, 0xBB, 0xBB,
    0xA8, 0x88, 0xBC, 0xEF, 0xFE, 0xEE, 0xFF, 0xDD, 0xEF, 0xCE, 0xC3, 0x9E, 0xFE, 0xF9, 0x35, 0xEE,
    0x9E, 0xFD, 0xDE, 0xEF, 0x9B, 0xDD, 0xDB, 0xAA, 0xA9, 0xA9, 0xAA, 0xAA, 0xAB, 0x9B, 0xBB, 0xBB,
    0xA8, 0xBC, 0xDE, 0xEF, 0xFE, 0xEE, 0xEF, 0xFD, 0xEF, 0xFE, 0xE9, 0xCE, 0xFF, 0xE9, 0x9F, 0xFE,
    0xCF, 0xDD, 0xDE, 0xEE, 0x9D, 0xDD, 0xDD, 0xCB, 0x9A, 0xAA, 0xAA, 0xAA, 0xAA, 0xAA, 0xBB, 0xCB,
    0xCC, 0xDD, 0xDD, 0xDE, 0xFF, 0xEE, 0xEF, 0xFD, 0xDE, 0xFF, 0xEE, 0xFC, 0xEE, 0x9C, 0xEF, 0xFE,
    0xFF, 0xDD, 0xDE, 0xE9, 0xBD, 0xBB, 0xDD, 0xDC, 0xB8, 0xAA, 0xAA, 0xBB, 0xBB, 0xB9, 0xBC, 0xBB,
    0xDD, 0xDD, 0xDD, 0xDD, 0xFF, 0xDE, 0xEF, 0xFE, 0xDE, 0xFF, 0xFF, 0xFE, 0xCE, 0xEE, 0xFF, 0xFF,
    0xFE, 0xDB, 0xEF, 0xE9, 0xDD, 0xBB, 0xBD, 0xDD, 0xDB, 0xAB, 0xB9, 0xBB, 0xBB, 0xBB, 0xBC, 0xBB,
    0xBB, 0xBD, 0xDD, 0xDD, 0xDE, 0xDE, 0xEF, 0xFF, 0xBE, 0xEF, 0xFE, 0xFE, 0xEF, 0xFF, 0xFF, 0xFF,
    0xFD, 0xDB, 0xFF, 0x9B, 0xDB, 0xBB, 0xBB, 0xBD, 0xDD, 0xCB, 0xAA, 0xBB, 0xBB, 0xAB, 0xBB, 0xCB,
    0xDD, 0xDD, 0xDD, 0xDD, 0xDE, 0xDE, 0xEF, 0xFF, 0xDD, 0xEF, 0xFF, 0xFF, 0xFF, 0xFF, 0xFF, 0xFF,
    0xED, 0xBC, 0xFE, 0xBD, 0xDB, 0xBB, 0xBB, 0xBB, 0xDD, 0xDD, 0xBB, 0xAA, 0xBB, 0xAA, 0x9B, 0xBB,
    0xDD, 0xDD, 0xDD, 0xDE, 0xDE, 0xEE, 0xEE, 0xFF, 0xFB, 0xEE, 0xFF, 0xFF, 0xFF, 0xFF, 0xFF, 0xFF,
    0xDD, 0xBE, 0xFC, 0xCE, 0xDD, 0xBB, 0xBB, 0xBB, 0xBD, 0xDD, 0xDC, 0xBA, 0xAB, 0xBB, 0xBB, 0xBB,
    0xDD, 0xDD, 0xDD, 0xDD, 0xEE, 0xEE, 0xEE, 0xFF, 0xFD, 0xDE, 0xFF, 0xFF, 0xFF, 0xFF, 0xFF, 0xFE,
    0xDB, 0xAF, 0xFC, 0xBA, 0xDB, 0xBD, 0xBB, 0xBB, 0xBD, 0xDD, 0xDD, 0xDC, 0xBB, 0xBB, 0xBB, 0xBC,
    0xDD, 0xDE, 0xDD, 0xED, 0xEE, 0xEE, 0xEE, 0xEF, 0xFE, 0xBD, 0xDF, 0xFF, 0xFF, 0xFF, 0xFF, 0xFE,
    0xEC, 0xEF, 0xCC, 0x9B, 0xBB, 0xDD, 0xDB, 0xBB, 0xBD, 0xBB, 0xBB, 0xDD, 0xDC, 0xBB, 0xBB, 0xCB,
    0xDD, 0xDD, 0xDD, 0xDE, 0xDE, 0xEE, 0xEE, 0xEE, 0xFF, 0xFF, 0xFF, 0xFF, 0xFF, 0xFF, 0xFF, 0xFF,
    0xFF, 0xFF, 0xCE, 0x9C, 0xCB, 0xAD, 0xDD, 0xBB, 0xDB, 0xBB, 0xBB, 0xBD, 0xDD, 0xCB, 0xBC, 0xCC,
    0xDD, 0xDD, 0xDD, 0xDE, 0xDD, 0xEE, 0xED, 0xDE, 0xFF, 0xFF, 0xFF, 0xFE, 0xEF, 0xFF, 0xEF, 0xE9,
    0xBE, 0xFF, 0xCE, 0xC1, 0x99, 0x9D, 0xDD, 0xDB, 0xDB, 0xBB, 0xDB, 0xBB, 0xBD, 0xDD, 0xCC, 0xBC,
    0xDD, 0xDD, 0xDD, 0xDD, 0xDD, 0xEE, 0xED, 0xEE, 0xEF, 0xFF, 0xFF, 0xFF, 0xDC, 0xEE, 0xE9, 0x99,
    0x55, 0xBE, 0xFE, 0x33, 0x9C, 0xED, 0xDD, 0xDD, 0xDB, 0xBD, 0xDD, 0xBB, 0xBB, 0xBD, 0xDC, 0xCC,
    0xDD, 0xDD, 0xDD, 0xDD, 0xDD, 0xDE, 0xED, 0xDD, 0xEF, 0xFF, 0xFF, 0xFF, 0xFC, 0xBD, 0xC5, 0xBE,
    0xB5, 0x23, 0xEE, 0x29, 0x9E, 0xDD, 0xDD, 0xDD, 0xDB, 0xBD, 0xDD, 0xDB, 0xBB, 0xBB, 0xDD, 0xDC,
    0xDD, 0xDD, 0xDD, 0xDD, 0xDD, 0xDD, 0xEE, 0xDD, 0xEF, 0xFF, 0xFF, 0xFF, 0xDE, 0xDC, 0x38, 0xEE,
    0xEC, 0x51, 0x15, 0x59, 0xCE, 0xDD, 0xDD, 0xDD, 0xDB, 0xBD, 0xDD, 0xDD, 0xDB, 0xBB, 0xBD, 0xDC,
    0xDD, 0xDD, 0xDD, 0xDD, 0xDD, 0xDD, 0xDE, 0xED, 0xDE, 0xFF, 0xFF, 0xFF, 0xED, 0xE5, 0x3C, 0xDD,
    0xED, 0xD9, 0x21, 0x35, 0xEE, 0xDD, 0xDD, 0xCA, 0xBD, 0xDD, 0xDD, 0xDD, 0xDD, 0xBB, 0xBB, 0xB9,
    0xDD, 0xDD, 0xDD, 0xDD, 0xDD, 0xDD, 0xDE, 0xED, 0xDE, 0xFF, 0xFF, 0xFF, 0xEE, 0x91, 0x8D, 0xDD,
    0xCC, 0xCE, 0xC5, 0x22, 0xCF, 0xDD, 0xDD, 0xBC, 0xD8, 0xBD, 0xDD, 0xDD, 0xDD, 0xBB, 0xBB, 0xB5,
    0xDD, 0xDD, 0xDD, 0xDD, 0xDD, 0xDD, 0xDD, 0xEE, 0xED, 0xEF, 0xFF, 0xFE, 0xFC, 0x12, 0xDD, 0xD9,
    0x53, 0x59, 0xDD, 0x82, 0x29, 0xFE, 0xDE, 0xC3, 0x95, 0xAD, 0xDD, 0xDD, 0xDD, 0xDB, 0xBB, 0x55,
    0xDD, 0xDD, 0xDD, 0xDD, 0xDD, 0xDD, 0xDD, 0xDD, 0xED, 0xEF, 0xFF, 0xFF, 0xF3, 0x1A, 0xDD, 0xB5,
    0x95, 0x35, 0x9D, 0xDB, 0x32, 0x5E, 0xEE, 0x92, 0x9E, 0xDD, 0xDD, 0xDD, 0xDD, 0xDB, 0xBA, 0x3C,
    0xDD, 0xDD, 0xDD, 0xDD, 0xDD, 0xDD, 0xDD, 0xDD, 0xDE, 0xDE, 0xEF, 0xFF, 0x91, 0x3D, 0xDD, 0x99,
    0x9E, 0x93, 0x3D, 0xDD, 0xC5, 0x23, 0xCF, 0x13, 0x9C, 0xDD, 0xDD, 0xDD, 0xDD, 0xDB, 0xD5, 0x3F,
    0xDD, 0xDD, 0xDD, 0xDD, 0xDD, 0xDD, 0xDD, 0xDD, 0xDD, 0xDE, 0xEF, 0xFE, 0x32, 0xBD, 0xDC, 0x32,
    0x39, 0xC2, 0x2B, 0xDD, 0xDD, 0x83, 0x25, 0x33, 0x9D, 0xDD, 0xDD, 0xDD, 0xDD, 0xDB, 0xD3, 0x9F,
    0xDD, 0xDD, 0xDD, 0xDD, 0xDD, 0xDD, 0xDD, 0xDD, 0xDD, 0xDE, 0xEE, 0xF5, 0x27, 0xDD, 0xDD, 0x82,
    0x15, 0xD3, 0x29, 0xED, 0xDD, 0xDA, 0x33, 0x39, 0xCD, 0xDD, 0xDD, 0xDD, 0xDD, 0xDD, 0xB2, 0xCE,
    0xED, 0xDD, 0xDD, 0xDD, 0xDD, 0xDD, 0xDD, 0xDD, 0xDD, 0xDD, 0xEF, 0xC2, 0x3D, 0xDD, 0xDC, 0x99,
    0x9E, 0xC5, 0x35, 0x9C, 0xCC, 0xDD, 0xC5, 0x23, 0xED, 0xDD, 0xDD, 0xDD, 0xDD, 0xDD, 0x82, 0xED,
};

static const uint8_t coup_animdata_captain_f05[3072] = {
    0x46, 0x66, 0x66, 0x66, 0x66, 0x67, 0x77, 0x77, 0x77, 0x67, 0x44, 0x44, 0x44, 0x44, 0x44, 0x44,
    0x44, 0x44, 0x44, 0x77, 0x66, 0x67, 0x77, 0x77, 0x88, 0xAA, 0xAA, 0xAA, 0xAA, 0xAA, 0x77, 0x77,
    0x66, 0x66, 0x66, 0x66, 0x66, 0x46, 0x66, 0x66, 0x66, 0x66, 0x66, 0x66, 0x66, 0x66, 0x66, 0x64,
    0x66, 0x67, 0x77, 0x88, 0x76, 0x67, 0x77, 0x77, 0x78, 0x8A, 0xAA, 0xAA, 0xAA, 0xAA, 0x77, 0x67,
    0x76, 0x66, 0x66, 0x66, 0x64, 0x46, 0x66, 0x66, 0x64, 0x44, 0x44, 0x46, 0x66, 0x66, 0x44, 0x44,
    0x44, 0x66, 0x77, 0x77, 0x76, 0x67, 0x77, 0x77, 0x8A, 0xAA, 0xAA, 0xAA, 0xAA, 0xAA, 0xA7, 0xA4,
    0x76, 0x66, 0x66, 0x66, 0x44, 0x46, 0x66, 0x66, 0x44, 0x44, 0x44, 0x44, 0x66, 0x66, 0x44, 0x44,
    0x44, 0x46, 0x76, 0x77, 0x76, 0x67, 0x77, 0x87, 0x8A, 0x4A, 0x8A, 0xAA, 0xAA, 0xAA, 0xA8, 0x7A,
    0x76, 0x66, 0x66, 0x66, 0x64, 0x44, 0x44, 0x44, 0x44, 0x44, 0x44, 0x44, 0x66, 0x66, 0x44, 0x44,
    0x46, 0x67, 0x66, 0x77, 0x67, 0x67, 0x77, 0x77, 0xA6, 0x27, 0xAA, 0xAA, 0xAA, 0xAA, 0xAA, 0x77,
    0x76, 0x66, 0x66, 0x66, 0x44, 0x44, 0x66, 0x44, 0x44, 0x24, 0x44, 0x42, 0x44, 0x22, 0x22, 0x23,
    0x67, 0x64, 0x67, 0x87, 0x66, 0x76, 0x66, 0x77, 0xA4, 0x44, 0xA8, 0xAA, 0xAA, 0xAA, 0xA8, 0xA7,
    0x66, 0x66, 0x66, 0x66, 0x44, 0x44, 0x64, 0x44, 0x44, 0x24, 0x44, 0x44, 0x43, 0x33, 0x44, 0x44,
    0x46, 0x77, 0x66, 0x87, 0x64, 0x66, 0x66, 0x68, 0x42, 0x44, 0x4A, 0xAA, 0xAA, 0xAA, 0x8A, 0x87,
    0x63, 0x36, 0x64, 0x46, 0x64, 0x44, 0x44, 0x44, 0x44, 0x44, 0x44, 0x46, 0x44, 0x46, 0x64, 0x44,
    0x44, 0x44, 0x67, 0x78, 0x74, 0x46, 0x66, 0x67, 0x44, 0x44, 0x4A, 0xAA, 0xAA, 0x88, 0xA8, 0xA7,
    0x64, 0x46, 0x42, 0x46, 0x44, 0x44, 0x44, 0x44, 0x44, 0x44, 0x44, 0x44, 0x44, 0x33, 0x44, 0x33,
    0x44, 0x64, 0x66, 0x78, 0x76, 0x44, 0x66, 0x77, 0xA6, 0x4A, 0xA8, 0xAA, 0xA8, 0x8A, 0xA8, 0x8A,
    0x66, 0x66, 0x66, 0x64, 0x24, 0x44, 0x44, 0x44, 0x44, 0x66, 0x64, 0x44, 0x44, 0x44, 0x44, 0x44,
    0x44, 0x66, 0x44, 0x66, 0x64, 0x64, 0x22, 0x47, 0x84, 0x47, 0x87, 0x44, 0x24, 0xAA, 0xA8, 0x88,
    0x64, 0x46, 0x66, 0x66, 0x43, 0x44, 0x44, 0x44, 0x44, 0x66, 0x44, 0x46, 0x64, 0x66, 0x43, 0x24,
    0x44, 0x46, 0x44, 0x66, 0x66, 0x68, 0x44, 0xA6, 0x64, 0x47, 0x77, 0x82, 0x4B, 0xAA, 0xA8, 0x8A,
    0x66, 0x66, 0x66, 0x64, 0x66, 0x42, 0x44, 0x44, 0x44, 0x44, 0x44, 0x64, 0x44, 0x66, 0x43, 0x43,
    0x44, 0x44, 0x44, 0x44, 0x66, 0x67, 0x74, 0x48, 0x74, 0x47, 0x78, 0x44, 0xA8, 0x78, 0xA8, 0x8A,
    0x66, 0x66, 0x66, 0x66, 0x66, 0x42, 0x36, 0x44, 0x44, 0x44, 0x46, 0x44, 0x47, 0xA4, 0x44, 0x44,
    0x44, 0x44, 0x44, 0x64, 0x46, 0x77, 0x87, 0x44, 0x84, 0x44, 0x54, 0x4A, 0xA7, 0x88, 0x88, 0x88,
    0x66, 0x66, 0x66, 0x66, 0x64, 0x46, 0x46, 0x44, 0x44, 0x44, 0x77, 0x77, 0x47, 0x77, 0xAA, 0xA6,
    0x44, 0x44, 0x44, 0x44, 0x66, 0x67, 0x68, 0x44, 0x66, 0x47, 0x32, 0x7A, 0x78, 0x88, 0x88, 0x88,
    0x66, 0x66, 0x66, 0x66, 0x64, 0x66, 0x63, 0x44, 0x66, 0x4A, 0xCB, 0xD7, 0x7A, 0xAD, 0xEE, 0xEE,
    0x86, 0x44, 0x44, 0x46, 0x66, 0x67, 0x66, 0x84, 0x44, 0x44, 0x24, 0xA8, 0x88, 0x88, 0x88, 0x8A,
    0x66, 0x66, 0x66, 0x66, 0x66, 0x66, 0x64, 0x26, 0x66, 0xBF, 0xDD, 0xBD, 0xDE, 0xDF, 0xFF, 0xFF,
    0xFE, 0x84, 0x44, 0x44, 0x46, 0x66, 0x66, 0x67, 0x44, 0x42, 0x48, 0x67, 0x77, 0x8A, 0xA8, 0xAA,
    0x66, 0x66, 0x66, 0x66, 0x66, 0x66, 0x66, 0x46, 0x68, 0xFF, 0xDD, 0xED, 0xDE, 0xDF, 0xFF, 0xFF,
    0xFF, 0xE4, 0x44, 0x44, 0x64, 0x66, 0x66, 0x68, 0x74, 0x44, 0xA8, 0x77, 0x56, 0xA7, 0xAA, 0xAA,
    0x32, 0x22, 0x36, 0x66, 0x66, 0x66, 0x66, 0x66, 0x6C, 0xFF, 0xED, 0xED, 0xEE, 0xDF, 0xFF, 0xFF,
    0xFF, 0xF7, 0x44, 0x46, 0x44, 0x44, 0x44, 0x48, 0x8A, 0xAA, 0x8A, 0x67, 0x44, 0x72, 0x4A, 0x8A,
    0x36, 0x66, 0x42, 0x36, 0x44, 0x66, 0x66, 0x64, 0x8F, 0xFF, 0xEE, 0xDD, 0xDD, 0xDF, 0xFF, 0xFF,
    0xFF, 0xFB, 0x44, 0x44, 0x44, 0x24, 0x47, 0x46, 0x87, 0x77, 0x87, 0x68, 0x46, 0x24, 0xAA, 0xA8,
    0x66, 0x66, 0x66, 0x34, 0x64, 0x66, 0x66, 0x74, 0x9F, 0xFF, 0xFE, 0xDB, 0xDD, 0xEF, 0xFF, 0xFF,
    0xFF, 0xFE, 0x64, 0x44, 0x76, 0x42, 0x64, 0x74, 0x77, 0x77, 0x74, 0x74, 0x82, 0x4A, 0x98, 0xA8,
    0x66, 0x64, 0x66, 0x63, 0x44, 0x46, 0x67, 0x67, 0xFF, 0xFF, 0xFD, 0xDD, 0xDD, 0xEE, 0xFF, 0xFF,
    0xFF, 0xFF, 0x94, 0x44, 0x47, 0x44, 0x47, 0x4A, 0x47, 0x77, 0x48, 0x4A, 0x42, 0x7B, 0x8A, 0xAA,
    0x66, 0x66, 0x66, 0x64, 0x24, 0x46, 0x66, 0x6C, 0xFF, 0xFF, 0xED, 0xDD, 0xDD, 0xDE, 0xFF, 0xFF,
    0xFF, 0xFF, 0xE5, 0x44, 0x46, 0x64, 0x24, 0x74, 0x74, 0xA4, 0x74, 0x77, 0x24, 0xAA, 0x8A, 0xAA,
    0x66, 0x66, 0x66, 0x66, 0x34, 0x44, 0x66, 0x9E, 0xEF, 0xFD, 0xDD, 0xEE, 0xEE, 0xEF, 0xFF, 0xFF,
    0xFF, 0xFF, 0xF5, 0x44, 0x46, 0x34, 0x42, 0x87, 0x77, 0x47, 0x67, 0x82, 0x47, 0x7A, 0x8A, 0xAA,
    0x66, 0x66, 0x66, 0x66, 0x44, 0x44, 0x65, 0xCE, 0xEE, 0xFD, 0xBA, 0xBE, 0xEF, 0xFF, 0xEF, 0xFF,
    0xFF, 0xFF, 0xF9, 0x36, 0x46, 0x36, 0x74, 0x4A, 0x47, 0xA7, 0x4A, 0x24, 0xA2, 0x6A, 0x8A, 0xAA,
    0x76, 0x66, 0x67, 0x66, 0x43, 0x66, 0x68, 0xCC, 0xEF, 0xEE, 0xEC, 0x7A, 0x7E, 0xFF, 0xEE, 0xEF,
    0xFF, 0xFF, 0xF9, 0x34, 0x44, 0x44, 0x74, 0x44, 0xA4, 0x84, 0xA4, 0x4A, 0x82, 0x7A, 0x7A, 0xAA,
    0x77, 0x76, 0x66, 0x66, 0x44, 0x66, 0x69, 0x9B, 0xEF, 0xEE, 0xFF, 0xEA, 0x67, 0xEE, 0xFE, 0xEE,
    0xFF, 0xFF, 0xE9, 0x34, 0x64, 0x32, 0x47, 0x44, 0x4A, 0x4A, 0x42, 0x7A, 0x63, 0x7A, 0x8A, 0xAA,
    0x77, 0x66, 0x66, 0x66, 0x64, 0x76, 0x59, 0x99, 0xCF, 0xEE, 0xFE, 0xED, 0xDB, 0xAE, 0xEE, 0xEE,
    0xFF, 0xEE, 0xC9, 0x33, 0x66, 0x24, 0x64, 0x84, 0x27, 0xB6, 0x24, 0xA8, 0x62, 0x78, 0x7A, 0xAA,
    0x66, 0x66, 0x66, 0x66, 0x44, 0x76, 0x89, 0x99, 0xBE, 0xED, 0xEE, 0xEE, 0xDD, 0xCB, 0xBE, 0xEE,
    0xEE, 0xEE, 0x99, 0x32, 0x66, 0x24, 0x46, 0x77, 0x44, 0x62, 0x4A, 0x77, 0x61, 0x6A, 0x8A, 0xAA,
    0x66, 0x66, 0x46, 0x66, 0x33, 0x66, 0x99, 0x85, 0x9E, 0xEE, 0xEE, 0xDD, 0xDC, 0xDC, 0x8C, 0xFE,
    0xEE, 0xEC, 0x99, 0x52, 0x46, 0x22, 0x46, 0x68, 0x74, 0x24, 0x78, 0x68, 0x61, 0x5A, 0x78, 0xAA,
    0x66, 0x44, 0x46, 0x66, 0x23, 0x66, 0x99, 0x55, 0x8C, 0xEE, 0xEE, 0xAA, 0x7B, 0xDD, 0x88, 0xFE,
    0xFE, 0xC9, 0x95, 0x92, 0x46, 0x22, 0x47, 0x67, 0xB4, 0x47, 0xA8, 0x8A, 0x63, 0x88, 0x78, 0x8A,
    0x66, 0x64, 0x66, 0x63, 0x46, 0x67, 0x95, 0x55, 0x59, 0xEE, 0xCE, 0x83, 0x38, 0xBC, 0xB5, 0xCD,
    0xEC, 0x99, 0x95, 0x92, 0x36, 0x21, 0x11, 0x11, 0x12, 0x42, 0x11, 0x11, 0x12, 0x88, 0x87, 0x8A,
    0x76, 0x66, 0x77, 0x43, 0x66, 0x69, 0x95, 0x53, 0x35, 0x9C, 0x98, 0x32, 0x25, 0x88, 0xA5, 0xCE,
    0xC9, 0x95, 0x55, 0x53, 0x36, 0x21, 0x11, 0x11, 0x11, 0x11, 0x11, 0x11, 0x12, 0x87, 0x77, 0x8A,
    0x67, 0x77, 0x63, 0x36, 0x66, 0x69, 0x95, 0x33, 0x33, 0x55, 0x32, 0x11, 0x13, 0x35, 0x82, 0x8C,
    0x88, 0x55, 0x33, 0x55, 0x36, 0x32, 0x22, 0x33, 0x33, 0x33, 0x33, 0x33, 0x36, 0x88, 0x87, 0x8A,
    0x23, 0x33, 0x34, 0x66, 0x66, 0x69, 0x95, 0x33, 0x22, 0x32, 0x11, 0x11, 0x11, 0x22, 0x32, 0x28,
    0x33, 0x33, 0x33, 0x55, 0x36, 0x64, 0x12, 0x77, 0x77, 0x87, 0x88, 0x88, 0x88, 0x88, 0x88, 0x8A,
    0x66, 0x46, 0x67, 0x66, 0x67, 0x79, 0x95, 0x33, 0x22, 0x22, 0x11, 0x11, 0x11, 0x11, 0x11, 0x22,
    0x22, 0x32, 0x33, 0x59, 0x54, 0x64, 0x23, 0x44, 0x46, 0x76, 0x77, 0x67, 0x77, 0x78, 0x88, 0x88,
    0x66, 0x66, 0x67, 0x66, 0x66, 0x79, 0x95, 0x32, 0x22, 0x11, 0x11, 0x11, 0x11, 0x11, 0x11, 0x12,
    0x11, 0x22, 0x33, 0x35, 0x54, 0x44, 0x46, 0x64, 0x67, 0x77, 0x77, 0x66, 0x77, 0x77, 0x78, 0x88,
    0x66, 0x66, 0x67, 0x66, 0x66, 0x79, 0x95, 0x32, 0x22, 0x11, 0x11, 0x11, 0x11, 0x11, 0x11, 0x12,
    0x11, 0x12, 0x23, 0x35, 0x94, 0x46, 0x46, 0x44, 0x66, 0x66, 0x66, 0x64, 0x33, 0x46, 0x78, 0x78,
    0x66, 0x66, 0x76, 0x67, 0x66, 0x79, 0x95, 0x32, 0x22, 0x11, 0x11, 0x11, 0x11, 0x11, 0x11, 0x11,
    0x11, 0x11, 0x23, 0x35, 0x96, 0x44, 0x42, 0x33, 0x24, 0x46, 0x66, 0x64, 0x44, 0x46, 0x78, 0x77,
    0x67, 0x76, 0x66, 0x77, 0x76, 0x79, 0x95, 0x52, 0x11, 0x11, 0x11, 0x11, 0x11, 0x11, 0x11, 0x11,
    0x21, 0x11, 0x23, 0x35, 0x96, 0x66, 0x64, 0x44, 0x46, 0x66, 0x66, 0x66, 0x66, 0x77, 0x77, 0x77,
    0x66, 0x77, 0x67, 0x66, 0x76, 0x7C, 0x95, 0x53, 0x21, 0x11, 0x11, 0x11, 0x11, 0x11, 0x11, 0x11,
    0x21, 0x11, 0x23, 0x35, 0x96, 0x76, 0x66, 0x66, 0x66, 0x44, 0x44, 0x66, 0x66, 0x67, 0x77, 0x77,
    0x36, 0x67, 0x67, 0x76, 0x76, 0x7C, 0x99, 0x53, 0x32, 0x11, 0x11, 0x11, 0x11, 0x11, 0x11, 0x11,
    0x12, 0x11, 0x23, 0x35, 0x97, 0x87, 0x66, 0x66, 0x66, 0x44, 0x66, 0x66, 0x66, 0x68, 0x77, 0x78,
    0x34, 0x47, 0x66, 0x76, 0x76, 0x7C, 0x95, 0x32, 0x22, 0x11, 0x11, 0x11, 0x11, 0x11, 0x11, 0x11,
    0x12, 0x11, 0x23, 0x35, 0x97, 0x86, 0x46, 0x66, 0x66, 0x66, 0x66, 0x76, 0x66, 0x67, 0x77, 0x78,
    0x33, 0x36, 0x76, 0x77, 0x77, 0x8E, 0x95, 0x32, 0x22, 0x11, 0x11, 0x11, 0x11, 0x11, 0x11, 0x11,
    0x11, 0x21, 0x23, 0x35, 0x97, 0x64, 0x46, 0x66, 0x66, 0x66, 0x77, 0x77, 0x66, 0x78, 0x77, 0x77,
    0x43, 0x24, 0x66, 0x67, 0x77, 0xAE, 0x95, 0x32, 0x22, 0x11, 0x11, 0x11, 0x11, 0x11, 0x11, 0x11,
    0x11, 0x22, 0x22, 0x59, 0x97, 0x66, 0x66, 0x66, 0x77, 0x76, 0x77, 0x77, 0x77, 0x77, 0x77, 0x78,
    0x34, 0x33, 0x66, 0x67, 0x75, 0x5F, 0x95, 0x32, 0x22, 0x11, 0x11, 0x11, 0x11, 0x11, 0x11, 0x11,
    0x11, 0x22, 0x22, 0x39, 0xB3, 0x56, 0x66, 0x77, 0x87, 0x66, 0x77, 0x77, 0x77, 0x77, 0x77, 0x77,
    0x34, 0x42, 0x47, 0x67, 0x65, 0x3E, 0x99, 0x33, 0x21, 0x11, 0x11, 0x11, 0x11, 0x11, 0x11, 0x11,
    0x11, 0x12, 0x22, 0x39, 0x93, 0x54, 0x66, 0x77, 0x67, 0x77, 0x77, 0x77, 0x76, 0x77, 0x77, 0x77,
    0x63, 0x43, 0x36, 0x77, 0x7C, 0x39, 0x95, 0x53, 0x21, 0x11, 0x11, 0x11, 0x11, 0x11, 0x11, 0x11,
    0x11, 0x25, 0x35, 0x39, 0x95, 0xA6, 0x66, 0x77, 0x78, 0x87, 0x77, 0x77, 0x77, 0x77, 0x77, 0x77,
    0x64, 0x43, 0x46, 0x77, 0x7C, 0x59, 0x95, 0x99, 0x53, 0x21, 0x11, 0x11, 0x11, 0x11, 0x11, 0x11,
    0x13, 0xC8, 0x39, 0x55, 0x55, 0x97, 0x66, 0x77, 0x8A, 0xA8, 0x87, 0x77, 0x77, 0x77, 0x77, 0x77,
    0x75, 0x33, 0x36, 0x77, 0x79, 0x95, 0x95, 0xCE, 0xEE, 0x95, 0x21, 0x11, 0x11, 0x11, 0x11, 0x22,
    0x99, 0x32, 0x35, 0x99, 0x55, 0x97, 0x77, 0x77, 0xA8, 0x7A, 0x88, 0x88, 0x77, 0x77, 0x87, 0x77,
    0x75, 0x53, 0x36, 0x77, 0x69, 0x99, 0x95, 0x9C, 0xC9, 0x9C, 0xE9, 0x21, 0x23, 0x22, 0x23, 0x9E,
    0xC5, 0x25, 0x95, 0x59, 0x99, 0x97, 0x77, 0x78, 0x87, 0x78, 0x88, 0x78, 0x88, 0x77, 0x77, 0x77,
    0x75, 0x55, 0x26, 0x77, 0x79, 0xC9, 0x95, 0x59, 0xC9, 0x35, 0x89, 0xE5, 0x53, 0x33, 0x3C, 0x98,
    0x95, 0x5C, 0x93, 0x39, 0x9C, 0x9A, 0xA7, 0x77, 0x72, 0x38, 0x88, 0x87, 0x87, 0x88, 0x77, 0x78,
    0x75, 0x55, 0x63, 0x48, 0x79, 0xCC, 0x93, 0x33, 0x59, 0x32, 0x22, 0x5C, 0xC3, 0x39, 0x99, 0x32,
    0x32, 0x59, 0x32, 0x39, 0xEC, 0x9A, 0xA8, 0x87, 0x61, 0x27, 0x78, 0x88, 0x78, 0x88, 0x88, 0x88,
    0x75, 0x53, 0x36, 0x68, 0x79, 0x99, 0x93, 0x22, 0x33, 0x53, 0x53, 0x33, 0x31, 0x13, 0x53, 0x33,
    0x35, 0x95, 0x21, 0x39, 0x99, 0x97, 0x88, 0x88, 0x73, 0x38, 0x87, 0x88, 0x78, 0x88, 0x78, 0x88,
    0x55, 0x53, 0x37, 0x77, 0x79, 0x99, 0xC3, 0x21, 0x12, 0x33, 0x22, 0x12, 0x21, 0x12, 0x22, 0x23,
    0x33, 0x32, 0x11, 0x39, 0x99, 0x98, 0xAA, 0x88, 0x8A, 0x88, 0x88, 0x88, 0x88, 0xA8, 0x88, 0x88,
    0x55, 0x53, 0x67, 0x77, 0x45, 0x99, 0xE3, 0x21, 0x11, 0x11, 0x11, 0x23, 0x21, 0x12, 0x12, 0x22,
    0x12, 0x21, 0x12, 0x39, 0x59, 0x88, 0x88, 0xA8, 0xAA, 0xA8, 0x88, 0x88, 0x88, 0x88, 0x88, 0x88,
    0x55, 0x57, 0x88, 0x77, 0x75, 0x35, 0xE5, 0x21, 0x11, 0x11, 0x11, 0x32, 0x11, 0x12, 0x11, 0x11,
    0x11, 0x12, 0x12, 0x39, 0x55, 0x88, 0x88, 0x8A, 0xAA, 0xAA, 0x88, 0x88, 0x88, 0x88, 0xA8, 0x88,
    0x55, 0x35, 0xA8, 0x88, 0x77, 0x35, 0xC9, 0x32, 0x11, 0x11, 0x12, 0x22, 0x11, 0x11, 0x11, 0x11,
    0x11, 0x12, 0x22, 0x3C, 0x53, 0x87, 0x88, 0x88, 0x88, 0xA8, 0x88, 0x88, 0x88, 0x8A, 0x88, 0x88,
    0x53, 0x58, 0x88, 0x87, 0x77, 0x32, 0x99, 0x33, 0x21, 0x11, 0x12, 0x22, 0x21, 0x11, 0x11, 0x11,
    0x11, 0x12, 0x32, 0x59, 0x23, 0x88, 0x78, 0x88, 0x8A, 0x88, 0xAA, 0x88, 0x88, 0xAA, 0x88, 0x8A,
    0x36, 0x7A, 0x8A, 0x77, 0x78, 0x53, 0x59, 0x53, 0x21, 0x11, 0x12, 0x23, 0x21, 0x11, 0x21, 0x11,
    0x11, 0x12, 0x32, 0x95, 0x37, 0x78, 0x88, 0x88, 0xAA, 0xAA, 0xAA, 0xA8, 0x88, 0x8A, 0xA8, 0xAA,
    0x58, 0x8A, 0xA8, 0x87, 0x77, 0xAE, 0xE9, 0x93, 0x21, 0x11, 0x11, 0x25, 0x21, 0x11, 0x32, 0x11,
    0x11, 0x12, 0x23, 0x9E, 0xB7, 0x77, 0x88, 0x88, 0x8A, 0xAA, 0xAA, 0x88, 0xA8, 0x8A, 0xAA, 0xAA,
    0xA8, 0x88, 0x88, 0x88, 0x68, 0xDD, 0xFC, 0x93, 0x22, 0x11, 0x12, 0x22, 0x21, 0x11, 0x23, 0x11,
    0x11, 0x12, 0x23, 0x9F, 0xB8, 0x88, 0x88, 0x88, 0xAA, 0xAA, 0xAA, 0x8A, 0xAA, 0xAA, 0xAA, 0xA7,
    0xA8, 0x88, 0x88, 0x88, 0x7B, 0xDE, 0xFE, 0x93, 0x22, 0x22, 0x12, 0x32, 0x11, 0x11, 0x23, 0x11,
    0x11, 0x12, 0x23, 0xCF, 0xE8, 0x88, 0x88, 0x88, 0x8A, 0xAA, 0xAA, 0x88, 0xAA, 0xAA, 0xAA, 0x37,
    0x88, 0x88, 0x88, 0x87, 0x78, 0xCB, 0xFF, 0x93, 0x32, 0x22, 0x13, 0x93, 0x21, 0x12, 0x33, 0x21,
    0x12, 0x22, 0x33, 0xFF, 0xEA, 0xA8, 0x88, 0x88, 0x88, 0x88, 0xAA, 0xA8, 0xAA, 0xA8, 0x5A, 0xAB,
    0x88, 0xA8, 0x88, 0x88, 0x87, 0xCB, 0xDF, 0x95, 0x33, 0x21, 0x22, 0x59, 0x21, 0x13, 0x93, 0x32,
    0x22, 0x22, 0x25, 0xEE, 0xEA, 0xA8, 0x88, 0x87, 0x78, 0x88, 0xAA, 0xAA, 0xAA, 0xA3, 0x5A, 0xAA,
    0xA8, 0xA8, 0x88, 0xA8, 0x87, 0xBD, 0xBD, 0xC5, 0x53, 0x22, 0x22, 0x9F, 0xC3, 0x5E, 0x93, 0x22,
    0x23, 0x22, 0x3C, 0xDE, 0xC8, 0x88, 0x77, 0x77, 0x77, 0x78, 0xAA, 0xAA, 0xA3, 0x8A, 0xAA, 0xAB,
    0xA8, 0x8A, 0x8A, 0x88, 0x88, 0xAE, 0xBD, 0xE9, 0x93, 0x22, 0x35, 0xEF, 0xFF, 0xFF, 0xE9, 0x22,
    0x25, 0x32, 0x3F, 0xDF, 0xA5, 0x37, 0x77, 0x77, 0x66, 0x66, 0x8A, 0xAA, 0x75, 0xAA, 0xAA, 0xAA,
    0x88, 0x88, 0x88, 0x88, 0x88, 0x8C, 0xDD, 0xE9, 0x99, 0x35, 0x9E, 0xFF, 0xFE, 0xFF, 0xEE, 0x95,
    0x99, 0x52, 0x9E, 0xDF, 0x88, 0x37, 0x66, 0x77, 0x62, 0x25, 0x88, 0x35, 0xAA, 0xAA, 0xAA, 0xAB,
    0xAA, 0x88, 0xAA, 0x88, 0x8A, 0x8B, 0xDD, 0xF9, 0x5E, 0xFE, 0xFE, 0xFE, 0xC9, 0x9C, 0xCE, 0xFF,
    0xFE, 0x32, 0xFE, 0xDE, 0x7A, 0xA8, 0x63, 0x77, 0x31, 0x12, 0x87, 0x5A, 0xAA, 0xAA, 0xAA, 0xAB,
    0xAA, 0xAA, 0xAA, 0xAA, 0x88, 0x8B, 0xFB, 0xFF, 0x59, 0xCE, 0xFF, 0xCC, 0x95, 0x59, 0x9C, 0xEC,
    0x95, 0x25, 0xFD, 0xDE, 0x77, 0x88, 0x88, 0x88, 0x22, 0x21, 0x88, 0xAA, 0xAA, 0xAA, 0xAA, 0xAB,
    0xAA, 0xA8, 0xAA, 0xAA, 0xA8, 0x8C, 0xFD, 0xDF, 0x95, 0x99, 0xC9, 0x53, 0x59, 0x55, 0x35, 0x99,
    0x53, 0x3C, 0xFD, 0xDE, 0x77, 0x88, 0x88, 0x88, 0x51, 0x13, 0x88, 0xAA, 0xAA, 0xAA, 0xAA, 0xBB,
    0xA8, 0x88, 0x8A, 0xAA, 0x8A, 0xEF, 0xFE, 0xDF, 0xE5, 0x99, 0x53, 0x33, 0x33, 0x33, 0x33, 0x99,
    0x93, 0x5F, 0xEB, 0xEE, 0xBA, 0x78, 0x88, 0x8A, 0x85, 0x55, 0xAB, 0xBA, 0xAA, 0xAA, 0xAB, 0xBB,
    0xAA, 0x88, 0x88, 0x8A, 0x8E, 0xEE, 0xFF, 0xBE, 0xF9, 0x99, 0x52, 0x35, 0x99, 0x99, 0x32, 0x9E,
    0x53, 0xCF, 0xDD, 0xEE, 0xFC, 0xB8, 0x88, 0xAA, 0xA8, 0x89, 0xB9, 0xBA, 0xAA, 0xAA, 0xBB, 0xBB,
    0x88, 0x88, 0x88, 0x8A, 0xCF, 0xEE, 0xFF, 0xDD, 0xEF, 0x9C, 0x92, 0x35, 0xEE, 0xEC, 0x32, 0xCF,
    0x99, 0xFE, 0xDD, 0xEE, 0xEB, 0xEB, 0xAA, 0xAA, 0xAB, 0xBB, 0xBA, 0xBA, 0xAA, 0xBB, 0xBB, 0xBB,
    0xAA, 0x88, 0xAB, 0xCF, 0xFF, 0xEE, 0xEF, 0xEB, 0xEF, 0xCE, 0xE3, 0x5C, 0xFF, 0xF9, 0x33, 0xCF,
    0x9E, 0xFD, 0xDE, 0xEF, 0x9C, 0xDD, 0xCA, 0xAA, 0xA9, 0xAA, 0xAA, 0xAA, 0xAB, 0x9B, 0xBB, 0xBB,
    0xA8, 0xAB, 0xDD, 0xEF, 0xFF, 0xEE, 0xEF, 0xFD, 0xDE, 0xFE, 0xE9, 0x9E, 0xFF, 0xEC, 0x9E, 0xFE,
    0xCF, 0xDD, 0xDE, 0xEC, 0xAD, 0xCD, 0xDD, 0xBB, 0x9A, 0xAA, 0xAA, 0xAA, 0xAA, 0xAA, 0xBB, 0xBB,
    0xBC, 0xCD, 0xDD, 0xDE, 0xFF, 0xEE, 0xEE, 0xFD, 0xDE, 0xFF, 0xFC, 0xFC, 0xEE, 0xCC, 0xCF, 0xFE,
    0xFF, 0xDD, 0xDE, 0xE9, 0xBD, 0xBB, 0xDD, 0xDC, 0xAA, 0xAA, 0xAA, 0xBB, 0xBA, 0x9A, 0xBC, 0xBB,
    0xDD, 0xDD, 0xDD, 0xDD, 0xEF, 0xEE, 0xEE, 0xFF, 0xBE, 0xEF, 0xFE, 0xFE, 0xCE, 0xEE, 0xFF, 0xFF,
    0xFE, 0xDB, 0xEF, 0xC9, 0xDB, 0xBB, 0xBD, 0xDD, 0xCB, 0xAB, 0xB9, 0xBB, 0xBB, 0xB9, 0xBC, 0xBA,
    0xBB, 0xBD, 0xDD, 0xDD, 0xDE, 0xEE, 0xEE, 0xFF, 0xDD, 0xEF, 0xFF, 0xFE, 0xEF, 0xFF, 0xFF, 0xFF,
    0xFD, 0xDB, 0xFF, 0x9B, 0xDB, 0xBB, 0xBB, 0xDD, 0xDD, 0xCA, 0xAA, 0xBB, 0xBB, 0x9B, 0xBC, 0xC7,
    0xDB, 0xDD, 0xDD, 0xDD, 0xDD, 0xEE, 0xEE, 0xFF, 0xEB, 0xEF, 0xFF, 0xFF, 0xFF, 0xFF, 0xFF, 0xFF,
    0xED, 0xBD, 0xFE, 0xBD, 0xDB, 0xBB, 0xBB, 0xBB, 0xDD, 0xDC, 0xBA, 0xAB, 0xBB, 0xAA, 0xBC, 0xBA,
    0xDD, 0xDD, 0xDD, 0xDD, 0xDD, 0xED, 0xEE, 0xEF, 0xFB, 0xDE, 0xFF, 0xFF, 0xFF, 0xFF, 0xFF, 0xFF,
    0xDD, 0xBE, 0xFC, 0xDE, 0xDB, 0xBB, 0xBB, 0xBB, 0xBD, 0xDD, 0xDC, 0xAA, 0xBB, 0xBB, 0xBB, 0xBA,
    0xDD, 0xDD, 0xDD, 0xDD, 0xEE, 0xEE, 0xEE, 0xEF, 0xFE, 0xBE, 0xFF, 0xFF, 0xFF, 0xFF, 0xFF, 0xFE,
    0xDB, 0xBF, 0xFC, 0xBA, 0xDB, 0xBD, 0xBB, 0xBB, 0xBD, 0xDD, 0xDD, 0xDB, 0xBB, 0xBB, 0xBB, 0xCA,
    0xDD, 0xDD, 0xDD, 0xED, 0xDE, 0xEE, 0xEE, 0xEF, 0xFF, 0xBB, 0xDF, 0xFF, 0xFF, 0xFF, 0xFF, 0xFE,
    0xEC, 0xEF, 0xCC, 0x9B, 0xBD, 0xDD, 0xDB, 0xBB, 0xDD, 0xBB, 0xBB, 0xDD, 0xCB, 0xBB, 0xBC, 0xC7,
    0xDD, 0xDD, 0xDD, 0xDE, 0xDD, 0xEE, 0xEE, 0xEE, 0xFF, 0xFF, 0xFF, 0xFF, 0xFF, 0xFF, 0xFF, 0xFF,
    0xFF, 0xFF, 0xCD, 0x9C, 0xDA, 0xBD, 0xDD, 0xBB, 0xDB, 0xBB, 0xBB, 0xBD, 0xDD, 0xBB, 0xBC, 0xCB,
    0xDD, 0xDD, 0xDD, 0xDD, 0xDD, 0xEE, 0xED, 0xDE, 0xFF, 0xFF, 0xFF, 0xFE, 0xEF, 0xFF, 0xEF, 0xE9,
    0x9E, 0xFE, 0xDE, 0x91, 0x99, 0xBD, 0xDD, 0xDD, 0xBB, 0xBD, 0xBB, 0xBB, 0xBD, 0xDD, 0xCC, 0xCC,
    0xDD, 0xDD, 0xDD, 0xDD, 0xDD, 0xDE, 0xED, 0xDE, 0xEF, 0xFF, 0xFF, 0xFF, 0xEC, 0xEE, 0xE9, 0x99,
    0x55, 0x9E, 0xFC, 0x35, 0x9E, 0xED, 0xDD, 0xDD, 0xBB, 0xBD, 0xDD, 0xBB, 0xBB, 0xDD, 0xDC, 0xCC,
    0xDD, 0xDD, 0xDD, 0xDD, 0xDD, 0xDD, 0xEE, 0xDD, 0xEF, 0xFF, 0xFF, 0xFF, 0xFC, 0xBD, 0xC5, 0xCE,
    0xB5, 0x22, 0xEC, 0x29, 0x9E, 0xDD, 0xDD, 0xDD, 0xDB, 0xDD, 0xDD, 0xDB, 0xBB, 0xBD, 0xDD, 0xCC,
    0xDD, 0xDD, 0xDD, 0xDD, 0xDD, 0xDD, 0xEE, 0xDD, 0xDE, 0xFF, 0xFF, 0xFF, 0xDD, 0xDC, 0x38, 0xED,
    0xED, 0x81, 0x13, 0x59, 0xED, 0xDD, 0xDD, 0xCD, 0xDB, 0xDD, 0xDD, 0xDD, 0xBB, 0xBB, 0xDD, 0xC9,
    0xDD, 0xDD, 0xDD, 0xDD, 0xDD, 0xDD, 0xDE, 0xED, 0xDE, 0xFF, 0xFF, 0xFF, 0xED, 0xE5, 0x3C, 0xDD,
    0xED, 0xD9, 0x31, 0x39, 0xED, 0xDD, 0xDD, 0x9A, 0xBD, 0xDD, 0xDD, 0xDD, 0xDB, 0xBB, 0xBB, 0xB5,
    0xDD, 0xDD, 0xDD, 0xDD, 0xDD, 0xDD, 0xDD, 0xEE, 0xED, 0xEF, 0xFF, 0xFF, 0xEE, 0x91, 0x8D, 0xDD,
    0xCB, 0xCE, 0xD5, 0x22, 0xCF, 0xDD, 0xDD, 0x9C, 0xB5, 0xCD, 0xDD, 0xDD, 0xDB, 0xBB, 0xBB, 0x89,
    0xDD, 0xDD, 0xDD, 0xDD, 0xDD, 0xDD, 0xDD, 0xDE, 0xED, 0xEF, 0xFF, 0xFF, 0xFC, 0x12, 0xDD, 0xC9,
    0x53, 0x39, 0xDD, 0x82, 0x29, 0xFE, 0xDE, 0x93, 0x95, 0xDD, 0xDD, 0xDD, 0xDD, 0xBB, 0xBA, 0x5F,
    0xDD, 0xDD, 0xDD, 0xDD, 0xDD, 0xDD, 0xDD, 0xDD, 0xED, 0xDE, 0xFF, 0xFF, 0xF3, 0x1A, 0xDD, 0xB5,
    0x99, 0x35, 0x9D, 0xDB, 0x32, 0x3E, 0xEE, 0x32, 0xBE, 0xDD, 0xDD, 0xDD, 0xDD, 0xDB, 0xB5, 0x9F,
    0xDD, 0xDD, 0xDD, 0xDD, 0xDD, 0xDD, 0xDD, 0xDD, 0xDE, 0xDE, 0xEF, 0xFF, 0x91, 0x3D, 0xDD, 0x95,
    0x9E, 0xB3, 0x3D, 0xDD, 0xC5, 0x23, 0xC9, 0x15, 0x9D, 0xDD, 0xDD, 0xDD, 0xDD, 0xBB, 0xA2, 0xCE,
    0xDD, 0xDD, 0xDD, 0xDD, 0xDD, 0xDD, 0xDD, 0xDD, 0xDD, 0xDE, 0xEE, 0xFE, 0x32, 0xBD, 0xDC, 0x31,
    0x39, 0xC2, 0x3C, 0xDD, 0xDD, 0x83, 0x25, 0x35, 0xBD, 0xDD, 0xDD, 0xDD, 0xDD, 0xBD, 0x73, 0xED,
    0xED, 0xDD, 0xDD, 0xDD, 0xDD, 0xDD, 0xDD, 0xDD, 0xDD, 0xDD, 0xEE, 0xF5, 0x28, 0xDD, 0xDE, 0x93,
    0x29, 0xC3, 0x29, 0xEC, 0xDD, 0xDB, 0x53, 0x39, 0xED, 0xDD, 0xDD, 0xDD, 0xDD, 0xDD, 0x35, 0xED,
    0xDE, 0xDD, 0xDD, 0xDD, 0xDD, 0xDD, 0xDD, 0xDD, 0xDD, 0xDD, 0xEE, 0xC2, 0x3D, 0xDD, 0xDB, 0x5C,
    0x9E, 0xC9, 0x55, 0x9D, 0x9C, 0xDD, 0xD5, 0x23, 0xCD, 0xDD, 0xDD, 0xDD, 0xDD, 0xDB, 0x29, 0xED,
    0xDD, 0xDD, 0xDD, 0xDD, 0xDD, 0xDD, 0xDD, 0xDD, 0xDD, 0xDD, 0xEE, 0x52, 0xAD, 0xDD, 0xC5, 0x5C,
    0x5B, 0x9C, 0xCC, 0xEC, 0x3B, 0xED, 0xDD, 0x93, 0x29, 0xCD, 0xDD, 0xDD, 0xDD, 0xDA, 0x2C, 0xEE,
};

static const uint8_t coup_animdata_captain_f06[3072] = {
    0xA7, 0x66, 0x64, 0x44, 0x44, 0x47, 0x77, 0x77, 0x77, 0x66, 0x44, 0x44, 0x44, 0x44, 0x44, 0x44,
    0x44, 0x44, 0x44, 0x44, 0x44, 0x44, 0x66, 0x68, 0x88, 0xAA, 0xAA, 0xAA, 0xAA, 0xAA, 0x77, 0x7A,
    0x44, 0x66, 0x66, 0x66, 0x66, 0x66, 0x77, 0x77, 0x67, 0x67, 0x64, 0x44, 0x44, 0x44, 0x44, 0x44,
    0x44, 0x44, 0x44, 0x88, 0x76, 0x67, 0x88, 0x87, 0x88, 0xAA, 0xAA, 0xAA, 0xAA, 0xA7, 0x77, 0x7A,
    0x47, 0x66, 0x66, 0x66, 0x66, 0x46, 0x66, 0x66, 0x66, 0x66, 0x66, 0x66, 0x66, 0x66, 0x64, 0x44,
    0x66, 0x66, 0x78, 0x87, 0x66, 0x67, 0x77, 0x77, 0x88, 0xAA, 0xAA, 0xAA, 0xAA, 0xAA, 0x77, 0x47,
    0x66, 0x66, 0x66, 0x66, 0x66, 0x46, 0x66, 0x66, 0x64, 0x44, 0x44, 0x44, 0x66, 0x66, 0x44, 0x44,
    0x44, 0x64, 0x77, 0x77, 0x76, 0x77, 0x77, 0x77, 0x8A, 0xAA, 0xAA, 0xAA, 0xAA, 0xAA, 0x87, 0x74,
    0x77, 0x66, 0x66, 0x66, 0x64, 0x44, 0x46, 0x66, 0x44, 0x44, 0x44, 0x44, 0x66, 0x66, 0x44, 0x64,
    0x44, 0x46, 0x76, 0x77, 0x76, 0x67, 0x77, 0x77, 0xA6, 0x4A, 0x8A, 0xAA, 0xAA, 0xAA, 0xA7, 0x77,
    0x77, 0x66, 0x66, 0x66, 0x64, 0x44, 0x46, 0x44, 0x44, 0x44, 0x44, 0x44, 0x46, 0x44, 0x44, 0x44,
    0x66, 0x66, 0x67, 0x76, 0x67, 0x77, 0x77, 0x77, 0xA4, 0x48, 0x8A, 0xAA, 0xAA, 0xAA, 0xAA, 0x7A,
    0x77, 0x66, 0x66, 0x66, 0x44, 0x44, 0x66, 0x44, 0x44, 0x22, 0x44, 0x42, 0x44, 0x22, 0x22, 0x23,
    0x67, 0x76, 0x67, 0x87, 0x66, 0x66, 0x66, 0x68, 0x64, 0x44, 0xAA, 0xAA, 0xAA, 0xAA, 0x8A, 0x87,
    0x66, 0x66, 0x66, 0x66, 0x64, 0x44, 0x44, 0x44, 0x44, 0x44, 0x44, 0x44, 0x44, 0x44, 0x44, 0x44,
    0x44, 0x66, 0x67, 0x87, 0x64, 0x66, 0x66, 0x68, 0x44, 0x44, 0x7A, 0xAA, 0xAA, 0xAA, 0x8A, 0x77,
    0x64, 0x24, 0x73, 0x44, 0x64, 0x44, 0x44, 0x44, 0x44, 0x44, 0x44, 0x44, 0x44, 0x44, 0x44, 0x44,
    0x44, 0x64, 0x66, 0x78, 0x74, 0x46, 0x76, 0x77, 0x74, 0x47, 0x78, 0xAA, 0xAA, 0x8A, 0x88, 0xA7,
    0x66, 0x66, 0x64, 0x46, 0x44, 0x44, 0x44, 0x44, 0x44, 0x66, 0x44, 0x43, 0x43, 0x32, 0x43, 0x33,
    0x44, 0x66, 0x44, 0x77, 0x66, 0x44, 0x44, 0x68, 0x94, 0x4A, 0x87, 0x87, 0x47, 0xAA, 0x88, 0xA7,
    0x66, 0x46, 0x66, 0x76, 0x42, 0x46, 0x44, 0x44, 0x44, 0x66, 0x64, 0x44, 0x44, 0x44, 0x44, 0x34,
    0x44, 0x46, 0x44, 0x66, 0x64, 0x74, 0x24, 0x77, 0x74, 0x48, 0x77, 0x42, 0x4A, 0x8A, 0x88, 0xA7,
    0x66, 0x44, 0x66, 0x66, 0x64, 0x44, 0x44, 0x44, 0x44, 0x64, 0x44, 0x44, 0x64, 0x46, 0x43, 0x33,
    0x44, 0x46, 0x44, 0x46, 0x66, 0x68, 0x44, 0x86, 0x64, 0x48, 0x6A, 0x44, 0xBA, 0x8A, 0x88, 0xA7,
    0x66, 0x66, 0x66, 0x66, 0x66, 0x42, 0x24, 0x44, 0x44, 0x44, 0x46, 0x44, 0x46, 0x76, 0x44, 0x44,
    0x44, 0x44, 0x44, 0x44, 0x66, 0x77, 0xA4, 0x48, 0x74, 0x47, 0x84, 0x4A, 0x87, 0x8A, 0x88, 0xA7,
    0x66, 0x66, 0x66, 0x66, 0x66, 0x44, 0x36, 0x64, 0x44, 0x44, 0x46, 0x44, 0x44, 0xA4, 0x47, 0x64,
    0x44, 0x44, 0x44, 0x64, 0x46, 0x77, 0x87, 0x44, 0x84, 0x46, 0x42, 0x7A, 0x78, 0x88, 0x88, 0x87,
    0x66, 0x66, 0x66, 0x66, 0x64, 0x46, 0x66, 0x44, 0x44, 0x44, 0xAA, 0xB7, 0x47, 0x7A, 0xBC, 0xCA,
    0x44, 0x44, 0x44, 0x44, 0x66, 0x67, 0x68, 0x44, 0x64, 0x47, 0x24, 0xA8, 0x88, 0x88, 0x88, 0x87,
    0x66, 0x66, 0x66, 0x66, 0x66, 0x66, 0x64, 0x24, 0x66, 0x6E, 0xEC, 0xDA, 0xBD, 0xBE, 0xFF, 0xEF,
    0xEA, 0x64, 0x44, 0x46, 0x66, 0x66, 0x66, 0x84, 0x44, 0x42, 0x48, 0x78, 0x88, 0x8A, 0x8A, 0xA7,
    0x66, 0x67, 0x66, 0x66, 0x66, 0x66, 0x66, 0x34, 0x66, 0xBF, 0xED, 0xDD, 0xDE, 0xEF, 0xFF, 0xFF,
    0xFF, 0xB4, 0x44, 0x44, 0x66, 0x66, 0x66, 0x67, 0x44, 0x44, 0xA7, 0x78, 0x77, 0xAA, 0xAA, 0xA7,
    0x64, 0x33, 0x46, 0x76, 0x66, 0x66, 0x66, 0x66, 0x4A, 0xFF, 0xED, 0xED, 0xDE, 0xDF, 0xFF, 0xFF,
    0xFF, 0xF6, 0x44, 0x46, 0x44, 0x64, 0x64, 0x78, 0x87, 0x7A, 0x88, 0x67, 0x48, 0x64, 0xA8, 0xA7,
    0x23, 0x33, 0x32, 0x36, 0x66, 0x66, 0x66, 0x66, 0x6E, 0xFF, 0xEE, 0xED, 0xED, 0xDF, 0xFF, 0xFF,
    0xFF, 0xF8, 0x44, 0x46, 0x44, 0x44, 0x47, 0x48, 0x78, 0x88, 0xA7, 0x76, 0x46, 0x24, 0xAA, 0x86,
    0x66, 0x66, 0x64, 0x33, 0x64, 0x46, 0x66, 0x66, 0x5F, 0xFF, 0xFE, 0xDB, 0xDD, 0xEF, 0xFF, 0xFF,
    0xFF, 0xFC, 0x44, 0x44, 0x74, 0x44, 0x46, 0x74, 0x87, 0x78, 0x74, 0x74, 0x52, 0x4B, 0xAA, 0xA6,
    0x66, 0x66, 0x46, 0x63, 0x44, 0x46, 0x66, 0x66, 0xBF, 0xFF, 0xFE, 0xDD, 0xDD, 0xEE, 0xFF, 0xFF,
    0xFF, 0xFF, 0x74, 0x44, 0x67, 0x42, 0x64, 0x74, 0x67, 0x77, 0x47, 0x4A, 0x24, 0xAB, 0x8A, 0xA6,
    0x66, 0x66, 0x66, 0x46, 0x24, 0x46, 0x66, 0x67, 0xFF, 0xFF, 0xFE, 0xDD, 0xDD, 0xDE, 0xFF, 0xFF,
    0xFF, 0xFF, 0x94, 0x44, 0x47, 0x44, 0x47, 0x4A, 0x47, 0x84, 0x84, 0xA4, 0x27, 0xB8, 0x8A, 0xA6,
    0x66, 0x66, 0x66, 0x66, 0x43, 0x44, 0x66, 0x7C, 0xEF, 0xFE, 0xEE, 0xDE, 0xDD, 0xDE, 0xFF, 0xFF,
    0xFF, 0xFF, 0xF5, 0x44, 0x44, 0x34, 0x44, 0xA4, 0xA4, 0x47, 0x67, 0x72, 0x48, 0x88, 0x8A, 0xA6,
    0x76, 0x66, 0x66, 0x66, 0x63, 0x44, 0x66, 0x9E, 0xEE, 0xFD, 0xDB, 0xCE, 0xEF, 0xFF, 0xFF, 0xFF,
    0xFF, 0xFF, 0xF5, 0x46, 0x46, 0x27, 0x42, 0x6A, 0x47, 0x77, 0x6A, 0x24, 0x53, 0x88, 0x8A, 0xA7,
    0x67, 0x66, 0x66, 0x76, 0x63, 0x46, 0x65, 0xCC, 0xEF, 0xEE, 0xDB, 0x7B, 0xBE, 0xFF, 0xEE, 0xEF,
    0xFF, 0xFF, 0xF9, 0x34, 0x44, 0x46, 0x74, 0x47, 0x77, 0xA4, 0xA2, 0x4B, 0x33, 0x88, 0x8B, 0xA7,
    0x67, 0x67, 0x66, 0x66, 0x63, 0x46, 0x65, 0xC9, 0xEF, 0xEE, 0xFF, 0xCA, 0x4A, 0xEE, 0xEE, 0xEF,
    0xFF, 0xFF, 0xE9, 0x34, 0x44, 0x24, 0x67, 0x44, 0xA4, 0x4B, 0x42, 0x7A, 0x33, 0x88, 0x8A, 0xAA,
    0x67, 0x76, 0x66, 0x66, 0x63, 0x66, 0x49, 0x99, 0xCE, 0xEE, 0xFE, 0xED, 0xDA, 0xAE, 0xFE, 0xEE,
    0xFF, 0xFE, 0xC9, 0x34, 0x64, 0x24, 0x46, 0x74, 0x4A, 0xA4, 0x24, 0xA7, 0x35, 0x88, 0x8A, 0xAA,
    0x66, 0x66, 0x66, 0x66, 0x64, 0x67, 0x59, 0x99, 0x9E, 0xEE, 0xEE, 0xEE, 0xDD, 0xBB, 0xCE, 0xEE,
    0xEF, 0xEE, 0x99, 0x33, 0x66, 0x26, 0x46, 0x84, 0x24, 0x72, 0x4A, 0x78, 0x22, 0x88, 0x8A, 0xAA,
    0x66, 0x66, 0x46, 0x66, 0x62, 0x64, 0x89, 0x98, 0x8C, 0xEE, 0xEE, 0xED, 0xDD, 0xDC, 0x9C, 0xFE,
    0xEE, 0xEC, 0x99, 0x52, 0x66, 0x23, 0x46, 0x68, 0x44, 0x24, 0xA7, 0x78, 0x22, 0xA8, 0x7A, 0xAA,
    0x66, 0x66, 0x46, 0x66, 0x42, 0x46, 0x99, 0x55, 0x8B, 0xEE, 0xEE, 0xBA, 0xAB, 0xDD, 0xA8, 0xFE,
    0xEE, 0xCC, 0x99, 0x52, 0x66, 0x22, 0x67, 0x7A, 0xB4, 0x4A, 0xA8, 0xAA, 0x33, 0x88, 0x78, 0xAA,
    0x66, 0x66, 0x46, 0x66, 0x36, 0x66, 0x99, 0x55, 0x59, 0xCE, 0xEE, 0xA3, 0x47, 0xBD, 0xB5, 0xEE,
    0xEC, 0x99, 0x95, 0x92, 0x46, 0x21, 0x22, 0x22, 0x24, 0x42, 0x22, 0x22, 0x26, 0x88, 0x78, 0xAA,
    0x76, 0x66, 0x67, 0x63, 0x46, 0x67, 0x99, 0x53, 0x35, 0x9C, 0xB9, 0x52, 0x25, 0x88, 0xA5, 0xCE,
    0xCB, 0x95, 0x55, 0x93, 0x36, 0x11, 0x11, 0x11, 0x11, 0x11, 0x11, 0x11, 0x16, 0x78, 0x77, 0xAA,
    0x47, 0x77, 0x74, 0x24, 0x66, 0x68, 0x95, 0x53, 0x33, 0x55, 0x53, 0x21, 0x13, 0x55, 0x82, 0x8C,
    0x98, 0x55, 0x33, 0x93, 0x36, 0x22, 0x22, 0x22, 0x22, 0x22, 0x22, 0x22, 0x27, 0x88, 0x77, 0xAA,
    0x33, 0x33, 0x33, 0x46, 0x66, 0x68, 0x95, 0x33, 0x22, 0x32, 0x11, 0x11, 0x11, 0x22, 0x32, 0x29,
    0x33, 0x53, 0x33, 0x55, 0x56, 0x73, 0x13, 0xA7, 0x78, 0x88, 0x88, 0x88, 0xA8, 0x88, 0x88, 0x8A,
    0x66, 0x44, 0x66, 0x66, 0x67, 0x69, 0x95, 0x33, 0x22, 0x22, 0x11, 0x11, 0x11, 0x11, 0x11, 0x22,
    0x22, 0x32, 0x33, 0x55, 0x54, 0x63, 0x23, 0x64, 0x66, 0x76, 0x77, 0x67, 0x77, 0x78, 0x88, 0x8A,
    0x66, 0x66, 0x67, 0x66, 0x66, 0x69, 0x95, 0x33, 0x22, 0x11, 0x11, 0x11, 0x11, 0x11, 0x11, 0x12,
    0x12, 0x22, 0x33, 0x55, 0x54, 0x44, 0x46, 0x46, 0x67, 0x77, 0x67, 0x67, 0x77, 0x77, 0x8A, 0x88,
    0x66, 0x66, 0x67, 0x76, 0x66, 0x69, 0x95, 0x53, 0x22, 0x11, 0x11, 0x11, 0x11, 0x11, 0x11, 0x12,
    0x11, 0x12, 0x23, 0x55, 0x84, 0x46, 0x46, 0x44, 0x66, 0x66, 0x66, 0x64, 0x34, 0x67, 0x88, 0x78,
    0x76, 0x66, 0x66, 0x67, 0x76, 0x69, 0x95, 0x53, 0x22, 0x11, 0x11, 0x11, 0x11, 0x11, 0x11, 0x11,
    0x11, 0x11, 0x23, 0x39, 0x94, 0x44, 0x32, 0x43, 0x36, 0x46, 0x66, 0x64, 0x44, 0x67, 0x87, 0x78,
    0x76, 0x76, 0x66, 0x77, 0x77, 0x69, 0x95, 0x53, 0x21, 0x11, 0x11, 0x11, 0x11, 0x11, 0x11, 0x11,
    0x21, 0x11, 0x23, 0x35, 0x96, 0x66, 0x64, 0x44, 0x46, 0x66, 0x66, 0x66, 0x67, 0x77, 0x77, 0x78,
    0x66, 0x67, 0x66, 0x76, 0x77, 0x6B, 0x99, 0x53, 0x21, 0x11, 0x11, 0x11, 0x11, 0x11, 0x11, 0x11,
    0x21, 0x11, 0x23, 0x35, 0x96, 0x76, 0x66, 0x66, 0x66, 0x44, 0x44, 0x66, 0x66, 0x77, 0x77, 0x78,
    0x23, 0x66, 0x76, 0x76, 0x67, 0x69, 0x99, 0x53, 0x32, 0x11, 0x11, 0x11, 0x11, 0x11, 0x11, 0x11,
    0x12, 0x11, 0x23, 0x35, 0x96, 0x86, 0x66, 0x66, 0x66, 0x44, 0x66, 0x66, 0x66, 0x77, 0x77, 0x78,
    0x33, 0x46, 0x76, 0x77, 0x67, 0x6B, 0x99, 0x33, 0x22, 0x11, 0x11, 0x11, 0x11, 0x11, 0x11, 0x11,
    0x12, 0x11, 0x23, 0x35, 0x97, 0x84, 0x46, 0x66, 0x66, 0x66, 0x66, 0x76, 0x66, 0x77, 0x77, 0x78,
    0x33, 0x24, 0x76, 0x67, 0x67, 0x7C, 0x95, 0x32, 0x22, 0x11, 0x11, 0x11, 0x11, 0x11, 0x11, 0x11,
    0x11, 0x21, 0x23, 0x35, 0x97, 0x64, 0x46, 0x66, 0x66, 0x66, 0x77, 0x76, 0x66, 0x77, 0x77, 0x78,
    0x44, 0x33, 0x66, 0x66, 0x77, 0x7C, 0xC5, 0x32, 0x22, 0x11, 0x11, 0x11, 0x11, 0x11, 0x11, 0x11,
    0x11, 0x22, 0x22, 0x59, 0x96, 0x66, 0x66, 0x67, 0x77, 0x76, 0x77, 0x77, 0x67, 0x77, 0x77, 0x88,
    0x33, 0x33, 0x36, 0x66, 0x77, 0x3E, 0xC9, 0x32, 0x22, 0x11, 0x11, 0x11, 0x11, 0x11, 0x11, 0x11,
    0x11, 0x22, 0x22, 0x39, 0x93, 0x54, 0x66, 0x77, 0x87, 0x67, 0x77, 0x77, 0x77, 0x77, 0x77, 0x78,
    0x63, 0x43, 0x36, 0x67, 0x67, 0x39, 0xC9, 0x53, 0x21, 0x11, 0x11, 0x11, 0x11, 0x11, 0x11, 0x11,
    0x11, 0x12, 0x22, 0x39, 0x93, 0x74, 0x67, 0x76, 0x67, 0x77, 0x77, 0x77, 0x77, 0x77, 0x77, 0x78,
    0x74, 0x43, 0x34, 0x67, 0x7B, 0x95, 0xC5, 0x53, 0x22, 0x11, 0x11, 0x11, 0x11, 0x11, 0x11, 0x11,
    0x11, 0x35, 0x35, 0x39, 0x55, 0xA6, 0x66, 0x78, 0x88, 0x87, 0x77, 0x77, 0x77, 0x77, 0x77, 0x78,
    0x76, 0x33, 0x36, 0x77, 0x79, 0x95, 0x95, 0x99, 0x55, 0x31, 0x11, 0x11, 0x11, 0x11, 0x11, 0x11,
    0x25, 0xC5, 0x39, 0x59, 0x55, 0x97, 0x66, 0x78, 0xAA, 0x88, 0x87, 0x77, 0x77, 0x77, 0x77, 0x78,
    0x76, 0x34, 0x33, 0x77, 0x69, 0x95, 0x95, 0x9E, 0xCE, 0xC9, 0x52, 0x11, 0x11, 0x11, 0x11, 0x23,
    0x99, 0x22, 0x35, 0x99, 0x59, 0x97, 0x77, 0x78, 0xA7, 0x8A, 0x88, 0x88, 0x77, 0x77, 0x77, 0x78,
    0x77, 0x55, 0x33, 0x77, 0x68, 0xC9, 0x95, 0x59, 0xC9, 0x99, 0xEE, 0x52, 0x23, 0x22, 0x23, 0x9E,
    0xB5, 0x35, 0x95, 0x59, 0x99, 0x97, 0x77, 0x78, 0x86, 0x88, 0x88, 0x78, 0x88, 0x87, 0x78, 0x78,
    0x77, 0x55, 0x33, 0x77, 0x78, 0xC9, 0x95, 0x35, 0x99, 0x33, 0x55, 0xE9, 0x95, 0x35, 0x5C, 0x95,
    0x83, 0x5C, 0x93, 0x39, 0x9C, 0x9A, 0xA7, 0x78, 0x52, 0x38, 0x88, 0x78, 0x87, 0x88, 0x77, 0x78,
    0x86, 0x35, 0x56, 0x37, 0x78, 0xCC, 0x95, 0x33, 0x59, 0x32, 0x32, 0x39, 0xC3, 0x39, 0x99, 0x32,
    0x32, 0x99, 0x32, 0x39, 0xEC, 0x8A, 0xA8, 0x87, 0x31, 0x37, 0x78, 0x87, 0x88, 0x88, 0x88, 0x88,
    0x85, 0x55, 0x36, 0x77, 0x78, 0x99, 0x95, 0x32, 0x33, 0x55, 0x53, 0x32, 0x31, 0x13, 0x32, 0x33,
    0x35, 0x93, 0x11, 0x39, 0x99, 0x87, 0x8A, 0x88, 0x74, 0x78, 0x87, 0x88, 0x78, 0x88, 0x88, 0x88,
    0x85, 0x55, 0x36, 0x77, 0x67, 0x99, 0xE5, 0x31, 0x11, 0x23, 0x21, 0x12, 0x21, 0x12, 0x22, 0x22,
    0x33, 0x31, 0x12, 0x39, 0x99, 0xA8, 0xAA, 0x88, 0xAA, 0x88, 0x88, 0x78, 0x88, 0xA8, 0x88, 0x88,
    0x55, 0x55, 0x37, 0x77, 0x73, 0x95, 0xC9, 0x22, 0x11, 0x11, 0x11, 0x23, 0x21, 0x12, 0x11, 0x21,
    0x11, 0x11, 0x12, 0x39, 0x59, 0x88, 0x88, 0xA8, 0xAA, 0xA8, 0x88, 0x88, 0x88, 0x88, 0x8A, 0x8A,
    0x55, 0x55, 0x88, 0x77, 0x77, 0x53, 0xC9, 0x32, 0x11, 0x11, 0x11, 0x32, 0x21, 0x12, 0x11, 0x11,
    0x11, 0x12, 0x22, 0x39, 0x35, 0x88, 0x88, 0x8A, 0xAA, 0xAA, 0x88, 0x88, 0x88, 0x8A, 0x88, 0x88,
    0x55, 0x33, 0x88, 0x88, 0x77, 0x53, 0x99, 0x32, 0x11, 0x11, 0x11, 0x22, 0x11, 0x11, 0x11, 0x11,
    0x11, 0x12, 0x22, 0x59, 0x33, 0x87, 0x88, 0x88, 0x88, 0x88, 0x88, 0xA8, 0xA8, 0xA8, 0x88, 0x8A,
    0x55, 0x38, 0x88, 0x87, 0x77, 0x72, 0x39, 0x53, 0x21, 0x11, 0x12, 0x22, 0x21, 0x11, 0x11, 0x11,
    0x11, 0x12, 0x22, 0x95, 0x25, 0x88, 0x78, 0xA8, 0xAA, 0xAA, 0xAA, 0xA8, 0x8A, 0xAA, 0x88, 0xAA,
    0x35, 0x78, 0xAA, 0x87, 0x78, 0x75, 0x99, 0x93, 0x22, 0x11, 0x11, 0x25, 0x31, 0x11, 0x21, 0x11,
    0x11, 0x12, 0x22, 0x99, 0x87, 0x78, 0x78, 0x88, 0xAA, 0xAA, 0xAA, 0x88, 0xA8, 0xAA, 0xAA, 0xAA,
    0x58, 0x88, 0xA8, 0x87, 0x76, 0xAE, 0xFC, 0x93, 0x32, 0x11, 0x11, 0x23, 0x21, 0x11, 0x22, 0x11,
    0x11, 0x12, 0x23, 0x9F, 0xA8, 0x77, 0x88, 0x88, 0x8A, 0xAA, 0xAA, 0x8A, 0xA8, 0xAA, 0xAA, 0xAA,
    0xAA, 0x88, 0x88, 0x88, 0x77, 0xCD, 0xFF, 0x95, 0x22, 0x11, 0x12, 0x32, 0x21, 0x11, 0x23, 0x11,
    0x11, 0x12, 0x23, 0x9F, 0xB8, 0x88, 0x88, 0x88, 0xAA, 0xAA, 0xAA, 0x8A, 0xAA, 0xAA, 0xA8, 0x5A,
    0x88, 0x88, 0x88, 0x88, 0x77, 0xCD, 0xFF, 0xC5, 0x32, 0x22, 0x12, 0x53, 0x21, 0x12, 0x33, 0x21,
    0x12, 0x22, 0x23, 0xFF, 0xC8, 0x88, 0x88, 0x88, 0x8A, 0x8A, 0xAA, 0x88, 0xAA, 0xAA, 0xA5, 0x8A,
    0x88, 0xA8, 0x88, 0x87, 0x77, 0xBB, 0xDF, 0xE5, 0x33, 0x21, 0x12, 0x55, 0x21, 0x12, 0x53, 0x21,
    0x12, 0x22, 0x25, 0xFF, 0xEA, 0xA7, 0x87, 0x87, 0x88, 0x88, 0xAA, 0xAA, 0xAA, 0x83, 0x7B, 0xAA,
    0x88, 0xA8, 0x88, 0x88, 0x87, 0xAD, 0xBD, 0xE9, 0x33, 0x21, 0x22, 0x3C, 0x51, 0x19, 0x93, 0x32,
    0x22, 0x22, 0x29, 0xDE, 0xC8, 0x88, 0x78, 0x77, 0x78, 0x88, 0xAA, 0xAA, 0xA8, 0x85, 0xAA, 0xAA,
    0xAA, 0x88, 0x8A, 0xAA, 0x88, 0x8E, 0xBD, 0xE9, 0x53, 0x22, 0x22, 0x9F, 0xF9, 0x9F, 0xC3, 0x22,
    0x23, 0x22, 0x3F, 0xDE, 0xA7, 0x87, 0x77, 0x77, 0x77, 0x78, 0xAA, 0xAA, 0x55, 0xAA, 0xAA, 0xAA,
    0x88, 0x8A, 0x88, 0x88, 0x88, 0x8C, 0xDB, 0xE9, 0x99, 0x22, 0x59, 0xEF, 0xFF, 0xFF, 0xFC, 0x32,
    0x35, 0x32, 0x5F, 0xDE, 0x85, 0x37, 0x77, 0x77, 0x65, 0x56, 0xAA, 0x58, 0x8A, 0xAA, 0xAA, 0xBA,
    0xAA, 0x88, 0x88, 0x88, 0x88, 0xAA, 0xEB, 0xEC, 0x9E, 0x99, 0xCE, 0xFF, 0xFC, 0xEE, 0xEE, 0xEC,
    0xEE, 0x32, 0xEE, 0xEC, 0x8A, 0x77, 0x33, 0x87, 0x31, 0x27, 0x85, 0x5A, 0xAA, 0xAA, 0xAA, 0xBA,
    0xAA, 0xA8, 0x8A, 0x88, 0xA8, 0x8A, 0xED, 0xEF, 0x59, 0xFF, 0xFF, 0xEE, 0x95, 0x59, 0x9E, 0xFE,
    0xE9, 0x23, 0xFD, 0xDC, 0x78, 0x88, 0x75, 0x88, 0x13, 0x13, 0x88, 0xAA, 0xAA, 0xAA, 0xAA, 0xAB,
    0xAA, 0xAA, 0xAA, 0xAA, 0xA8, 0x88, 0xFD, 0xDF, 0x95, 0x99, 0xEE, 0x99, 0x99, 0x99, 0x59, 0xC9,
    0x93, 0x29, 0xFD, 0xDE, 0x77, 0x88, 0x88, 0x88, 0x21, 0x15, 0x88, 0xAA, 0xAA, 0xAA, 0xAA, 0xBB,
    0xAA, 0x88, 0x8A, 0xAA, 0xAA, 0xAC, 0xFE, 0xDE, 0xF5, 0x59, 0x95, 0x33, 0x33, 0x33, 0x33, 0x99,
    0x93, 0x3F, 0xEB, 0xEE, 0x88, 0x78, 0x88, 0xA8, 0x52, 0x35, 0xA9, 0xBA, 0xAA, 0xAA, 0xAB, 0xBB,
    0xAA, 0x88, 0x88, 0x8A, 0x8A, 0xEE, 0xFF, 0xDE, 0xF9, 0x59, 0x52, 0x35, 0x55, 0x59, 0x32, 0x9C,
    0x53, 0x9F, 0xDD, 0xEE, 0xEB, 0x87, 0x88, 0xAA, 0x88, 0x88, 0xBB, 0xAA, 0xAA, 0xAB, 0xBB, 0xBB,
    0xAA, 0x88, 0x88, 0x88, 0x8E, 0xEE, 0xEF, 0xDD, 0xEF, 0x99, 0x92, 0x23, 0x9C, 0xEC, 0x32, 0x9E,
    0x55, 0xFE, 0xDD, 0xEE, 0xEB, 0xCA, 0x8A, 0xAA, 0xA9, 0xAB, 0x9A, 0xBA, 0xAA, 0xAB, 0xBB, 0xBB,
    0xA8, 0x88, 0x88, 0xAB, 0xEF, 0xEE, 0xEF, 0xFB, 0xDF, 0xC9, 0xE3, 0x39, 0xEF, 0xFE, 0x33, 0x9F,
    0x99, 0xFD, 0xDE, 0xEF, 0x9C, 0xDC, 0xBA, 0xAA, 0xAB, 0xBA, 0xAA, 0xAA, 0xAA, 0xBB, 0xBB, 0xBB,
    0xAA, 0x88, 0xBC, 0xEF, 0xFF, 0xEE, 0xEF, 0xFD, 0xDE, 0xFE, 0xE9, 0x9C, 0xFF, 0xFC, 0x59, 0xFE,
    0x9F, 0xED, 0xDE, 0xEC, 0x9D, 0xCD, 0xDB, 0xAB, 0x9A, 0xAA, 0xAA, 0xAA, 0xBA, 0xAB, 0xBB, 0xCB,
    0xAA, 0xBC, 0xDD, 0xDE, 0xFF, 0xEE, 0xEE, 0xFE, 0xDE, 0xFF, 0xFC, 0xEC, 0xEF, 0xCC, 0x9F, 0xFE,
    0xEF, 0xDD, 0xDE, 0xE9, 0xBD, 0xBD, 0xDD, 0xCB, 0xAA, 0xAA, 0xAA, 0xAB, 0xA9, 0xAB, 0xCB, 0xBA,
    0xCC, 0xDD, 0xDD, 0xDD, 0xEF, 0xFE, 0xEE, 0xFF, 0xBE, 0xEF, 0xFE, 0xFE, 0xCE, 0xCE, 0xFF, 0xFF,
    0xFE, 0xDB, 0xEF, 0xE9, 0xDB, 0xBB, 0xDD, 0xDC, 0xBA, 0xAB, 0xBB, 0xBB, 0xBB, 0x9B, 0xCB, 0xB7,
    0xDD, 0xBB, 0xDD, 0xDD, 0xDE, 0xED, 0xEE, 0xFF, 0xDD, 0xEF, 0xFF, 0xFE, 0xEE, 0xFF, 0xFF, 0xFF,
    0xFD, 0xDB, 0xEF, 0x9B, 0xDB, 0xBB, 0xBB, 0xDD, 0xDC, 0xB9, 0xAB, 0xBB, 0xBB, 0xBB, 0xBC, 0xA7,
    0xDB, 0xCD, 0xDD, 0xDD, 0xDD, 0xED, 0xEE, 0xFF, 0xFB, 0xEE, 0xFF, 0xFF, 0xFF, 0xFF, 0xFF, 0xFF,
    0xFD, 0xBC, 0xFE, 0xBD, 0xDB, 0xBB, 0xBB, 0xBD, 0xDD, 0xCB, 0xAA, 0xBB, 0xBA, 0xA9, 0xBC, 0xA7,
    0xDD, 0xDD, 0xDD, 0xDD, 0xDD, 0xED, 0xEE, 0xEF, 0xFD, 0xDE, 0xFF, 0xFF, 0xFF, 0xFF, 0xFF, 0xFF,
    0xED, 0xBE, 0xFC, 0xDD, 0xDB, 0xBB, 0xBB, 0xBB, 0xBD, 0xDD, 0xCB, 0xAA, 0xBB, 0xAB, 0xCC, 0xA7,
    0xDD, 0xDD, 0xDD, 0xDD, 0xDD, 0xEE, 0xEE, 0xEF, 0xFE, 0xBE, 0xFF, 0xFF, 0xFF, 0xFF, 0xFF, 0xFF,
    0xDB, 0xBF, 0xFC, 0xBC, 0xDB, 0xBB, 0xBB, 0xBB, 0xBD, 0xDD, 0xDD, 0xBB, 0xBB, 0xBB, 0xBC, 0xB7,
    0xDD, 0xDD, 0xED, 0xDD, 0xDE, 0xEE, 0xEE, 0xEF, 0xFF, 0xBB, 0xDF, 0xFF, 0xFF, 0xFF, 0xFF, 0xFD,
    0xCB, 0xDF, 0xCE, 0x9B, 0xBB, 0xDD, 0xBB, 0xBB, 0xDB, 0xBD, 0xDD, 0xDC, 0xBB, 0xBB, 0xBC, 0xA7,
    0xDD, 0xDD, 0xDD, 0xDE, 0xDD, 0xEE, 0xEE, 0xEE, 0xFF, 0xFE, 0xEE, 0xFF, 0xFF, 0xFF, 0xFF, 0xFF,
    0xFF, 0xFF, 0xCC, 0xBE, 0xDB, 0xCD, 0xDB, 0xBB, 0xDB, 0xBB, 0xBB, 0xDD, 0xDC, 0xBB, 0xCC, 0xB7,
    0xDD, 0xDD, 0xDD, 0xDD, 0xED, 0xDE, 0xED, 0xDE, 0xFF, 0xFF, 0xFF, 0xFE, 0xEF, 0xFF, 0xFF, 0xEC,
    0xCE, 0xFE, 0xCE, 0x91, 0xC5, 0xBD, 0xDD, 0xBD, 0xBB, 0xBD, 0xBB, 0xBB, 0xDD, 0xCC, 0xCB, 0xCB,
    0xDD, 0xDD, 0xDD, 0xDD, 0xDD, 0xDE, 0xEE, 0xDE, 0xEF, 0xFF, 0xFF, 0xFF, 0xEC, 0xEE, 0xEC, 0x99,
    0x55, 0xCE, 0xEC, 0x33, 0x9E, 0xDD, 0xDD, 0xDD, 0xBB, 0xBD, 0xDB, 0xBB, 0xBD, 0xDD, 0xCC, 0xCC,
    0xDD, 0xDD, 0xDD, 0xDD, 0xDD, 0xDD, 0xEE, 0xDD, 0xDE, 0xFF, 0xFF, 0xFF, 0xFC, 0xBD, 0xE5, 0xBE,
    0x93, 0x25, 0xF9, 0x29, 0x9E, 0xDD, 0xDD, 0xDD, 0xBB, 0xDD, 0xDD, 0xBB, 0xBB, 0xDD, 0xDC, 0xCC,
    0xDD, 0xDD, 0xDD, 0xDD, 0xDD, 0xDD, 0xDE, 0xDD, 0xDE, 0xFF, 0xFF, 0xFF, 0xEE, 0xDE, 0x55, 0xEE,
    0xEC, 0x51, 0x25, 0x59, 0xED, 0xDD, 0xDD, 0xDD, 0xBB, 0xDD, 0xDD, 0xDD, 0xBB, 0xBD, 0xDD, 0xB9,
    0xDD, 0xDD, 0xDD, 0xDD, 0xDD, 0xDD, 0xDE, 0xED, 0xDE, 0xFF, 0xFF, 0xFF, 0xFD, 0xE9, 0x2B, 0xED,
    0xED, 0xD5, 0x22, 0x39, 0xED, 0xDD, 0xDD, 0x9B, 0xBD, 0xDD, 0xDD, 0xDD, 0xDB, 0xBB, 0xBC, 0x99,
    0xDD, 0xDD, 0xDD, 0xDD, 0xDD, 0xDD, 0xDD, 0xEE, 0xDD, 0xEF, 0xFF, 0xFF, 0xEE, 0xC2, 0x5D, 0xDD,
    0xCC, 0xCE, 0xC3, 0x13, 0xEE, 0xDD, 0xDC, 0x9D, 0xA8, 0xDD, 0xDD, 0xDD, 0xDB, 0xBB, 0xBA, 0x5F,
    0xDD, 0xDD, 0xDD, 0xDD, 0xDD, 0xDD, 0xDD, 0xDE, 0xED, 0xEF, 0xFF, 0xFF, 0xFE, 0x22, 0xDD, 0xD9,
    0x53, 0x59, 0xDD, 0x52, 0x3C, 0xFD, 0xDE, 0x55, 0x85, 0xDD, 0xDD, 0xDD, 0xDD, 0xBB, 0xB5, 0x9F,
    0xDD, 0xDD, 0xDD, 0xDD, 0xDD, 0xDD, 0xDD, 0xDD, 0xEE, 0xDE, 0xFF, 0xFF, 0xF5, 0x17, 0xDD, 0xB5,
    0x95, 0x35, 0xAD, 0xDA, 0x32, 0x9F, 0xEE, 0x23, 0xCE, 0xDD, 0xDD, 0xDD, 0xDD, 0xBB, 0xA3, 0xEF,
    0xDD, 0xDD, 0xDD, 0xDD, 0xDD, 0xDD, 0xDD, 0xDD, 0xDE, 0xDE, 0xEF, 0xFF, 0xE1, 0x2D, 0xDD, 0x99,
    0x9E, 0x93, 0x5D, 0xCD, 0xB5, 0x23, 0xF5, 0x19, 0xBD, 0xDD, 0xDD, 0xDD, 0xDD, 0xBD, 0x35, 0xFE,
    0xDD, 0xDD, 0xDD, 0xDD, 0xDD, 0xDD, 0xDD, 0xDD, 0xDD, 0xDE, 0xEE, 0xFF, 0x32, 0xAD, 0xDD, 0x51,
    0x39, 0xB1, 0x3D, 0xDD, 0xDB, 0x52, 0x35, 0x35, 0xCD, 0xDD, 0xDD, 0xDD, 0xDD, 0xDB, 0x39, 0xED,
    0xDE, 0xDD, 0xDD, 0xDD, 0xDD, 0xDD, 0xDD, 0xDD, 0xDD, 0xDD, 0xEE, 0xF9, 0x25, 0xDD, 0xDE, 0x93,
    0x29, 0xC2, 0x29, 0xDD, 0xDD, 0xDA, 0x33, 0x3C, 0xDD, 0xDD, 0xDD, 0xDD, 0xDD, 0xDA, 0x2E, 0xDD,
    0xDE, 0xDD, 0xDD, 0xDD, 0xDD, 0xDD, 0xDD, 0xDD, 0xDD, 0xDD, 0xEE, 0xE3, 0x3B, 0xDD, 0xDB, 0x5B,
    0x9E, 0xB9, 0x35, 0xBE, 0x9C, 0xDD, 0xB3, 0x25, 0xED, 0xDD, 0xDD, 0xDD, 0xDC, 0xD5, 0x2F, 0xDD,
    0xED, 0xDD, 0xDD, 0xDD, 0xDD, 0xDD, 0xDD, 0xDD, 0xDD, 0xDD, 0xEE, 0x92, 0x8D, 0xDD, 0xD5, 0x5C,
    0x5B, 0x9C, 0xCC, 0xE9, 0x3C, 0xDC, 0xDB, 0x82, 0x39, 0xDD, 0xDD, 0xDD, 0xDD, 0xD3, 0x5E, 0xED,
    0xED, 0xDD, 0xDD, 0xDD, 0xDD, 0xDD, 0xDD, 0xDD, 0xDD, 0xDD, 0xEC, 0x33, 0xDD, 0xDD, 0xC5, 0xBD,
    0x59, 0xCD, 0xEE, 0x52, 0x8E, 0xDE, 0xDD, 0xD9, 0x31, 0x9D, 0xDD, 0xDD, 0xDD, 0xB3, 0xCE, 0xED,
};

static const uint8_t coup_animdata_captain_f07[3072] = {
    0x7B, 0xAA, 0x77, 0x77, 0x76, 0x46, 0x77, 0x77, 0x77, 0x64, 0x44, 0x44, 0x44, 0x44, 0x44, 0x44,
    0x44, 0x44, 0x44, 0x44, 0x44, 0x44, 0x44, 0x7A, 0x8A, 0xAA, 0xAA, 0xAA, 0xAA, 0xAA, 0x77, 0xAB,
    0xA6, 0x46, 0x66, 0x66, 0x64, 0x46, 0x77, 0x77, 0x77, 0x77, 0x44, 0x44, 0x44, 0x44, 0x44, 0x44,
    0x44, 0x44, 0x44, 0x77, 0x66, 0x67, 0x77, 0x78, 0x88, 0xAA, 0xAA, 0xAA, 0xAA, 0x77, 0x77, 0x7A,
    0x74, 0x66, 0x66, 0x66, 0x66, 0x66, 0x66, 0x66, 0x66, 0x66, 0x66, 0x66, 0x66, 0x66, 0x66, 0x66,
    0x66, 0x67, 0x78, 0x87, 0x66, 0x67, 0x77, 0x77, 0x88, 0xAA, 0xAA, 0xAA, 0xAA, 0xA7, 0x74, 0x7A,
    0x47, 0x66, 0x66, 0x66, 0x66, 0x46, 0x66, 0x66, 0x66, 0x44, 0x44, 0x44, 0x66, 0x66, 0x44, 0x44,
    0x44, 0x66, 0x77, 0x77, 0x66, 0x77, 0x77, 0x77, 0x8A, 0xAA, 0xAA, 0xAA, 0xAA, 0xAA, 0x77, 0x47,
    0x67, 0x66, 0x66, 0x66, 0x66, 0x44, 0x66, 0x66, 0x64, 0x44, 0x44, 0x44, 0x66, 0x66, 0x44, 0x44,
    0x44, 0x46, 0x76, 0x77, 0x76, 0x77, 0x77, 0x77, 0xA6, 0x8A, 0xAA, 0xAA, 0xAA, 0xAA, 0x77, 0x74,
    0x77, 0x76, 0x66, 0x66, 0x66, 0x44, 0x44, 0x44, 0x44, 0x44, 0x44, 0x44, 0x46, 0x66, 0x44, 0x44,
    0x46, 0x67, 0x66, 0x76, 0x77, 0x67, 0x77, 0x78, 0xA2, 0x4A, 0xAA, 0xAA, 0xAA, 0xAA, 0xA7, 0x77,
    0x77, 0x66, 0x66, 0x66, 0x64, 0x44, 0x46, 0x64, 0x44, 0x22, 0x44, 0x42, 0x44, 0x22, 0x22, 0x23,
    0x67, 0x64, 0x67, 0x76, 0x66, 0x76, 0x66, 0x6A, 0x44, 0x48, 0x8A, 0xAA, 0xAA, 0xAA, 0xA8, 0x7A,
    0x76, 0x66, 0x66, 0x66, 0x64, 0x44, 0x46, 0x44, 0x44, 0x23, 0x44, 0x44, 0x44, 0x33, 0x34, 0x44,
    0x46, 0x77, 0x67, 0x87, 0x64, 0x66, 0x66, 0x77, 0x44, 0x44, 0xAA, 0xAA, 0xAA, 0xA8, 0xA8, 0x77,
    0x66, 0x43, 0x66, 0x44, 0x66, 0x44, 0x44, 0x44, 0x44, 0x44, 0x44, 0x46, 0x44, 0x46, 0x64, 0x44,
    0x44, 0x44, 0x67, 0x78, 0x64, 0x66, 0x66, 0x76, 0x44, 0x44, 0x8A, 0xAA, 0xAA, 0x8A, 0x8A, 0x78,
    0x46, 0x44, 0x64, 0x24, 0x44, 0x44, 0x44, 0x44, 0x44, 0x44, 0x44, 0x43, 0x44, 0x33, 0x44, 0x33,
    0x44, 0x64, 0x66, 0x78, 0x64, 0x44, 0x66, 0x7A, 0xA4, 0x4A, 0x88, 0xA8, 0x78, 0xAA, 0x8A, 0x88,
    0x66, 0x66, 0x66, 0x66, 0x42, 0x44, 0x44, 0x44, 0x44, 0x66, 0x64, 0x44, 0x44, 0x44, 0x44, 0x44,
    0x44, 0x66, 0x44, 0x66, 0x66, 0x64, 0x24, 0x77, 0x74, 0x48, 0x76, 0x42, 0x4A, 0xAA, 0x88, 0x88,
    0x66, 0x64, 0x66, 0x66, 0x64, 0x34, 0x44, 0x44, 0x44, 0x66, 0x64, 0x44, 0x64, 0x46, 0x43, 0x34,
    0x44, 0x46, 0x44, 0x46, 0x66, 0x67, 0x44, 0x86, 0x64, 0x48, 0x7A, 0x44, 0xBA, 0x8A, 0x88, 0x88,
    0x76, 0x66, 0x66, 0x66, 0x46, 0x63, 0x24, 0x44, 0x44, 0x44, 0x44, 0x64, 0x44, 0x66, 0x43, 0x43,
    0x44, 0x44, 0x44, 0x44, 0x66, 0x68, 0x42, 0x48, 0x64, 0x47, 0x84, 0x4A, 0x87, 0x8A, 0x8A, 0x78,
    0x66, 0x66, 0x66, 0x66, 0x66, 0x44, 0x34, 0x64, 0x44, 0x44, 0x46, 0x44, 0x44, 0xA6, 0x46, 0x44,
    0x44, 0x44, 0x44, 0x64, 0x66, 0x77, 0x84, 0x47, 0x64, 0x45, 0x44, 0xA8, 0x78, 0x88, 0x88, 0x77,
    0x66, 0x66, 0x66, 0x66, 0x66, 0x46, 0x66, 0x64, 0x44, 0x44, 0x7A, 0xAA, 0x44, 0x77, 0xBB, 0xC8,
    0x44, 0x44, 0x44, 0x44, 0x66, 0x76, 0x6A, 0x44, 0x74, 0x44, 0x27, 0xA8, 0x88, 0x88, 0x88, 0x77,
    0x66, 0x66, 0x66, 0x66, 0x66, 0x66, 0x66, 0x24, 0x66, 0x4A, 0xEC, 0xDA, 0x7B, 0xBD, 0xFE, 0xEF,
    0xB8, 0x44, 0x44, 0x46, 0x66, 0x66, 0x67, 0x74, 0x44, 0x42, 0x48, 0x78, 0x88, 0x88, 0x8A, 0x87,
    0x66, 0x66, 0x66, 0x66, 0x66, 0x66, 0x66, 0x33, 0x66, 0x8F, 0xFD, 0xDD, 0xDE, 0xDE, 0xFF, 0xFF,
    0xFF, 0xA4, 0x44, 0x44, 0x66, 0x66, 0x66, 0x74, 0x44, 0x44, 0x86, 0x87, 0x78, 0xAA, 0x8A, 0x87,
    0x76, 0x44, 0x46, 0x66, 0x66, 0x66, 0x66, 0x66, 0x67, 0xEF, 0xFD, 0xEE, 0xDE, 0xDE, 0xFF, 0xFF,
    0xFF, 0xE4, 0x44, 0x46, 0x44, 0x64, 0x64, 0x78, 0x77, 0x7A, 0x87, 0x65, 0x4A, 0x48, 0xAA, 0x87,
    0x42, 0x33, 0x32, 0x36, 0x66, 0x66, 0x66, 0x66, 0x6B, 0xFF, 0xFD, 0xED, 0xDD, 0xDF, 0xFF, 0xFF,
    0xFF, 0xF7, 0x44, 0x46, 0x44, 0x44, 0x64, 0x68, 0x88, 0x88, 0xA6, 0x74, 0x64, 0x27, 0xA8, 0x77,
    0x36, 0x66, 0x66, 0x32, 0x64, 0x46, 0x66, 0x66, 0x4E, 0xFF, 0xFE, 0xDB, 0xDD, 0xDF, 0xFF, 0xFF,
    0xFF, 0xFB, 0x44, 0x46, 0x74, 0x44, 0x47, 0x47, 0x77, 0x78, 0x66, 0x66, 0x32, 0x4B, 0xAA, 0x77,
    0x76, 0x66, 0x44, 0x64, 0x36, 0x46, 0x66, 0x66, 0x8F, 0xFF, 0xFE, 0xDD, 0xDD, 0xEE, 0xFF, 0xFF,
    0xFF, 0xFF, 0x64, 0x44, 0x67, 0x44, 0x74, 0x74, 0x77, 0x76, 0x47, 0x48, 0x24, 0xB8, 0x8A, 0x77,
    0x66, 0x66, 0x46, 0x66, 0x34, 0x44, 0x66, 0x66, 0xCF, 0xFF, 0xFE, 0xDD, 0xDD, 0xDE, 0xFF, 0xFF,
    0xFF, 0xFF, 0x94, 0x44, 0x47, 0x44, 0x47, 0x47, 0x48, 0x74, 0x84, 0xA2, 0x4A, 0xB8, 0xAA, 0x76,
    0x66, 0x66, 0x66, 0x66, 0x62, 0x44, 0x66, 0x69, 0xEF, 0xFF, 0xEE, 0xDD, 0xDD, 0xDE, 0xFF, 0xFF,
    0xFF, 0xFF, 0xE5, 0x44, 0x64, 0x34, 0x27, 0x77, 0x74, 0x47, 0x4A, 0x44, 0x78, 0xA8, 0xAA, 0x87,
    0x66, 0x66, 0x66, 0x66, 0x63, 0x44, 0x46, 0x7E, 0xEE, 0xFE, 0xDB, 0xCE, 0xEE, 0xFF, 0xFF, 0xFF,
    0xFF, 0xFF, 0xF5, 0x44, 0x44, 0x37, 0x44, 0xA4, 0x74, 0x74, 0xA4, 0x27, 0x36, 0xA8, 0xAA, 0x87,
    0x67, 0x66, 0x66, 0x76, 0x64, 0x46, 0x66, 0x9C, 0xEF, 0xFE, 0xDB, 0x7B, 0xBE, 0xFF, 0xEE, 0xFF,
    0xFF, 0xFF, 0xF5, 0x34, 0x44, 0x47, 0x74, 0x4A, 0x4A, 0x77, 0x72, 0x4A, 0x26, 0xA7, 0xAB, 0x87,
    0x67, 0x77, 0x66, 0x76, 0x64, 0x46, 0x65, 0x99, 0xCF, 0xFE, 0xFF, 0xEA, 0x47, 0xEF, 0xEE, 0xEF,
    0xFF, 0xFF, 0xE9, 0x34, 0x44, 0x24, 0x74, 0x44, 0xA4, 0x7A, 0x24, 0xB7, 0x27, 0xA8, 0xAA, 0xA8,
    0x67, 0x77, 0x66, 0x66, 0x64, 0x47, 0x65, 0x99, 0xCE, 0xFE, 0xFE, 0xED, 0xDB, 0xAE, 0xFE, 0xEE,
    0xFF, 0xFE, 0xC9, 0x36, 0x64, 0x26, 0x47, 0x42, 0x4A, 0xA4, 0x4A, 0x86, 0x37, 0x87, 0xAA, 0xA8,
    0x66, 0x66, 0x66, 0x66, 0x64, 0x47, 0x69, 0x99, 0x9E, 0xFE, 0xEE, 0xEE, 0xDD, 0xBB, 0xCE, 0xEE,
    0xEF, 0xEE, 0x99, 0x33, 0x64, 0x26, 0x47, 0x84, 0x27, 0x42, 0x78, 0x77, 0x26, 0x88, 0xAA, 0xA8,
    0x66, 0x66, 0x64, 0x66, 0x63, 0x46, 0x69, 0x98, 0x8B, 0xEE, 0xEE, 0xED, 0xDD, 0xDC, 0x9C, 0xFE,
    0xEE, 0xEC, 0x99, 0x32, 0x64, 0x23, 0x46, 0x67, 0x44, 0x24, 0xA6, 0x77, 0x14, 0xA7, 0x8A, 0xA8,
    0x66, 0x66, 0x64, 0x66, 0x62, 0x36, 0x79, 0x85, 0x59, 0xEE, 0xEE, 0xBA, 0xAA, 0xDD, 0xA8, 0xFE,
    0xEE, 0xCC, 0x99, 0x52, 0x64, 0x22, 0x77, 0x7A, 0xA4, 0x4B, 0x88, 0xA7, 0x27, 0x87, 0x88, 0xAA,
    0x66, 0x66, 0x44, 0x66, 0x34, 0x66, 0x89, 0x55, 0x58, 0xCE, 0xEE, 0xB3, 0x37, 0xBC, 0xB5, 0xCE,
    0xEC, 0x99, 0x55, 0x52, 0x64, 0x11, 0x11, 0x12, 0x24, 0x42, 0x22, 0x21, 0x28, 0x87, 0x78, 0xA8,
    0x77, 0x66, 0x66, 0x74, 0x36, 0x66, 0x99, 0x53, 0x35, 0x9C, 0xB9, 0x82, 0x25, 0x88, 0xA5, 0xBE,
    0xC9, 0x95, 0x55, 0x53, 0x44, 0x11, 0x11, 0x11, 0x11, 0x11, 0x11, 0x11, 0x28, 0x77, 0x78, 0xAA,
    0x36, 0x77, 0x76, 0x33, 0x66, 0x67, 0x99, 0x53, 0x33, 0x55, 0x53, 0x21, 0x12, 0x35, 0x82, 0x5C,
    0x98, 0x55, 0x33, 0x93, 0x54, 0x22, 0x22, 0x33, 0x22, 0x22, 0x23, 0x32, 0x48, 0x88, 0x78, 0xAA,
    0x43, 0x33, 0x33, 0x46, 0x66, 0x67, 0x98, 0x53, 0x32, 0x32, 0x11, 0x11, 0x11, 0x22, 0x32, 0x28,
    0x33, 0x53, 0x33, 0x55, 0x56, 0x72, 0x14, 0x87, 0x78, 0x88, 0x88, 0x88, 0x88, 0x88, 0x88, 0xAA,
    0x66, 0x64, 0x46, 0x76, 0x66, 0x67, 0x95, 0x53, 0x22, 0x22, 0x11, 0x11, 0x11, 0x11, 0x11, 0x22,
    0x22, 0x32, 0x33, 0x55, 0x54, 0x43, 0x23, 0x64, 0x66, 0x76, 0x77, 0x77, 0x77, 0x88, 0x88, 0x8A,
    0x66, 0x66, 0x66, 0x76, 0x66, 0x68, 0x95, 0x53, 0x22, 0x21, 0x11, 0x11, 0x11, 0x11, 0x11, 0x12,
    0x11, 0x22, 0x33, 0x55, 0x54, 0x44, 0x46, 0x46, 0x67, 0x77, 0x66, 0x67, 0x77, 0x77, 0xA8, 0x88,
    0x66, 0x66, 0x66, 0x76, 0x66, 0x68, 0x98, 0x53, 0x22, 0x11, 0x11, 0x11, 0x11, 0x11, 0x11, 0x11,
    0x11, 0x12, 0x23, 0x55, 0x84, 0x44, 0x46, 0x44, 0x66, 0x66, 0x66, 0x43, 0x34, 0x67, 0x87, 0x87,
    0x76, 0x66, 0x66, 0x66, 0x76, 0x68, 0x99, 0x53, 0x22, 0x11, 0x11, 0x11, 0x11, 0x11, 0x11, 0x11,
    0x11, 0x11, 0x23, 0x39, 0x84, 0x46, 0x22, 0x42, 0x44, 0x46, 0x66, 0x44, 0x66, 0x77, 0x77, 0x87,
    0x77, 0x77, 0x76, 0x67, 0x77, 0x68, 0x99, 0x53, 0x21, 0x11, 0x11, 0x11, 0x11, 0x11, 0x11, 0x11,
    0x21, 0x11, 0x23, 0x39, 0x96, 0x66, 0x66, 0x46, 0x66, 0x66, 0x66, 0x66, 0x67, 0x77, 0x77, 0x87,
    0x36, 0x67, 0x76, 0x76, 0x67, 0x68, 0xC9, 0x55, 0x31, 0x11, 0x11, 0x11, 0x11, 0x11, 0x11, 0x11,
    0x21, 0x11, 0x23, 0x35, 0x96, 0x76, 0x66, 0x66, 0x64, 0x44, 0x46, 0x66, 0x66, 0x77, 0x77, 0x87,
    0x22, 0x66, 0x76, 0x67, 0x67, 0x68, 0xC9, 0x53, 0x32, 0x11, 0x11, 0x11, 0x11, 0x11, 0x11, 0x11,
    0x12, 0x11, 0x23, 0x59, 0x97, 0x86, 0x66, 0x66, 0x66, 0x46, 0x66, 0x66, 0x66, 0x87, 0x77, 0x87,
    0x33, 0x34, 0x77, 0x67, 0x67, 0x6A, 0xC9, 0x53, 0x22, 0x11, 0x11, 0x11, 0x11, 0x11, 0x11, 0x11,
    0x11, 0x11, 0x23, 0x39, 0x97, 0x74, 0x46, 0x66, 0x66, 0x66, 0x67, 0x66, 0x66, 0x77, 0x77, 0x87,
    0x34, 0x32, 0x67, 0x67, 0x77, 0x7A, 0xE9, 0x32, 0x22, 0x11, 0x11, 0x11, 0x11, 0x11, 0x11, 0x11,
    0x11, 0x22, 0x23, 0x59, 0x97, 0x64, 0x46, 0x66, 0x66, 0x67, 0x77, 0x76, 0x67, 0x77, 0x77, 0x87,
    0x34, 0x43, 0x46, 0x76, 0x77, 0x59, 0xE9, 0x52, 0x22, 0x11, 0x11, 0x11, 0x11, 0x11, 0x11, 0x11,
    0x11, 0x32, 0x22, 0x59, 0x95, 0x66, 0x66, 0x77, 0x77, 0x67, 0x77, 0x77, 0x77, 0x77, 0x77, 0x87,
    0x63, 0x43, 0x34, 0x66, 0x67, 0x35, 0xE9, 0x53, 0x22, 0x11, 0x11, 0x11, 0x11, 0x11, 0x11, 0x11,
    0x11, 0x22, 0x22, 0x39, 0x93, 0x64, 0x67, 0x77, 0x76, 0x77, 0x77, 0x77, 0x77, 0x77, 0x77, 0x87,
    0x74, 0x34, 0x33, 0x77, 0x77, 0x83, 0xE9, 0x53, 0x32, 0x11, 0x11, 0x11, 0x11, 0x11, 0x11, 0x11,
    0x11, 0x12, 0x23, 0x39, 0x55, 0x76, 0x67, 0x77, 0x77, 0x77, 0x77, 0x77, 0x67, 0x77, 0x77, 0x87,
    0x76, 0x34, 0x33, 0x67, 0x78, 0xC3, 0xC9, 0x95, 0x32, 0x21, 0x11, 0x11, 0x11, 0x11, 0x11, 0x11,
    0x12, 0x88, 0x59, 0x39, 0x59, 0xA6, 0x66, 0x78, 0x88, 0x87, 0x77, 0x77, 0x77, 0x77, 0x77, 0x87,
    0x77, 0x43, 0x34, 0x67, 0x77, 0xC5, 0x99, 0x9C, 0x99, 0x53, 0x11, 0x11, 0x11, 0x11, 0x11, 0x11,
    0x39, 0x93, 0x39, 0x59, 0x59, 0x87, 0x67, 0x78, 0xA8, 0xA8, 0x87, 0x87, 0x77, 0x77, 0x77, 0x87,
    0x77, 0x53, 0x33, 0x67, 0x77, 0xC9, 0x95, 0x5C, 0xCC, 0xCC, 0xC5, 0x21, 0x12, 0x11, 0x11, 0x39,
    0xC5, 0x12, 0x55, 0x99, 0x59, 0x97, 0x77, 0x78, 0x87, 0x88, 0x88, 0x88, 0x87, 0x77, 0x77, 0x87,
    0x77, 0x65, 0x53, 0x67, 0x66, 0xCC, 0x95, 0x59, 0xC9, 0x55, 0xCE, 0xC3, 0x33, 0x32, 0x29, 0xCE,
    0x95, 0x89, 0x93, 0x59, 0x9C, 0xA8, 0x77, 0x88, 0x53, 0x88, 0x88, 0x78, 0x88, 0x87, 0x77, 0x87,
    0x77, 0x55, 0x53, 0x46, 0x77, 0x9C, 0x95, 0x33, 0x59, 0x52, 0x32, 0x9E, 0xC5, 0x39, 0x9C, 0x32,
    0x62, 0x59, 0x52, 0x39, 0xEC, 0xAA, 0xA8, 0x77, 0x21, 0x68, 0x88, 0x78, 0x88, 0x88, 0x77, 0x87,
    0x78, 0x55, 0x36, 0x64, 0x87, 0x9C, 0x99, 0x32, 0x35, 0x53, 0x35, 0x35, 0x92, 0x25, 0x95, 0x33,
    0x33, 0x95, 0x21, 0x39, 0xE9, 0x88, 0x88, 0x87, 0x32, 0x67, 0x78, 0x87, 0x88, 0x88, 0x88, 0x87,
    0x87, 0x55, 0x33, 0x77, 0x77, 0x99, 0x99, 0x32, 0x12, 0x33, 0x33, 0x22, 0x21, 0x12, 0x32, 0x23,
    0x33, 0x52, 0x11, 0x39, 0x99, 0x88, 0xAA, 0x88, 0x88, 0x88, 0x88, 0x88, 0x8A, 0x87, 0x88, 0x87,
    0x85, 0x55, 0x34, 0x77, 0x74, 0x99, 0x99, 0x32, 0x11, 0x12, 0x11, 0x13, 0x31, 0x12, 0x12, 0x22,
    0x22, 0x21, 0x12, 0x39, 0x59, 0x88, 0x8A, 0x88, 0xAA, 0x88, 0x88, 0x88, 0x88, 0x88, 0x88, 0xA7,
    0x55, 0x55, 0x57, 0x87, 0x76, 0x55, 0x9C, 0x32, 0x11, 0x11, 0x11, 0x23, 0x21, 0x12, 0x11, 0x11,
    0x11, 0x12, 0x12, 0x59, 0x39, 0x88, 0x88, 0xAA, 0xAA, 0xA8, 0x88, 0x88, 0x88, 0x8A, 0x88, 0x88,
    0x55, 0x53, 0x5A, 0x88, 0x87, 0x73, 0x9C, 0x32, 0x11, 0x11, 0x11, 0x22, 0x11, 0x11, 0x11, 0x11,
    0x11, 0x12, 0x22, 0x5C, 0x35, 0x88, 0x88, 0x88, 0x8A, 0x88, 0x88, 0x88, 0x88, 0x8A, 0x88, 0xA8,
    0x55, 0x33, 0x88, 0x88, 0x87, 0x73, 0x39, 0x93, 0x21, 0x11, 0x11, 0x22, 0x21, 0x11, 0x11, 0x11,
    0x11, 0x12, 0x22, 0x95, 0x25, 0x87, 0x88, 0x88, 0x88, 0x88, 0x88, 0x88, 0x8A, 0xA8, 0x88, 0xA8,
    0x53, 0x57, 0xA8, 0xA7, 0x77, 0x85, 0x39, 0x93, 0x22, 0x11, 0x11, 0x23, 0x31, 0x11, 0x21, 0x11,
    0x11, 0x12, 0x22, 0x93, 0x37, 0x88, 0x78, 0x8A, 0xAA, 0xAA, 0xAA, 0x88, 0x88, 0xAA, 0x8A, 0xAA,
    0x35, 0x88, 0xAA, 0x88, 0x77, 0x79, 0xEC, 0x95, 0x32, 0x11, 0x11, 0x23, 0x31, 0x11, 0x32, 0x11,
    0x11, 0x12, 0x23, 0x9E, 0xA7, 0x78, 0x88, 0x88, 0xAA, 0xAA, 0xA8, 0x8A, 0x88, 0xAA, 0xAA, 0xA6,
    0x8A, 0x88, 0x88, 0x88, 0x86, 0x9D, 0xEF, 0x95, 0x32, 0x11, 0x11, 0x22, 0x21, 0x11, 0x23, 0x11,
    0x11, 0x12, 0x23, 0x9F, 0xA8, 0x88, 0x88, 0x88, 0xAA, 0xAA, 0xAA, 0xAA, 0xAA, 0xAA, 0xA8, 0x87,
    0x8A, 0x88, 0x88, 0x88, 0x87, 0xBD, 0xEF, 0xC5, 0x32, 0x22, 0x12, 0x32, 0x21, 0x11, 0x23, 0x11,
    0x11, 0x12, 0x23, 0xEF, 0xB8, 0x88, 0x88, 0x88, 0xAA, 0xAA, 0xA8, 0x8A, 0xAA, 0xAA, 0x83, 0x87,
    0x88, 0x88, 0x88, 0x88, 0x77, 0xAD, 0xBF, 0xF9, 0x32, 0x22, 0x12, 0x55, 0x21, 0x12, 0x33, 0x21,
    0x12, 0x22, 0x25, 0xFF, 0xCA, 0x88, 0x88, 0x88, 0x88, 0x8A, 0xAA, 0x8A, 0xAA, 0x85, 0xAA, 0xB7,
    0x88, 0x8A, 0x88, 0x88, 0x88, 0x8C, 0xBD, 0xF9, 0x53, 0x21, 0x12, 0x39, 0x31, 0x13, 0x93, 0x32,
    0x22, 0x22, 0x29, 0xEE, 0xCA, 0x88, 0x88, 0x77, 0x78, 0x8A, 0xAA, 0xAA, 0xAA, 0x55, 0xAA, 0xA7,
    0x8A, 0x8A, 0x88, 0x8A, 0x88, 0x7C, 0xDB, 0xE9, 0x55, 0x22, 0x22, 0x3E, 0xE5, 0x5E, 0xC3, 0x22,
    0x23, 0x22, 0x3E, 0xDE, 0xA8, 0x87, 0x77, 0x77, 0x77, 0x8A, 0xAA, 0xAA, 0x38, 0xAA, 0xAA, 0xB7,
    0xAA, 0x88, 0xA8, 0x88, 0x88, 0x8A, 0xDB, 0xDC, 0x59, 0x22, 0x33, 0x9F, 0xFF, 0xFF, 0xF9, 0x32,
    0x25, 0x32, 0x5F, 0xDE, 0x83, 0x57, 0x77, 0x77, 0x66, 0x58, 0xAA, 0x88, 0x7A, 0xAA, 0xAA, 0xB7,
    0x88, 0x88, 0x88, 0x88, 0x88, 0x8A, 0xEB, 0xDE, 0x9C, 0x95, 0x9E, 0xEF, 0xFE, 0xFF, 0xEE, 0x99,
    0x9C, 0x32, 0xCE, 0xEC, 0x88, 0x57, 0x37, 0x76, 0x21, 0x37, 0x83, 0x5A, 0xAA, 0xAA, 0xAA, 0xB7,
    0xAA, 0xA8, 0x8A, 0xA8, 0x8A, 0xA8, 0xCD, 0xDF, 0x99, 0xFF, 0xFF, 0xEF, 0xC9, 0x99, 0x9E, 0xFF,
    0xFE, 0x23, 0xFD, 0xEB, 0x78, 0x87, 0x55, 0x85, 0x12, 0x17, 0x88, 0xAA, 0xAA, 0xAA, 0xAA, 0xB7,
    0xAA, 0xAA, 0xAA, 0xAA, 0xA8, 0x88, 0xCE, 0xDF, 0xC5, 0x99, 0xEF, 0xC9, 0x99, 0x59, 0x99, 0xC9,
    0x93, 0x29, 0xFB, 0xEC, 0x77, 0x88, 0x88, 0x85, 0x12, 0x18, 0x8A, 0xAA, 0xAA, 0xAA, 0xAA, 0xB7,
    0x8A, 0x88, 0x8A, 0xAA, 0xAA, 0x8A, 0xFF, 0xBE, 0xF5, 0x59, 0x99, 0x33, 0x35, 0x33, 0x35, 0x99,
    0x53, 0x3F, 0xEB, 0xEC, 0x77, 0x88, 0x88, 0x88, 0x21, 0x37, 0xA9, 0xAA, 0xAA, 0xAA, 0xBB, 0xB7,
    0xAA, 0x88, 0x88, 0x8A, 0xA8, 0xCF, 0xFF, 0xDD, 0xFC, 0x59, 0x93, 0x33, 0x33, 0x35, 0x33, 0x9C,
    0x53, 0x9F, 0xDD, 0xEE, 0xC9, 0x78, 0x88, 0xA8, 0x88, 0x59, 0xBB, 0xAA, 0xAA, 0xAB, 0xBB, 0xB7,
    0xAA, 0xA8, 0x88, 0x88, 0x8A, 0xFE, 0xEF, 0xEB, 0xEF, 0x99, 0x92, 0x23, 0x9C, 0xCC, 0x32, 0x9E,
    0x53, 0xFF, 0xDD, 0xEE, 0xEC, 0xB8, 0x8A, 0xAA, 0xA8, 0x9B, 0xAB, 0xAA, 0xAA, 0x9B, 0xBB, 0xC7,
    0xA8, 0x88, 0x88, 0x8A, 0xBF, 0xFE, 0xEF, 0xFB, 0xDF, 0xE9, 0xE3, 0x25, 0xEF, 0xFE, 0x32, 0x9F,
    0x99, 0xFD, 0xDE, 0xEF, 0x9C, 0xDC, 0xAA, 0xAA, 0xAB, 0xB9, 0xAA, 0xAA, 0xAB, 0xBB, 0xBB, 0xB7,
    0xAA, 0xA8, 0x8B, 0xCE, 0xFF, 0xFE, 0xEE, 0xFD, 0xDE, 0xFC, 0xF9, 0x5C, 0xFF, 0xFC, 0x39, 0xEE,
    0x9F, 0xED, 0xDE, 0xEC, 0xAD, 0xDD, 0xCA, 0xAA, 0x9A, 0xAA, 0xAA, 0xAA, 0xBA, 0xBB, 0xBB, 0xC7,
    0xAA, 0xAB, 0xCD, 0xDD, 0xFF, 0xFE, 0xEE, 0xFF, 0xDE, 0xFF, 0xFC, 0xCC, 0xEF, 0xEC, 0x9F, 0xFE,
    0xEF, 0xDD, 0xDE, 0xE9, 0xBD, 0xBD, 0xDD, 0xBA, 0xAA, 0xAA, 0xAA, 0xAA, 0xAA, 0xAB, 0xBB, 0xB7,
    0xBC, 0xCD, 0xDD, 0xDD, 0xDF, 0xFE, 0xEE, 0xFF, 0xDD, 0xEF, 0xFE, 0xFE, 0xCE, 0xCC, 0xEF, 0xFE,
    0xFE, 0xDD, 0xEE, 0xC9, 0xDB, 0xBB, 0xDD, 0xDB, 0xAA, 0xAB, 0xBB, 0xBB, 0xBB, 0x9C, 0xBB, 0xA7,
    0xDD, 0xCB, 0xDD, 0xDD, 0xDD, 0xFD, 0xEE, 0xFF, 0xED, 0xEE, 0xFF, 0xFF, 0xEE, 0xFF, 0xFF, 0xFF,
    0xFE, 0xDB, 0xFF, 0x9C, 0xDB, 0xBB, 0xBD, 0xDD, 0xCB, 0x9A, 0xAB, 0xBB, 0xBB, 0xBB, 0xCC, 0x77,
    0xDB, 0xBD, 0xDD, 0xDD, 0xDD, 0xEE, 0xEE, 0xFF, 0xFB, 0xDE, 0xFF, 0xFF, 0xFF, 0xFF, 0xFF, 0xFF,
    0xFD, 0xBD, 0xFE, 0xBD, 0xDB, 0xBB, 0xBB, 0xBD, 0xDD, 0xCA, 0xAA, 0xBB, 0xBA, 0x9B, 0xCB, 0x77,
    0xDD, 0xDD, 0xDD, 0xDD, 0xDD, 0xDE, 0xEE, 0xEF, 0xFE, 0xBE, 0xFF, 0xFF, 0xFF, 0xFF, 0xFF, 0xFF,
    0xED, 0xBE, 0xFC, 0xDD, 0xDB, 0xBB, 0xBB, 0xBB, 0xDD, 0xDD, 0xBA, 0xAB, 0xBB, 0xAB, 0xCB, 0x77,
    0xDD, 0xDD, 0xDD, 0xDD, 0xDE, 0xDE, 0xEE, 0xEF, 0xFF, 0xBE, 0xFF, 0xFF, 0xFF, 0xFF, 0xFF, 0xFF,
    0xDB, 0xBF, 0xFC, 0xCC, 0xDB, 0xBB, 0xBB, 0xBB, 0xBD, 0xDD, 0xDC, 0xBB, 0xBB, 0xBB, 0xBC, 0x7A,
    0xDD, 0xDD, 0xDD, 0xDD, 0xDD, 0xEE, 0xEE, 0xEE, 0xFF, 0xDB, 0xDE, 0xFF, 0xFF, 0xFF, 0xFF, 0xFD,
    0xCB, 0xCF, 0xCE, 0x9B, 0xBB, 0xDB, 0xBB, 0xBB, 0xDB, 0xBD, 0xDD, 0xDC, 0xBB, 0xBB, 0xCC, 0x7A,
    0xDD, 0xDD, 0xDD, 0xDD, 0xED, 0xDE, 0xEE, 0xEE, 0xFF, 0xFE, 0xEE, 0xFF, 0xFF, 0xFF, 0xFF, 0xFF,
    0xFF, 0xFF, 0xCC, 0xCE, 0xBB, 0xDD, 0xDB, 0xBB, 0xDB, 0xBB, 0xBB, 0xDD, 0xCB, 0xBB, 0xCC, 0xA7,
    0xBD, 0xDD, 0xDD, 0xDD, 0xDD, 0xDE, 0xEE, 0xDD, 0xEF, 0xFF, 0xFF, 0xFE, 0xEF, 0xFF, 0xFF, 0xFC,
    0xCE, 0xFE, 0xDE, 0x52, 0xE5, 0xDD, 0xDD, 0xBD, 0xBB, 0xBB, 0xBB, 0xBD, 0xDD, 0xCC, 0xBC, 0xB7,
    0xBD, 0xDD, 0xDD, 0xDD, 0xDD, 0xDE, 0xEE, 0xDE, 0xEF, 0xFF, 0xFF, 0xFF, 0xEC, 0xEE, 0xEC, 0x99,
    0x59, 0xEE, 0xEB, 0x33, 0x9E, 0xDD, 0xDD, 0xDD, 0xBB, 0xDD, 0xDB, 0xBB, 0xBD, 0xDD, 0xCC, 0xCA,
    0xBD, 0xDD, 0xDD, 0xDD, 0xDD, 0xDD, 0xEE, 0xDD, 0xDE, 0xFF, 0xFF, 0xFF, 0xFD, 0xBD, 0xE5, 0x9E,
    0x93, 0x25, 0xF9, 0x29, 0xCE, 0xDD, 0xDD, 0xDD, 0xBB, 0xDD, 0xDD, 0xBB, 0xBB, 0xDD, 0xDC, 0xCB,
    0xDD, 0xDD, 0xDD, 0xDD, 0xDD, 0xDD, 0xDE, 0xED, 0xDE, 0xFF, 0xFF, 0xFF, 0xED, 0xDE, 0x55, 0xDE,
    0xEC, 0x31, 0x25, 0x59, 0xED, 0xDD, 0xDD, 0xDD, 0xBD, 0xDD, 0xDD, 0xDB, 0xBB, 0xBD, 0xDC, 0x9A,
    0xDD, 0xDD, 0xDD, 0xDD, 0xDD, 0xDD, 0xDD, 0xEE, 0xDD, 0xEF, 0xFF, 0xFF, 0xFD, 0xE9, 0x2B, 0xED,
    0xED, 0xD5, 0x22, 0x39, 0xED, 0xDD, 0xDC, 0xAB, 0xDD, 0xDD, 0xDD, 0xDD, 0xBB, 0xBB, 0xDB, 0x5B,
    0xDD, 0xDD, 0xDD, 0xDD, 0xDD, 0xDD, 0xDD, 0xEE, 0xDD, 0xEF, 0xFF, 0xFF, 0xEE, 0xC2, 0x5D, 0xDD,
    0xCB, 0xCE, 0xC3, 0x13, 0xEE, 0xDD, 0xEB, 0xBD, 0x7A, 0xDD, 0xDD, 0xDD, 0xBB, 0xBB, 0xB5, 0xCE,
    0xDD, 0xDD, 0xDD, 0xDD, 0xDD, 0xDD, 0xDD, 0xDE, 0xEE, 0xDE, 0xFF, 0xFF, 0xFF, 0x22, 0xCD, 0xC9,
    0x53, 0x39, 0xDC, 0x52, 0x3C, 0xFD, 0xDE, 0x35, 0x5A, 0xDD, 0xDD, 0xDD, 0xDB, 0xBB, 0x85, 0xFC,
    0xDD, 0xDD, 0xDD, 0xDD, 0xDD, 0xDD, 0xDD, 0xDD, 0xDE, 0xDE, 0xFF, 0xFF, 0xF5, 0x17, 0xDD, 0xB9,
    0x99, 0x35, 0xAD, 0xDA, 0x32, 0x9F, 0xF9, 0x25, 0xED, 0xDD, 0xDD, 0xDD, 0xDD, 0xBB, 0x39, 0xFC,
    0xDD, 0xDD, 0xDD, 0xDD, 0xDD, 0xDD, 0xDD, 0xDD, 0xDD, 0xDE, 0xEE, 0xFF, 0xE2, 0x2D, 0xDD, 0x95,
    0x9E, 0x93, 0x5D, 0xCD, 0xB5, 0x25, 0xF2, 0x29, 0xBD, 0xDD, 0xDD, 0xDD, 0xDB, 0xDA, 0x3E, 0xEC,
    0xDD, 0xDD, 0xDD, 0xDD, 0xDD, 0xDD, 0xDD, 0xDD, 0xDD, 0xDD, 0xEE, 0xFF, 0x52, 0xAD, 0xDD, 0x51,
    0x29, 0xB1, 0x3D, 0xDD, 0xDB, 0x52, 0x33, 0x39, 0xDD, 0xDD, 0xDD, 0xDD, 0xDB, 0xD5, 0x5E, 0xDC,
    0xDD, 0xDD, 0xDD, 0xDD, 0xDD, 0xDD, 0xDD, 0xDD, 0xDD, 0xDD, 0xEE, 0xF9, 0x25, 0xDD, 0xDE, 0x93,
    0x29, 0xC3, 0x29, 0xDD, 0xDD, 0xDA, 0x32, 0x5E, 0xDD, 0xDD, 0xDD, 0xDD, 0xDD, 0xD3, 0x9E, 0xDB,
    0xED, 0xED, 0xDD, 0xDD, 0xDD, 0xDD, 0xDD, 0xDD, 0xDD, 0xDD, 0xEE, 0xE3, 0x3B, 0xDD, 0xD9, 0x5C,
    0x9E, 0x99, 0x59, 0xCE, 0x9C, 0xDD, 0xB3, 0x25, 0xED, 0xDD, 0xDD, 0xDD, 0xDD, 0xB2, 0x9E, 0xDB,
    0xED, 0xDD, 0xDD, 0xDD, 0xDD, 0xDD, 0xDD, 0xDD, 0xDD, 0xDD, 0xEE, 0x93, 0x8D, 0xDD, 0xD5, 0x5C,
    0x59, 0x9C, 0xEE, 0xC5, 0x5E, 0xDC, 0xDB, 0x82, 0x2B, 0xDD, 0xDD, 0xDD, 0xDD, 0x83, 0xEE, 0xEA,
    0xEE, 0xDD, 0xDD, 0xDD, 0xDD, 0xDD, 0xDD, 0xDD, 0xDD, 0xDD, 0xEC, 0x35, 0xDD, 0xDD, 0xB5, 0xBD,
    0x59, 0xCD, 0xE9, 0x33, 0x9E, 0xDD, 0xDD, 0xDB, 0x31, 0x9D, 0xDD, 0xDD, 0xDD, 0x55, 0xFC, 0xEB,
    0xDE, 0xED, 0xDD, 0xDD, 0xDD, 0xDD, 0xDD, 0xDD, 0xDD, 0xDD, 0xE9, 0x5B, 0xDD, 0xDC, 0x39, 0xCC,
    0x93, 0xCE, 0xCB, 0xE9, 0x9E, 0xEC, 0xBC, 0xDD, 0xC3, 0x25, 0xDD, 0xDD, 0xDD, 0x39, 0xFC, 0xEB,
};

static const uint8_t* const coup_animdata_captain[8] = {
    coup_animdata_captain_f00,
    coup_animdata_captain_f01,
    coup_animdata_captain_f02,
    coup_animdata_captain_f03,
    coup_animdata_captain_f04,
    coup_animdata_captain_f05,
    coup_animdata_captain_f06,
    coup_animdata_captain_f07,
};

static const uint8_t coup_animdata_ambassador_f00[3072] = {
    0x66, 0x73, 0x67, 0x77, 0x77, 0x77, 0x77, 0x77, 0x77, 0x77, 0x77, 0x77, 0x77, 0x77, 0x77, 0x77,
    0x77, 0x77, 0x77, 0x77, 0x77, 0x77, 0x77, 0x77, 0x77, 0x76, 0x53, 0x55, 0x57, 0x77, 0x77, 0x77,
    0x66, 0x63, 0x77, 0x77, 0x77, 0x77, 0x77, 0x77, 0x77, 0x77, 0x77, 0x77, 0x77, 0x77, 0x77, 0x77,
    0x77, 0x77, 0x77, 0x77, 0x77, 0x77, 0x77, 0x77, 0x77, 0x77, 0x31, 0x11, 0x79, 0x77, 0x77, 0x77,
    0x66, 0x37, 0x77, 0x77, 0x77, 0x77, 0x77, 0x77, 0x77, 0x77, 0x77, 0x77, 0x77, 0x77, 0x77, 0x77,
    0x77, 0x77, 0x77, 0x77, 0x77, 0x77, 0x77, 0x77, 0x77, 0x77, 0x71, 0x16, 0x97, 0x77, 0x77, 0x77,
    0x76, 0x67, 0x77, 0x77, 0x77, 0x77, 0x77, 0x77, 0x77, 0x77, 0x77, 0x77, 0x77, 0x77, 0x77, 0x77,
    0x77, 0x77, 0x77, 0x77, 0x77, 0x77, 0x77, 0x77, 0x77, 0x77, 0x76, 0x39, 0x77, 0x77, 0x77, 0x77,
    0x77, 0x77, 0x77, 0x77, 0x99, 0x77, 0x77, 0x77, 0x77, 0x77, 0x66, 0x77, 0x66, 0x77, 0x66, 0x77,
    0x77, 0x77, 0x77, 0x77, 0x77, 0x77, 0x77, 0x77, 0x77, 0x77, 0x77, 0x97, 0x77, 0x77, 0x77, 0x77,
    0x77, 0x77, 0x77, 0x76, 0x9B, 0x96, 0x77, 0x77, 0x77, 0x77, 0x66, 0x66, 0x66, 0x76, 0x66, 0x76,
    0x66, 0x77, 0x77, 0x66, 0x67, 0x77, 0x77, 0x77, 0x77, 0x77, 0x77, 0x77, 0x77, 0x77, 0x77, 0x77,
    0x77, 0x77, 0x77, 0x69, 0x97, 0x76, 0x32, 0x66, 0x77, 0x66, 0x66, 0x66, 0x66, 0x66, 0x66, 0x66,
    0x66, 0x66, 0x66, 0x66, 0x66, 0x67, 0x77, 0x77, 0x77, 0x77, 0x67, 0x67, 0x77, 0x77, 0x77, 0x77,
    0x77, 0x77, 0x76, 0x67, 0x79, 0x9A, 0x96, 0x66, 0x66, 0x66, 0x66, 0x66, 0x66, 0x66, 0x66, 0x66,
    0x66, 0x66, 0x66, 0x66, 0x66, 0x66, 0x76, 0x77, 0x76, 0x76, 0x73, 0x17, 0x77, 0x77, 0x77, 0x77,
    0x77, 0x76, 0x66, 0x66, 0x69, 0xA9, 0x99, 0x99, 0x76, 0x66, 0x66, 0x66, 0x66, 0x66, 0x66, 0x66,
    0x66, 0x66, 0x66, 0x66, 0x66, 0x67, 0x67, 0x76, 0x66, 0x67, 0x61, 0x13, 0x77, 0x77, 0x76, 0x76,
    0x77, 0x66, 0x66, 0x66, 0x67, 0x77, 0x76, 0x66, 0x66, 0x66, 0x66, 0x66, 0x66, 0x66, 0x66, 0x66,
    0x66, 0x66, 0x66, 0x66, 0x66, 0x67, 0x33, 0x76, 0x66, 0x76, 0x11, 0x31, 0x67, 0x67, 0x67, 0x75,
    0x77, 0x76, 0x67, 0x66, 0x66, 0x66, 0x66, 0x66, 0x66, 0x66, 0x66, 0x66, 0x66, 0x66, 0x66, 0x66,
    0x66, 0x66, 0x66, 0x66, 0x66, 0x67, 0x31, 0x67, 0x66, 0x75, 0x16, 0x93, 0x16, 0x76, 0x67, 0x51,
    0x76, 0x66, 0x66, 0x66, 0x66, 0x66, 0x66, 0x66, 0x66, 0x66, 0x66, 0x66, 0x66, 0x66, 0x66, 0x63,
    0x33, 0x66, 0x66, 0x66, 0x66, 0x67, 0x31, 0x16, 0x66, 0x51, 0x69, 0x77, 0x11, 0x67, 0x65, 0x11,
    0x76, 0x66, 0x66, 0x66, 0x66, 0x66, 0x66, 0x66, 0x66, 0x66, 0x66, 0x66, 0x66, 0x66, 0x33, 0x55,
    0x55, 0x56, 0x66, 0x66, 0x66, 0x67, 0x31, 0x16, 0x76, 0x11, 0x77, 0x67, 0x31, 0x67, 0x61, 0x11,
    0x76, 0x66, 0x66, 0x66, 0x66, 0x66, 0x66, 0x66, 0x66, 0x66, 0x66, 0x66, 0x66, 0x63, 0x55, 0x55,
    0x55, 0x55, 0x36, 0x66, 0x66, 0x67, 0x31, 0x67, 0x67, 0x71, 0x17, 0x73, 0x16, 0x96, 0x77, 0x11,
    0x76, 0x66, 0x66, 0x66, 0x66, 0x66, 0x66, 0x66, 0x66, 0x66, 0x66, 0x66, 0x41, 0x11, 0x55, 0x55,
    0x55, 0x55, 0x53, 0x66, 0x66, 0x66, 0x36, 0x96, 0x66, 0x76, 0x13, 0x61, 0x39, 0x66, 0x67, 0x71,
    0x76, 0x66, 0x66, 0x66, 0x66, 0x66, 0x66, 0x66, 0x66, 0x66, 0x64, 0x11, 0x11, 0x55, 0x55, 0x55,
    0x55, 0x55, 0x55, 0x36, 0x66, 0x66, 0x67, 0x66, 0x66, 0x67, 0x61, 0x11, 0x77, 0x66, 0x66, 0x76,
    0x76, 0x66, 0x66, 0x64, 0x46, 0x66, 0x66, 0x64, 0x66, 0x66, 0x35, 0x11, 0x15, 0x55, 0x55, 0x55,
    0x55, 0x55, 0x55, 0x55, 0x66, 0x66, 0x76, 0x46, 0x66, 0x66, 0x73, 0x17, 0x76, 0x66, 0x66, 0x67,
    0x76, 0x66, 0x77, 0x97, 0x66, 0x43, 0x36, 0x44, 0x46, 0x31, 0x55, 0x55, 0x55, 0x55, 0x55, 0x55,
    0x55, 0x55, 0x55, 0x55, 0x53, 0x63, 0x44, 0x66, 0x66, 0x64, 0x67, 0x67, 0x66, 0x66, 0x66, 0x66,
    0x76, 0x67, 0x9B, 0xB7, 0x97, 0x43, 0x33, 0x43, 0x61, 0x15, 0x55, 0x55, 0x55, 0x55, 0x55, 0x55,
    0x55, 0x55, 0x55, 0x55, 0x55, 0x34, 0x44, 0x44, 0x44, 0x44, 0x46, 0x76, 0x66, 0x66, 0x66, 0x66,
    0x66, 0x44, 0x66, 0x99, 0x77, 0x64, 0x34, 0x44, 0x11, 0x55, 0x55, 0x55, 0x55, 0x55, 0x55, 0x55,
    0x55, 0x55, 0x55, 0x55, 0x55, 0x53, 0x44, 0x44, 0x44, 0x44, 0x64, 0x44, 0x66, 0x66, 0x66, 0x66,
    0x66, 0x44, 0x33, 0x36, 0x33, 0x33, 0x34, 0x44, 0x55, 0x55, 0x55, 0x55, 0x55, 0x55, 0x55, 0x55,
    0x55, 0x55, 0x55, 0x55, 0x55, 0x55, 0x34, 0x44, 0x44, 0x44, 0x46, 0x66, 0x46, 0x66, 0x66, 0x66,
    0x64, 0x43, 0x33, 0x33, 0x34, 0x44, 0x44, 0x41, 0x55, 0x55, 0x55, 0x55, 0x55, 0x55, 0x55, 0x55,
    0x55, 0x55, 0x55, 0x55, 0x55, 0x55, 0x53, 0x33, 0x44, 0x44, 0x63, 0x16, 0x46, 0x66, 0x66, 0x66,
    0x63, 0x43, 0x33, 0x33, 0x33, 0x33, 0x33, 0x31, 0x55, 0x55, 0x55, 0x55, 0x55, 0x55, 0x55, 0x55,
    0x55, 0x55, 0x55, 0x55, 0x88, 0x88, 0x53, 0x33, 0x34, 0x36, 0x31, 0x13, 0x76, 0x66, 0x66, 0x66,
    0x63, 0x33, 0x33, 0x33, 0x33, 0x33, 0x34, 0x15, 0x55, 0x55, 0x55, 0x55, 0x55, 0x55, 0x55, 0x55,
    0x55, 0x55, 0x55, 0x55, 0x88, 0x88, 0x85, 0x34, 0x33, 0x43, 0x11, 0x11, 0x36, 0x66, 0x66, 0x66,
    0x33, 0x33, 0x33, 0x33, 0x33, 0x33, 0x37, 0xA8, 0x55, 0x55, 0x55, 0x55, 0x55, 0x55, 0x55, 0x55,
    0x55, 0x55, 0x55, 0x58, 0x88, 0x8A, 0xA5, 0x33, 0x33, 0x43, 0x66, 0x66, 0x67, 0x44, 0x44, 0x44,
    0x33, 0x33, 0x33, 0x33, 0x33, 0x33, 0x37, 0xAA, 0xA8, 0x85, 0x55, 0x55, 0x55, 0x55, 0x55, 0x55,
    0x55, 0x55, 0x55, 0x58, 0x88, 0xAA, 0xA8, 0x53, 0x33, 0x36, 0x76, 0x67, 0x76, 0x33, 0x33, 0x33,
    0x33, 0x33, 0x33, 0x33, 0x33, 0x33, 0x68, 0xAA, 0xAA, 0xA8, 0x85, 0x55, 0x55, 0x55, 0x55, 0x55,
    0x55, 0x55, 0x55, 0x58, 0x88, 0xAA, 0xAA, 0x55, 0x23, 0x33, 0x31, 0x13, 0x43, 0x33, 0x33, 0x33,
    0x33, 0x33, 0x33, 0x33, 0x33, 0x33, 0x65, 0x8A, 0xBA, 0xA8, 0x88, 0x55, 0x55, 0x55, 0x55, 0x55,
    0x55, 0x55, 0x55, 0x88, 0x88, 0x8A, 0xAA, 0x85, 0x32, 0x34, 0x31, 0x11, 0x63, 0x22, 0x22, 0x22,
    0x33, 0x33, 0x33, 0x33, 0x33, 0x34, 0xB8, 0xA8, 0x8A, 0xBA, 0x85, 0x85, 0x55, 0x55, 0x55, 0x55,
    0x55, 0x55, 0x55, 0x58, 0x88, 0xAA, 0xBB, 0xA5, 0x32, 0x33, 0x33, 0x31, 0x36, 0x23, 0x32, 0x22,
    0x33, 0x33, 0x34, 0x43, 0x33, 0x33, 0xBA, 0x88, 0x58, 0xAB, 0xB8, 0x55, 0x55, 0x55, 0x55, 0x55,
    0x55, 0x55, 0x55, 0x88, 0x8A, 0xAA, 0xBB, 0xB8, 0x52, 0x36, 0x77, 0x77, 0x76, 0x23, 0x22, 0x22,
    0x33, 0x44, 0x34, 0x43, 0x43, 0x32, 0x98, 0x58, 0x55, 0x88, 0xBE, 0xD8, 0x55, 0x55, 0x55, 0x55,
    0x55, 0x85, 0x88, 0x88, 0xAA, 0xAA, 0xBB, 0xBA, 0x52, 0x22, 0x22, 0x22, 0x22, 0x22, 0x23, 0x32,
    0x33, 0x34, 0x33, 0x34, 0x44, 0x42, 0x98, 0x88, 0x55, 0x8B, 0xDB, 0xDE, 0xB5, 0x55, 0x55, 0x55,
    0x55, 0x58, 0x88, 0x88, 0xAA, 0xAA, 0xBB, 0xAA, 0x53, 0x22, 0x21, 0x12, 0x22, 0x22, 0x22, 0x22,
    0x34, 0x33, 0x34, 0x44, 0x43, 0x42, 0x98, 0x8A, 0x58, 0xBB, 0xB9, 0x99, 0xBB, 0xA5, 0x55, 0x55,
    0x55, 0x58, 0x88, 0x88, 0xAA, 0xAB, 0xAB, 0xB8, 0x52, 0x22, 0x22, 0x22, 0x22, 0x22, 0x22, 0x22,
    0x34, 0x22, 0x24, 0x43, 0x24, 0x42, 0x98, 0xA8, 0xAA, 0xAB, 0x99, 0x98, 0x88, 0xBB, 0x85, 0x55,
    0x55, 0x58, 0x88, 0x88, 0xAA, 0xAB, 0xEB, 0xB8, 0x52, 0x22, 0x22, 0x22, 0x22, 0x22, 0x22, 0x22,
    0x34, 0x42, 0x22, 0x22, 0x22, 0x42, 0x7B, 0xAA, 0xAA, 0xBB, 0x99, 0x76, 0x86, 0x68, 0xBA, 0x55,
    0x58, 0x88, 0x88, 0x8A, 0x8A, 0xAB, 0xEB, 0xA8, 0x32, 0x22, 0x22, 0x22, 0x22, 0x22, 0x22, 0x22,
    0x34, 0x44, 0x22, 0x22, 0x22, 0x22, 0x2B, 0xBA, 0xAA, 0xB9, 0x99, 0x78, 0x88, 0x86, 0x9B, 0xB8,
    0x58, 0x88, 0x88, 0x8A, 0xAA, 0xAB, 0xEE, 0xAA, 0x32, 0x22, 0x22, 0x22, 0x12, 0x22, 0x22, 0x22,
    0x34, 0x22, 0x22, 0x22, 0x22, 0x22, 0x19, 0xAA, 0xBB, 0xB9, 0x99, 0x99, 0x78, 0x9B, 0xDB, 0x7B,
    0xA8, 0x88, 0x88, 0x8A, 0xAB, 0xBB, 0xEE, 0xA8, 0x22, 0x22, 0x22, 0x22, 0x22, 0x22, 0x22, 0x22,
    0x12, 0x22, 0x22, 0x22, 0x22, 0x22, 0x29, 0xBB, 0xBC, 0x99, 0xB7, 0x99, 0x9B, 0xEF, 0xEE, 0x96,
    0xBB, 0x88, 0xA8, 0x8A, 0xAA, 0xEB, 0xAE, 0xA5, 0x22, 0x22, 0x22, 0x22, 0x22, 0x22, 0x22, 0x22,
    0x12, 0x22, 0x22, 0x22, 0x22, 0x22, 0x27, 0xFA, 0xDE, 0xDC, 0x97, 0x9E, 0xFF, 0xFF, 0xEB, 0x96,
    0x99, 0xBA, 0xAA, 0x8A, 0xAA, 0xBE, 0xAA, 0xA3, 0x22, 0x22, 0x22, 0x22, 0x22, 0x22, 0x22, 0x22,
    0x12, 0x22, 0x22, 0x22, 0x22, 0x22, 0x22, 0xCB, 0xFF, 0xFF, 0xFB, 0x9D, 0xEF, 0xFF, 0xEB, 0x97,
    0x78, 0x9B, 0xAA, 0xAA, 0xBA, 0xAE, 0xE8, 0xA4, 0x22, 0x22, 0x22, 0x22, 0x22, 0x22, 0x22, 0x22,
    0x12, 0x22, 0x22, 0x22, 0x22, 0x22, 0x22, 0x9E, 0xED, 0xFF, 0xFF, 0xBB, 0xEF, 0xFD, 0x9F, 0xFB,
    0x88, 0x9B, 0xBA, 0xAA, 0xBE, 0xAB, 0xE8, 0xA2, 0x22, 0x22, 0x22, 0x22, 0x22, 0x22, 0x22, 0x22,
    0x12, 0x22, 0x22, 0x22, 0x22, 0x22, 0x22, 0x4E, 0xBB, 0xEC, 0xFE, 0x9A, 0xEF, 0xED, 0xCF, 0xB9,
    0xBA, 0x99, 0xBB, 0xBA, 0xBE, 0xEB, 0xBA, 0x82, 0x22, 0x22, 0x22, 0x22, 0x22, 0x22, 0x22, 0x22,
    0x12, 0x22, 0x22, 0x22, 0x22, 0x22, 0x22, 0x2B, 0xEF, 0xEC, 0xFB, 0x7A, 0xBF, 0xFD, 0xB9, 0x97,
    0x9B, 0x99, 0x9C, 0xEA, 0xBE, 0xEB, 0xAA, 0x42, 0x22, 0x22, 0x22, 0x22, 0x22, 0x22, 0x22, 0x22,
    0x12, 0x22, 0x22, 0x22, 0x22, 0x22, 0x22, 0x2C, 0xFD, 0xCE, 0xF9, 0x7A, 0xBB, 0xED, 0xB9, 0x99,
    0x99, 0xB9, 0x99, 0xEE, 0xAE, 0xEB, 0xAA, 0x22, 0x22, 0x22, 0x22, 0x22, 0x22, 0x22, 0x22, 0x22,
    0x12, 0x22, 0x22, 0x22, 0x22, 0x22, 0x22, 0x27, 0xEC, 0x9D, 0xE7, 0x88, 0x99, 0x9B, 0xB9, 0x77,
    0x9B, 0x99, 0x99, 0xBF, 0xEB, 0xEB, 0xA4, 0x22, 0x22, 0x22, 0x22, 0x22, 0x22, 0x22, 0x22, 0x22,
    0x12, 0x22, 0x22, 0x22, 0x22, 0x22, 0x22, 0x22, 0x9B, 0x9C, 0xE7, 0x66, 0xBB, 0x99, 0x97, 0x63,
    0x79, 0x99, 0x97, 0x9F, 0xFB, 0xEB, 0xA2, 0x22, 0x22, 0x22, 0x22, 0x22, 0x22, 0x22, 0x22, 0x22,
    0x12, 0x22, 0x22, 0x22, 0x22, 0x22, 0x22, 0x22, 0x79, 0x9B, 0xC2, 0x38, 0x89, 0xB9, 0x77, 0x66,
    0x77, 0x79, 0x97, 0x9F, 0xFE, 0xBB, 0x82, 0x22, 0x22, 0x22, 0x22, 0x22, 0x22, 0x22, 0x22, 0x22,
    0x12, 0x22, 0x22, 0x22, 0x22, 0x22, 0x22, 0x22, 0x49, 0x99, 0xD6, 0x37, 0x77, 0xEB, 0x99, 0x88,
    0x87, 0x79, 0x97, 0x9C, 0xEF, 0xBA, 0x34, 0x42, 0x22, 0x26, 0x42, 0x42, 0x22, 0x22, 0x22, 0x22,
    0x12, 0x22, 0x22, 0x22, 0x22, 0x22, 0x22, 0x22, 0x4B, 0x99, 0xED, 0xBC, 0xEB, 0xEB, 0x99, 0x88,
    0x87, 0x79, 0x99, 0x99, 0xFB, 0xE7, 0x22, 0x42, 0x44, 0x27, 0x99, 0x63, 0x74, 0x44, 0x44, 0x42,
    0x12, 0x22, 0x22, 0x22, 0x22, 0x22, 0x22, 0x22, 0x4B, 0x99, 0xFF, 0xDE, 0xEC, 0x9B, 0x98, 0x98,
    0x88, 0x99, 0x99, 0x99, 0xDB, 0xB7, 0x44, 0x44, 0x44, 0x49, 0x99, 0x9A, 0x97, 0x47, 0x92, 0x44,
    0x12, 0x22, 0x42, 0x24, 0x22, 0x22, 0x22, 0x22, 0x4B, 0x99, 0xFF, 0xDD, 0xB9, 0x99, 0xB8, 0x88,
    0x89, 0x99, 0x99, 0x99, 0xBD, 0x94, 0x77, 0x74, 0x44, 0x9D, 0x99, 0x99, 0x77, 0x99, 0x62, 0x11,
    0x34, 0x22, 0x14, 0x32, 0x44, 0x22, 0x22, 0x22, 0x49, 0x9D, 0xBD, 0x99, 0x99, 0x99, 0x9A, 0x89,
    0x89, 0x99, 0x99, 0x99, 0xBB, 0x42, 0x44, 0x44, 0x44, 0x9C, 0xDC, 0x96, 0x69, 0xB9, 0x87, 0x64,
    0x32, 0x12, 0x19, 0x71, 0x74, 0x22, 0x44, 0x44, 0x29, 0xBF, 0xD9, 0x99, 0xBD, 0xDF, 0xB8, 0x89,
    0x99, 0x9A, 0x99, 0xBD, 0x99, 0x24, 0x67, 0x47, 0x47, 0x49, 0xDE, 0xCD, 0xBD, 0xDE, 0xB9, 0xCC,
    0x14, 0x44, 0x29, 0x97, 0xDC, 0x44, 0x44, 0x44, 0x26, 0xEF, 0xFF, 0xFF, 0xEF, 0xFF, 0xFD, 0x88,
    0x99, 0x99, 0x99, 0xBF, 0xD7, 0x74, 0x44, 0x42, 0x24, 0x49, 0xDE, 0xDD, 0xCC, 0xDC, 0xCC, 0x99,
    0x34, 0x44, 0x4C, 0xD9, 0xEE, 0x72, 0x24, 0x44, 0x47, 0xFF, 0xFC, 0xBB, 0xBB, 0xDE, 0xFF, 0xB8,
    0x99, 0x99, 0x99, 0xEF, 0x43, 0x94, 0x22, 0x22, 0x24, 0x99, 0xC9, 0x99, 0x99, 0x99, 0x74, 0x42,
    0x37, 0x44, 0x4C, 0xDC, 0xE9, 0x72, 0x44, 0x74, 0x29, 0xFF, 0xDC, 0xCD, 0xDB, 0x99, 0xBF, 0xD8,
    0x99, 0x99, 0x9D, 0xEC, 0x25, 0x69, 0x72, 0x22, 0x22, 0x22, 0x44, 0x44, 0x22, 0x22, 0x22, 0x24,
    0x37, 0x64, 0x4C, 0xD7, 0xC9, 0x74, 0x47, 0x44, 0x44, 0xDF, 0xBD, 0xFF, 0xE9, 0x79, 0x9E, 0xB8,
    0x99, 0x99, 0xBE, 0xDC, 0x45, 0x52, 0x22, 0x24, 0x44, 0x79, 0xDD, 0xCC, 0xCC, 0xC9, 0x99, 0x99,
    0x12, 0x22, 0x2C, 0xE4, 0xCE, 0x77, 0x77, 0x74, 0x66, 0xCB, 0x99, 0xB9, 0x98, 0x8A, 0x8D, 0xA8,
    0x99, 0x99, 0xDE, 0xDC, 0x75, 0x59, 0xCC, 0xCC, 0x99, 0x79, 0xDD, 0xDD, 0xDD, 0xCC, 0xCC, 0xCC,
    0x12, 0x22, 0x29, 0xC2, 0x9C, 0x42, 0x22, 0x24, 0x44, 0xCB, 0x99, 0xB9, 0x98, 0x88, 0xAA, 0x99,
    0x99, 0x9B, 0xEF, 0xEC, 0x78, 0x8B, 0xCC, 0xC9, 0x97, 0x79, 0xDD, 0xDD, 0xDC, 0xCC, 0xCC, 0xCC,
    0x12, 0x22, 0x24, 0x94, 0x49, 0x72, 0x22, 0x22, 0x22, 0x9D, 0x99, 0xB9, 0x99, 0xAA, 0xAA, 0x99,
    0x99, 0x9E, 0xFF, 0xEC, 0x8A, 0xAA, 0x7C, 0xCC, 0x99, 0x77, 0xCD, 0xDD, 0xDC, 0xCC, 0xCC, 0xCC,
    0x12, 0x22, 0x24, 0x72, 0x79, 0x72, 0x22, 0x22, 0x21, 0x7E, 0xB9, 0x99, 0x9B, 0xBB, 0xBB, 0x99,
    0x99, 0xDE, 0xFE, 0xEA, 0xB8, 0xBB, 0x57, 0x97, 0x97, 0x79, 0xDD, 0xDD, 0xCC, 0xCC, 0xCC, 0xCC,
    0x12, 0x22, 0x27, 0x99, 0xCE, 0x92, 0x22, 0x22, 0x22, 0x7E, 0xED, 0xBA, 0xAA, 0xBB, 0xBB, 0xBB,
    0xBD, 0xDD, 0xEE, 0xB8, 0xA8, 0xEE, 0x83, 0x44, 0x74, 0x47, 0x9D, 0xFE, 0xED, 0xDD, 0xCD, 0xCC,
    0x31, 0x22, 0x22, 0x24, 0x42, 0x22, 0x22, 0x22, 0x22, 0x2E, 0xFE, 0xED, 0xDE, 0xEE, 0xBB, 0xBD,
    0xDB, 0xBE, 0xED, 0xAA, 0x8B, 0xEF, 0xB8, 0x42, 0x42, 0x34, 0x77, 0xCF, 0xFF, 0xFF, 0xEE, 0xEE,
    0x31, 0x22, 0x22, 0x22, 0x22, 0x22, 0x22, 0x22, 0x44, 0x49, 0xFF, 0xEE, 0xEE, 0xEB, 0xB9, 0xBB,
    0xBB, 0xDE, 0xCB, 0xAA, 0xAE, 0xBE, 0xB8, 0x74, 0x64, 0x43, 0x74, 0x29, 0xFF, 0xEE, 0xEE, 0xEE,
    0x31, 0x22, 0x22, 0x22, 0x22, 0x22, 0x22, 0x24, 0x99, 0x79, 0xEF, 0xFF, 0xED, 0xDB, 0xBB, 0xBB,
    0xBB, 0xC7, 0xCB, 0xB5, 0xBE, 0xAB, 0x88, 0x63, 0x77, 0x63, 0x44, 0x42, 0x7E, 0xFE, 0xED, 0xDD,
    0x63, 0x44, 0x79, 0x42, 0x22, 0x22, 0x22, 0x22, 0x22, 0x27, 0xEE, 0xEE, 0xFE, 0xDD, 0xBB, 0xBB,
    0x97, 0x49, 0xBE, 0xAA, 0xFA, 0x8A, 0x88, 0x92, 0x46, 0x64, 0x34, 0x44, 0x44, 0xDE, 0xDD, 0xDD,
    0x76, 0x97, 0x9D, 0xF9, 0x22, 0x22, 0x22, 0x22, 0x22, 0x27, 0xFA, 0xBC, 0xCE, 0xED, 0xDB, 0x94,
    0x44, 0x9D, 0xAB, 0xAF, 0xB8, 0x8A, 0x8B, 0xD7, 0x24, 0x44, 0x44, 0x44, 0x42, 0x7E, 0xED, 0xDD,
    0x76, 0x77, 0xCD, 0xFF, 0xD4, 0x22, 0x22, 0x22, 0x22, 0x28, 0xEE, 0x8B, 0xD9, 0xEE, 0xEE, 0x42,
    0x79, 0xEB, 0xAA, 0xBE, 0xAA, 0xBA, 0xBB, 0xDC, 0x94, 0x24, 0x33, 0x33, 0x44, 0x29, 0xFD, 0xDD,
    0x76, 0x79, 0xCD, 0xFE, 0xEF, 0x92, 0x22, 0x22, 0x22, 0x78, 0xFF, 0xA5, 0xAD, 0xDF, 0xEF, 0x77,
    0x9D, 0xFA, 0xBF, 0xEA, 0x88, 0xBE, 0xEB, 0xDE, 0x97, 0x62, 0x44, 0x44, 0x43, 0x34, 0xCD, 0xDD,
    0x76, 0x7C, 0xCC, 0xFE, 0xEE, 0xEC, 0x72, 0x22, 0x24, 0xD8, 0xEF, 0xEA, 0x58, 0xAD, 0xEE, 0x9B,
    0xDF, 0xEB, 0xEE, 0xAA, 0x88, 0xBE, 0xE9, 0xCE, 0xC9, 0x77, 0x67, 0x66, 0x33, 0x33, 0x9D, 0xDD,
    0x66, 0x9C, 0xCC, 0xEF, 0xFE, 0xDD, 0xE9, 0x22, 0x7C, 0xFA, 0xBF, 0xEF, 0xEA, 0x8A, 0xAA, 0xEE,
    0xAB, 0xFE, 0xAB, 0xA8, 0x8A, 0xEB, 0xBB, 0xCE, 0xDC, 0x99, 0x97, 0x77, 0x77, 0x77, 0x7D, 0xDD,
    0x66, 0xCC, 0xCC, 0xED, 0xCD, 0xED, 0xDF, 0xC7, 0xEE, 0xFB, 0xAF, 0xEE, 0xEB, 0xBA, 0xAA, 0xAB,
    0xAE, 0xDA, 0xDB, 0xA8, 0x8E, 0xEA, 0xEB, 0xCE, 0xDC, 0xC9, 0x99, 0x74, 0x23, 0x44, 0x2C, 0xDD,
    0x79, 0xDD, 0xDC, 0x94, 0x46, 0x9C, 0xEC, 0x9E, 0xFE, 0xFE, 0xBF, 0xFB, 0xAA, 0xA8, 0x8A, 0xBE,
    0xB8, 0xAF, 0xBA, 0xAA, 0xBF, 0x8B, 0xFB, 0xCE, 0xDC, 0xCC, 0x99, 0x99, 0x42, 0x11, 0x19, 0xDD,
    0x7C, 0xDD, 0xD7, 0x43, 0x34, 0x34, 0x9C, 0xEF, 0xFE, 0xFF, 0xBF, 0xFF, 0xEF, 0xBB, 0xBB, 0x88,
    0xBE, 0xFE, 0x8A, 0x8A, 0xE8, 0x8E, 0xF9, 0xCE, 0xDD, 0xCC, 0xC9, 0x99, 0x97, 0x74, 0x29, 0xDD,
    0x69, 0xDD, 0x74, 0x43, 0x66, 0x49, 0xDE, 0xEF, 0xEE, 0xFF, 0xAB, 0xFF, 0xFB, 0x8A, 0xAA, 0xBF,
    0xFE, 0xFA, 0xA8, 0x58, 0xB5, 0xBF, 0xF8, 0xCE, 0xDD, 0xDC, 0xC9, 0x99, 0x99, 0xCE, 0x99, 0xDD,
    0x37, 0xD9, 0x46, 0x67, 0x77, 0x9E, 0xEE, 0xEF, 0xEF, 0xFF, 0x8A, 0xEF, 0x8A, 0xEF, 0xFF, 0xEE,
    0x9C, 0xBA, 0xAA, 0x8A, 0x68, 0xEF, 0xF8, 0xCE, 0xDD, 0xDC, 0xCC, 0x99, 0x99, 0xDC, 0xCC, 0xCD,
    0x37, 0x97, 0x99, 0x74, 0x79, 0xDD, 0xDE, 0xEE, 0xDF, 0xFE, 0x8A, 0x88, 0xBF, 0xEB, 0xAF, 0xB9,
    0x9B, 0x8A, 0xAA, 0xEB, 0x5B, 0xFF, 0xD6, 0xDE, 0xED, 0xDC, 0xC9, 0x99, 0x9C, 0xDC, 0xDC, 0xCD,
    0x36, 0x77, 0x97, 0x79, 0xCD, 0xCD, 0xDD, 0xFD, 0xDE, 0xFE, 0x88, 0x8E, 0xFB, 0xEA, 0xAB, 0xB9,
    0x98, 0xAB, 0xBF, 0xF5, 0xAE, 0xFE, 0xC6, 0xDF, 0xED, 0xDD, 0xCC, 0x99, 0x9D, 0xCC, 0xEC, 0xCD,
    0x36, 0x99, 0x79, 0xCC, 0xCC, 0xCD, 0xDE, 0xEC, 0xEE, 0xEE, 0x86, 0xFB, 0xEB, 0xBA, 0xAB, 0xB9,
    0x68, 0xBE, 0xFB, 0x58, 0xBF, 0xEE, 0xD6, 0xCF, 0xEE, 0xDD, 0xCC, 0xC9, 0xCC, 0x9D, 0xEC, 0xDD,
    0x36, 0x99, 0x7C, 0xEC, 0xDD, 0xDD, 0xDE, 0xDC, 0xDD, 0xEE, 0x8B, 0xFA, 0xAB, 0xAA, 0xAE, 0xB9,
    0x8B, 0xEE, 0x85, 0x8B, 0xBF, 0xED, 0xD6, 0xDF, 0xEE, 0xED, 0xDC, 0x99, 0xC9, 0x9D, 0xED, 0xDD,
    0x36, 0x9C, 0x9E, 0xDC, 0xDD, 0xDD, 0xEE, 0xCD, 0xCC, 0xFE, 0x8F, 0xFA, 0xAA, 0xA8, 0xBF, 0xA8,
    0xAF, 0xB5, 0x8A, 0xBB, 0xEE, 0xDC, 0xC6, 0xEF, 0xFE, 0xED, 0xDD, 0xC9, 0x99, 0x9D, 0xED, 0xDD,
    0x39, 0x9C, 0xEE, 0xDD, 0xDD, 0xDD, 0xEB, 0xCC, 0xCD, 0xFE, 0x8F, 0xBB, 0xAA, 0xA8, 0xAF, 0xA8,
    0xFB, 0x58, 0xBD, 0xBE, 0xFD, 0xCC, 0xC8, 0x6F, 0xFF, 0xEE, 0xDD, 0xCC, 0x99, 0x9C, 0xDD, 0xDD,
    0x6C, 0xCE, 0xEE, 0xDD, 0xDD, 0xCE, 0xBC, 0xCC, 0xDD, 0xFF, 0xBF, 0x8A, 0xAA, 0xA8, 0xBF, 0xAF,
    0xB5, 0xAA, 0xBB, 0xEF, 0xED, 0xCC, 0xCC, 0x69, 0xFF, 0xFE, 0xDC, 0xCC, 0x99, 0x9C, 0xDD, 0xDD,
    0x69, 0x9F, 0xEF, 0xDD, 0xDC, 0xDB, 0x9D, 0xCD, 0xCD, 0xEF, 0xBB, 0xA8, 0xAA, 0xAB, 0xED, 0xEF,
    0x5B, 0xDB, 0xBE, 0xFD, 0xCC, 0xDB, 0xCD, 0xC6, 0xEF, 0xFE, 0xDD, 0xCC, 0x99, 0x9D, 0xDD, 0xDD,
    0x67, 0x9F, 0xEF, 0xDD, 0xCC, 0xE9, 0xCC, 0xBB, 0xBB, 0xEF, 0xFB, 0xB8, 0xAA, 0xAE, 0xAA, 0xEA,
    0xEE, 0xAB, 0xEF, 0xFC, 0xCB, 0xCC, 0xCD, 0xDA, 0x6F, 0xFD, 0xDD, 0xCC, 0x99, 0xCC, 0xDD, 0xDD,
    0x67, 0x9F, 0xEF, 0xED, 0xCE, 0xA9, 0xD9, 0x9B, 0x99, 0xFF, 0xEE, 0xBA, 0xBA, 0x8B, 0xFA, 0xBE,
    0xAA, 0xEE, 0xFF, 0xEC, 0xBB, 0xCD, 0xCC, 0xCD, 0x89, 0xFD, 0xDD, 0xC9, 0x99, 0xCC, 0xDD, 0xDD,
    0x37, 0x9F, 0xEE, 0xFC, 0xEB, 0x9C, 0xCB, 0x9B, 0x9C, 0xFF, 0xDE, 0xBA, 0xBA, 0x8B, 0xEA, 0xEB,
    0xEF, 0xFF, 0xFF, 0xEC, 0xBC, 0xBB, 0xCC, 0xCB, 0xD6, 0x9F, 0xCC, 0xC9, 0x9C, 0xCC, 0xDD, 0xDD,
    0x37, 0x9F, 0xFF, 0xFD, 0xE8, 0xCC, 0x9B, 0xBB, 0xCC, 0xFF, 0xEE, 0xB8, 0xAA, 0x8F, 0xBE, 0xFF,
    0xFE, 0xFF, 0xFF, 0xDC, 0xCB, 0xDD, 0xDD, 0xCD, 0xCB, 0x3C, 0xDC, 0xD9, 0x9C, 0xCC, 0xDD, 0xDD,
    0x37, 0xCF, 0xEF, 0xEE, 0xA9, 0xDC, 0xDC, 0xBB, 0xCC, 0xFF, 0xEE, 0xEA, 0x8A, 0xBE, 0xBF, 0xFD,
    0x9F, 0xFE, 0xFF, 0xCC, 0xBD, 0xDC, 0xDC, 0xCD, 0xCD, 0xB3, 0xCC, 0xC9, 0x9C, 0xCC, 0xCD, 0xDD,
    0x37, 0xCF, 0xEF, 0xEB, 0x9D, 0xCC, 0xCC, 0x9C, 0x9D, 0xFE, 0xFE, 0xBB, 0x8A, 0xAA, 0xEE, 0x97,
    0x9F, 0xEE, 0xFF, 0xCD, 0xCD, 0xCC, 0xCC, 0xCD, 0xEE, 0xF8, 0x7D, 0xC9, 0x9C, 0xCC, 0xCD, 0xDE,
    0x37, 0xDF, 0xDF, 0xEB, 0xCD, 0xCC, 0xCC, 0xCC, 0x9E, 0xFD, 0xEE, 0xAB, 0xAA, 0xEE, 0xB9, 0x79,
    0xDF, 0xDD, 0xFE, 0xCD, 0xDC, 0xCC, 0xDD, 0xCD, 0xED, 0xDB, 0x7D, 0xCC, 0x9C, 0xCD, 0xDD, 0xDE,
    0x39, 0xEF, 0xDF, 0xEB, 0xCD, 0xDC, 0xCC, 0xCC, 0x9F, 0xFE, 0xDF, 0xAB, 0xBA, 0xFD, 0xC7, 0x99,
    0xFE, 0xCE, 0xFE, 0xCC, 0xCC, 0xCC, 0xDD, 0xCC, 0xDC, 0xD9, 0xBD, 0xDC, 0xCC, 0xCD, 0xDC, 0xDE,
    0x39, 0xFF, 0xEF, 0xEB, 0xCD, 0xCC, 0xCC, 0xC9, 0x9F, 0xFE, 0xDE, 0xBB, 0xAA, 0xDB, 0xC7, 0x9E,
    0xED, 0xDE, 0xFE, 0xCC, 0xCC, 0xDC, 0xCE, 0xDD, 0xDC, 0xCA, 0xED, 0xED, 0xCC, 0xCC, 0xDC, 0xDE,
    0x6C, 0xFF, 0xEF, 0xED, 0xCC, 0xCD, 0xDC, 0xCC, 0xCF, 0xFE, 0xDB, 0xFF, 0xBF, 0xEB, 0xC9, 0xCF,
    0xDD, 0xEE, 0xFE, 0xDD, 0xCD, 0xEC, 0xBD, 0xED, 0xDD, 0xBA, 0xED, 0xFE, 0xDD, 0xDD, 0xDD, 0xDE,
    0x6C, 0xFF, 0xFF, 0xEB, 0xCC, 0xCD, 0xDC, 0xCC, 0xCF, 0xFD, 0xDC, 0xBF, 0xFF, 0xBC, 0x9C, 0xFD,
    0xDD, 0xEE, 0xFD, 0xDC, 0xCD, 0xCB, 0xBD, 0xDD, 0xDE, 0xAB, 0xEE, 0xFE, 0xED, 0xDD, 0xDD, 0xDE,
    0x3D, 0xFF, 0xFF, 0xED, 0xCC, 0xCC, 0xDC, 0xCC, 0xCF, 0xED, 0xDC, 0xBF, 0xEF, 0xBD, 0xCE, 0xBD,
    0xDD, 0xEE, 0xFD, 0xCC, 0xDD, 0xBC, 0xBD, 0xDD, 0xEE, 0xAE, 0xDE, 0xFF, 0xEE, 0xDD, 0xED, 0xDE,
};

static const uint8_t coup_animdata_ambassador_f01[3072] = {
    0x67, 0x63, 0x77, 0x77, 0x77, 0x77, 0x77, 0x77, 0x77, 0x77, 0x77, 0x77, 0x77, 0x77, 0x77, 0x77,
    0x77, 0x77, 0x77, 0x77, 0x77, 0x77, 0x77, 0x77, 0x77, 0x77, 0x11, 0x11, 0x17, 0x97, 0x77, 0x77,
    0x76, 0x37, 0x77, 0x77, 0x77, 0x77, 0x77, 0x77, 0x77, 0x77, 0x77, 0x77, 0x77, 0x77, 0x77, 0x77,
    0x77, 0x77, 0x77, 0x77, 0x77, 0x77, 0x77, 0x77, 0x77, 0x77, 0x71, 0x11, 0x79, 0x77, 0x77, 0x77,
    0x73, 0x67, 0x77, 0x77, 0x77, 0x77, 0x77, 0x77, 0x77, 0x77, 0x77, 0x77, 0x77, 0x77, 0x77, 0x77,
    0x77, 0x77, 0x77, 0x77, 0x77, 0x77, 0x77, 0x77, 0x77, 0x77, 0x76, 0x16, 0x97, 0x77, 0x77, 0x77,
    0x66, 0x77, 0x77, 0x77, 0x77, 0x77, 0x77, 0x77, 0x77, 0x77, 0x76, 0x77, 0x77, 0x77, 0x77, 0x77,
    0x77, 0x77, 0x77, 0x77, 0x77, 0x77, 0x77, 0x77, 0x77, 0x77, 0x77, 0x69, 0x77, 0x77, 0x77, 0x77,
    0x77, 0x77, 0x77, 0x77, 0xB9, 0x77, 0x77, 0x77, 0x77, 0x77, 0x66, 0x76, 0x67, 0x76, 0x66, 0x76,
    0x77, 0x77, 0x77, 0x76, 0x67, 0x77, 0x77, 0x77, 0x77, 0x77, 0x77, 0x97, 0x77, 0x77, 0x77, 0x77,
    0x77, 0x77, 0x77, 0x77, 0x99, 0x63, 0x67, 0x77, 0x77, 0x66, 0x66, 0x66, 0x66, 0x66, 0x66, 0x76,
    0x66, 0x66, 0x66, 0x66, 0x67, 0x77, 0x77, 0x77, 0x77, 0x77, 0x77, 0x77, 0x77, 0x77, 0x77, 0x77,
    0x67, 0x77, 0x76, 0x79, 0x79, 0x78, 0x23, 0x66, 0x66, 0x66, 0x66, 0x66, 0x66, 0x66, 0x66, 0x66,
    0x66, 0x66, 0x66, 0x66, 0x66, 0x66, 0x76, 0x77, 0x77, 0x77, 0x67, 0x37, 0x77, 0x77, 0x77, 0x77,
    0x67, 0x77, 0x66, 0x66, 0x7B, 0xAA, 0xA8, 0x76, 0x66, 0x66, 0x66, 0x66, 0x66, 0x66, 0x66, 0x66,
    0x66, 0x66, 0x66, 0x66, 0x66, 0x66, 0x67, 0x67, 0x66, 0x76, 0x76, 0x13, 0x77, 0x77, 0x77, 0x77,
    0x67, 0x66, 0x66, 0x66, 0x79, 0x99, 0x97, 0x97, 0x76, 0x66, 0x66, 0x66, 0x66, 0x66, 0x66, 0x66,
    0x66, 0x66, 0x66, 0x66, 0x66, 0x67, 0x36, 0x76, 0x66, 0x67, 0x61, 0x11, 0x67, 0x67, 0x76, 0x77,
    0x77, 0x66, 0x66, 0x66, 0x66, 0x66, 0x66, 0x66, 0x66, 0x66, 0x66, 0x66, 0x66, 0x66, 0x66, 0x66,
    0x66, 0x66, 0x66, 0x66, 0x66, 0x67, 0x61, 0x77, 0x66, 0x67, 0x51, 0x63, 0x16, 0x76, 0x76, 0x75,
    0x67, 0x66, 0x66, 0x66, 0x66, 0x66, 0x66, 0x66, 0x66, 0x66, 0x66, 0x66, 0x66, 0x66, 0x66, 0x66,
    0x66, 0x66, 0x66, 0x66, 0x66, 0x67, 0x61, 0x37, 0x66, 0x75, 0x16, 0x97, 0x11, 0x77, 0x67, 0x31,
    0x67, 0x66, 0x66, 0x76, 0x66, 0x66, 0x66, 0x66, 0x66, 0x66, 0x66, 0x66, 0x66, 0x66, 0x66, 0x33,
    0x53, 0x66, 0x66, 0x66, 0x66, 0x67, 0x61, 0x13, 0x66, 0x31, 0x69, 0x79, 0x61, 0x17, 0x66, 0x11,
    0x66, 0x66, 0x66, 0x66, 0x66, 0x66, 0x66, 0x66, 0x66, 0x66, 0x66, 0x66, 0x66, 0x66, 0x35, 0x55,
    0x55, 0x53, 0x66, 0x66, 0x66, 0x67, 0x61, 0x16, 0x76, 0x61, 0x37, 0x67, 0x61, 0x37, 0x66, 0x11,
    0x66, 0x66, 0x66, 0x66, 0x66, 0x66, 0x66, 0x66, 0x66, 0x66, 0x66, 0x66, 0x66, 0x31, 0x55, 0x55,
    0x55, 0x55, 0x56, 0x66, 0x66, 0x66, 0x61, 0x69, 0x66, 0x76, 0x13, 0x96, 0x13, 0x97, 0x67, 0x61,
    0x66, 0x66, 0x66, 0x66, 0x66, 0x66, 0x66, 0x66, 0x66, 0x66, 0x66, 0x66, 0x11, 0x15, 0x55, 0x55,
    0x55, 0x55, 0x55, 0x66, 0x66, 0x66, 0x33, 0x96, 0x66, 0x67, 0x31, 0x31, 0x17, 0x76, 0x66, 0x76,
    0x66, 0x66, 0x66, 0x66, 0x66, 0x66, 0x66, 0x66, 0x66, 0x66, 0x63, 0x11, 0x11, 0x55, 0x55, 0x55,
    0x55, 0x55, 0x55, 0x56, 0x66, 0x66, 0x67, 0x66, 0x66, 0x66, 0x71, 0x11, 0x77, 0x66, 0x66, 0x67,
    0x66, 0x66, 0x66, 0x66, 0x66, 0x66, 0x66, 0x44, 0x66, 0x63, 0x35, 0x55, 0x55, 0x55, 0x55, 0x55,
    0x55, 0x55, 0x55, 0x55, 0x36, 0x66, 0x66, 0x46, 0x66, 0x64, 0x77, 0x16, 0x76, 0x66, 0x66, 0x66,
    0x66, 0x67, 0x99, 0x97, 0x64, 0x33, 0x34, 0x44, 0x66, 0x11, 0x55, 0x55, 0x55, 0x55, 0x55, 0x55,
    0x55, 0x55, 0x55, 0x55, 0x55, 0x64, 0x34, 0x66, 0x46, 0x66, 0x47, 0x77, 0x66, 0x66, 0x66, 0x66,
    0x66, 0x69, 0x9B, 0x97, 0x94, 0x33, 0x33, 0x33, 0x41, 0x15, 0x55, 0x55, 0x55, 0x55, 0x55, 0x55,
    0x55, 0x55, 0x55, 0x55, 0x55, 0x54, 0x34, 0x44, 0x44, 0x44, 0x44, 0x66, 0x66, 0x66, 0x66, 0x66,
    0x66, 0x34, 0x47, 0x97, 0x76, 0x64, 0x44, 0x44, 0x15, 0x55, 0x55, 0x55, 0x55, 0x55, 0x55, 0x55,
    0x55, 0x55, 0x55, 0x55, 0x55, 0x53, 0x44, 0x44, 0x44, 0x44, 0x64, 0x44, 0x66, 0x66, 0x66, 0x66,
    0x34, 0x34, 0x33, 0x33, 0x33, 0x33, 0x44, 0x43, 0x55, 0x55, 0x55, 0x55, 0x55, 0x55, 0x55, 0x55,
    0x55, 0x55, 0x55, 0x55, 0x55, 0x55, 0x34, 0x34, 0x44, 0x44, 0x46, 0x66, 0x44, 0x66, 0x64, 0x66,
    0x34, 0x33, 0x33, 0x33, 0x34, 0x34, 0x44, 0x31, 0x55, 0x55, 0x55, 0x55, 0x55, 0x55, 0x55, 0x55,
    0x55, 0x55, 0x55, 0x55, 0x55, 0x55, 0x53, 0x33, 0x44, 0x44, 0x46, 0x16, 0x64, 0x66, 0x66, 0x66,
    0x34, 0x33, 0x33, 0x33, 0x33, 0x33, 0x33, 0x11, 0x55, 0x55, 0x55, 0x55, 0x55, 0x55, 0x55, 0x55,
    0x55, 0x55, 0x55, 0x55, 0x88, 0x88, 0x55, 0x33, 0x33, 0x44, 0x65, 0x11, 0x66, 0x66, 0x66, 0x66,
    0x33, 0x33, 0x33, 0x33, 0x33, 0x33, 0x34, 0x15, 0x55, 0x55, 0x55, 0x55, 0x55, 0x55, 0x55, 0x55,
    0x55, 0x55, 0x55, 0x55, 0x88, 0x88, 0x85, 0x34, 0x33, 0x34, 0x11, 0x11, 0x16, 0x66, 0x66, 0x66,
    0x33, 0x33, 0x33, 0x33, 0x33, 0x33, 0x39, 0xA5, 0x55, 0x55, 0x55, 0x55, 0x55, 0x55, 0x55, 0x55,
    0x55, 0x55, 0x55, 0x55, 0x88, 0x8A, 0xA8, 0x53, 0x33, 0x43, 0x66, 0x66, 0x66, 0x64, 0x44, 0x44,
    0x33, 0x33, 0x33, 0x33, 0x33, 0x33, 0x4A, 0xAA, 0xA8, 0x85, 0x55, 0x55, 0x55, 0x55, 0x55, 0x55,
    0x55, 0x55, 0x55, 0x55, 0x88, 0xAA, 0xAA, 0x53, 0x33, 0x34, 0x67, 0x36, 0x77, 0x43, 0x33, 0x33,
    0x33, 0x33, 0x33, 0x33, 0x33, 0x33, 0x68, 0xAA, 0xAA, 0x88, 0x55, 0x55, 0x55, 0x55, 0x55, 0x55,
    0x55, 0x55, 0x55, 0x55, 0x88, 0xAA, 0xAA, 0x85, 0x33, 0x33, 0x43, 0x11, 0x63, 0x33, 0x33, 0x33,
    0x33, 0x33, 0x33, 0x33, 0x33, 0x34, 0x55, 0xAB, 0xBA, 0xA8, 0x88, 0x55, 0x55, 0x55, 0x55, 0x55,
    0x55, 0x55, 0x55, 0x88, 0x88, 0x8A, 0xBA, 0xA5, 0x32, 0x34, 0x31, 0x11, 0x34, 0x22, 0x22, 0x22,
    0x33, 0x33, 0x33, 0x33, 0x33, 0x37, 0xB8, 0x88, 0xAB, 0xB8, 0x85, 0x85, 0x55, 0x55, 0x55, 0x55,
    0x55, 0x55, 0x55, 0x58, 0x88, 0xAA, 0xBB, 0xB8, 0x52, 0x33, 0x33, 0x33, 0x16, 0x42, 0x32, 0x22,
    0x34, 0x33, 0x34, 0x43, 0x33, 0x37, 0xB8, 0x85, 0x58, 0xAB, 0xA8, 0x55, 0x85, 0x55, 0x55, 0x55,
    0x55, 0x55, 0x55, 0x88, 0x8A, 0xAA, 0xBB, 0xB8, 0x52, 0x26, 0x77, 0x77, 0x77, 0x42, 0x32, 0x22,
    0x34, 0x33, 0x44, 0x43, 0x43, 0x24, 0xB8, 0x88, 0x55, 0x88, 0xEE, 0xB8, 0x55, 0x55, 0x55, 0x55,
    0x55, 0x85, 0x88, 0x88, 0x8A, 0xAA, 0xBB, 0xAA, 0x53, 0x22, 0x32, 0x22, 0x22, 0x22, 0x23, 0x32,
    0x34, 0x34, 0x33, 0x44, 0x44, 0x24, 0xA8, 0x88, 0x55, 0x8B, 0xBB, 0xEE, 0xA5, 0x55, 0x55, 0x55,
    0x55, 0x58, 0x88, 0x88, 0xAA, 0xAA, 0xAB, 0xAA, 0x53, 0x22, 0x22, 0x12, 0x22, 0x22, 0x22, 0x22,
    0x34, 0x32, 0x33, 0x44, 0x44, 0x24, 0xA8, 0xA8, 0x58, 0xBD, 0x99, 0x99, 0xBB, 0x85, 0x55, 0x55,
    0x55, 0x58, 0x88, 0x88, 0xAA, 0xAB, 0xBB, 0xBA, 0x83, 0x22, 0x22, 0x22, 0x22, 0x22, 0x22, 0x22,
    0x34, 0x22, 0x24, 0x32, 0x24, 0x24, 0xA8, 0xA8, 0xAA, 0xBB, 0x99, 0x98, 0x88, 0xBB, 0x55, 0x55,
    0x55, 0x58, 0x88, 0x88, 0xAA, 0xAB, 0xEB, 0xBA, 0x82, 0x22, 0x22, 0x22, 0x21, 0x22, 0x22, 0x22,
    0x44, 0x22, 0x22, 0x42, 0x22, 0x42, 0x9A, 0xAA, 0x8A, 0xBB, 0x99, 0x78, 0x86, 0x69, 0xBA, 0x55,
    0x58, 0x88, 0x88, 0x8A, 0x8A, 0xAB, 0xEE, 0xAA, 0x52, 0x22, 0x22, 0x22, 0x22, 0x22, 0x22, 0x22,
    0x34, 0x44, 0x22, 0x22, 0x22, 0x22, 0x6B, 0xAA, 0xBA, 0xB9, 0x99, 0x78, 0x88, 0x86, 0x9B, 0x98,
    0x58, 0x88, 0x88, 0x8A, 0xAA, 0xAB, 0xEE, 0xAA, 0x32, 0x22, 0x22, 0x22, 0x22, 0x22, 0x22, 0x22,
    0x34, 0x22, 0x22, 0x22, 0x22, 0x22, 0x2B, 0xAB, 0xAB, 0xB9, 0x99, 0x99, 0x88, 0x8B, 0xDB, 0x9B,
    0xA8, 0x88, 0x88, 0x8A, 0xAB, 0xBB, 0xEE, 0xA8, 0x32, 0x22, 0x22, 0x22, 0x21, 0x22, 0x22, 0x22,
    0x22, 0x22, 0x22, 0x22, 0x22, 0x22, 0x2B, 0xBB, 0xBB, 0x9B, 0xB7, 0x99, 0x9B, 0xEF, 0xEE, 0x77,
    0xBB, 0x88, 0xA8, 0x8A, 0xAA, 0xEB, 0xAE, 0xA5, 0x22, 0x22, 0x22, 0x22, 0x22, 0x22, 0x22, 0x22,
    0x22, 0x22, 0x22, 0x22, 0x22, 0x22, 0x2C, 0xEA, 0xED, 0x99, 0x97, 0x9E, 0xEF, 0xFF, 0xED, 0x96,
    0x9B, 0xBA, 0xAA, 0x8A, 0xAA, 0xBE, 0xAA, 0xB6, 0x22, 0x22, 0x22, 0x22, 0x22, 0x22, 0x22, 0x22,
    0x22, 0x22, 0x22, 0x22, 0x22, 0x22, 0x27, 0xEB, 0xFF, 0xFF, 0xD9, 0x9E, 0xFF, 0xFF, 0xDB, 0x97,
    0x79, 0x9B, 0xAA, 0xAA, 0xBA, 0xAE, 0xEA, 0xA6, 0x22, 0x22, 0x22, 0x22, 0x22, 0x22, 0x22, 0x22,
    0x22, 0x22, 0x22, 0x22, 0x22, 0x22, 0x22, 0xDE, 0xFE, 0xFF, 0xFE, 0xBB, 0xFF, 0xFE, 0xCF, 0xEB,
    0x78, 0x9B, 0xBA, 0xAA, 0xBE, 0xBA, 0xFA, 0xA4, 0x22, 0x22, 0x22, 0x22, 0x22, 0x22, 0x22, 0x22,
    0x22, 0x22, 0x22, 0x22, 0x22, 0x22, 0x22, 0x9F, 0xBB, 0xEE, 0xFE, 0x9B, 0xEF, 0xFD, 0x9F, 0xCB,
    0xB8, 0x99, 0xBB, 0xBA, 0xBE, 0xEB, 0xEA, 0xA2, 0x22, 0x22, 0x22, 0x22, 0x22, 0x22, 0x22, 0x22,
    0x22, 0x22, 0x22, 0x22, 0x22, 0x22, 0x21, 0x7E, 0xDF, 0xCC, 0xF9, 0x7A, 0xEF, 0xED, 0xBB, 0x97,
    0x9B, 0x99, 0x9C, 0xEA, 0xAE, 0xEE, 0xAB, 0x72, 0x22, 0x22, 0x22, 0x22, 0x22, 0x22, 0x22, 0x22,
    0x22, 0x22, 0x22, 0x22, 0x22, 0x22, 0x22, 0x4E, 0xFD, 0xEE, 0xF9, 0x8A, 0xBE, 0xED, 0xB9, 0x99,
    0x99, 0xB9, 0x99, 0xEE, 0xAE, 0xEE, 0xAA, 0x42, 0x22, 0x22, 0x22, 0x22, 0x22, 0x22, 0x22, 0x22,
    0x22, 0x22, 0x22, 0x22, 0x22, 0x22, 0x22, 0x2C, 0xFB, 0x9E, 0xE7, 0x89, 0x99, 0x9B, 0xB9, 0x77,
    0x9B, 0xB9, 0x99, 0xBF, 0xBB, 0xEB, 0xB8, 0x22, 0x22, 0x22, 0x22, 0x22, 0x22, 0x22, 0x22, 0x22,
    0x22, 0x22, 0x22, 0x22, 0x22, 0x22, 0x22, 0x22, 0xD9, 0x9D, 0xD7, 0x88, 0xBB, 0x79, 0x97, 0x66,
    0x99, 0x99, 0x99, 0x9F, 0xFA, 0xEB, 0xA6, 0x22, 0x22, 0x22, 0x22, 0x22, 0x22, 0x22, 0x22, 0x22,
    0x22, 0x22, 0x22, 0x22, 0x22, 0x22, 0x22, 0x22, 0x99, 0x9D, 0xB3, 0x68, 0x9B, 0x97, 0x97, 0x66,
    0x67, 0x79, 0x97, 0x9F, 0xFE, 0xBB, 0xA4, 0x22, 0x22, 0x22, 0x22, 0x22, 0x22, 0x22, 0x22, 0x22,
    0x22, 0x22, 0x22, 0x22, 0x22, 0x22, 0x22, 0x22, 0x79, 0x9C, 0xB2, 0x37, 0x67, 0xE9, 0x98, 0x88,
    0x87, 0x79, 0x97, 0x9D, 0xEF, 0xBA, 0x82, 0x42, 0x22, 0x24, 0x42, 0x22, 0x22, 0x22, 0x22, 0x22,
    0x22, 0x22, 0x22, 0x22, 0x22, 0x22, 0x22, 0x22, 0x79, 0x99, 0xD9, 0x9B, 0xB9, 0xFB, 0x99, 0x88,
    0x87, 0x79, 0x99, 0x99, 0xFF, 0xEA, 0x42, 0x44, 0x22, 0x24, 0x97, 0x73, 0x44, 0x44, 0x24, 0x22,
    0x22, 0x22, 0x22, 0x22, 0x22, 0x22, 0x22, 0x22, 0x7B, 0x99, 0xFF, 0xBE, 0xFD, 0xBB, 0x9A, 0x98,
    0x88, 0x99, 0x99, 0x99, 0xFB, 0xB7, 0x24, 0x44, 0x44, 0x44, 0xBC, 0x96, 0x77, 0x44, 0x77, 0x44,
    0x22, 0x24, 0x42, 0x44, 0x42, 0x22, 0x42, 0x21, 0x7B, 0x7C, 0xFF, 0xED, 0xB9, 0x9B, 0xB8, 0x98,
    0x88, 0x99, 0x99, 0x99, 0xBB, 0x97, 0x77, 0x44, 0x44, 0x4C, 0xC9, 0xBB, 0xA7, 0x79, 0x94, 0x11,
    0x22, 0x22, 0x22, 0x22, 0x42, 0x22, 0x22, 0x22, 0x7B, 0x9D, 0xEE, 0x9B, 0xB9, 0x99, 0xBA, 0x88,
    0x89, 0x99, 0x99, 0x99, 0xBD, 0x92, 0x47, 0x47, 0x42, 0x7C, 0xCC, 0x96, 0x67, 0x9C, 0x77, 0x42,
    0x42, 0x21, 0x49, 0x32, 0x72, 0x42, 0x22, 0x24, 0x49, 0x9E, 0xB9, 0x79, 0x9B, 0xCC, 0x98, 0x89,
    0x99, 0x9A, 0x99, 0x9B, 0x99, 0x42, 0x46, 0x44, 0x44, 0x69, 0xDD, 0xC9, 0x9B, 0xBB, 0xB8, 0x99,
    0x24, 0x22, 0x4C, 0x27, 0x97, 0x44, 0x44, 0x44, 0x29, 0xEF, 0xED, 0xDD, 0xEF, 0xFF, 0xEA, 0x88,
    0x89, 0x99, 0x99, 0xBF, 0xD9, 0x47, 0x77, 0x44, 0x44, 0x44, 0x9E, 0xDD, 0xED, 0xDD, 0xDC, 0xCC,
    0x44, 0x44, 0x7D, 0x9C, 0xFC, 0x44, 0x24, 0x44, 0x29, 0xFF, 0xFD, 0xFE, 0xBE, 0xFF, 0xFE, 0x98,
    0x99, 0x99, 0x99, 0xBF, 0xC4, 0x72, 0x22, 0x22, 0x22, 0x79, 0xDD, 0xDD, 0xCB, 0xBC, 0x99, 0x74,
    0x62, 0x44, 0x9E, 0xCC, 0xEC, 0x22, 0x24, 0x74, 0x4D, 0xFF, 0xD9, 0x9B, 0xBB, 0x9B, 0xEF, 0xB8,
    0x99, 0x99, 0x9B, 0xEE, 0x41, 0x79, 0x72, 0x22, 0x22, 0x44, 0x47, 0x74, 0x74, 0x44, 0x22, 0x22,
    0x77, 0x42, 0x7E, 0xCC, 0xC9, 0x44, 0x24, 0x44, 0x29, 0xFF, 0xBE, 0xFF, 0xF9, 0x79, 0xBF, 0xB8,
    0x99, 0x99, 0x9E, 0xEC, 0x43, 0x54, 0x42, 0x22, 0x22, 0x22, 0x79, 0x97, 0x77, 0x74, 0x44, 0x47,
    0x44, 0x44, 0x6F, 0x97, 0xDC, 0x67, 0x77, 0x44, 0x44, 0xED, 0x9B, 0xED, 0xB9, 0x89, 0x9E, 0xA8,
    0x99, 0x99, 0xBE, 0xCC, 0x43, 0x52, 0x47, 0x79, 0x99, 0x79, 0xDE, 0xED, 0xDD, 0xDC, 0xCC, 0xCC,
    0x22, 0x22, 0x4E, 0x94, 0xD9, 0x44, 0x46, 0x44, 0x77, 0xEB, 0x99, 0x99, 0x78, 0x88, 0xAB, 0x98,
    0x99, 0x99, 0xEF, 0xEC, 0x78, 0x5C, 0xDC, 0xCC, 0x99, 0x77, 0xCD, 0xDD, 0xDD, 0xCC, 0xCC, 0xCC,
    0x22, 0x22, 0x2C, 0x92, 0x99, 0x22, 0x22, 0x22, 0x24, 0xDB, 0x99, 0xB9, 0x98, 0x88, 0xAA, 0x99,
    0x99, 0x9B, 0xFF, 0xEC, 0x78, 0x8A, 0x9C, 0xCC, 0x99, 0x77, 0xCD, 0xDD, 0xDD, 0xCC, 0xCC, 0xCC,
    0x22, 0x22, 0x27, 0x74, 0x79, 0x22, 0x22, 0x22, 0x22, 0xCD, 0x99, 0xB9, 0x99, 0xAA, 0xAA, 0x99,
    0x99, 0x9E, 0xFF, 0xEB, 0xAA, 0x8B, 0x69, 0xC9, 0x99, 0x97, 0xCD, 0xDD, 0xCC, 0xCC, 0xCC, 0xCC,
    0x22, 0x22, 0x29, 0x47, 0xCC, 0x22, 0x22, 0x22, 0x21, 0x9E, 0xB9, 0x99, 0x9B, 0xBB, 0xBB, 0x99,
    0x9B, 0xEE, 0xEF, 0xD8, 0xB8, 0xBE, 0x83, 0x74, 0x77, 0x77, 0xCE, 0xDD, 0xDC, 0xCC, 0xCC, 0xCC,
    0x22, 0x22, 0x24, 0x79, 0xC9, 0x42, 0x22, 0x22, 0x42, 0x9F, 0xFE, 0xBA, 0xAB, 0xBE, 0xBB, 0xBD,
    0xDD, 0xCD, 0xFE, 0xB8, 0x88, 0xEF, 0xA5, 0x42, 0x44, 0x44, 0x79, 0xDF, 0xFF, 0xFE, 0xED, 0xDD,
    0x12, 0x22, 0x22, 0x22, 0x22, 0x22, 0x22, 0x22, 0x22, 0x4E, 0xFE, 0xEE, 0xEF, 0xED, 0xB9, 0xBD,
    0xBB, 0xBE, 0xEC, 0xAA, 0xAB, 0xEE, 0xE8, 0x74, 0x42, 0x33, 0x64, 0x4C, 0xFF, 0xFF, 0xEE, 0xEE,
    0x12, 0x22, 0x22, 0x22, 0x22, 0x22, 0x22, 0x24, 0x99, 0x79, 0xFF, 0xEE, 0xEE, 0xDB, 0xBB, 0xBB,
    0xBB, 0xEC, 0xCB, 0xAA, 0x8E, 0xBE, 0xB8, 0x64, 0x77, 0x74, 0x47, 0x44, 0x9F, 0xFE, 0xEE, 0xEE,
    0x11, 0x22, 0x22, 0x22, 0x22, 0x22, 0x22, 0x24, 0x77, 0x79, 0xEF, 0xFF, 0xED, 0xDD, 0xBB, 0xBB,
    0xBB, 0x97, 0xCB, 0xB5, 0xBE, 0xAA, 0xA8, 0x83, 0x67, 0x63, 0x34, 0x42, 0x49, 0xFE, 0xED, 0xDD,
    0x67, 0x77, 0x9C, 0x42, 0x22, 0x22, 0x22, 0x22, 0x22, 0x29, 0xEB, 0xED, 0xFE, 0xDD, 0xCB, 0xBB,
    0x94, 0x4C, 0xBE, 0xBB, 0xFA, 0x8A, 0x88, 0xB4, 0x24, 0x64, 0x66, 0x44, 0x72, 0x7E, 0xDD, 0xDD,
    0x67, 0x79, 0xCE, 0xF9, 0x22, 0x22, 0x22, 0x22, 0x22, 0x2A, 0xFA, 0xBD, 0x9D, 0xED, 0xDB, 0x72,
    0x47, 0x9E, 0xAA, 0x8F, 0xB8, 0xAA, 0xAA, 0xD9, 0x42, 0x24, 0x44, 0x43, 0x34, 0x29, 0xFD, 0xDD,
    0x67, 0x79, 0xCE, 0xEF, 0xD4, 0x22, 0x22, 0x22, 0x22, 0x3A, 0xFE, 0x8B, 0xD9, 0xEE, 0xEE, 0x44,
    0x99, 0xEA, 0xBB, 0xEB, 0xAA, 0xBB, 0xBE, 0xDD, 0x97, 0x23, 0x33, 0x44, 0x46, 0x42, 0xCE, 0xDD,
    0x67, 0x7C, 0xCE, 0xEE, 0xEF, 0x92, 0x22, 0x22, 0x24, 0x8A, 0xFF, 0xA5, 0x8B, 0xEF, 0xFF, 0x79,
    0x9E, 0xFB, 0xBF, 0xEA, 0x88, 0xAE, 0xEB, 0xCE, 0xC7, 0x74, 0x24, 0x64, 0x33, 0x33, 0x7D, 0xDD,
    0x67, 0x9C, 0xCE, 0xEE, 0xED, 0xED, 0x72, 0x22, 0x29, 0xD8, 0xEF, 0xEA, 0x88, 0x8B, 0xEB, 0xCB,
    0xEE, 0xEE, 0xBB, 0xAA, 0xAA, 0xBE, 0xBB, 0x9F, 0xDC, 0x77, 0x77, 0x77, 0x64, 0x64, 0x6C, 0xDD,
    0x37, 0xCC, 0xCD, 0xFF, 0xFE, 0xDD, 0xE9, 0x22, 0x9E, 0xEA, 0xBF, 0xEF, 0xEB, 0xAA, 0xAA, 0xEE,
    0xAB, 0xFB, 0xAB, 0xA8, 0x8A, 0xEB, 0xBD, 0xCE, 0xDC, 0x99, 0x99, 0x77, 0x77, 0x77, 0x79, 0xDD,
    0x69, 0xCC, 0xCD, 0xD9, 0xCD, 0xEE, 0xDE, 0x9C, 0xFE, 0xFA, 0xBF, 0xEB, 0xBB, 0xBA, 0xAA, 0xAB,
    0xBE, 0xBA, 0xEB, 0xA8, 0x8D, 0xEA, 0xEE, 0xBE, 0xDC, 0xCC, 0x99, 0x97, 0x22, 0x32, 0x27, 0xDD,
    0x9C, 0xDD, 0xD9, 0x44, 0x44, 0x9C, 0xD9, 0xCF, 0xFE, 0xFB, 0xBF, 0xFB, 0xAA, 0xAA, 0xAA, 0xBE,
    0xA8, 0xBF, 0xBA, 0xAA, 0xBF, 0x8A, 0xFC, 0x9E, 0xDC, 0xCC, 0xC9, 0x99, 0x72, 0x21, 0x12, 0xCD,
    0x9C, 0xDD, 0x96, 0x33, 0x34, 0x37, 0xCD, 0xEF, 0xFE, 0xFE, 0xBF, 0xFF, 0xFF, 0xBB, 0xBA, 0x8A,
    0xDF, 0xFE, 0x8A, 0x8A, 0xEA, 0x8E, 0xFB, 0x9F, 0xDD, 0xDC, 0xC9, 0x99, 0x99, 0x77, 0x44, 0xCD,
    0x6C, 0xE9, 0x34, 0x46, 0x66, 0x7C, 0xEE, 0xEF, 0xEF, 0xFF, 0xAB, 0xFF, 0xF8, 0x8A, 0xAA, 0xEF,
    0xFD, 0xFA, 0xAA, 0x88, 0xB5, 0xAF, 0xFA, 0x9F, 0xDD, 0xDD, 0xCC, 0x99, 0x99, 0xCE, 0xD7, 0xCD,
    0x6C, 0xC4, 0x66, 0x77, 0x77, 0xCE, 0xEE, 0xEE, 0xEF, 0xFE, 0x8A, 0xEE, 0x8B, 0xFF, 0xFF, 0xED,
    0x9C, 0xBA, 0xAA, 0x8B, 0x68, 0xBF, 0xF8, 0x9E, 0xDD, 0xDC, 0xCC, 0x99, 0x99, 0xDD, 0xCC, 0xCD,
    0x69, 0x77, 0x97, 0x77, 0x9C, 0xDD, 0xDE, 0xFD, 0xEF, 0xFD, 0x8A, 0x88, 0xEF, 0xEB, 0xAF, 0xB9,
    0x9B, 0x8A, 0xAA, 0xFB, 0x5A, 0xEF, 0xE8, 0x9F, 0xEE, 0xDD, 0xCC, 0x99, 0x9C, 0xDC, 0xCD, 0xCC,
    0x37, 0x99, 0x77, 0x79, 0xCD, 0xDD, 0xDE, 0xED, 0xEE, 0xFB, 0x85, 0x9F, 0xEB, 0xEA, 0xAB, 0xB9,
    0x98, 0xBB, 0xBF, 0xF5, 0xAD, 0xFE, 0xD8, 0x9F, 0xEE, 0xDD, 0xCC, 0x99, 0x9C, 0xCC, 0xDD, 0xDC,
    0x37, 0x97, 0x7C, 0xDC, 0xCC, 0xDD, 0xDE, 0xDD, 0xEE, 0xEB, 0x58, 0xFB, 0xEB, 0xBA, 0xAB, 0xB9,
    0x68, 0xBE, 0xFB, 0x58, 0xBE, 0xFE, 0xE6, 0x9F, 0xEE, 0xED, 0xDC, 0xC9, 0x9C, 0x99, 0xED, 0xDD,
    0x39, 0xC9, 0x9E, 0xDD, 0xDD, 0xDD, 0xDE, 0xCD, 0xDD, 0xFB, 0x5E, 0xFA, 0xAB, 0xAA, 0xAE, 0xBA,
    0x8B, 0xEE, 0x85, 0x8B, 0xBF, 0xED, 0xD8, 0x9F, 0xEE, 0xEE, 0xDD, 0xC9, 0xCC, 0x99, 0xED, 0xDD,
    0x69, 0x9C, 0xCE, 0xCD, 0xDD, 0xDD, 0xFD, 0xDC, 0xCD, 0xFB, 0x8F, 0xEA, 0xAA, 0x88, 0xBF, 0xA8,
    0xAF, 0xB5, 0x8A, 0xBB, 0xEE, 0xDD, 0xC8, 0xBF, 0xFE, 0xEE, 0xDD, 0xC9, 0xC9, 0x9C, 0xED, 0xCD,
    0x69, 0x9E, 0xEE, 0xCD, 0xDD, 0xDE, 0xEC, 0xCC, 0xDD, 0xFB, 0xBF, 0xAB, 0xAA, 0x88, 0xBF, 0xAA,
    0xFB, 0x58, 0xBB, 0xBE, 0xFD, 0xCC, 0xC9, 0x6F, 0xFF, 0xEE, 0xDD, 0xCC, 0xC9, 0x9C, 0xDD, 0xDD,
    0x9C, 0xCE, 0xEE, 0xDD, 0xDC, 0xDD, 0x9D, 0xCD, 0xDD, 0xFE, 0xDF, 0x8A, 0xAA, 0xA8, 0xBF, 0xAF,
    0xB5, 0x8A, 0xBB, 0xEF, 0xED, 0xCC, 0xDC, 0x86, 0xFF, 0xFE, 0xDD, 0xCC, 0x99, 0x99, 0xDD, 0xDD,
    0x99, 0xDF, 0xEE, 0xDD, 0xCC, 0xE9, 0xCC, 0xCD, 0xCD, 0xFF, 0xBB, 0xA8, 0xAA, 0xAB, 0xEB, 0xEF,
    0x5B, 0xDB, 0xBE, 0xFE, 0xCB, 0xDC, 0xCD, 0xD8, 0x9F, 0xFE, 0xDD, 0xCC, 0x99, 0x9C, 0xDE, 0xDD,
    0x77, 0xEF, 0xEF, 0xDD, 0xCD, 0xB9, 0xCC, 0xBC, 0xBC, 0xFF, 0xEB, 0xB8, 0xAA, 0xAE, 0xAA, 0xFA,
    0xEE, 0xAB, 0xEF, 0xFC, 0xCB, 0xCC, 0xCD, 0xDB, 0x3D, 0xFE, 0xDE, 0xCC, 0x99, 0x9C, 0xDD, 0xDD,
    0x79, 0xEF, 0xEF, 0xDC, 0xCE, 0x7C, 0xC9, 0xBB, 0x9B, 0xFF, 0xBF, 0xBA, 0xBA, 0x8B, 0xFA, 0xBE,
    0xAA, 0xBE, 0xFF, 0xFC, 0xCB, 0xBD, 0xCC, 0xCD, 0xA6, 0xFE, 0xDD, 0xCC, 0x99, 0xCC, 0xDD, 0xDD,
    0x77, 0xEF, 0xEF, 0xDC, 0xEA, 0x9D, 0xC9, 0xBB, 0x9C, 0xFF, 0xBE, 0xAA, 0xBA, 0x8D, 0xEA, 0xEB,
    0xBF, 0xFF, 0xFF, 0xEC, 0xBB, 0xBB, 0xDC, 0xCB, 0xC8, 0x7F, 0xDC, 0xCC, 0x99, 0xCC, 0xDD, 0xDD,
    0x77, 0xEF, 0xEF, 0xDE, 0xB9, 0xCB, 0xBB, 0xBB, 0xCD, 0xFF, 0xBE, 0xA8, 0xAA, 0x8F, 0xBE, 0xFF,
    0xFE, 0xFF, 0xFF, 0xDC, 0xCB, 0xCD, 0xDD, 0xCC, 0xCD, 0x69, 0xEC, 0xDC, 0x99, 0xCC, 0xDD, 0xDD,
    0x77, 0xFF, 0xEF, 0xDD, 0x8C, 0xDC, 0xCC, 0xBC, 0xCD, 0xFF, 0xEE, 0xDA, 0x8A, 0xBF, 0xBF, 0xFE,
    0x9F, 0xFE, 0xFF, 0xCC, 0xCC, 0xDD, 0xDC, 0xCD, 0xDC, 0xD3, 0x9D, 0xCC, 0x99, 0xCC, 0xCC, 0xDD,
    0x77, 0xFF, 0xEF, 0xEA, 0x9C, 0xCC, 0xDC, 0x9C, 0x9E, 0xFD, 0xFD, 0xEA, 0xAA, 0xAA, 0xEF, 0x99,
    0x9F, 0xEE, 0xFF, 0xCD, 0xCD, 0xCC, 0xCC, 0xCD, 0xED, 0xEB, 0x6C, 0xCC, 0x9C, 0xCC, 0xCC, 0xDE,
    0x79, 0xFE, 0xEF, 0xD9, 0xDD, 0xCC, 0xCC, 0xCC, 0x9F, 0xFD, 0xFB, 0xAB, 0xAA, 0xEE, 0xC9, 0x79,
    0xCF, 0xDD, 0xFF, 0xCD, 0xDD, 0xCC, 0xCD, 0xCC, 0xEE, 0xDE, 0x7C, 0xDC, 0x9C, 0xCC, 0xDC, 0xDE,
    0x7C, 0xFE, 0xEF, 0xDB, 0xCD, 0xCC, 0xCC, 0xC9, 0x9F, 0xFD, 0xEE, 0xAE, 0xBA, 0xFB, 0xC7, 0x99,
    0xFE, 0xCD, 0xFE, 0xCC, 0xCC, 0xCC, 0xCD, 0xCC, 0xDC, 0xCC, 0x9D, 0xDD, 0x9C, 0xCC, 0xDD, 0xDD,
    0x7D, 0xFE, 0xFF, 0xDB, 0xDD, 0xCC, 0x9C, 0xC9, 0xCF, 0xFE, 0xDF, 0xBB, 0xAA, 0xDB, 0xC7, 0x9E,
    0xFD, 0xDE, 0xFF, 0xCC, 0xCC, 0xDC, 0xCE, 0xDC, 0xDC, 0xDA, 0xBE, 0xEE, 0xCC, 0xCC, 0xDD, 0xCE,
    0x9E, 0xFE, 0xFE, 0xEB, 0xDC, 0xCD, 0xCC, 0xCC, 0xDF, 0xFE, 0xDB, 0xFF, 0xBF, 0xDB, 0x99, 0xCF,
    0xDD, 0xDE, 0xFE, 0xDD, 0xCC, 0xED, 0xBC, 0xED, 0xDD, 0xC8, 0xDD, 0xEE, 0xDD, 0xDC, 0xDD, 0xDE,
    0x9F, 0xFE, 0xFE, 0xEB, 0xDC, 0xCD, 0xDC, 0xCC, 0xEF, 0xED, 0xDB, 0xEF, 0xFF, 0xBC, 0x99, 0xFE,
    0xDD, 0xEE, 0xFE, 0xCD, 0xCD, 0xDC, 0xBD, 0xEC, 0xDD, 0xCA, 0xED, 0xFF, 0xED, 0xDD, 0xDD, 0xDD,
};

static const uint8_t coup_animdata_ambassador_f02[3072] = {
    0x76, 0x37, 0x77, 0x77, 0x77, 0x77, 0x77, 0x77, 0x77, 0x77, 0x77, 0x77, 0x77, 0x77, 0x77, 0x77,
    0x77, 0x77, 0x77, 0x77, 0x77, 0x77, 0x77, 0x77, 0x77, 0x77, 0x71, 0x13, 0x17, 0x97, 0x77, 0x77,
    0x63, 0x77, 0x77, 0x77, 0x77, 0x77, 0x77, 0x77, 0x77, 0x77, 0x77, 0x77, 0x77, 0x77, 0x77, 0x77,
    0x77, 0x77, 0x77, 0x77, 0x77, 0x77, 0x77, 0x77, 0x77, 0x77, 0x96, 0x11, 0x69, 0x77, 0x77, 0x77,
    0x36, 0x77, 0x77, 0x77, 0x77, 0x77, 0x77, 0x77, 0x77, 0x77, 0x77, 0x77, 0x77, 0x77, 0x77, 0x77,
    0x77, 0x77, 0x77, 0x77, 0x77, 0x77, 0x77, 0x77, 0x77, 0x77, 0x79, 0x63, 0x97, 0x77, 0x77, 0x77,
    0x77, 0x77, 0x77, 0x77, 0x76, 0x77, 0x77, 0x77, 0x77, 0x77, 0x66, 0x77, 0x76, 0x77, 0x77, 0x77,
    0x77, 0x77, 0x77, 0x77, 0x77, 0x77, 0x77, 0x77, 0x77, 0x77, 0x77, 0x79, 0x77, 0x77, 0x77, 0x77,
    0x77, 0x77, 0x77, 0x69, 0xB9, 0x77, 0x77, 0x77, 0x77, 0x77, 0x66, 0x66, 0x67, 0x76, 0x66, 0x76,
    0x67, 0x77, 0x77, 0x66, 0x67, 0x77, 0x77, 0x77, 0x77, 0x77, 0x77, 0x77, 0x77, 0x77, 0x77, 0x77,
    0x77, 0x77, 0x76, 0x77, 0x77, 0x63, 0x36, 0x67, 0x76, 0x66, 0x66, 0x66, 0x66, 0x66, 0x66, 0x76,
    0x66, 0x66, 0x66, 0x66, 0x66, 0x66, 0x77, 0x77, 0x77, 0x77, 0x76, 0x77, 0x77, 0x77, 0x77, 0x77,
    0x77, 0x77, 0x66, 0x77, 0x99, 0x99, 0x46, 0x66, 0x66, 0x66, 0x66, 0x66, 0x66, 0x66, 0x66, 0x66,
    0x66, 0x66, 0x66, 0x66, 0x66, 0x66, 0x67, 0x67, 0x77, 0x67, 0x77, 0x35, 0x77, 0x77, 0x77, 0x77,
    0x77, 0x66, 0x66, 0x66, 0x9A, 0xAA, 0xAA, 0x97, 0x66, 0x66, 0x66, 0x66, 0x66, 0x66, 0x66, 0x66,
    0x66, 0x66, 0x66, 0x66, 0x66, 0x66, 0x66, 0x77, 0x66, 0x66, 0x76, 0x11, 0x67, 0x77, 0x77, 0x77,
    0x76, 0x66, 0x66, 0x66, 0x79, 0x77, 0x77, 0x77, 0x76, 0x66, 0x66, 0x66, 0x66, 0x66, 0x66, 0x66,
    0x66, 0x66, 0x66, 0x66, 0x66, 0x67, 0x63, 0x76, 0x66, 0x67, 0x61, 0x11, 0x16, 0x76, 0x77, 0x67,
    0x76, 0x66, 0x66, 0x66, 0x66, 0x66, 0x66, 0x66, 0x66, 0x66, 0x66, 0x66, 0x66, 0x66, 0x66, 0x66,
    0x66, 0x66, 0x66, 0x66, 0x66, 0x66, 0x61, 0x67, 0x66, 0x67, 0x51, 0x67, 0x11, 0x77, 0x66, 0x76,
    0x76, 0x66, 0x66, 0x66, 0x66, 0x66, 0x66, 0x66, 0x66, 0x66, 0x66, 0x66, 0x66, 0x66, 0x66, 0x66,
    0x36, 0x66, 0x66, 0x66, 0x66, 0x66, 0x61, 0x16, 0x76, 0x75, 0x16, 0x99, 0x61, 0x17, 0x67, 0x65,
    0x66, 0x66, 0x66, 0x66, 0x66, 0x66, 0x66, 0x66, 0x66, 0x66, 0x66, 0x66, 0x66, 0x66, 0x63, 0x35,
    0x55, 0x36, 0x66, 0x66, 0x66, 0x66, 0x61, 0x11, 0x66, 0x31, 0x19, 0x77, 0x93, 0x13, 0x76, 0x51,
    0x66, 0x66, 0x66, 0x66, 0x66, 0x66, 0x66, 0x66, 0x66, 0x66, 0x66, 0x66, 0x66, 0x63, 0x55, 0x55,
    0x55, 0x55, 0x66, 0x66, 0x66, 0x66, 0x61, 0x16, 0x76, 0x63, 0x16, 0x77, 0x61, 0x37, 0x67, 0x61,
    0x76, 0x66, 0x66, 0x66, 0x66, 0x66, 0x66, 0x66, 0x66, 0x66, 0x66, 0x66, 0x63, 0x11, 0x55, 0x55,
    0x55, 0x55, 0x56, 0x66, 0x66, 0x66, 0x61, 0x69, 0x66, 0x77, 0x11, 0x67, 0x11, 0x77, 0x66, 0x76,
    0x66, 0x66, 0x66, 0x66, 0x66, 0x66, 0x66, 0x66, 0x66, 0x64, 0x66, 0x63, 0x11, 0x15, 0x55, 0x55,
    0x55, 0x55, 0x55, 0x66, 0x66, 0x66, 0x63, 0x96, 0x66, 0x67, 0x71, 0x11, 0x17, 0x76, 0x66, 0x67,
    0x66, 0x66, 0x66, 0x46, 0x66, 0x66, 0x66, 0x64, 0x66, 0x66, 0x61, 0x11, 0x15, 0x55, 0x55, 0x55,
    0x55, 0x55, 0x55, 0x53, 0x66, 0x66, 0x67, 0x76, 0x66, 0x66, 0x76, 0x11, 0x69, 0x66, 0x66, 0x66,
    0x66, 0x66, 0x67, 0x66, 0x66, 0x66, 0x66, 0x44, 0x66, 0x61, 0x55, 0x55, 0x55, 0x55, 0x55, 0x55,
    0x55, 0x55, 0x55, 0x55, 0x56, 0x66, 0x66, 0x46, 0x66, 0x66, 0x67, 0x33, 0x76, 0x66, 0x66, 0x66,
    0x66, 0x79, 0x99, 0x97, 0x63, 0x33, 0x34, 0x34, 0x63, 0x15, 0x55, 0x55, 0x55, 0x55, 0x55, 0x55,
    0x55, 0x55, 0x55, 0x55, 0x55, 0x64, 0x34, 0x46, 0x46, 0x66, 0x46, 0x77, 0x66, 0x66, 0x66, 0x66,
    0x66, 0x79, 0x9C, 0x99, 0x94, 0x43, 0x34, 0x33, 0x31, 0x55, 0x55, 0x55, 0x55, 0x55, 0x55, 0x55,
    0x55, 0x55, 0x55, 0x55, 0x55, 0x53, 0x44, 0x43, 0x44, 0x44, 0x44, 0x66, 0x66, 0x66, 0x66, 0x66,
    0x64, 0x33, 0x37, 0x96, 0x66, 0x63, 0x44, 0x43, 0x15, 0x55, 0x55, 0x55, 0x55, 0x55, 0x55, 0x55,
    0x55, 0x55, 0x55, 0x55, 0x55, 0x55, 0x34, 0x44, 0x44, 0x44, 0x46, 0x46, 0x46, 0x66, 0x66, 0x66,
    0x44, 0x44, 0x33, 0x33, 0x33, 0x33, 0x44, 0x43, 0x55, 0x55, 0x55, 0x55, 0x55, 0x55, 0x55, 0x55,
    0x55, 0x55, 0x55, 0x55, 0x55, 0x55, 0x54, 0x33, 0x44, 0x44, 0x44, 0x66, 0x64, 0x66, 0x66, 0x66,
    0x43, 0x33, 0x33, 0x33, 0x44, 0x34, 0x46, 0x31, 0x55, 0x55, 0x55, 0x55, 0x55, 0x55, 0x55, 0x55,
    0x55, 0x55, 0x55, 0x55, 0x85, 0x58, 0x53, 0x33, 0x44, 0x44, 0x46, 0x51, 0x64, 0x66, 0x66, 0x66,
    0x43, 0x33, 0x33, 0x33, 0x33, 0x33, 0x33, 0x15, 0x55, 0x55, 0x55, 0x55, 0x55, 0x55, 0x55, 0x55,
    0x55, 0x55, 0x55, 0x55, 0x88, 0x88, 0x85, 0x33, 0x33, 0x43, 0x65, 0x11, 0x37, 0x66, 0x66, 0x66,
    0x33, 0x33, 0x33, 0x33, 0x33, 0x33, 0x33, 0x55, 0x55, 0x55, 0x55, 0x55, 0x55, 0x55, 0x55, 0x55,
    0x55, 0x55, 0x55, 0x55, 0x88, 0x88, 0x85, 0x34, 0x33, 0x34, 0x31, 0x11, 0x13, 0x66, 0x66, 0x66,
    0x33, 0x33, 0x33, 0x33, 0x33, 0x33, 0x4A, 0x85, 0x55, 0x55, 0x55, 0x55, 0x55, 0x55, 0x55, 0x55,
    0x55, 0x55, 0x55, 0x55, 0x88, 0x8A, 0xA8, 0x53, 0x43, 0x33, 0x67, 0x66, 0x76, 0x74, 0x44, 0x44,
    0x33, 0x33, 0x33, 0x33, 0x33, 0x33, 0x7A, 0xAA, 0xA8, 0x85, 0x55, 0x55, 0x55, 0x55, 0x55, 0x55,
    0x55, 0x55, 0x55, 0x55, 0x88, 0x8A, 0xAA, 0x55, 0x33, 0x34, 0x67, 0x66, 0x76, 0x63, 0x33, 0x33,
    0x33, 0x33, 0x33, 0x33, 0x33, 0x34, 0x8A, 0xAA, 0xAA, 0x88, 0x55, 0x55, 0x55, 0x55, 0x55, 0x55,
    0x55, 0x55, 0x55, 0x55, 0x88, 0x8A, 0xAA, 0xA5, 0x32, 0x33, 0x33, 0x11, 0x34, 0x33, 0x33, 0x33,
    0x33, 0x33, 0x33, 0x33, 0x33, 0x36, 0x55, 0xAB, 0xBA, 0xA8, 0x88, 0x55, 0x55, 0x55, 0x55, 0x55,
    0x55, 0x55, 0x55, 0x58, 0x88, 0x8A, 0xBA, 0xA5, 0x52, 0x33, 0x41, 0x11, 0x16, 0x32, 0x22, 0x22,
    0x33, 0x33, 0x33, 0x33, 0x33, 0x39, 0xA8, 0x88, 0xAB, 0xA8, 0x85, 0x85, 0x55, 0x55, 0x55, 0x55,
    0x55, 0x55, 0x55, 0x58, 0x88, 0x8A, 0xBB, 0xB8, 0x53, 0x24, 0x33, 0x31, 0x13, 0x62, 0x33, 0x22,
    0x43, 0x33, 0x44, 0x33, 0x33, 0x29, 0xA8, 0x85, 0x8A, 0xAB, 0xA5, 0x55, 0x85, 0x55, 0x55, 0x55,
    0x55, 0x55, 0x55, 0x88, 0x8A, 0x8A, 0xBB, 0xBA, 0x53, 0x23, 0x77, 0x77, 0x77, 0x62, 0x32, 0x22,
    0x33, 0x43, 0x44, 0x33, 0x33, 0x27, 0xA5, 0x88, 0x58, 0x8A, 0xEE, 0xB5, 0x55, 0x55, 0x55, 0x55,
    0x55, 0x85, 0x88, 0x88, 0x8A, 0xAA, 0xAB, 0xAB, 0x53, 0x23, 0x42, 0x22, 0x24, 0x22, 0x22, 0x33,
    0x43, 0x43, 0x33, 0x44, 0x44, 0x27, 0xA8, 0x88, 0x55, 0x8B, 0xBB, 0xEE, 0x83, 0x55, 0x55, 0x55,
    0x55, 0x58, 0x88, 0x88, 0xAA, 0xAA, 0xAB, 0xAB, 0x85, 0x22, 0x22, 0x11, 0x22, 0x22, 0x22, 0x22,
    0x43, 0x33, 0x44, 0x44, 0x34, 0x29, 0xA8, 0xA8, 0x5A, 0xBB, 0x99, 0x99, 0xDB, 0x85, 0x55, 0x55,
    0x55, 0x58, 0x88, 0x88, 0xAA, 0xAB, 0xBA, 0xBA, 0x85, 0x22, 0x22, 0x22, 0x22, 0x22, 0x22, 0x22,
    0x42, 0x22, 0x44, 0x32, 0x24, 0x27, 0x88, 0xA8, 0xAA, 0xBB, 0x99, 0x98, 0x89, 0xBA, 0x55, 0x55,
    0x55, 0x58, 0x88, 0x88, 0x8A, 0xAB, 0xEB, 0xBA, 0x83, 0x22, 0x22, 0x12, 0x22, 0x22, 0x22, 0x22,
    0x42, 0x22, 0x24, 0x42, 0x24, 0x26, 0xAA, 0xAA, 0x8A, 0xB9, 0x99, 0x88, 0x86, 0x69, 0xB8, 0x55,
    0x55, 0x88, 0x88, 0x8A, 0x8A, 0xAB, 0xEE, 0xAA, 0x53, 0x22, 0x22, 0x22, 0x12, 0x22, 0x22, 0x22,
    0x44, 0x42, 0x22, 0x22, 0x22, 0x22, 0x9B, 0xAA, 0xBA, 0xB9, 0x99, 0x78, 0x88, 0x66, 0x9B, 0xA5,
    0x58, 0x88, 0x88, 0x8A, 0xAA, 0xAB, 0xEE, 0xAA, 0x82, 0x22, 0x22, 0x22, 0x22, 0x22, 0x22, 0x22,
    0x42, 0x22, 0x22, 0x22, 0x22, 0x22, 0x7B, 0xAB, 0xAB, 0xB9, 0x99, 0x99, 0x88, 0x89, 0xC9, 0x9B,
    0x88, 0x88, 0x88, 0x8A, 0xAB, 0xBB, 0xEE, 0xA8, 0x62, 0x22, 0x22, 0x22, 0x21, 0x22, 0x22, 0x22,
    0x22, 0x22, 0x22, 0x22, 0x22, 0x21, 0x7B, 0xBB, 0xBB, 0x9B, 0x97, 0x99, 0x99, 0xDF, 0xED, 0x77,
    0xBB, 0x88, 0x88, 0x8A, 0xAA, 0xEB, 0xAE, 0xB8, 0x32, 0x22, 0x22, 0x22, 0x22, 0x22, 0x22, 0x22,
    0x22, 0x22, 0x22, 0x22, 0x22, 0x22, 0x7E, 0xDA, 0xE9, 0x99, 0x97, 0x9D, 0xEF, 0xFF, 0xEE, 0x96,
    0x9B, 0xB8, 0xAA, 0x8A, 0xAA, 0xBE, 0xBA, 0xB8, 0x22, 0x22, 0x22, 0x22, 0x22, 0x22, 0x22, 0x22,
    0x22, 0x22, 0x22, 0x22, 0x22, 0x22, 0x2C, 0xBB, 0xFF, 0xFE, 0x99, 0xBE, 0xFF, 0xFF, 0xB9, 0x96,
    0x99, 0xBB, 0xAA, 0xAA, 0xBA, 0xAE, 0xEA, 0xA8, 0x22, 0x22, 0x22, 0x22, 0x22, 0x22, 0x22, 0x22,
    0x22, 0x22, 0x22, 0x22, 0x22, 0x22, 0x27, 0xEE, 0xFF, 0xFF, 0xFB, 0xBB, 0xFF, 0xFE, 0xDF, 0xD9,
    0x78, 0x9B, 0xBA, 0xAA, 0xAE, 0xBA, 0xFA, 0x87, 0x22, 0x22, 0x22, 0x22, 0x22, 0x22, 0x22, 0x22,
    0x22, 0x22, 0x22, 0x22, 0x22, 0x22, 0x24, 0xDE, 0x9D, 0xFF, 0xFD, 0xAB, 0xFF, 0xFC, 0x9F, 0xDD,
    0xB8, 0x99, 0xCB, 0xAA, 0xBE, 0xEA, 0xEB, 0xA6, 0x22, 0x22, 0x22, 0x22, 0x22, 0x22, 0x22, 0x22,
    0x22, 0x22, 0x22, 0x22, 0x22, 0x22, 0x21, 0x9E, 0xDF, 0x9D, 0xF9, 0x8A, 0xEF, 0xED, 0xCD, 0x97,
    0xBB, 0x99, 0x9C, 0xEA, 0xAE, 0xEE, 0xBB, 0xA2, 0x22, 0x22, 0x22, 0x22, 0x22, 0x22, 0x22, 0x22,
    0x22, 0x22, 0x22, 0x22, 0x22, 0x22, 0x22, 0x9E, 0xEE, 0xEE, 0xF7, 0x8A, 0xBE, 0xFD, 0x99, 0x97,
    0x9B, 0xB9, 0x99, 0xEE, 0xAE, 0xEE, 0xAA, 0x72, 0x22, 0x22, 0x22, 0x22, 0x22, 0x22, 0x22, 0x22,
    0x22, 0x22, 0x22, 0x22, 0x22, 0x22, 0x22, 0x7F, 0xEB, 0xBE, 0xD7, 0x8A, 0xAA, 0xBB, 0xB9, 0x99,
    0x9B, 0xB9, 0x99, 0xCF, 0xBB, 0xEE, 0xBA, 0x22, 0x22, 0x22, 0x22, 0x22, 0x22, 0x22, 0x22, 0x22,
    0x22, 0x22, 0x22, 0x22, 0x22, 0x22, 0x22, 0x29, 0xE9, 0x9E, 0xC6, 0x88, 0xB9, 0x79, 0xB9, 0x66,
    0x9B, 0x99, 0x99, 0x9F, 0xFA, 0xEE, 0xB8, 0x22, 0x22, 0x22, 0x22, 0x22, 0x22, 0x22, 0x22, 0x22,
    0x22, 0x22, 0x22, 0x22, 0x22, 0x22, 0x22, 0x24, 0xB9, 0x9E, 0x93, 0x68, 0xBB, 0x99, 0x97, 0x63,
    0x77, 0x99, 0x97, 0x9F, 0xFE, 0xBB, 0xA6, 0x22, 0x22, 0x22, 0x22, 0x22, 0x22, 0x22, 0x22, 0x22,
    0x22, 0x22, 0x22, 0x22, 0x22, 0x22, 0x22, 0x22, 0x99, 0x9D, 0x92, 0x38, 0x69, 0xD9, 0x77, 0x77,
    0x77, 0x79, 0x99, 0x9E, 0xFF, 0xBB, 0xA3, 0x22, 0x22, 0x22, 0x22, 0x22, 0x22, 0x22, 0x22, 0x22,
    0x22, 0x22, 0x22, 0x22, 0x22, 0x22, 0x22, 0x22, 0x99, 0x9C, 0xB6, 0x79, 0x79, 0xEB, 0x98, 0x88,
    0x87, 0x79, 0x99, 0x9C, 0xEF, 0xEA, 0x82, 0x44, 0x22, 0x24, 0x76, 0x44, 0x44, 0x22, 0x22, 0x22,
    0x22, 0x22, 0x22, 0x22, 0x22, 0x22, 0x22, 0x22, 0x99, 0x7B, 0xED, 0xBE, 0xEB, 0xEB, 0x99, 0x88,
    0x87, 0x99, 0x99, 0x99, 0xFE, 0xBA, 0x22, 0x44, 0x24, 0x42, 0x9B, 0x96, 0x37, 0x44, 0x47, 0x44,
    0x22, 0x22, 0x22, 0x24, 0x22, 0x22, 0x22, 0x22, 0x9B, 0x7D, 0xFF, 0xDE, 0xCB, 0x9B, 0x98, 0x98,
    0x88, 0x99, 0x99, 0x99, 0xBB, 0xB7, 0x44, 0x44, 0x44, 0x47, 0xC9, 0x99, 0xA9, 0x74, 0x99, 0x22,
    0x22, 0x24, 0x22, 0x22, 0x22, 0x22, 0x22, 0x22, 0x9B, 0x9E, 0xFF, 0xBD, 0xB9, 0x99, 0xB8, 0x88,
    0x89, 0x99, 0x99, 0x99, 0xBD, 0xB4, 0x47, 0x47, 0x44, 0x4C, 0xC9, 0xB9, 0x77, 0x7C, 0x96, 0x41,
    0x22, 0x21, 0x64, 0x24, 0x42, 0x42, 0x22, 0x22, 0x7B, 0x9E, 0xBB, 0x99, 0x99, 0x99, 0x9A, 0x89,
    0x89, 0x99, 0x99, 0x9B, 0x9B, 0x72, 0x46, 0x44, 0x44, 0x49, 0xCD, 0xC9, 0x67, 0xB9, 0xB9, 0x77,
    0x22, 0x21, 0xC7, 0x27, 0x72, 0x22, 0x44, 0x44, 0x4B, 0xDF, 0xB9, 0x9B, 0xBD, 0xEF, 0xB8, 0x89,
    0x99, 0x9A, 0x99, 0x9E, 0x99, 0x44, 0x47, 0x44, 0x77, 0x74, 0x9D, 0xDC, 0xDC, 0xDD, 0xEB, 0x9C,
    0x44, 0x44, 0x99, 0x7D, 0xC7, 0x44, 0x44, 0x44, 0x2B, 0xFF, 0xFF, 0xFF, 0xEF, 0xFF, 0xFB, 0x88,
    0x99, 0x99, 0x99, 0x9F, 0xF9, 0x74, 0x44, 0x42, 0x22, 0x44, 0x9E, 0xED, 0xDB, 0xCD, 0xCC, 0xC9,
    0x44, 0x44, 0xCD, 0x9D, 0xE9, 0x22, 0x44, 0x44, 0x4D, 0xFF, 0xE9, 0xBB, 0xBB, 0xDE, 0xFF, 0xB8,
    0x99, 0x99, 0x99, 0xDF, 0x92, 0x77, 0x22, 0x22, 0x22, 0x79, 0xC9, 0x99, 0x99, 0x99, 0x97, 0x44,
    0x64, 0x44, 0xCD, 0xCE, 0xC7, 0x24, 0x47, 0x42, 0x4E, 0xFF, 0xDC, 0xCD, 0xDB, 0x99, 0xDF, 0xB8,
    0x99, 0x99, 0x9B, 0xFD, 0x71, 0x59, 0x94, 0x22, 0x22, 0x22, 0x24, 0x44, 0x22, 0x22, 0x22, 0x22,
    0x76, 0x44, 0xCD, 0x7C, 0x99, 0x44, 0x74, 0x44, 0x29, 0xFD, 0xBE, 0xFF, 0xE9, 0x79, 0x9E, 0xB8,
    0x99, 0x99, 0x9E, 0xDC, 0x73, 0x52, 0x22, 0x22, 0x44, 0x47, 0x9D, 0xCC, 0xCC, 0xCC, 0x99, 0x99,
    0x42, 0x22, 0xCF, 0x49, 0xF7, 0x67, 0x77, 0x44, 0x49, 0xDB, 0x9B, 0xB9, 0x98, 0x8A, 0xAE, 0xA8,
    0x99, 0x99, 0xBE, 0xDD, 0x76, 0x57, 0x9C, 0xCC, 0xC9, 0x77, 0x9D, 0xDD, 0xDD, 0xDC, 0xCC, 0xCC,
    0x22, 0x22, 0x9D, 0x29, 0xC7, 0x22, 0x24, 0x44, 0x79, 0xE9, 0x99, 0x99, 0x88, 0x88, 0xAA, 0x99,
    0x99, 0x99, 0xEF, 0xED, 0x98, 0x8A, 0xCC, 0xCC, 0x99, 0x77, 0x9D, 0xDD, 0xDD, 0xCC, 0xCC, 0xCC,
    0x22, 0x22, 0x79, 0x44, 0x97, 0x22, 0x22, 0x22, 0x24, 0xE9, 0x9B, 0x99, 0x99, 0x8A, 0xAA, 0x99,
    0x99, 0x9D, 0xFF, 0xED, 0x8A, 0x8A, 0x6C, 0xCC, 0x99, 0x97, 0x9D, 0xDD, 0xDD, 0xCC, 0xCC, 0xCC,
    0x22, 0x22, 0x47, 0x27, 0x97, 0x22, 0x22, 0x22, 0x22, 0xDD, 0x99, 0x99, 0x9B, 0xAB, 0xBA, 0x99,
    0x99, 0xBE, 0xFF, 0xEB, 0xAA, 0x8D, 0x86, 0x99, 0x99, 0x77, 0x9D, 0xDD, 0xDC, 0xCC, 0xCC, 0xCC,
    0x22, 0x22, 0x79, 0x9C, 0xE9, 0x22, 0x22, 0x22, 0x22, 0xCE, 0xDB, 0x9A, 0xAA, 0xBB, 0xBB, 0x99,
    0xBD, 0xDD, 0xEF, 0xD8, 0xB8, 0xBE, 0xA5, 0x44, 0x47, 0x47, 0x9C, 0xEE, 0xDD, 0xDD, 0xCC, 0xCC,
    0x22, 0x22, 0x22, 0x77, 0x74, 0x22, 0x22, 0x22, 0x22, 0xCF, 0xFE, 0xDB, 0xBD, 0xEE, 0xBB, 0xBD,
    0xDB, 0xBD, 0xEE, 0xB8, 0x8A, 0xEF, 0xE8, 0x62, 0x44, 0x23, 0x67, 0x9E, 0xFF, 0xFF, 0xFE, 0xEE,
    0x12, 0x22, 0x22, 0x22, 0x22, 0x22, 0x22, 0x22, 0x22, 0x7E, 0xFE, 0xEF, 0xEE, 0xEB, 0xB9, 0xBB,
    0xBB, 0xBE, 0xDC, 0xAA, 0xAB, 0xEE, 0xEA, 0x84, 0x44, 0x44, 0x47, 0x44, 0xCF, 0xFF, 0xEE, 0xEE,
    0x12, 0x22, 0x22, 0x22, 0x22, 0x22, 0x22, 0x29, 0x99, 0x7C, 0xFF, 0xEE, 0xDD, 0xDB, 0xBB, 0xBB,
    0xBB, 0xD9, 0x9B, 0xB8, 0x8E, 0xBB, 0xB8, 0x84, 0x67, 0x74, 0x36, 0x44, 0x49, 0xFE, 0xED, 0xDE,
    0x12, 0x24, 0x42, 0x22, 0x22, 0x22, 0x22, 0x22, 0x44, 0x49, 0xEF, 0xEF, 0xEE, 0xDD, 0xBB, 0xBB,
    0xB9, 0x77, 0xDB, 0xB8, 0xEE, 0x8A, 0xA5, 0xA3, 0x36, 0x64, 0x33, 0x43, 0x44, 0x9E, 0xEE, 0xDD,
    0x67, 0x79, 0xDD, 0x42, 0x22, 0x22, 0x22, 0x22, 0x22, 0x2B, 0xBB, 0xEC, 0xEE, 0xDD, 0xCB, 0xB9,
    0x44, 0x7D, 0xAB, 0xAE, 0xFA, 0x88, 0xA8, 0xD9, 0x22, 0x64, 0x46, 0x44, 0x44, 0x29, 0xED, 0xDD,
    0x67, 0x79, 0xCF, 0xE9, 0x22, 0x22, 0x22, 0x22, 0x22, 0x4B, 0xFA, 0xBE, 0x9C, 0xED, 0xDD, 0x42,
    0x47, 0xCB, 0xAA, 0x8F, 0xBA, 0xAA, 0xAA, 0xDC, 0x94, 0x22, 0x42, 0x33, 0x33, 0x44, 0xCF, 0xDD,
    0x67, 0x9C, 0xDE, 0xEF, 0xD4, 0x22, 0x22, 0x22, 0x22, 0x6B, 0xFE, 0x8A, 0xDC, 0xEE, 0xEF, 0x77,
    0x79, 0xEA, 0xAB, 0xFB, 0x8A, 0xAE, 0xBE, 0xDD, 0xC9, 0x44, 0x44, 0x44, 0x46, 0x42, 0x4D, 0xDD,
    0x67, 0x9C, 0xDF, 0xEE, 0xEE, 0x92, 0x22, 0x22, 0x27, 0xAA, 0xFF, 0xA5, 0x8B, 0xEF, 0xFE, 0x79,
    0x9E, 0xEB, 0xBF, 0xBA, 0x88, 0xAE, 0xEE, 0x9E, 0xD9, 0x77, 0x34, 0x64, 0x33, 0x33, 0x39, 0xED,
    0x69, 0xCC, 0xCF, 0xEE, 0xED, 0xED, 0x42, 0x22, 0x4D, 0xBA, 0xEF, 0xEB, 0x88, 0x8A, 0xBB, 0xDE,
    0xBE, 0xEE, 0xBB, 0xA8, 0x8A, 0xBE, 0xBD, 0x9E, 0xDC, 0x97, 0x77, 0x77, 0x76, 0x66, 0x47, 0xDD,
    0x6C, 0xCC, 0xCF, 0xFF, 0xFE, 0xDD, 0xE9, 0x27, 0xDF, 0xE8, 0xBF, 0xEF, 0xEB, 0xBA, 0xAB, 0xBE,
    0xAE, 0xFB, 0x9B, 0xA8, 0x58, 0xEB, 0xBE, 0x9E, 0xDD, 0xC9, 0x99, 0x77, 0x74, 0x77, 0x76, 0xCD,
    0x7C, 0xCC, 0xCD, 0x99, 0x9D, 0xEE, 0xDC, 0x9E, 0xFE, 0xEA, 0xBF, 0xEB, 0xBB, 0xAA, 0xAA, 0xAB,
    0xBD, 0xAA, 0xEB, 0xA8, 0x8B, 0xE8, 0xEF, 0x9E, 0xDD, 0xCC, 0x99, 0x99, 0x42, 0x11, 0x22, 0x9D,
    0xCD, 0xDD, 0xC6, 0x44, 0x44, 0x9C, 0xC9, 0xEF, 0xFE, 0xFB, 0xEF, 0xFB, 0xAA, 0xAA, 0xAB, 0xBB,
    0x88, 0xEF, 0xBA, 0xAA, 0xAF, 0x8A, 0xFE, 0x9E, 0xDC, 0xCC, 0xC9, 0x99, 0x94, 0x22, 0x11, 0x9D,
    0xCD, 0xDC, 0x74, 0x33, 0x34, 0x49, 0xDE, 0xEF, 0xEF, 0xFE, 0xEF, 0xFF, 0xFF, 0xBB, 0xBA, 0x8A,
    0xEF, 0xFB, 0x88, 0x88, 0xEA, 0x8E, 0xFD, 0x7E, 0xDD, 0xDD, 0xC9, 0x99, 0x99, 0x99, 0x94, 0x7D,
    0x9D, 0xC4, 0x44, 0x66, 0x66, 0x9E, 0xEE, 0xEF, 0xEF, 0xFE, 0x8E, 0xFF, 0xE8, 0x8A, 0xBB, 0xEF,
    0xEC, 0xFA, 0xAA, 0x88, 0xB5, 0xAE, 0xFB, 0x7F, 0xDD, 0xDD, 0xCC, 0x99, 0x99, 0x9D, 0xE9, 0x9D,
    0x9C, 0x76, 0x67, 0x77, 0x79, 0xED, 0xEE, 0xFE, 0xEF, 0xFB, 0x8B, 0xEB, 0x8E, 0xFF, 0xFF, 0xBC,
    0x7D, 0xBA, 0xAA, 0x8B, 0x88, 0xBF, 0xFB, 0x7F, 0xDE, 0xDD, 0xCC, 0x99, 0x99, 0xCD, 0xCC, 0xCC,
    0x77, 0x79, 0x97, 0x47, 0x9C, 0xDD, 0xEE, 0xFD, 0xEF, 0xFB, 0x8A, 0x88, 0xEF, 0xEA, 0xAF, 0xB9,
    0x9B, 0x8A, 0xAA, 0xFE, 0x5A, 0xEF, 0xEA, 0x7F, 0xDE, 0xDD, 0xCC, 0x99, 0x99, 0xDD, 0xCD, 0xDC,
    0x69, 0x97, 0x77, 0x9C, 0xDC, 0xDD, 0xDE, 0xED, 0xEE, 0xFB, 0x88, 0xBF, 0xEB, 0xEA, 0xAB, 0xB9,
    0x98, 0xBB, 0xBF, 0xF5, 0x8B, 0xFE, 0xE9, 0x7F, 0xEE, 0xDD, 0xDC, 0xC9, 0x99, 0xDC, 0xCE, 0xCD,
    0x69, 0x97, 0x9D, 0xCC, 0xCC, 0xDD, 0xDE, 0xBD, 0xEE, 0xEB, 0x5B, 0xFB, 0xEB, 0xAA, 0xAB, 0xB9,
    0x68, 0xBE, 0xFB, 0x58, 0xBE, 0xFE, 0xE9, 0x6F, 0xEE, 0xED, 0xDC, 0xCC, 0x9C, 0xC9, 0xCE, 0xCD,
    0x79, 0x97, 0xDD, 0xCD, 0xDD, 0xCD, 0xEE, 0xCD, 0xDE, 0xFA, 0x5F, 0xE8, 0xAB, 0xAA, 0xAE, 0xAA,
    0x8D, 0xEE, 0x85, 0x8B, 0xBF, 0xED, 0xDA, 0x7F, 0xFE, 0xEE, 0xDD, 0xC9, 0x9C, 0x99, 0xDE, 0xDD,
    0x79, 0xC9, 0xED, 0xCD, 0xDD, 0xDD, 0xFC, 0xDC, 0xCD, 0xFA, 0xAF, 0xBA, 0xAA, 0x88, 0xBF, 0xA8,
    0xAF, 0xB5, 0x8A, 0xBB, 0xEE, 0xDD, 0xC9, 0x8F, 0xFF, 0xEE, 0xDD, 0xDC, 0x99, 0x99, 0xDE, 0xDD,
    0x99, 0xDE, 0xED, 0xDD, 0xDD, 0xDE, 0xBC, 0xCC, 0xDD, 0xF8, 0xEF, 0xAB, 0x8A, 0x8A, 0xBF, 0xAA,
    0xFB, 0x58, 0xAB, 0xBD, 0xFD, 0xCC, 0xCC, 0x6C, 0xFF, 0xEE, 0xED, 0xDC, 0xC9, 0x99, 0xCD, 0xDD,
    0xCC, 0xEE, 0xED, 0xDD, 0xDC, 0xDB, 0xBD, 0xCD, 0xDD, 0xFB, 0xFE, 0x8A, 0xAA, 0xA8, 0xEF, 0xAF,
    0xB5, 0x8A, 0xBB, 0xBF, 0xED, 0xCC, 0xDC, 0xA3, 0xFF, 0xFF, 0xED, 0xCC, 0xC9, 0x99, 0xCD, 0xDD,
    0x99, 0xFE, 0xFD, 0xDD, 0xCD, 0xD9, 0xCC, 0xCD, 0xCD, 0xFE, 0xBA, 0xA8, 0xA8, 0xAB, 0xEB, 0xEF,
    0x5A, 0xEB, 0xBB, 0xFE, 0xCB, 0xDC, 0xCD, 0xD8, 0x7F, 0xFF, 0xEE, 0xDC, 0xC9, 0x99, 0xCD, 0xDD,
    0x79, 0xFE, 0xFD, 0xDC, 0xCE, 0x99, 0xCC, 0xBC, 0xBC, 0xFF, 0xEB, 0xA8, 0xAA, 0xAE, 0xAA, 0xF8,
    0xEE, 0xAB, 0xEF, 0xFD, 0xCB, 0xCC, 0xCD, 0xDD, 0x69, 0xFE, 0xDE, 0xDC, 0xC9, 0x9C, 0xCD, 0xDD,
    0x7C, 0xFE, 0xFE, 0xDC, 0xEB, 0x7C, 0xC9, 0xBB, 0x9C, 0xFF, 0xBF, 0xAA, 0xAA, 0x8B, 0xFA, 0xBE,
    0xBA, 0xBE, 0xFF, 0xFC, 0xCB, 0xBD, 0xDC, 0xCC, 0xB5, 0xEF, 0xDD, 0xDC, 0x99, 0x9C, 0xCD, 0xDD,
    0x79, 0xFE, 0xEE, 0xCD, 0xE8, 0xCD, 0xC9, 0xBB, 0x9D, 0xFF, 0xBE, 0xAA, 0xBA, 0x8E, 0xEA, 0xEB,
    0xBF, 0xFF, 0xFF, 0xFC, 0xBB, 0xBB, 0xDC, 0xCB, 0xCB, 0x3E, 0xED, 0xDC, 0x99, 0xCC, 0xCD, 0xDD,
    0x79, 0xFF, 0xEF, 0xCF, 0xA9, 0xC9, 0xBB, 0xBB, 0xCF, 0xFF, 0xBE, 0xAA, 0xAA, 0x8F, 0xBE, 0xFF,
    0xFE, 0xFF, 0xFF, 0xEC, 0xBC, 0xCC, 0xDD, 0xCC, 0xCD, 0x86, 0xEC, 0xCC, 0x99, 0xCC, 0xCD, 0xDD,
    0x7C, 0xFE, 0xFE, 0xEB, 0x9D, 0xCC, 0xCB, 0xBC, 0xCF, 0xFF, 0xEE, 0xB8, 0x8A, 0xDF, 0xBF, 0xFF,
    0x9E, 0xFE, 0xFF, 0xCC, 0xCB, 0xDD, 0xDD, 0xCD, 0xDC, 0xD8, 0x7D, 0xCC, 0x99, 0xCC, 0xCC, 0xDD,
    0x7C, 0xFD, 0xFE, 0xD8, 0xCC, 0xCC, 0xD9, 0x9C, 0x9F, 0xFD, 0xFB, 0xE8, 0xAA, 0xAA, 0xEF, 0x99,
    0x9F, 0xFE, 0xFF, 0xCD, 0xCD, 0xDC, 0xCC, 0xCC, 0xED, 0xEE, 0x69, 0xDC, 0x99, 0xCC, 0xCC, 0xDD,
    0x7E, 0xFD, 0xFE, 0xB9, 0xDC, 0xC9, 0xCC, 0xCC, 0x9F, 0xFD, 0xFB, 0xBB, 0xAA, 0xEB, 0xD9, 0x79,
    0xCF, 0xED, 0xFF, 0xCD, 0xDD, 0xCC, 0xCD, 0xDC, 0xDE, 0xEE, 0x99, 0xDC, 0x99, 0xCC, 0xDD, 0xDD,
    0x9F, 0xFD, 0xFE, 0xBC, 0xDD, 0xCC, 0xCC, 0xC9, 0xCF, 0xFD, 0xFB, 0xAE, 0xBA, 0xFB, 0xC7, 0x99,
    0xFE, 0xCD, 0xFF, 0xCC, 0xCC, 0xCC, 0xCD, 0xDC, 0xDD, 0xCD, 0x8C, 0xDD, 0xCC, 0xCC, 0xDD, 0xDD,
    0x9F, 0xFE, 0xFE, 0xBC, 0xDD, 0xCC, 0xCC, 0xC9, 0xDF, 0xED, 0xDF, 0xAE, 0xAA, 0xEB, 0xC7, 0x9D,
    0xFD, 0xDE, 0xFF, 0xCC, 0xCC, 0xCD, 0xBE, 0xDC, 0xDC, 0xCC, 0xAE, 0xDE, 0xCC, 0xCC, 0xDD, 0xCD,
    0xCF, 0xFE, 0xFE, 0xDC, 0xDC, 0xDD, 0xCC, 0xCC, 0xEF, 0xED, 0xDE, 0xFE, 0xAE, 0xBB, 0x97, 0x9F,
    0xED, 0xDE, 0xFF, 0xDC, 0xCC, 0xDD, 0xBB, 0xED, 0xDD, 0xD9, 0xBE, 0xDE, 0xDC, 0xDC, 0xCD, 0xDD,
};

static const uint8_t coup_animdata_ambassador_f03[3072] = {
    0x33, 0x77, 0x77, 0x77, 0x77, 0x77, 0x77, 0x77, 0x77, 0x77, 0x77, 0x77, 0x77, 0x77, 0x77, 0x77,
    0x77, 0x77, 0x77, 0x77, 0x77, 0x77, 0x77, 0x77, 0x77, 0x77, 0x77, 0x11, 0x17, 0x97, 0x77, 0x77,
    0x37, 0x77, 0x77, 0x77, 0x77, 0x77, 0x77, 0x77, 0x77, 0x77, 0x77, 0x77, 0x77, 0x77, 0x77, 0x77,
    0x77, 0x77, 0x77, 0x77, 0x77, 0x77, 0x77, 0x77, 0x77, 0x77, 0x77, 0x61, 0x69, 0x77, 0x77, 0x77,
    0x77, 0x77, 0x77, 0x77, 0x77, 0x77, 0x77, 0x77, 0x77, 0x77, 0x76, 0x77, 0x76, 0x77, 0x77, 0x77,
    0x77, 0x77, 0x77, 0x77, 0x77, 0x77, 0x77, 0x77, 0x77, 0x77, 0x77, 0x77, 0x97, 0x77, 0x77, 0x77,
    0x77, 0x77, 0x77, 0x7B, 0x97, 0x77, 0x77, 0x77, 0x77, 0x76, 0x66, 0x66, 0x67, 0x76, 0x66, 0x76,
    0x77, 0x77, 0x77, 0x76, 0x67, 0x77, 0x77, 0x77, 0x77, 0x77, 0x77, 0x79, 0x77, 0x77, 0x77, 0x77,
    0x77, 0x77, 0x77, 0x79, 0x97, 0x36, 0x67, 0x77, 0x77, 0x66, 0x66, 0x66, 0x66, 0x66, 0x66, 0x76,
    0x66, 0x66, 0x66, 0x66, 0x66, 0x76, 0x77, 0x77, 0x77, 0x77, 0x77, 0x77, 0x77, 0x77, 0x77, 0x77,
    0x77, 0x77, 0x67, 0x97, 0x97, 0x84, 0x16, 0x66, 0x66, 0x66, 0x66, 0x66, 0x66, 0x66, 0x66, 0x66,
    0x66, 0x66, 0x66, 0x66, 0x66, 0x66, 0x66, 0x67, 0x77, 0x77, 0x76, 0x75, 0x77, 0x77, 0x77, 0x77,
    0x77, 0x76, 0x66, 0x67, 0xBA, 0xAA, 0x87, 0x76, 0x66, 0x66, 0x66, 0x66, 0x66, 0x66, 0x66, 0x66,
    0x66, 0x66, 0x66, 0x66, 0x66, 0x66, 0x67, 0x77, 0x76, 0x67, 0x67, 0x31, 0x37, 0x77, 0x77, 0x77,
    0x76, 0x66, 0x66, 0x67, 0x99, 0x99, 0x97, 0x97, 0x76, 0x66, 0x66, 0x66, 0x66, 0x66, 0x66, 0x66,
    0x66, 0x66, 0x66, 0x66, 0x66, 0x66, 0x63, 0x76, 0x66, 0x66, 0x76, 0x11, 0x16, 0x76, 0x77, 0x76,
    0x76, 0x66, 0x66, 0x66, 0x76, 0x66, 0x66, 0x66, 0x66, 0x66, 0x66, 0x66, 0x66, 0x66, 0x66, 0x66,
    0x66, 0x66, 0x66, 0x66, 0x66, 0x66, 0x71, 0x67, 0x66, 0x67, 0x61, 0x16, 0x31, 0x67, 0x67, 0x67,
    0x76, 0x66, 0x66, 0x66, 0x66, 0x66, 0x66, 0x66, 0x66, 0x66, 0x66, 0x66, 0x66, 0x66, 0x66, 0x66,
    0x66, 0x66, 0x66, 0x66, 0x66, 0x66, 0x73, 0x16, 0x76, 0x67, 0x51, 0x69, 0x71, 0x17, 0x76, 0x76,
    0x66, 0x66, 0x67, 0x66, 0x66, 0x66, 0x66, 0x66, 0x66, 0x66, 0x66, 0x66, 0x66, 0x66, 0x66, 0x33,
    0x53, 0x66, 0x66, 0x66, 0x66, 0x66, 0x73, 0x11, 0x66, 0x65, 0x16, 0x97, 0x96, 0x11, 0x76, 0x65,
    0x66, 0x66, 0x66, 0x66, 0x66, 0x66, 0x66, 0x66, 0x66, 0x66, 0x66, 0x66, 0x66, 0x66, 0x33, 0x55,
    0x55, 0x53, 0x66, 0x66, 0x66, 0x66, 0x73, 0x11, 0x66, 0x63, 0x16, 0x76, 0x76, 0x13, 0x76, 0x61,
    0x66, 0x66, 0x66, 0x66, 0x66, 0x66, 0x66, 0x66, 0x66, 0x66, 0x66, 0x66, 0x66, 0x31, 0x55, 0x55,
    0x55, 0x55, 0x56, 0x66, 0x66, 0x66, 0x73, 0x17, 0x76, 0x67, 0x11, 0x67, 0x61, 0x17, 0x76, 0x77,
    0x66, 0x66, 0x66, 0x66, 0x66, 0x66, 0x66, 0x66, 0x66, 0x66, 0x66, 0x66, 0x31, 0x15, 0x55, 0x55,
    0x55, 0x55, 0x55, 0x66, 0x66, 0x66, 0x61, 0x67, 0x66, 0x67, 0x61, 0x16, 0x11, 0x77, 0x66, 0x67,
    0x66, 0x66, 0x66, 0x66, 0x66, 0x66, 0x66, 0x66, 0x66, 0x46, 0x63, 0x11, 0x11, 0x55, 0x55, 0x55,
    0x55, 0x55, 0x55, 0x56, 0x66, 0x66, 0x66, 0x96, 0x66, 0x66, 0x76, 0x11, 0x16, 0x96, 0x66, 0x66,
    0x66, 0x66, 0x64, 0x36, 0x66, 0x66, 0x66, 0x44, 0x66, 0x63, 0x31, 0x11, 0x55, 0x55, 0x55, 0x55,
    0x55, 0x55, 0x55, 0x55, 0x36, 0x66, 0x67, 0x64, 0x66, 0x66, 0x67, 0x61, 0x39, 0x66, 0x66, 0x66,
    0x66, 0x67, 0x77, 0x76, 0x66, 0x43, 0x64, 0x44, 0x66, 0x11, 0x55, 0x55, 0x55, 0x55, 0x55, 0x55,
    0x55, 0x55, 0x55, 0x55, 0x55, 0x66, 0x44, 0x46, 0x66, 0x66, 0x66, 0x76, 0x76, 0x66, 0x66, 0x66,
    0x66, 0x9B, 0xB9, 0x77, 0x43, 0x33, 0x34, 0x36, 0x41, 0x15, 0x55, 0x55, 0x55, 0x55, 0x55, 0x55,
    0x55, 0x55, 0x55, 0x55, 0x55, 0x54, 0x34, 0x44, 0x44, 0x64, 0x44, 0x67, 0x76, 0x66, 0x66, 0x66,
    0x66, 0x67, 0x99, 0x99, 0x76, 0x43, 0x44, 0x33, 0x11, 0x55, 0x55, 0x55, 0x55, 0x55, 0x55, 0x55,
    0x55, 0x55, 0x55, 0x55, 0x55, 0x55, 0x44, 0x44, 0x44, 0x44, 0x46, 0x43, 0x46, 0x66, 0x66, 0x66,
    0x43, 0x33, 0x36, 0x63, 0x33, 0x33, 0x44, 0x43, 0x55, 0x55, 0x55, 0x55, 0x55, 0x55, 0x55, 0x55,
    0x55, 0x55, 0x55, 0x55, 0x55, 0x55, 0x34, 0x44, 0x44, 0x44, 0x44, 0x66, 0x64, 0x66, 0x66, 0x46,
    0x43, 0x33, 0x33, 0x33, 0x43, 0x44, 0x44, 0x35, 0x55, 0x55, 0x55, 0x55, 0x55, 0x55, 0x55, 0x55,
    0x55, 0x55, 0x55, 0x55, 0x55, 0x55, 0x53, 0x33, 0x44, 0x44, 0x44, 0x65, 0x64, 0x46, 0x66, 0x66,
    0x43, 0x33, 0x33, 0x33, 0x43, 0x33, 0x34, 0x15, 0x55, 0x55, 0x55, 0x55, 0x55, 0x55, 0x55, 0x55,
    0x55, 0x55, 0x55, 0x55, 0x85, 0x88, 0x55, 0x33, 0x34, 0x44, 0x46, 0x51, 0x37, 0x46, 0x66, 0x66,
    0x33, 0x33, 0x33, 0x33, 0x33, 0x33, 0x31, 0x55, 0x55, 0x55, 0x55, 0x55, 0x55, 0x55, 0x55, 0x55,
    0x55, 0x55, 0x55, 0x55, 0x88, 0x88, 0x85, 0x34, 0x33, 0x33, 0x63, 0x11, 0x13, 0x66, 0x66, 0x66,
    0x33, 0x33, 0x33, 0x33, 0x33, 0x33, 0x66, 0x55, 0x55, 0x55, 0x55, 0x55, 0x55, 0x55, 0x55, 0x55,
    0x55, 0x55, 0x55, 0x55, 0x88, 0x88, 0xA8, 0x53, 0x43, 0x34, 0x31, 0x11, 0x31, 0x66, 0x66, 0x46,
    0x33, 0x33, 0x33, 0x33, 0x33, 0x33, 0x7A, 0xA8, 0x88, 0x55, 0x55, 0x55, 0x55, 0x55, 0x55, 0x55,
    0x55, 0x55, 0x55, 0x55, 0x88, 0x8A, 0xAA, 0x55, 0x33, 0x34, 0x67, 0x76, 0x77, 0x76, 0x34, 0x44,
    0x33, 0x33, 0x33, 0x33, 0x33, 0x34, 0xAA, 0xAA, 0xA8, 0x85, 0x55, 0x55, 0x55, 0x55, 0x55, 0x55,
    0x55, 0x55, 0x55, 0x55, 0x88, 0x8A, 0xAA, 0x85, 0x32, 0x33, 0x44, 0x61, 0x64, 0x64, 0x33, 0x33,
    0x33, 0x33, 0x33, 0x33, 0x33, 0x36, 0x8A, 0xBA, 0xAA, 0x88, 0x85, 0x55, 0x55, 0x55, 0x55, 0x55,
    0x55, 0x55, 0x55, 0x55, 0x88, 0x8A, 0xAA, 0xA5, 0x53, 0x33, 0x33, 0x11, 0x16, 0x33, 0x32, 0x33,
    0x33, 0x33, 0x33, 0x33, 0x33, 0x48, 0x58, 0xAB, 0xBA, 0x88, 0x88, 0x55, 0x55, 0x55, 0x55, 0x55,
    0x55, 0x55, 0x55, 0x58, 0x88, 0x8A, 0xAB, 0xA8, 0x53, 0x23, 0x41, 0x11, 0x11, 0x42, 0x22, 0x22,
    0x33, 0x33, 0x33, 0x33, 0x33, 0x6B, 0x8A, 0x58, 0xAB, 0xA8, 0x55, 0x85, 0x55, 0x55, 0x55, 0x55,
    0x55, 0x55, 0x55, 0x55, 0x88, 0x8A, 0xAB, 0xBA, 0x53, 0x23, 0x33, 0x63, 0x33, 0x64, 0x23, 0x32,
    0x33, 0x33, 0x44, 0x33, 0x33, 0x4B, 0xA8, 0x85, 0x88, 0xAB, 0xA8, 0x55, 0x55, 0x55, 0x55, 0x55,
    0x55, 0x58, 0x55, 0x88, 0x8A, 0xAA, 0xAB, 0xBB, 0x85, 0x23, 0x67, 0x77, 0x77, 0x74, 0x22, 0x22,
    0x34, 0x34, 0x44, 0x34, 0x33, 0x3B, 0x85, 0x85, 0x58, 0x8B, 0xEE, 0xB6, 0x55, 0x55, 0x55, 0x55,
    0x55, 0x85, 0x88, 0x88, 0x8A, 0xAA, 0xAB, 0xAB, 0x85, 0x22, 0x22, 0x22, 0x22, 0x22, 0x22, 0x33,
    0x34, 0x43, 0x34, 0x44, 0x43, 0x4A, 0x88, 0xA5, 0x58, 0xAD, 0xBB, 0xEE, 0xA3, 0x55, 0x55, 0x55,
    0x55, 0x58, 0x88, 0x88, 0xAA, 0xAA, 0xAB, 0xBA, 0xA5, 0x32, 0x22, 0x21, 0x22, 0x22, 0x22, 0x22,
    0x33, 0x23, 0x34, 0x44, 0x24, 0x4B, 0x88, 0xA5, 0x8A, 0xBB, 0x99, 0x99, 0xBB, 0x85, 0x55, 0x55,
    0x55, 0x55, 0x88, 0x88, 0x8A, 0xAA, 0xBA, 0xBA, 0x85, 0x22, 0x22, 0x22, 0x22, 0x22, 0x22, 0x22,
    0x22, 0x22, 0x44, 0x22, 0x44, 0x4A, 0x8A, 0x88, 0xAA, 0xB9, 0x99, 0x88, 0x89, 0xBB, 0x55, 0x55,
    0x55, 0x58, 0x88, 0x88, 0x8A, 0xAB, 0xBE, 0xBB, 0x86, 0x22, 0x22, 0x12, 0x22, 0x12, 0x22, 0x22,
    0x42, 0x22, 0x24, 0x22, 0x24, 0x27, 0xAA, 0xAA, 0xAA, 0xB9, 0x99, 0x78, 0x86, 0x69, 0xB8, 0x55,
    0x58, 0x88, 0x88, 0x8A, 0x88, 0xAA, 0xBE, 0xBA, 0x83, 0x22, 0x22, 0x22, 0x12, 0x22, 0x22, 0x22,
    0x44, 0x42, 0x22, 0x22, 0x22, 0x24, 0xBA, 0xAA, 0xAB, 0xB9, 0x99, 0x78, 0x88, 0x66, 0x9B, 0xA5,
    0x58, 0x88, 0x88, 0x8A, 0xAA, 0xAB, 0xBE, 0xBA, 0x81, 0x22, 0x22, 0x22, 0x22, 0x22, 0x22, 0x22,
    0x22, 0x22, 0x22, 0x22, 0x22, 0x21, 0x9B, 0xAB, 0xAB, 0x99, 0x99, 0x99, 0x88, 0x8B, 0xD9, 0x9B,
    0xA8, 0x88, 0x88, 0x8A, 0xAA, 0xBB, 0xBE, 0xB8, 0x81, 0x22, 0x22, 0x22, 0x22, 0x12, 0x22, 0x22,
    0x22, 0x22, 0x22, 0x22, 0x22, 0x22, 0x9A, 0xBB, 0xB9, 0x9B, 0x97, 0x99, 0x9B, 0xEF, 0xED, 0x77,
    0xBB, 0x88, 0xA8, 0x8A, 0xAA, 0xBE, 0xAE, 0xE8, 0x52, 0x22, 0x22, 0x22, 0x22, 0x22, 0x22, 0x22,
    0x22, 0x22, 0x22, 0x22, 0x22, 0x22, 0x9E, 0xBB, 0xD9, 0x99, 0x77, 0xBE, 0xEF, 0xFF, 0xEE, 0x96,
    0x9B, 0xB8, 0xAA, 0x8A, 0xAA, 0xAE, 0xBA, 0xBA, 0x32, 0x22, 0x22, 0x22, 0x22, 0x22, 0x22, 0x22,
    0x22, 0x22, 0x22, 0x22, 0x22, 0x22, 0x4E, 0xAE, 0xFF, 0xFE, 0x99, 0xBE, 0xFF, 0xFF, 0xB9, 0x96,
    0x99, 0xBB, 0xAA, 0xAA, 0xAA, 0xAE, 0xFA, 0xAA, 0x22, 0x22, 0x22, 0x22, 0x22, 0x22, 0x22, 0x22,
    0x22, 0x22, 0x22, 0x22, 0x22, 0x22, 0x2C, 0xBF, 0xFF, 0xFF, 0xFB, 0xBB, 0xFF, 0xFE, 0xDF, 0xD9,
    0x78, 0x9B, 0xBA, 0xAA, 0xAB, 0xBA, 0xEB, 0x8A, 0x22, 0x22, 0x22, 0x22, 0x22, 0x22, 0x22, 0x22,
    0x22, 0x22, 0x22, 0x22, 0x22, 0x22, 0x27, 0xEE, 0x9E, 0xFF, 0xFB, 0xAB, 0xFF, 0xFC, 0x9F, 0xDD,
    0xB8, 0x99, 0xCB, 0xAA, 0xAE, 0xEB, 0xBB, 0xA8, 0x22, 0x22, 0x22, 0x22, 0x22, 0x22, 0x22, 0x22,
    0x22, 0x22, 0x22, 0x22, 0x22, 0x22, 0x22, 0xEB, 0xDF, 0x9F, 0xF9, 0x8B, 0xEE, 0xED, 0xCD, 0x97,
    0xBA, 0x99, 0x9C, 0xEA, 0xAE, 0xEE, 0xBB, 0xA4, 0x22, 0x22, 0x22, 0x22, 0x22, 0x22, 0x22, 0x22,
    0x22, 0x22, 0x22, 0x22, 0x22, 0x22, 0x22, 0xBE, 0xFE, 0xDF, 0xD7, 0x8A, 0xEE, 0xFD, 0x99, 0x97,
    0x9B, 0xB9, 0x99, 0xEE, 0xAB, 0xEE, 0xBA, 0xA2, 0x22, 0x22, 0x22, 0x22, 0x22, 0x22, 0x22, 0x22,
    0x22, 0x22, 0x22, 0x22, 0x22, 0x22, 0x22, 0x9F, 0xDB, 0xDF, 0xC7, 0xAA, 0xAB, 0xBB, 0xB9, 0x99,
    0x99, 0xB9, 0x99, 0xBF, 0xEA, 0xEE, 0xBA, 0x62, 0x22, 0x22, 0x22, 0x22, 0x22, 0x22, 0x22, 0x22,
    0x22, 0x22, 0x22, 0x22, 0x22, 0x22, 0x22, 0x2D, 0xD9, 0xBE, 0x96, 0x88, 0xB9, 0x99, 0xB9, 0x66,
    0x9B, 0x99, 0x99, 0x9F, 0xFB, 0xBE, 0xBA, 0x22, 0x22, 0x22, 0x22, 0x22, 0x22, 0x22, 0x22, 0x22,
    0x22, 0x22, 0x22, 0x22, 0x22, 0x22, 0x22, 0x27, 0xB9, 0xBE, 0x96, 0x69, 0xBB, 0x99, 0x97, 0x63,
    0x77, 0x99, 0x99, 0x9E, 0xFE, 0xBE, 0xB8, 0x22, 0x22, 0x22, 0x22, 0x22, 0x22, 0x22, 0x22, 0x22,
    0x22, 0x22, 0x22, 0x22, 0x22, 0x22, 0x22, 0x24, 0x99, 0x9E, 0x72, 0x68, 0x69, 0xB9, 0x77, 0x76,
    0x77, 0x79, 0x99, 0x9D, 0xFF, 0xBB, 0xA6, 0x22, 0x22, 0x22, 0x22, 0x22, 0x22, 0x22, 0x22, 0x22,
    0x22, 0x22, 0x22, 0x22, 0x22, 0x22, 0x22, 0x22, 0x99, 0x9D, 0x93, 0x77, 0x79, 0xEA, 0x98, 0x88,
    0x87, 0x79, 0x99, 0x9C, 0xDF, 0xEB, 0x82, 0x44, 0x22, 0x22, 0x76, 0x44, 0x42, 0x22, 0x22, 0x22,
    0x22, 0x22, 0x22, 0x22, 0x22, 0x22, 0x22, 0x24, 0x99, 0x9D, 0xEB, 0xBE, 0xEB, 0xFB, 0x99, 0x88,
    0x87, 0x79, 0x99, 0x99, 0xFF, 0xBB, 0x42, 0x44, 0x24, 0x42, 0x7B, 0x97, 0x36, 0x44, 0x44, 0x44,
    0x22, 0x22, 0x22, 0x22, 0x22, 0x22, 0x22, 0x22, 0xB9, 0x7E, 0xFE, 0xCE, 0xDB, 0x9B, 0xAA, 0x98,
    0x88, 0x99, 0x99, 0x99, 0xCB, 0xB9, 0x44, 0x44, 0x44, 0x42, 0x9B, 0x99, 0xAA, 0x74, 0x49, 0x72,
    0x42, 0x44, 0x22, 0x42, 0x22, 0x22, 0x22, 0x22, 0xB9, 0x9F, 0xFE, 0xCD, 0xB9, 0x89, 0xB8, 0x88,
    0x89, 0x99, 0x99, 0x99, 0xBC, 0xB7, 0x47, 0x47, 0x44, 0x49, 0xDB, 0xAB, 0x99, 0x79, 0xC9, 0x42,
    0x22, 0x12, 0x42, 0x24, 0x22, 0x22, 0x22, 0x22, 0x99, 0xCD, 0xDB, 0x99, 0x99, 0x99, 0xB8, 0x89,
    0x89, 0x99, 0x99, 0x9B, 0x9C, 0x92, 0x27, 0x44, 0x44, 0x49, 0xCD, 0xD9, 0x63, 0x9B, 0x99, 0x77,
    0x12, 0x16, 0xC2, 0x27, 0x24, 0x24, 0x42, 0x42, 0x7B, 0xEE, 0x99, 0x99, 0xBC, 0xDE, 0xB8, 0x89,
    0x99, 0x9A, 0x99, 0x9D, 0x99, 0x72, 0x46, 0x64, 0x74, 0x74, 0x9D, 0xEC, 0xCB, 0xCD, 0xDE, 0xA9,
    0x44, 0x24, 0xC4, 0x9C, 0x94, 0x44, 0x44, 0x42, 0x4D, 0xFF, 0xFF, 0xEE, 0xFF, 0xFF, 0xFB, 0x88,
    0x89, 0x99, 0x99, 0x9F, 0xF9, 0x77, 0x74, 0x74, 0x44, 0x44, 0x7C, 0xED, 0xDD, 0xCD, 0xCC, 0xCC,
    0x44, 0x47, 0xD9, 0xCF, 0xD4, 0x22, 0x44, 0x44, 0x4F, 0xFF, 0xEC, 0xEB, 0xBD, 0xEF, 0xFF, 0x98,
    0x99, 0x99, 0x99, 0xBF, 0xC4, 0x77, 0x22, 0x22, 0x22, 0x49, 0xCD, 0xCC, 0xCC, 0x99, 0xC9, 0x77,
    0x24, 0x49, 0xEC, 0xCE, 0xC4, 0x24, 0x47, 0x42, 0x9F, 0xFE, 0xC9, 0x9B, 0xBB, 0x9B, 0xEF, 0xB8,
    0x99, 0x99, 0x9B, 0xEE, 0x91, 0x59, 0x94, 0x22, 0x22, 0x22, 0x24, 0x44, 0x44, 0x42, 0x22, 0x22,
    0x64, 0x47, 0xE9, 0xCC, 0x97, 0x42, 0x44, 0x44, 0x4D, 0xFD, 0xCF, 0xFF, 0xE9, 0x7B, 0x9F, 0xB8,
    0x99, 0x99, 0x9D, 0xEC, 0x92, 0x53, 0x22, 0x22, 0x22, 0x22, 0x49, 0xC9, 0x99, 0x99, 0x77, 0x77,
    0x42, 0x47, 0xF9, 0x4D, 0xD6, 0x77, 0x77, 0x44, 0x29, 0xDB, 0x9C, 0xBB, 0x98, 0x89, 0x9E, 0xA8,
    0x99, 0x99, 0xBE, 0xDD, 0x94, 0x53, 0x47, 0x99, 0x99, 0x97, 0x9D, 0xDD, 0xDD, 0xDD, 0xCC, 0xCC,
    0x22, 0x24, 0xE9, 0x4D, 0xC4, 0x44, 0x44, 0x47, 0x7C, 0xD9, 0x99, 0x99, 0x78, 0x88, 0xAB, 0x98,
    0x99, 0x99, 0xDF, 0xED, 0x98, 0x58, 0xDD, 0xCC, 0x99, 0x77, 0x7C, 0xDD, 0xDD, 0xCC, 0xCC, 0xCC,
    0x22, 0x22, 0x99, 0x29, 0x92, 0x22, 0x22, 0x22, 0x29, 0xE9, 0x9B, 0x99, 0x98, 0x88, 0xAA, 0x99,
    0x99, 0x9B, 0xFF, 0xED, 0x98, 0x8A, 0x7C, 0xCC, 0x99, 0x77, 0x7C, 0xDD, 0xDD, 0xDC, 0xCC, 0xCC,
    0x22, 0x22, 0x77, 0x27, 0x94, 0x22, 0x22, 0x22, 0x27, 0xE9, 0x99, 0x99, 0x99, 0xAA, 0xAA, 0x99,
    0x99, 0x9E, 0xFF, 0xEC, 0x8A, 0x8B, 0xA6, 0xCC, 0x99, 0x97, 0x7C, 0xDD, 0xDC, 0xCC, 0xCC, 0xCC,
    0x22, 0x22, 0x94, 0x7C, 0xC4, 0x22, 0x22, 0x22, 0x22, 0xED, 0xB9, 0xA9, 0x9B, 0xBB, 0xBB, 0x99,
    0x9B, 0xEE, 0xEF, 0xE9, 0xAA, 0x8E, 0xA5, 0x44, 0x47, 0x77, 0x7C, 0xED, 0xDD, 0xCC, 0xCC, 0xCC,
    0x22, 0x22, 0x77, 0x9C, 0xC4, 0x22, 0x22, 0x22, 0x22, 0xEF, 0xED, 0xBA, 0xAB, 0xBD, 0xBB, 0xBD,
    0xDD, 0xCC, 0xEE, 0xC8, 0xA8, 0xDF, 0xB8, 0x34, 0x24, 0x44, 0x77, 0x9E, 0xFF, 0xFE, 0xEE, 0xDD,
    0x22, 0x22, 0x22, 0x22, 0x22, 0x22, 0x22, 0x22, 0x22, 0xCF, 0xFE, 0xEE, 0xEE, 0xED, 0xB9, 0xBD,
    0xBB, 0xBD, 0xEC, 0xAA, 0xAA, 0xEE, 0xFA, 0x84, 0x44, 0x23, 0x37, 0x47, 0xCF, 0xFF, 0xFE, 0xEE,
    0x22, 0x22, 0x22, 0x22, 0x22, 0x22, 0x22, 0x27, 0x77, 0x7E, 0xFE, 0xEE, 0xEE, 0xDB, 0xBB, 0xBB,
    0xBB, 0xDD, 0x9C, 0xAB, 0x8B, 0xEB, 0xEA, 0x86, 0x47, 0x77, 0x34, 0x64, 0x4C, 0xFF, 0xEE, 0xEE,
    0x22, 0x22, 0x22, 0x22, 0x22, 0x22, 0x22, 0x47, 0x99, 0x7D, 0xFF, 0xFE, 0xED, 0xDB, 0xBB, 0xBB,
    0xBB, 0x97, 0xCB, 0xB8, 0x8E, 0xAA, 0xB8, 0x86, 0x36, 0x76, 0x33, 0x44, 0x24, 0x9F, 0xEE, 0xDD,
    0x44, 0x79, 0x92, 0x22, 0x22, 0x22, 0x22, 0x22, 0x22, 0x2D, 0xBE, 0xDE, 0xFE, 0xDD, 0xBB, 0xBB,
    0x97, 0x49, 0xBB, 0xEA, 0xFB, 0x88, 0xA5, 0xA9, 0x24, 0x66, 0x44, 0x44, 0x47, 0x27, 0xED, 0xDD,
    0x97, 0x9C, 0xFE, 0x72, 0x22, 0x22, 0x22, 0x22, 0x22, 0x4E, 0xBA, 0xEC, 0xCE, 0xDD, 0xDB, 0x92,
    0x24, 0x9E, 0xAB, 0x8E, 0xFA, 0x88, 0xA8, 0xBC, 0x72, 0x44, 0x44, 0x44, 0x34, 0x22, 0xCF, 0xDD,
    0x77, 0x9C, 0xEE, 0xFC, 0x22, 0x22, 0x22, 0x22, 0x22, 0x8E, 0xFA, 0xAE, 0x99, 0xED, 0xEE, 0x22,
    0x99, 0xDB, 0xAA, 0xAE, 0xAA, 0xAB, 0xBB, 0xDD, 0xC9, 0x42, 0x43, 0x33, 0x33, 0x64, 0x2D, 0xED,
    0x77, 0xCC, 0xEE, 0xEF, 0xE7, 0x22, 0x22, 0x22, 0x27, 0x8E, 0xFE, 0x88, 0xBD, 0xEE, 0xFF, 0x77,
    0x9C, 0xFB, 0xAF, 0xFB, 0x88, 0xAE, 0xBE, 0xBE, 0xD9, 0x77, 0x24, 0x46, 0x44, 0x43, 0x37, 0xED,
    0x79, 0xCC, 0xEE, 0xEE, 0xEE, 0xC4, 0x22, 0x22, 0x4C, 0xAB, 0xFF, 0xB8, 0x58, 0xBE, 0xFD, 0x9B,
    0xBF, 0xEB, 0xBE, 0xBA, 0xA8, 0xAE, 0xEE, 0x9D, 0xEC, 0x97, 0x74, 0x76, 0x63, 0x33, 0x34, 0xCD,
    0x9C, 0xCC, 0xEE, 0xFE, 0xED, 0xEE, 0x92, 0x24, 0x9F, 0xBA, 0xFF, 0xEE, 0xB8, 0x8A, 0xAB, 0xEE,
    0xBB, 0xEF, 0xAB, 0xA8, 0x8A, 0xBE, 0xBE, 0x9D, 0xED, 0xC9, 0x99, 0x77, 0x97, 0x77, 0x76, 0x9D,
    0xCC, 0xCC, 0xDF, 0xDD, 0xEE, 0xDD, 0xFC, 0x4C, 0xEF, 0xBA, 0xEF, 0xEE, 0xBB, 0xBA, 0xBA, 0xAB,
    0xAE, 0xFA, 0xBB, 0xA8, 0x58, 0xFB, 0xAF, 0xBD, 0xED, 0xCC, 0x99, 0x97, 0x42, 0x44, 0x62, 0x7D,
    0xCC, 0xCD, 0xC9, 0x47, 0x7C, 0xEE, 0xC9, 0xDF, 0xEE, 0xEA, 0xEF, 0xEA, 0xAA, 0xA8, 0x8A, 0xAE,
    0xBA, 0x8E, 0xFA, 0xAA, 0x8E, 0xE8, 0xBF, 0x9D, 0xED, 0xCC, 0xC9, 0x99, 0x94, 0x21, 0x11, 0x2C,
    0xDD, 0xDC, 0x74, 0x34, 0x44, 0x7C, 0xCD, 0xFF, 0xEF, 0xFB, 0xFF, 0xFE, 0xBB, 0xBB, 0xBB, 0xAA,
    0x8B, 0xFF, 0xAA, 0xAA, 0xBE, 0x8A, 0xFF, 0x7D, 0xED, 0xCC, 0xCC, 0x99, 0x99, 0x72, 0x21, 0x2C,
    0xDD, 0xC7, 0x43, 0x33, 0x64, 0x7C, 0xEE, 0xEF, 0xEF, 0xFB, 0xBF, 0xFF, 0xFB, 0x8A, 0xA8, 0xAE,
    0xFF, 0xFB, 0x88, 0x88, 0xBA, 0x5D, 0xFF, 0x6D, 0xED, 0xDD, 0xCC, 0x99, 0x99, 0x99, 0xCC, 0x4C,
    0xDC, 0x63, 0x36, 0x77, 0x79, 0xEE, 0xDE, 0xFE, 0xEF, 0xFB, 0x8E, 0xFF, 0x88, 0xBE, 0xEE, 0xFF,
    0xCC, 0xEA, 0xAA, 0x88, 0xB5, 0xAE, 0xFE, 0x6E, 0xED, 0xDD, 0xCC, 0xC9, 0x99, 0x9C, 0xDD, 0x99,
    0xC7, 0x77, 0x77, 0x77, 0x9D, 0xDD, 0xEE, 0xFD, 0xFF, 0xFA, 0x8A, 0xB8, 0xBF, 0xEE, 0xEF, 0xBC,
    0x7D, 0xAA, 0xAA, 0xAE, 0x88, 0xBF, 0xFD, 0x6E, 0xEE, 0xDD, 0xCC, 0xC9, 0x99, 0x9D, 0xCC, 0xDC,
    0x97, 0x79, 0x74, 0x79, 0xCD, 0xDD, 0xEE, 0xED, 0xEF, 0xFA, 0xA8, 0x6B, 0xFE, 0xEA, 0xAE, 0xB9,
    0x98, 0x8B, 0xAB, 0xFD, 0x5A, 0xEF, 0xEB, 0x6E, 0xEE, 0xDD, 0xDC, 0xC9, 0x99, 0xCD, 0xCD, 0xDC,
    0x79, 0x97, 0x79, 0xCC, 0xCC, 0xDD, 0xDF, 0xBE, 0xDE, 0xEA, 0x58, 0xFE, 0xEB, 0xBA, 0xAB, 0xB9,
    0x98, 0xBB, 0xEF, 0xD5, 0xAB, 0xFE, 0xEB, 0x6E, 0xEE, 0xED, 0xDC, 0xCC, 0x99, 0xCC, 0xCD, 0xDC,
    0x99, 0x77, 0xDD, 0xCD, 0xCD, 0xDD, 0xEE, 0xCE, 0xEE, 0xEA, 0x5F, 0xEA, 0xEB, 0xAA, 0x8D, 0xB9,
    0x6A, 0xBE, 0xF9, 0x58, 0xBE, 0xFE, 0xEC, 0x3E, 0xFE, 0xEE, 0xDD, 0xCC, 0x9C, 0xC9, 0x9E, 0xDC,
    0x9C, 0x99, 0xEC, 0xDD, 0xDD, 0xDD, 0xED, 0xCD, 0xDE, 0xF8, 0x8F, 0xB8, 0xAB, 0x8A, 0xAF, 0xAA,
    0x8E, 0xEB, 0x85, 0x8B, 0xBF, 0xED, 0xCB, 0x6F, 0xFE, 0xEE, 0xDD, 0xDC, 0x9C, 0xC9, 0x9E, 0xEC,
    0x99, 0xCD, 0xEC, 0xDD, 0xDD, 0xDF, 0xDC, 0xDC, 0xDE, 0xF8, 0xDF, 0xAA, 0x8A, 0x88, 0xEF, 0xA8,
    0xBF, 0xA5, 0x8A, 0xBB, 0xEE, 0xCD, 0xC9, 0x6E, 0xFF, 0xEE, 0xED, 0xDC, 0x9C, 0x99, 0xCD, 0xEC,
    0xCC, 0xEE, 0xEC, 0xDD, 0xDD, 0xEE, 0xBC, 0xCC, 0xDD, 0xF8, 0xFE, 0xAB, 0x8A, 0x8A, 0xBF, 0xAA,
    0xF9, 0x58, 0xBB, 0xBE, 0xFD, 0xCC, 0xCC, 0x86, 0xFF, 0xFE, 0xED, 0xDC, 0xCC, 0x99, 0x9D, 0xDD,
    0xCD, 0xEE, 0xED, 0xDD, 0xDC, 0xE9, 0xCC, 0xDD, 0xDE, 0xFA, 0xFA, 0x8A, 0xAA, 0xA8, 0xEF, 0xBF,
    0x95, 0xAA, 0xBB, 0xBF, 0xED, 0xDC, 0xCC, 0xC6, 0x9F, 0xFF, 0xED, 0xDC, 0xC9, 0x99, 0x9D, 0xDD,
    0x9E, 0xEE, 0xED, 0xDC, 0xCE, 0xB9, 0xDC, 0xDC, 0xCD, 0xFE, 0xBA, 0xA8, 0xA8, 0xAE, 0xBB, 0xFE,
    0x5B, 0xEB, 0xBE, 0xFE, 0xCC, 0xDC, 0xCD, 0xDB, 0x3D, 0xFF, 0xEE, 0xDC, 0xC9, 0x99, 0xCD, 0xDD,
    0x7E, 0xFE, 0xFD, 0xDC, 0xDB, 0x7C, 0xCB, 0xBB, 0xBD, 0xFF, 0xBB, 0xAA, 0xAA, 0xAE, 0xAA, 0xE8,
    0xEE, 0xAB, 0xEF, 0xFD, 0xCB, 0xBC, 0xCC, 0xDD, 0xA6, 0xFF, 0xDD, 0xEC, 0xC9, 0x99, 0xCD, 0xDD,
    0x9F, 0xFE, 0xFD, 0xCC, 0xE8, 0x9D, 0x99, 0xBB, 0x9E, 0xFF, 0xBF, 0xAA, 0xAA, 0x8E, 0xFA, 0xBE,
    0xAA, 0xDE, 0xFF, 0xFC, 0xCB, 0xBD, 0xDC, 0xCC, 0xD8, 0x7F, 0xDD, 0xDC, 0xC9, 0x9C, 0xCD, 0xDD,
    0x7E, 0xFE, 0xFD, 0xCE, 0xA9, 0xDC, 0xB9, 0xB9, 0x9F, 0xFE, 0xDE, 0xAA, 0xB8, 0x8E, 0xEB, 0xEB,
    0xBF, 0xFF, 0xFF, 0xFD, 0xBB, 0xBB, 0xCC, 0xCC, 0xBD, 0x69, 0xFD, 0xCC, 0xC9, 0x9C, 0xCD, 0xDD,
    0x7F, 0xFE, 0xFD, 0xEB, 0x8C, 0xC9, 0xBB, 0xBC, 0xCF, 0xFE, 0xBE, 0x8A, 0xAA, 0xAF, 0xBF, 0xFF,
    0xFE, 0xFF, 0xFF, 0xEC, 0xBC, 0xCD, 0xDD, 0xDC, 0xCC, 0xB3, 0xCE, 0xCD, 0xC9, 0x9C, 0xCD, 0xDD,
    0x9F, 0xFE, 0xFD, 0xE8, 0xCD, 0xCD, 0xCB, 0xBC, 0xCF, 0xFF, 0xEF, 0xB8, 0x8A, 0xEE, 0xBF, 0xFE,
    0x9E, 0xFE, 0xFF, 0xDC, 0xCB, 0xDD, 0xDD, 0xCD, 0xDC, 0xDB, 0x3C, 0xDC, 0xC9, 0x9C, 0xCC, 0xCD,
    0x9F, 0xEE, 0xFE, 0xA9, 0xCC, 0xCD, 0xC9, 0xCC, 0xCF, 0xFE, 0xFB, 0xE8, 0xAA, 0xAA, 0xFF, 0x99,
    0x9F, 0xFE, 0xEF, 0xCC, 0xCD, 0xDC, 0xCC, 0xCC, 0xDE, 0xDE, 0x86, 0xDC, 0xC9, 0xCC, 0xCC, 0xCD,
    0x9F, 0xEE, 0xFD, 0x9C, 0xDC, 0xCC, 0xCC, 0xC9, 0xCF, 0xED, 0xFA, 0xBA, 0xAA, 0xEB, 0xD9, 0x79,
    0xCF, 0xED, 0xFF, 0xCC, 0xDD, 0xCC, 0xCD, 0xDC, 0xDE, 0xEE, 0xD6, 0xDC, 0xC9, 0xCC, 0xCD, 0xCD,
    0xCF, 0xEE, 0xFD, 0xBC, 0xDD, 0xCC, 0xCC, 0xC9, 0xDF, 0xED, 0xFB, 0xAE, 0xAA, 0xFB, 0xC7, 0x99,
    0xFE, 0xCD, 0xFF, 0xCC, 0xCC, 0xCC, 0xCD, 0xDC, 0xCE, 0xCD, 0xB9, 0xDD, 0xC9, 0xCC, 0xCD, 0xDD,
    0xEF, 0xDF, 0xED, 0xBD, 0xDC, 0xCC, 0xCC, 0x99, 0xFF, 0xED, 0xEE, 0xAE, 0xAB, 0xEB, 0x97, 0x9D,
    0xFD, 0xDE, 0xFF, 0xC9, 0xCC, 0xCD, 0xBD, 0xEC, 0xDD, 0xCD, 0xAD, 0xDE, 0xDC, 0xCC, 0xCD, 0xDD,
};

static const uint8_t coup_animdata_ambassador_f04[3072] = {
    0x37, 0x77, 0x77, 0x77, 0x77, 0x77, 0x77, 0x77, 0x77, 0x77, 0x77, 0x77, 0x77, 0x77, 0x77, 0x77,
    0x77, 0x77, 0x77, 0x77, 0x77, 0x77, 0x77, 0x77, 0x77, 0x77, 0x77, 0x71, 0x17, 0x97, 0x77, 0x77,
    0x77, 0x77, 0x77, 0x77, 0x77, 0x77, 0x77, 0x77, 0x77, 0x77, 0x77, 0x77, 0x77, 0x77, 0x77, 0x77,
    0x77, 0x77, 0x77, 0x77, 0x77, 0x77, 0x77, 0x77, 0x77, 0x77, 0x77, 0x96, 0x69, 0x77, 0x77, 0x77,
    0x77, 0x77, 0x77, 0x79, 0x77, 0x77, 0x77, 0x77, 0x77, 0x76, 0x67, 0x77, 0x67, 0x76, 0x67, 0x77,
    0x77, 0x77, 0x77, 0x76, 0x77, 0x77, 0x77, 0x77, 0x77, 0x77, 0x77, 0x79, 0x97, 0x77, 0x77, 0x77,
    0x77, 0x77, 0x76, 0x9B, 0x97, 0x67, 0x77, 0x77, 0x77, 0x76, 0x66, 0x66, 0x67, 0x76, 0x66, 0x66,
    0x66, 0x77, 0x77, 0x76, 0x66, 0x77, 0x77, 0x77, 0x77, 0x77, 0x77, 0x77, 0x77, 0x77, 0x77, 0x77,
    0x77, 0x77, 0x69, 0x97, 0x76, 0x32, 0x66, 0x77, 0x76, 0x66, 0x66, 0x66, 0x66, 0x66, 0x66, 0x66,
    0x66, 0x66, 0x66, 0x66, 0x66, 0x66, 0x77, 0x77, 0x77, 0x77, 0x77, 0x77, 0x77, 0x77, 0x77, 0x77,
    0x77, 0x76, 0x67, 0x79, 0x99, 0xA6, 0x36, 0x66, 0x66, 0x66, 0x66, 0x66, 0x66, 0x66, 0x66, 0x66,
    0x66, 0x66, 0x66, 0x66, 0x66, 0x66, 0x67, 0x67, 0x77, 0x77, 0x76, 0x75, 0x37, 0x77, 0x77, 0x77,
    0x66, 0x66, 0x66, 0x69, 0xAA, 0xAA, 0xAA, 0x87, 0x66, 0x66, 0x66, 0x66, 0x66, 0x66, 0x66, 0x66,
    0x66, 0x66, 0x66, 0x66, 0x66, 0x66, 0x76, 0x76, 0x76, 0x67, 0x67, 0x61, 0x16, 0x77, 0x77, 0x76,
    0x66, 0x66, 0x66, 0x67, 0x97, 0x77, 0x77, 0x77, 0x66, 0x66, 0x66, 0x66, 0x66, 0x66, 0x66, 0x66,
    0x66, 0x66, 0x66, 0x66, 0x66, 0x66, 0x73, 0x67, 0x66, 0x66, 0x76, 0x11, 0x11, 0x67, 0x67, 0x76,
    0x66, 0x66, 0x66, 0x66, 0x66, 0x66, 0x66, 0x66, 0x66, 0x66, 0x66, 0x66, 0x66, 0x66, 0x66, 0x66,
    0x66, 0x66, 0x66, 0x66, 0x66, 0x66, 0x73, 0x17, 0x76, 0x66, 0x75, 0x16, 0x71, 0x17, 0x76, 0x66,
    0x66, 0x66, 0x66, 0x66, 0x66, 0x66, 0x66, 0x66, 0x66, 0x66, 0x66, 0x66, 0x66, 0x66, 0x66, 0x66,
    0x66, 0x66, 0x66, 0x66, 0x66, 0x66, 0x73, 0x13, 0x76, 0x67, 0x51, 0x69, 0x96, 0x11, 0x76, 0x67,
    0x66, 0x66, 0x66, 0x66, 0x66, 0x66, 0x66, 0x66, 0x66, 0x66, 0x66, 0x66, 0x66, 0x66, 0x66, 0x31,
    0x55, 0x36, 0x66, 0x66, 0x66, 0x66, 0x73, 0x11, 0x37, 0x63, 0x13, 0x97, 0x79, 0x31, 0x37, 0x65,
    0x66, 0x66, 0x66, 0x66, 0x66, 0x66, 0x66, 0x66, 0x66, 0x66, 0x66, 0x66, 0x66, 0x66, 0x35, 0x55,
    0x55, 0x55, 0x66, 0x66, 0x66, 0x66, 0x73, 0x11, 0x77, 0x66, 0x11, 0x77, 0x76, 0x11, 0x77, 0x66,
    0x66, 0x66, 0x66, 0x66, 0x66, 0x66, 0x66, 0x66, 0x66, 0x66, 0x66, 0x66, 0x64, 0x11, 0x55, 0x55,
    0x55, 0x55, 0x56, 0x66, 0x66, 0x66, 0x73, 0x17, 0x76, 0x67, 0x61, 0x17, 0x71, 0x16, 0x96, 0x67,
    0x66, 0x66, 0x66, 0x66, 0x66, 0x66, 0x66, 0x66, 0x66, 0x66, 0x66, 0x63, 0x11, 0x15, 0x55, 0x55,
    0x55, 0x55, 0x55, 0x66, 0x66, 0x66, 0x63, 0x69, 0x66, 0x66, 0x76, 0x13, 0x51, 0x69, 0x66, 0x66,
    0x66, 0x66, 0x66, 0x66, 0x66, 0x66, 0x66, 0x64, 0x66, 0x66, 0x41, 0x11, 0x15, 0x55, 0x55, 0x55,
    0x55, 0x55, 0x55, 0x56, 0x66, 0x66, 0x66, 0x76, 0x66, 0x66, 0x67, 0x31, 0x13, 0x96, 0x66, 0x66,
    0x66, 0x66, 0x64, 0x44, 0x66, 0x66, 0x64, 0x46, 0x66, 0x63, 0x51, 0x11, 0x55, 0x55, 0x55, 0x55,
    0x55, 0x55, 0x55, 0x55, 0x56, 0x66, 0x67, 0x64, 0x66, 0x66, 0x67, 0x71, 0x17, 0x76, 0x66, 0x66,
    0x66, 0x77, 0x97, 0x76, 0x64, 0x34, 0x44, 0x46, 0x63, 0x15, 0x55, 0x55, 0x55, 0x55, 0x55, 0x55,
    0x55, 0x55, 0x55, 0x55, 0x55, 0x66, 0x33, 0x46, 0x66, 0x66, 0x64, 0x76, 0x77, 0x66, 0x66, 0x66,
    0x67, 0x9B, 0xB7, 0x97, 0x43, 0x33, 0x34, 0x36, 0x11, 0x55, 0x55, 0x55, 0x55, 0x55, 0x55, 0x55,
    0x55, 0x55, 0x55, 0x55, 0x55, 0x53, 0x44, 0x44, 0x44, 0x44, 0x44, 0x47, 0x76, 0x66, 0x66, 0x66,
    0x46, 0x67, 0x99, 0x97, 0x66, 0x34, 0x43, 0x41, 0x15, 0x55, 0x55, 0x55, 0x55, 0x55, 0x55, 0x55,
    0x55, 0x55, 0x55, 0x55, 0x55, 0x55, 0x34, 0x44, 0x44, 0x44, 0x46, 0x63, 0x46, 0x66, 0x66, 0x66,
    0x43, 0x33, 0x36, 0x33, 0x33, 0x34, 0x44, 0x45, 0x55, 0x55, 0x55, 0x55, 0x55, 0x55, 0x55, 0x55,
    0x55, 0x55, 0x55, 0x55, 0x55, 0x55, 0x54, 0x44, 0x44, 0x44, 0x44, 0x46, 0x66, 0x46, 0x66, 0x64,
    0x33, 0x33, 0x33, 0x34, 0x44, 0x44, 0x43, 0x35, 0x55, 0x55, 0x55, 0x55, 0x55, 0x55, 0x55, 0x55,
    0x55, 0x55, 0x55, 0x55, 0x55, 0x55, 0x55, 0x43, 0x34, 0x44, 0x43, 0x63, 0x37, 0x46, 0x66, 0x66,
    0x33, 0x33, 0x33, 0x33, 0x33, 0x33, 0x43, 0x15, 0x55, 0x55, 0x55, 0x55, 0x55, 0x55, 0x55, 0x55,
    0x55, 0x55, 0x55, 0x55, 0x58, 0x88, 0x85, 0x33, 0x34, 0x44, 0x36, 0x31, 0x16, 0x64, 0x66, 0x66,
    0x33, 0x33, 0x33, 0x33, 0x33, 0x33, 0x31, 0x55, 0x55, 0x55, 0x55, 0x55, 0x55, 0x55, 0x55, 0x55,
    0x55, 0x55, 0x55, 0x55, 0x58, 0x88, 0x85, 0x53, 0x33, 0x33, 0x43, 0x11, 0x11, 0x66, 0x66, 0x66,
    0x33, 0x33, 0x33, 0x33, 0x33, 0x33, 0x75, 0x55, 0x55, 0x55, 0x55, 0x55, 0x55, 0x55, 0x55, 0x55,
    0x55, 0x55, 0x55, 0x55, 0x88, 0x88, 0xA8, 0x53, 0x43, 0x34, 0x41, 0x11, 0x33, 0x36, 0x46, 0x44,
    0x33, 0x33, 0x33, 0x33, 0x33, 0x33, 0xAA, 0x88, 0x88, 0x55, 0x55, 0x55, 0x55, 0x55, 0x55, 0x55,
    0x55, 0x55, 0x55, 0x55, 0x88, 0x8A, 0xAA, 0x85, 0x33, 0x33, 0x67, 0x77, 0x77, 0x77, 0x44, 0x43,
    0x33, 0x33, 0x33, 0x33, 0x33, 0x36, 0xAA, 0xAA, 0xA8, 0x55, 0x55, 0x55, 0x55, 0x55, 0x55, 0x55,
    0x55, 0x55, 0x55, 0x55, 0x88, 0x8A, 0xAA, 0xA5, 0x52, 0x33, 0x44, 0x63, 0x36, 0x44, 0x33, 0x33,
    0x33, 0x33, 0x33, 0x33, 0x33, 0x38, 0x8A, 0xBA, 0xAA, 0x88, 0x55, 0x55, 0x55, 0x55, 0x55, 0x55,
    0x55, 0x55, 0x55, 0x55, 0x88, 0x8A, 0xAA, 0xA8, 0x53, 0x33, 0x34, 0x31, 0x13, 0x43, 0x33, 0x22,
    0x33, 0x33, 0x33, 0x33, 0x33, 0x75, 0x5A, 0xAB, 0xAA, 0x88, 0x88, 0x55, 0x55, 0x55, 0x55, 0x55,
    0x55, 0x55, 0x55, 0x58, 0x88, 0x88, 0xAB, 0xAA, 0x53, 0x23, 0x43, 0x11, 0x11, 0x34, 0x22, 0x22,
    0x33, 0x33, 0x33, 0x33, 0x32, 0x9B, 0x88, 0x58, 0xAB, 0xA8, 0x55, 0x85, 0x55, 0x55, 0x55, 0x55,
    0x55, 0x55, 0x55, 0x55, 0x88, 0x8A, 0xAB, 0xBB, 0x85, 0x23, 0x33, 0x33, 0x33, 0x36, 0x23, 0x32,
    0x33, 0x34, 0x63, 0x33, 0x32, 0x7B, 0x88, 0x85, 0x88, 0xBB, 0xA5, 0x55, 0x55, 0x55, 0x55, 0x55,
    0x55, 0x58, 0x55, 0x88, 0x8A, 0xAA, 0xAB, 0xBB, 0x85, 0x22, 0x47, 0x77, 0x77, 0x76, 0x22, 0x22,
    0x44, 0x34, 0x43, 0x44, 0x32, 0x6B, 0x58, 0x85, 0x58, 0x8B, 0xEE, 0xA5, 0x55, 0x55, 0x55, 0x55,
    0x55, 0x85, 0x88, 0x88, 0x8A, 0xAA, 0xAB, 0xBA, 0xA5, 0x32, 0x22, 0x22, 0x22, 0x22, 0x22, 0x23,
    0x34, 0x33, 0x34, 0x44, 0x42, 0x7A, 0x58, 0x85, 0x58, 0xBD, 0xBB, 0xEE, 0x81, 0x55, 0x55, 0x55,
    0x55, 0x58, 0x88, 0x88, 0x8A, 0xAA, 0xAB, 0xBA, 0xA5, 0x32, 0x22, 0x21, 0x22, 0x22, 0x22, 0x22,
    0x33, 0x33, 0x34, 0x44, 0x42, 0x7A, 0x8A, 0x85, 0x8B, 0xBB, 0x99, 0x99, 0xDB, 0x55, 0x55, 0x55,
    0x55, 0x55, 0x88, 0x88, 0x8A, 0xAA, 0xBA, 0xBB, 0xA8, 0x32, 0x22, 0x22, 0x22, 0x22, 0x22, 0x22,
    0x22, 0x24, 0x43, 0x22, 0x42, 0x7A, 0x8A, 0x8A, 0xAA, 0xB9, 0x99, 0x88, 0x89, 0xDA, 0x55, 0x85,
    0x55, 0x58, 0x88, 0x88, 0x8A, 0xAA, 0xBE, 0xBB, 0x88, 0x12, 0x22, 0x21, 0x22, 0x22, 0x22, 0x22,
    0x22, 0x22, 0x44, 0x22, 0x44, 0x4A, 0xAA, 0xAA, 0xAB, 0xB9, 0x97, 0x88, 0x86, 0x8B, 0xB8, 0x55,
    0x55, 0x88, 0x88, 0x8A, 0x88, 0xAA, 0xBE, 0xBA, 0xA5, 0x22, 0x22, 0x22, 0x21, 0x22, 0x22, 0x22,
    0x44, 0x22, 0x22, 0x22, 0x22, 0x27, 0xEA, 0xAA, 0xAB, 0x99, 0x97, 0x78, 0x86, 0x66, 0x9B, 0x85,
    0x58, 0x88, 0x88, 0x8A, 0xAA, 0xAB, 0xBE, 0xEA, 0xA3, 0x22, 0x22, 0x22, 0x22, 0x22, 0x22, 0x22,
    0x22, 0x22, 0x22, 0x22, 0x22, 0x24, 0xBA, 0xAB, 0xAB, 0x99, 0x99, 0x99, 0x88, 0x89, 0xC9, 0x9B,
    0x88, 0x88, 0x88, 0x8A, 0xAA, 0xAA, 0xBE, 0xEA, 0xA3, 0x22, 0x22, 0x22, 0x22, 0x12, 0x21, 0x22,
    0x22, 0x22, 0x22, 0x22, 0x22, 0x24, 0xBA, 0xBA, 0xC9, 0xBB, 0x99, 0x99, 0x99, 0xDE, 0xDC, 0x79,
    0xBA, 0x88, 0x88, 0x88, 0xAA, 0xBE, 0xBE, 0xEA, 0x52, 0x22, 0x22, 0x22, 0x22, 0x22, 0x22, 0x22,
    0x22, 0x22, 0x22, 0x22, 0x22, 0x24, 0xDE, 0xBD, 0xC9, 0x99, 0x79, 0xBD, 0xDF, 0xFF, 0xFE, 0x96,
    0x9B, 0xA8, 0xAA, 0x8A, 0xAA, 0xAE, 0xEA, 0xBA, 0x52, 0x22, 0x22, 0x22, 0x22, 0x22, 0x22, 0x22,
    0x22, 0x22, 0x22, 0x22, 0x22, 0x22, 0xCE, 0xAF, 0xFF, 0xEC, 0x79, 0xDF, 0xFF, 0xFF, 0xB9, 0x96,
    0x99, 0xBB, 0xAA, 0xAA, 0xAA, 0xAB, 0xFB, 0xAA, 0x62, 0x22, 0x22, 0x22, 0x22, 0x22, 0x22, 0x22,
    0x22, 0x22, 0x22, 0x22, 0x22, 0x22, 0x4D, 0xBF, 0xFF, 0xFF, 0xEB, 0xBD, 0xFF, 0xFF, 0xEE, 0xB7,
    0x78, 0x9B, 0xBA, 0xAA, 0xAB, 0xBA, 0xEE, 0x8A, 0x42, 0x22, 0x22, 0x22, 0x22, 0x22, 0x22, 0x22,
    0x22, 0x22, 0x22, 0x22, 0x22, 0x22, 0x2C, 0xED, 0xBF, 0xFF, 0xFB, 0xBB, 0xFF, 0xF9, 0xCF, 0xEE,
    0x98, 0x99, 0xDB, 0xAA, 0xAB, 0xEB, 0xBE, 0xAA, 0x22, 0x22, 0x22, 0x22, 0x22, 0x22, 0x22, 0x22,
    0x22, 0x22, 0x22, 0x22, 0x22, 0x22, 0x17, 0xEB, 0xDE, 0x9F, 0xF9, 0xAB, 0xEE, 0xED, 0xDE, 0x99,
    0xBA, 0x99, 0x9C, 0xBA, 0xAE, 0xEE, 0xBB, 0xB8, 0x22, 0x22, 0x22, 0x22, 0x22, 0x22, 0x22, 0x22,
    0x22, 0x22, 0x22, 0x22, 0x22, 0x22, 0x17, 0xEE, 0xFE, 0xCF, 0xC7, 0x8B, 0xEF, 0xEB, 0x99, 0x97,
    0x9B, 0xB9, 0x99, 0xEE, 0xAB, 0xEE, 0xBA, 0xB4, 0x22, 0x22, 0x22, 0x22, 0x22, 0x22, 0x22, 0x22,
    0x22, 0x22, 0x22, 0x22, 0x22, 0x22, 0x24, 0xEF, 0xDC, 0xEF, 0x97, 0xAA, 0xBB, 0xED, 0xB9, 0x99,
    0x99, 0xB9, 0x99, 0xBF, 0xBA, 0xEE, 0xBA, 0xA2, 0x22, 0x22, 0x22, 0x22, 0x22, 0x22, 0x22, 0x22,
    0x22, 0x22, 0x22, 0x22, 0x22, 0x22, 0x22, 0x9E, 0xB9, 0xCE, 0x97, 0x89, 0x99, 0x9B, 0xB9, 0x77,
    0x9B, 0xB9, 0x99, 0x9E, 0xFB, 0xBE, 0xBA, 0x42, 0x22, 0x22, 0x22, 0x22, 0x22, 0x22, 0x22, 0x22,
    0x22, 0x22, 0x22, 0x22, 0x22, 0x22, 0x22, 0x2C, 0xB9, 0xCE, 0x76, 0x69, 0xD9, 0x79, 0x97, 0x63,
    0x79, 0x99, 0x99, 0x7E, 0xFE, 0xAE, 0xBA, 0x22, 0x22, 0x22, 0x22, 0x22, 0x22, 0x22, 0x22, 0x22,
    0x22, 0x22, 0x22, 0x22, 0x22, 0x22, 0x22, 0x29, 0x99, 0xBD, 0x43, 0x69, 0x7B, 0x97, 0x97, 0x66,
    0x67, 0x79, 0x99, 0x7D, 0xFF, 0xBB, 0xB8, 0x22, 0x22, 0x22, 0x22, 0x22, 0x22, 0x22, 0x22, 0x22,
    0x22, 0x22, 0x22, 0x22, 0x22, 0x22, 0x22, 0x27, 0x99, 0x9D, 0x42, 0x67, 0x69, 0xE9, 0x98, 0x88,
    0x87, 0x79, 0x99, 0x7C, 0xDF, 0xEB, 0xA6, 0x24, 0x22, 0x22, 0x44, 0x22, 0x22, 0x22, 0x22, 0x22,
    0x22, 0x22, 0x22, 0x22, 0x22, 0x22, 0x22, 0x27, 0x99, 0x9E, 0xB9, 0x9B, 0xBB, 0xFA, 0x99, 0x88,
    0x87, 0x79, 0x99, 0x99, 0xDF, 0xEE, 0x82, 0x24, 0x22, 0x22, 0x49, 0x77, 0x34, 0x44, 0x42, 0x24,
    0x22, 0x22, 0x22, 0x22, 0x22, 0x22, 0x22, 0x27, 0xB9, 0x9E, 0xFD, 0xCF, 0xEB, 0xDB, 0x8A, 0x98,
    0x88, 0x99, 0x99, 0x99, 0xDE, 0xAB, 0x44, 0x44, 0x44, 0x44, 0x49, 0xC9, 0x88, 0x74, 0x44, 0x94,
    0x22, 0x44, 0x44, 0x42, 0x22, 0x24, 0x22, 0x24, 0xB9, 0x9F, 0xFF, 0xED, 0xB9, 0x8B, 0xA8, 0x98,
    0x88, 0x99, 0x99, 0x99, 0x9B, 0xB9, 0x47, 0x44, 0x44, 0x44, 0xCC, 0x9B, 0xBB, 0x97, 0x79, 0x73,
    0x22, 0x22, 0x22, 0x22, 0x22, 0x22, 0x22, 0x24, 0xB9, 0xCE, 0xEB, 0x9B, 0x99, 0x99, 0xB8, 0x88,
    0x89, 0x99, 0x99, 0x99, 0xBD, 0xB7, 0x27, 0x47, 0x74, 0x27, 0xCC, 0xBB, 0x76, 0x69, 0xC9, 0x77,
    0x22, 0x19, 0x62, 0x47, 0x24, 0x22, 0x22, 0x24, 0x99, 0xEB, 0xB9, 0x99, 0x99, 0xCB, 0x98, 0x89,
    0x89, 0x99, 0x99, 0x9B, 0x99, 0x92, 0x24, 0x64, 0x44, 0x44, 0x9D, 0xDC, 0x98, 0x9C, 0xBB, 0xA8,
    0x22, 0x2C, 0x72, 0x77, 0x42, 0x44, 0x44, 0x42, 0x9B, 0xFE, 0xBB, 0xBB, 0xEE, 0xFF, 0xD8, 0x88,
    0x89, 0x99, 0x99, 0x9E, 0xDB, 0x74, 0x77, 0x74, 0x77, 0x74, 0x49, 0xEE, 0xCE, 0xDD, 0xDD, 0xD9,
    0x44, 0x49, 0xC7, 0xED, 0x74, 0x44, 0x44, 0x42, 0x7F, 0xFF, 0xFF, 0xFE, 0xEF, 0xFF, 0xFD, 0x88,
    0x99, 0x99, 0x99, 0x9F, 0xF9, 0x77, 0x22, 0x42, 0x22, 0x24, 0x7C, 0xED, 0xDD, 0xBB, 0xDC, 0xC9,
    0x24, 0x4C, 0xD9, 0xDE, 0x92, 0x22, 0x44, 0x44, 0x9F, 0xFF, 0x99, 0xBB, 0xBB, 0xBD, 0xFF, 0xB8,
    0x99, 0x99, 0x99, 0xCF, 0xC2, 0x69, 0x42, 0x22, 0x22, 0x27, 0x99, 0x99, 0x99, 0x97, 0x79, 0x44,
    0x44, 0x4D, 0xDC, 0xE9, 0x92, 0x42, 0x44, 0x42, 0xCF, 0xFD, 0xDC, 0xEE, 0xD9, 0x9B, 0xBF, 0xB8,
    0x99, 0x99, 0x9B, 0xFD, 0x92, 0x57, 0x97, 0x22, 0x22, 0x22, 0x22, 0x44, 0x44, 0x22, 0x22, 0x22,
    0x64, 0x4C, 0xD7, 0xCC, 0x94, 0x47, 0x74, 0x44, 0x4E, 0xEB, 0xBF, 0xFF, 0xD7, 0x99, 0x9F, 0x98,
    0x99, 0x99, 0x9D, 0xEC, 0x92, 0x53, 0x22, 0x22, 0x47, 0x47, 0x7C, 0xDD, 0xDD, 0xCC, 0xCC, 0x99,
    0x22, 0x2C, 0xE4, 0x9F, 0x96, 0x77, 0x77, 0x46, 0x7D, 0xBB, 0x99, 0x99, 0x98, 0x88, 0xAD, 0x88,
    0x99, 0x99, 0xBE, 0xDD, 0x94, 0x56, 0x9C, 0xCC, 0xCC, 0x97, 0x7C, 0xDD, 0xDD, 0xDD, 0xCC, 0xCC,
    0x22, 0x29, 0xC2, 0x9C, 0x72, 0x22, 0x24, 0x47, 0x7D, 0xB9, 0x9B, 0x99, 0x88, 0x88, 0xAA, 0x99,
    0x99, 0x99, 0xEF, 0xEE, 0x98, 0x88, 0xCC, 0xCC, 0x99, 0x97, 0x79, 0xDD, 0xDD, 0xDC, 0xCC, 0xCC,
    0x22, 0x27, 0x94, 0x49, 0x92, 0x22, 0x22, 0x22, 0x2C, 0xD9, 0x9B, 0x99, 0x9A, 0x8A, 0xAA, 0x99,
    0x99, 0x9B, 0xFF, 0xEE, 0x98, 0x8A, 0x87, 0xCC, 0xC9, 0x99, 0x79, 0xDD, 0xDD, 0xDC, 0xCC, 0xCC,
    0x22, 0x24, 0x72, 0x79, 0x92, 0x22, 0x22, 0x22, 0x29, 0xEB, 0x99, 0x99, 0x9B, 0xAB, 0xBA, 0x99,
    0x99, 0xBE, 0xFF, 0xEC, 0x8B, 0x8B, 0xB6, 0x99, 0x99, 0x97, 0x79, 0xDD, 0xDD, 0xCC, 0xCC, 0xCC,
    0x22, 0x27, 0x97, 0xCE, 0xC2, 0x22, 0x22, 0x22, 0x17, 0xEE, 0xC9, 0xA9, 0xAA, 0xBB, 0xBB, 0x99,
    0xBB, 0xED, 0xEF, 0xEA, 0xAA, 0x8E, 0xB8, 0x34, 0x47, 0x74, 0x79, 0xDE, 0xDD, 0xDD, 0xCC, 0xCC,
    0x22, 0x22, 0x47, 0x99, 0x72, 0x22, 0x22, 0x24, 0x24, 0xFF, 0xEE, 0xBB, 0xBB, 0xEE, 0xBB, 0xBD,
    0xDD, 0xBC, 0xEE, 0xC8, 0xA8, 0xBF, 0xFA, 0x54, 0x24, 0x22, 0x47, 0x79, 0xFF, 0xFF, 0xFF, 0xEE,
    0x22, 0x22, 0x22, 0x22, 0x22, 0x22, 0x22, 0x22, 0x22, 0xCF, 0xFE, 0xEE, 0xFE, 0xEB, 0xB9, 0xBB,
    0xBB, 0xBE, 0xEC, 0xAA, 0xAA, 0xEE, 0xFB, 0x87, 0x44, 0x34, 0x34, 0x74, 0x7D, 0xFF, 0xFE, 0xEE,
    0x22, 0x22, 0x22, 0x22, 0x22, 0x22, 0x22, 0x79, 0x97, 0x7F, 0xFE, 0xEE, 0xDD, 0xDB, 0xBB, 0xBB,
    0xBB, 0xDC, 0x9C, 0xAB, 0x8B, 0xEA, 0xEA, 0x86, 0x47, 0x77, 0x44, 0x74, 0x44, 0xCF, 0xEE, 0xDE,
    0x22, 0x22, 0x22, 0x22, 0x22, 0x22, 0x22, 0x24, 0x77, 0x7E, 0xFF, 0xFF, 0xED, 0xDC, 0xBB, 0xBB,
    0xBB, 0x94, 0xCB, 0xE8, 0xAE, 0xB8, 0xB8, 0x87, 0x36, 0x66, 0x33, 0x34, 0x33, 0x4C, 0xFE, 0xED,
    0x77, 0x9C, 0x92, 0x22, 0x22, 0x22, 0x22, 0x22, 0x22, 0x4E, 0xBE, 0xCE, 0xFE, 0xDD, 0xBB, 0xBB,
    0x94, 0x4C, 0xBB, 0xBA, 0xFB, 0x88, 0xA8, 0x8B, 0x42, 0x46, 0x66, 0x64, 0x44, 0x42, 0x9E, 0xDD,
    0x77, 0x9D, 0xFD, 0x42, 0x22, 0x22, 0x22, 0x22, 0x22, 0x7F, 0xBA, 0xEC, 0xCE, 0xDD, 0xDB, 0x72,
    0x47, 0x9E, 0xAB, 0x8B, 0xFA, 0xAA, 0xAA, 0xBD, 0x94, 0x22, 0x44, 0x44, 0x33, 0x32, 0x4D, 0xED,
    0x79, 0xCD, 0xEE, 0xF9, 0x22, 0x22, 0x22, 0x22, 0x22, 0x8E, 0xFA, 0x8E, 0xCC, 0xEE, 0xEE, 0x44,
    0x99, 0xEB, 0xAB, 0xBF, 0xAA, 0xAB, 0xBB, 0xDD, 0xD9, 0x72, 0x34, 0x33, 0x43, 0x64, 0x24, 0xED,
    0x79, 0xCD, 0xFE, 0xEF, 0xD7, 0x22, 0x22, 0x22, 0x27, 0x8E, 0xFE, 0x85, 0xAD, 0xEE, 0xFE, 0x77,
    0x9D, 0xFB, 0xAF, 0xFB, 0x88, 0x8B, 0xEE, 0xBD, 0xEC, 0x77, 0x42, 0x46, 0x43, 0x43, 0x33, 0x9E,
    0x9C, 0xCD, 0xFE, 0xEE, 0xEE, 0x92, 0x22, 0x22, 0x7E, 0x8B, 0xFE, 0xB8, 0x58, 0xBD, 0xFD, 0xCB,
    0xBF, 0xEE, 0xBE, 0xBA, 0xA8, 0xAE, 0xEB, 0xBC, 0xED, 0xC7, 0x76, 0x77, 0x66, 0x33, 0x43, 0x7D,
    0xCC, 0xCC, 0xEF, 0xFE, 0xDD, 0xED, 0x72, 0x29, 0xDF, 0xAA, 0xFE, 0xFE, 0xBA, 0x8A, 0xAB, 0xEE,
    0xAB, 0xFF, 0xAB, 0xA8, 0x88, 0xBE, 0xBB, 0xBC, 0xED, 0xC9, 0x99, 0x97, 0x77, 0x77, 0x77, 0x7C,
    0xCC, 0xCC, 0xFD, 0xCD, 0xEE, 0xDE, 0xF7, 0x9E, 0xEF, 0xBA, 0xEF, 0xDE, 0xBB, 0xBA, 0xBA, 0xAB,
    0xAE, 0xEA, 0xBE, 0xA8, 0x58, 0xEB, 0xAE, 0xBC, 0xED, 0xDC, 0x99, 0x99, 0x74, 0x24, 0x44, 0x29,
    0xCD, 0xDD, 0x94, 0x47, 0x9C, 0xED, 0x99, 0xFF, 0xEF, 0xEB, 0xFF, 0xEA, 0xAA, 0x88, 0x8A, 0xBE,
    0xB8, 0x8E, 0xFA, 0xAA, 0x8B, 0xF8, 0xBF, 0xBC, 0xED, 0xCC, 0xCC, 0x99, 0x97, 0x22, 0x11, 0x17,
    0xDD, 0xD9, 0x43, 0x34, 0x34, 0x9C, 0xCE, 0xFF, 0xEF, 0xEB, 0xFF, 0xFE, 0xEB, 0xBB, 0xBB, 0xAA,
    0xAB, 0xFF, 0xA8, 0xAA, 0xAE, 0x88, 0xEF, 0x9B, 0xFD, 0xCC, 0xCC, 0x99, 0x99, 0x74, 0x42, 0x14,
    0xDD, 0x74, 0x43, 0x33, 0x44, 0x9D, 0xEE, 0xFE, 0xEF, 0xFB, 0xBF, 0xFF, 0xFA, 0x8A, 0xA8, 0xAE,
    0xFF, 0xFB, 0x88, 0x88, 0xBB, 0x5B, 0xFF, 0x89, 0xED, 0xDD, 0xDC, 0x99, 0x99, 0x99, 0xCD, 0x97,
    0xD9, 0x34, 0x47, 0x77, 0x7C, 0xEE, 0xDE, 0xFE, 0xFF, 0xFA, 0xAE, 0xFE, 0x8A, 0xDE, 0xEF, 0xFF,
    0x9C, 0xEA, 0xAA, 0x88, 0xB6, 0x8E, 0xFF, 0x8B, 0xED, 0xDD, 0xDC, 0xC9, 0x99, 0x99, 0xDD, 0xC9,
    0x97, 0x77, 0x77, 0x77, 0x9D, 0xDD, 0xEF, 0xEE, 0xFF, 0xF8, 0xAB, 0xB8, 0xBF, 0xEE, 0xEF, 0xBC,
    0x7D, 0xAA, 0xAA, 0xAB, 0xA5, 0xBE, 0xFE, 0x6C, 0xEE, 0xED, 0xDC, 0xC9, 0x99, 0x9C, 0xDC, 0xCD,
    0x77, 0x99, 0x77, 0x9C, 0xDD, 0xDD, 0xEF, 0xDE, 0xEF, 0xE8, 0xA8, 0x8E, 0xEE, 0xEA, 0xAE, 0xB9,
    0x98, 0x8B, 0xAB, 0xFF, 0x5A, 0xDF, 0xEC, 0x6C, 0xFE, 0xED, 0xDC, 0xC9, 0x99, 0x9D, 0xDC, 0xDD,
    0x99, 0x77, 0x9C, 0xCD, 0xCD, 0xDD, 0xEE, 0xCE, 0xDE, 0xE8, 0x5A, 0xFF, 0xBB, 0xBB, 0xAB, 0xB9,
    0x95, 0xBB, 0xEF, 0xE5, 0x8B, 0xFF, 0xED, 0x6C, 0xFE, 0xED, 0xDC, 0xCC, 0x99, 0x9D, 0xCC, 0xED,
    0x99, 0x79, 0xEC, 0xCC, 0xCD, 0xDD, 0xEB, 0xDE, 0xEE, 0xE8, 0x6F, 0xBA, 0xEA, 0xAA, 0x8E, 0xB9,
    0x68, 0xBE, 0xF9, 0x58, 0xBB, 0xFE, 0xED, 0x6C, 0xFE, 0xEE, 0xDD, 0xCC, 0xC9, 0xCC, 0x9C, 0xED,
    0x99, 0x7D, 0xDC, 0xDD, 0xDD, 0xDE, 0xEC, 0xDD, 0xDF, 0xE8, 0xAF, 0xB8, 0xAB, 0x8A, 0xAF, 0xAA,
    0x8E, 0xED, 0x85, 0x8B, 0xBE, 0xEE, 0xDD, 0x6C, 0xFF, 0xEE, 0xED, 0xDC, 0x99, 0xC9, 0x9D, 0xED,
    0x9C, 0xCE, 0xDC, 0xDD, 0xDD, 0xDF, 0xCD, 0xCC, 0xDF, 0xF5, 0xFF, 0xAA, 0xAA, 0x88, 0xEF, 0xA8,
    0xBF, 0xA5, 0x8A, 0xBB, 0xBF, 0xDD, 0xCC, 0x8B, 0xFF, 0xEE, 0xED, 0xDD, 0x9C, 0x99, 0x9C, 0xED,
    0x9D, 0xEF, 0xDD, 0xDD, 0xDD, 0xEB, 0xCC, 0xCD, 0xDF, 0xE8, 0xFB, 0xAB, 0x8A, 0x8A, 0xBF, 0xAA,
    0xFB, 0x58, 0xAB, 0xBB, 0xFE, 0xDC, 0xCC, 0x93, 0xFF, 0xFE, 0xED, 0xDC, 0xCC, 0x99, 0x9C, 0xDD,
    0xCE, 0xEE, 0xDD, 0xDD, 0xCD, 0xB9, 0xDC, 0xDD, 0xDF, 0xFA, 0xFA, 0xAB, 0xAA, 0xA8, 0xEE, 0xBF,
    0xB5, 0xAA, 0xBB, 0xBF, 0xED, 0xDC, 0xCC, 0xC8, 0x6F, 0xFF, 0xEE, 0xDC, 0xCC, 0x99, 0x9C, 0xDD,
    0xCF, 0xDF, 0xDD, 0xCC, 0xCE, 0x9C, 0xCC, 0xDC, 0xDE, 0xFB, 0xBA, 0xA8, 0xA8, 0xBD, 0xEB, 0xFE,
    0x5A, 0xEB, 0xBB, 0xFF, 0xCC, 0xCD, 0xBD, 0xDD, 0x69, 0xFF, 0xFE, 0xEC, 0xCC, 0x99, 0x9C, 0xDD,
    0xCF, 0xEF, 0xDD, 0xCC, 0xE9, 0x9C, 0xCB, 0xCB, 0xBE, 0xFF, 0xBB, 0xAA, 0xA8, 0xAE, 0xAA, 0xF8,
    0xEE, 0xAB, 0xBF, 0xFD, 0xCC, 0xBC, 0xCC, 0xDD, 0xB3, 0xDF, 0xED, 0xED, 0xCC, 0x99, 0xCC, 0xDD,
    0xDF, 0xEF, 0xED, 0xCD, 0xB7, 0xCC, 0x9B, 0xB9, 0x9F, 0xFE, 0xEE, 0xAA, 0xAA, 0x8E, 0xFA, 0xBE,
    0xBA, 0xBE, 0xFF, 0xFD, 0xCB, 0xBC, 0xDC, 0xCC, 0xDA, 0x6F, 0xED, 0xDD, 0xC9, 0x99, 0xCC, 0xDD,
    0xCF, 0xEE, 0xEC, 0xCE, 0x8C, 0xDC, 0x9B, 0xB9, 0xCF, 0xFE, 0xEE, 0xAA, 0xB8, 0x8F, 0xEA, 0xEB,
    0xBE, 0xFF, 0xFF, 0xFD, 0xBB, 0xBB, 0xCC, 0xCC, 0xBC, 0x87, 0xFD, 0xDC, 0xC9, 0x9C, 0xCC, 0xDD,
    0xCF, 0xEE, 0xFC, 0xFA, 0x9C, 0xBB, 0xBB, 0xBC, 0xDF, 0xFE, 0xEB, 0x8A, 0xA8, 0xAF, 0xAF, 0xEF,
    0xFE, 0xFF, 0xFF, 0xEC, 0xBC, 0xBC, 0xBD, 0xDC, 0xCC, 0xD6, 0x9F, 0xCC, 0xC9, 0x9C, 0xCC, 0xDD,
    0xEF, 0xEF, 0xEE, 0xB8, 0xDC, 0xCC, 0xCB, 0xCC, 0xCF, 0xFE, 0xEE, 0xA8, 0x8A, 0xEF, 0xBF, 0xFF,
    0x9E, 0xFE, 0xFF, 0xDC, 0xCB, 0xCD, 0xDD, 0xDC, 0xDC, 0xCB, 0x39, 0xDC, 0xC9, 0x9C, 0xCC, 0xCD,
    0xEF, 0xDF, 0xED, 0x8C, 0xCC, 0xCD, 0xC9, 0xC9, 0xDF, 0xEF, 0xEE, 0xB8, 0xAA, 0xAB, 0xEF, 0x99,
    0x9F, 0xFE, 0xEF, 0xDC, 0xCC, 0xEC, 0xCC, 0xCC, 0xDE, 0xDE, 0xA3, 0xCC, 0xC9, 0x9C, 0xCC, 0xCC,
    0xFF, 0xDF, 0xEB, 0x9D, 0xC9, 0x9C, 0xCC, 0xC9, 0xEF, 0xEE, 0xFA, 0xBA, 0xAA, 0xEB, 0xE9, 0x79,
    0xCF, 0xED, 0xEF, 0xCC, 0xDD, 0xCC, 0xCC, 0xDC, 0xDE, 0xEE, 0xE7, 0x9D, 0xC9, 0x9C, 0xCD, 0xDC,
    0xFF, 0xDF, 0xEB, 0xCD, 0xDC, 0xCC, 0xCC, 0xC9, 0xFF, 0xED, 0xFA, 0xBB, 0xAA, 0xFB, 0xC7, 0x99,
    0xEE, 0xDD, 0xFF, 0xCC, 0xCC, 0xCC, 0xCD, 0xDC, 0xCE, 0xDC, 0xD7, 0xCD, 0xDC, 0x9C, 0xCD, 0xDC,
};

static const uint8_t coup_animdata_ambassador_f05[3072] = {
    0x33, 0x77, 0x77, 0x77, 0x77, 0x77, 0x77, 0x77, 0x77, 0x77, 0x77, 0x77, 0x77, 0x77, 0x77, 0x77,
    0x77, 0x77, 0x77, 0x77, 0x77, 0x77, 0x77, 0x77, 0x77, 0x77, 0x77, 0x11, 0x17, 0x97, 0x77, 0x77,
    0x37, 0x77, 0x77, 0x77, 0x77, 0x77, 0x77, 0x77, 0x77, 0x77, 0x77, 0x77, 0x77, 0x77, 0x77, 0x77,
    0x77, 0x77, 0x77, 0x77, 0x77, 0x77, 0x77, 0x77, 0x77, 0x77, 0x77, 0x61, 0x69, 0x77, 0x77, 0x77,
    0x77, 0x77, 0x77, 0x77, 0x77, 0x77, 0x77, 0x77, 0x77, 0x77, 0x76, 0x77, 0x76, 0x77, 0x77, 0x77,
    0x77, 0x77, 0x77, 0x77, 0x77, 0x77, 0x77, 0x77, 0x77, 0x77, 0x77, 0x77, 0x97, 0x77, 0x77, 0x77,
    0x77, 0x77, 0x77, 0x7B, 0x97, 0x77, 0x77, 0x77, 0x77, 0x76, 0x66, 0x66, 0x67, 0x76, 0x66, 0x76,
    0x77, 0x77, 0x77, 0x76, 0x67, 0x77, 0x77, 0x77, 0x77, 0x77, 0x77, 0x79, 0x77, 0x77, 0x77, 0x77,
    0x77, 0x77, 0x77, 0x79, 0x97, 0x36, 0x67, 0x77, 0x77, 0x66, 0x66, 0x66, 0x66, 0x66, 0x66, 0x76,
    0x66, 0x66, 0x66, 0x66, 0x66, 0x76, 0x77, 0x77, 0x77, 0x77, 0x77, 0x77, 0x77, 0x77, 0x77, 0x77,
    0x77, 0x77, 0x67, 0x97, 0x97, 0x84, 0x16, 0x66, 0x66, 0x66, 0x66, 0x66, 0x66, 0x66, 0x66, 0x66,
    0x66, 0x66, 0x66, 0x66, 0x66, 0x66, 0x66, 0x67, 0x77, 0x77, 0x76, 0x75, 0x77, 0x77, 0x77, 0x77,
    0x77, 0x76, 0x66, 0x67, 0xBA, 0xAA, 0x87, 0x76, 0x66, 0x66, 0x66, 0x66, 0x66, 0x66, 0x66, 0x66,
    0x66, 0x66, 0x66, 0x66, 0x66, 0x66, 0x67, 0x77, 0x76, 0x67, 0x67, 0x31, 0x37, 0x77, 0x77, 0x77,
    0x76, 0x66, 0x66, 0x67, 0x99, 0x99, 0x97, 0x97, 0x76, 0x66, 0x66, 0x66, 0x66, 0x66, 0x66, 0x66,
    0x66, 0x66, 0x66, 0x66, 0x66, 0x66, 0x63, 0x76, 0x66, 0x66, 0x76, 0x11, 0x16, 0x76, 0x77, 0x76,
    0x76, 0x66, 0x66, 0x66, 0x76, 0x66, 0x66, 0x66, 0x66, 0x66, 0x66, 0x66, 0x66, 0x66, 0x66, 0x66,
    0x66, 0x66, 0x66, 0x66, 0x66, 0x66, 0x71, 0x67, 0x66, 0x67, 0x61, 0x16, 0x31, 0x67, 0x67, 0x67,
    0x76, 0x66, 0x66, 0x66, 0x66, 0x66, 0x66, 0x66, 0x66, 0x66, 0x66, 0x66, 0x66, 0x66, 0x66, 0x66,
    0x66, 0x66, 0x66, 0x66, 0x66, 0x66, 0x73, 0x16, 0x76, 0x67, 0x51, 0x69, 0x71, 0x17, 0x76, 0x76,
    0x66, 0x66, 0x67, 0x66, 0x66, 0x66, 0x66, 0x66, 0x66, 0x66, 0x66, 0x66, 0x66, 0x66, 0x66, 0x33,
    0x53, 0x66, 0x66, 0x66, 0x66, 0x66, 0x73, 0x11, 0x66, 0x65, 0x16, 0x97, 0x96, 0x11, 0x76, 0x65,
    0x66, 0x66, 0x66, 0x66, 0x66, 0x66, 0x66, 0x66, 0x66, 0x66, 0x66, 0x66, 0x66, 0x66, 0x33, 0x55,
    0x55, 0x53, 0x66, 0x66, 0x66, 0x66, 0x73, 0x11, 0x66, 0x63, 0x16, 0x76, 0x76, 0x13, 0x76, 0x61,
    0x66, 0x66, 0x66, 0x66, 0x66, 0x66, 0x66, 0x66, 0x66, 0x66, 0x66, 0x66, 0x66, 0x31, 0x55, 0x55,
    0x55, 0x55, 0x56, 0x66, 0x66, 0x66, 0x73, 0x17, 0x76, 0x67, 0x11, 0x67, 0x61, 0x17, 0x76, 0x77,
    0x66, 0x66, 0x66, 0x66, 0x66, 0x66, 0x66, 0x66, 0x66, 0x66, 0x66, 0x66, 0x31, 0x15, 0x55, 0x55,
    0x55, 0x55, 0x55, 0x66, 0x66, 0x66, 0x61, 0x67, 0x66, 0x67, 0x61, 0x16, 0x11, 0x77, 0x66, 0x67,
    0x66, 0x66, 0x66, 0x66, 0x66, 0x66, 0x66, 0x66, 0x66, 0x46, 0x63, 0x11, 0x11, 0x55, 0x55, 0x55,
    0x55, 0x55, 0x55, 0x56, 0x66, 0x66, 0x66, 0x96, 0x66, 0x66, 0x76, 0x11, 0x16, 0x96, 0x66, 0x66,
    0x66, 0x66, 0x64, 0x36, 0x66, 0x66, 0x66, 0x44, 0x66, 0x63, 0x31, 0x11, 0x55, 0x55, 0x55, 0x55,
    0x55, 0x55, 0x55, 0x55, 0x36, 0x66, 0x67, 0x64, 0x66, 0x66, 0x67, 0x61, 0x39, 0x66, 0x66, 0x66,
    0x66, 0x67, 0x77, 0x76, 0x66, 0x43, 0x64, 0x44, 0x66, 0x11, 0x55, 0x55, 0x55, 0x55, 0x55, 0x55,
    0x55, 0x55, 0x55, 0x55, 0x55, 0x66, 0x44, 0x46, 0x66, 0x66, 0x66, 0x76, 0x76, 0x66, 0x66, 0x66,
    0x66, 0x9B, 0xB9, 0x77, 0x43, 0x33, 0x34, 0x36, 0x41, 0x15, 0x55, 0x55, 0x55, 0x55, 0x55, 0x55,
    0x55, 0x55, 0x55, 0x55, 0x55, 0x54, 0x34, 0x44, 0x44, 0x64, 0x44, 0x67, 0x76, 0x66, 0x66, 0x66,
    0x66, 0x67, 0x99, 0x99, 0x76, 0x43, 0x44, 0x33, 0x11, 0x55, 0x55, 0x55, 0x55, 0x55, 0x55, 0x55,
    0x55, 0x55, 0x55, 0x55, 0x55, 0x55, 0x44, 0x44, 0x44, 0x44, 0x46, 0x43, 0x46, 0x66, 0x66, 0x66,
    0x43, 0x33, 0x36, 0x63, 0x33, 0x33, 0x44, 0x43, 0x55, 0x55, 0x55, 0x55, 0x55, 0x55, 0x55, 0x55,
    0x55, 0x55, 0x55, 0x55, 0x55, 0x55, 0x34, 0x44, 0x44, 0x44, 0x44, 0x66, 0x64, 0x66, 0x66, 0x46,
    0x43, 0x33, 0x33, 0x33, 0x43, 0x44, 0x44, 0x35, 0x55, 0x55, 0x55, 0x55, 0x55, 0x55, 0x55, 0x55,
    0x55, 0x55, 0x55, 0x55, 0x55, 0x55, 0x53, 0x33, 0x44, 0x44, 0x44, 0x65, 0x64, 0x46, 0x66, 0x66,
    0x43, 0x33, 0x33, 0x33, 0x43, 0x33, 0x34, 0x15, 0x55, 0x55, 0x55, 0x55, 0x55, 0x55, 0x55, 0x55,
    0x55, 0x55, 0x55, 0x55, 0x85, 0x88, 0x55, 0x33, 0x34, 0x44, 0x46, 0x51, 0x37, 0x46, 0x66, 0x66,
    0x33, 0x33, 0x33, 0x33, 0x33, 0x33, 0x31, 0x55, 0x55, 0x55, 0x55, 0x55, 0x55, 0x55, 0x55, 0x55,
    0x55, 0x55, 0x55, 0x55, 0x88, 0x88, 0x85, 0x34, 0x33, 0x33, 0x63, 0x11, 0x13, 0x66, 0x66, 0x66,
    0x33, 0x33, 0x33, 0x33, 0x33, 0x33, 0x66, 0x55, 0x55, 0x55, 0x55, 0x55, 0x55, 0x55, 0x55, 0x55,
    0x55, 0x55, 0x55, 0x55, 0x88, 0x88, 0xA8, 0x53, 0x43, 0x34, 0x31, 0x11, 0x31, 0x66, 0x66, 0x46,
    0x33, 0x33, 0x33, 0x33, 0x33, 0x33, 0x7A, 0xA8, 0x88, 0x55, 0x55, 0x55, 0x55, 0x55, 0x55, 0x55,
    0x55, 0x55, 0x55, 0x55, 0x88, 0x8A, 0xAA, 0x55, 0x33, 0x34, 0x67, 0x76, 0x77, 0x76, 0x34, 0x44,
    0x33, 0x33, 0x33, 0x33, 0x33, 0x34, 0xAA, 0xAA, 0xA8, 0x85, 0x55, 0x55, 0x55, 0x55, 0x55, 0x55,
    0x55, 0x55, 0x55, 0x55, 0x88, 0x8A, 0xAA, 0x85, 0x32, 0x33, 0x44, 0x61, 0x64, 0x64, 0x33, 0x33,
    0x33, 0x33, 0x33, 0x33, 0x33, 0x36, 0x8A, 0xBA, 0xAA, 0x88, 0x85, 0x55, 0x55, 0x55, 0x55, 0x55,
    0x55, 0x55, 0x55, 0x55, 0x88, 0x8A, 0xAA, 0xA5, 0x53, 0x33, 0x33, 0x11, 0x16, 0x33, 0x32, 0x33,
    0x33, 0x33, 0x33, 0x33, 0x33, 0x48, 0x58, 0xAB, 0xBA, 0x88, 0x88, 0x55, 0x55, 0x55, 0x55, 0x55,
    0x55, 0x55, 0x55, 0x58, 0x88, 0x8A, 0xAB, 0xA8, 0x53, 0x23, 0x41, 0x11, 0x11, 0x42, 0x22, 0x22,
    0x33, 0x33, 0x33, 0x33, 0x33, 0x6B, 0x8A, 0x58, 0xAB, 0xA8, 0x55, 0x85, 0x55, 0x55, 0x55, 0x55,
    0x55, 0x55, 0x55, 0x55, 0x88, 0x8A, 0xAB, 0xBA, 0x53, 0x23, 0x33, 0x63, 0x33, 0x64, 0x23, 0x32,
    0x33, 0x33, 0x44, 0x33, 0x33, 0x4B, 0xA8, 0x85, 0x88, 0xAB, 0xA8, 0x55, 0x55, 0x55, 0x55, 0x55,
    0x55, 0x58, 0x55, 0x88, 0x8A, 0xAA, 0xAB, 0xBB, 0x85, 0x23, 0x67, 0x77, 0x77, 0x74, 0x22, 0x22,
    0x34, 0x34, 0x44, 0x34, 0x33, 0x3B, 0x85, 0x85, 0x58, 0x8B, 0xEE, 0xB6, 0x55, 0x55, 0x55, 0x55,
    0x55, 0x85, 0x88, 0x88, 0x8A, 0xAA, 0xAB, 0xAB, 0x85, 0x22, 0x22, 0x22, 0x22, 0x22, 0x22, 0x33,
    0x34, 0x43, 0x34, 0x44, 0x43, 0x4A, 0x88, 0xA5, 0x58, 0xAD, 0xBB, 0xEE, 0xA3, 0x55, 0x55, 0x55,
    0x55, 0x58, 0x88, 0x88, 0xAA, 0xAA, 0xAB, 0xBA, 0xA5, 0x32, 0x22, 0x21, 0x22, 0x22, 0x22, 0x22,
    0x33, 0x23, 0x34, 0x44, 0x24, 0x4B, 0x88, 0xA5, 0x8A, 0xBB, 0x99, 0x99, 0xBB, 0x85, 0x55, 0x55,
    0x55, 0x55, 0x88, 0x88, 0x8A, 0xAA, 0xBA, 0xBA, 0x85, 0x22, 0x22, 0x22, 0x22, 0x22, 0x22, 0x22,
    0x22, 0x22, 0x44, 0x22, 0x44, 0x4A, 0x8A, 0x88, 0xAA, 0xB9, 0x99, 0x88, 0x89, 0xBB, 0x55, 0x55,
    0x55, 0x58, 0x88, 0x88, 0x8A, 0xAB, 0xBE, 0xBB, 0x86, 0x22, 0x22, 0x12, 0x22, 0x12, 0x22, 0x22,
    0x42, 0x22, 0x24, 0x22, 0x24, 0x27, 0xAA, 0xAA, 0xAA, 0xB9, 0x99, 0x78, 0x86, 0x69, 0xB8, 0x55,
    0x58, 0x88, 0x88, 0x8A, 0x88, 0xAA, 0xBE, 0xBA, 0x83, 0x22, 0x22, 0x22, 0x12, 0x22, 0x22, 0x22,
    0x44, 0x42, 0x22, 0x22, 0x22, 0x24, 0xBA, 0xAA, 0xAB, 0xB9, 0x99, 0x78, 0x88, 0x66, 0x9B, 0xA5,
    0x58, 0x88, 0x88, 0x8A, 0xAA, 0xAB, 0xBE, 0xBA, 0x81, 0x22, 0x22, 0x22, 0x22, 0x22, 0x22, 0x22,
    0x22, 0x22, 0x22, 0x22, 0x22, 0x21, 0x9B, 0xAB, 0xAB, 0x99, 0x99, 0x99, 0x88, 0x8B, 0xD9, 0x9B,
    0xA8, 0x88, 0x88, 0x8A, 0xAA, 0xBB, 0xBE, 0xB8, 0x81, 0x22, 0x22, 0x22, 0x22, 0x12, 0x22, 0x22,
    0x22, 0x22, 0x22, 0x22, 0x22, 0x22, 0x9A, 0xBB, 0xB9, 0x9B, 0x97, 0x99, 0x9B, 0xEF, 0xED, 0x77,
    0xBB, 0x88, 0xA8, 0x8A, 0xAA, 0xBE, 0xAE, 0xE8, 0x52, 0x22, 0x22, 0x22, 0x22, 0x22, 0x22, 0x22,
    0x22, 0x22, 0x22, 0x22, 0x22, 0x22, 0x9E, 0xBB, 0xD9, 0x99, 0x77, 0xBE, 0xEF, 0xFF, 0xEE, 0x96,
    0x9B, 0xB8, 0xAA, 0x8A, 0xAA, 0xAE, 0xBA, 0xBA, 0x32, 0x22, 0x22, 0x22, 0x22, 0x22, 0x22, 0x22,
    0x22, 0x22, 0x22, 0x22, 0x22, 0x22, 0x4E, 0xAE, 0xFF, 0xFE, 0x99, 0xBE, 0xFF, 0xFF, 0xB9, 0x96,
    0x99, 0xBB, 0xAA, 0xAA, 0xAA, 0xAE, 0xFA, 0xAA, 0x22, 0x22, 0x22, 0x22, 0x22, 0x22, 0x22, 0x22,
    0x22, 0x22, 0x22, 0x22, 0x22, 0x22, 0x2C, 0xBF, 0xFF, 0xFF, 0xFB, 0xBB, 0xFF, 0xFE, 0xDF, 0xD9,
    0x78, 0x9B, 0xBA, 0xAA, 0xAB, 0xBA, 0xEB, 0x8A, 0x22, 0x22, 0x22, 0x22, 0x22, 0x22, 0x22, 0x22,
    0x22, 0x22, 0x22, 0x22, 0x22, 0x22, 0x27, 0xEE, 0x9E, 0xFF, 0xFB, 0xAB, 0xFF, 0xFC, 0x9F, 0xDD,
    0xB8, 0x99, 0xCB, 0xAA, 0xAE, 0xEB, 0xBB, 0xA8, 0x22, 0x22, 0x22, 0x22, 0x22, 0x22, 0x22, 0x22,
    0x22, 0x22, 0x22, 0x22, 0x22, 0x22, 0x22, 0xEB, 0xDF, 0x9F, 0xF9, 0x8B, 0xEE, 0xED, 0xCD, 0x97,
    0xBA, 0x99, 0x9C, 0xEA, 0xAE, 0xEE, 0xBB, 0xA4, 0x22, 0x22, 0x22, 0x22, 0x22, 0x22, 0x22, 0x22,
    0x22, 0x22, 0x22, 0x22, 0x22, 0x22, 0x22, 0xBE, 0xFE, 0xDF, 0xD7, 0x8A, 0xEE, 0xFD, 0x99, 0x97,
    0x9B, 0xB9, 0x99, 0xEE, 0xAB, 0xEE, 0xBA, 0xA2, 0x22, 0x22, 0x22, 0x22, 0x22, 0x22, 0x22, 0x22,
    0x22, 0x22, 0x22, 0x22, 0x22, 0x22, 0x22, 0x9F, 0xDB, 0xDF, 0xC7, 0xAA, 0xAB, 0xBB, 0xB9, 0x99,
    0x99, 0xB9, 0x99, 0xBF, 0xEA, 0xEE, 0xBA, 0x62, 0x22, 0x22, 0x22, 0x22, 0x22, 0x22, 0x22, 0x22,
    0x22, 0x22, 0x22, 0x22, 0x22, 0x22, 0x22, 0x2D, 0xD9, 0xBE, 0x96, 0x88, 0xB9, 0x99, 0xB9, 0x66,
    0x9B, 0x99, 0x99, 0x9F, 0xFB, 0xBE, 0xBA, 0x22, 0x22, 0x22, 0x22, 0x22, 0x22, 0x22, 0x22, 0x22,
    0x22, 0x22, 0x22, 0x22, 0x22, 0x22, 0x22, 0x27, 0xB9, 0xBE, 0x96, 0x69, 0xBB, 0x99, 0x97, 0x63,
    0x77, 0x99, 0x99, 0x9E, 0xFE, 0xBE, 0xB8, 0x22, 0x22, 0x22, 0x22, 0x22, 0x22, 0x22, 0x22, 0x22,
    0x22, 0x22, 0x22, 0x22, 0x22, 0x22, 0x22, 0x24, 0x99, 0x9E, 0x72, 0x68, 0x69, 0xB9, 0x77, 0x76,
    0x77, 0x79, 0x99, 0x9D, 0xFF, 0xBB, 0xA6, 0x22, 0x22, 0x22, 0x22, 0x22, 0x22, 0x22, 0x22, 0x22,
    0x22, 0x22, 0x22, 0x22, 0x22, 0x22, 0x22, 0x22, 0x99, 0x9D, 0x93, 0x77, 0x79, 0xEA, 0x98, 0x88,
    0x87, 0x79, 0x99, 0x9C, 0xDF, 0xEB, 0x82, 0x44, 0x22, 0x22, 0x76, 0x44, 0x42, 0x22, 0x22, 0x22,
    0x22, 0x22, 0x22, 0x22, 0x22, 0x22, 0x22, 0x24, 0x99, 0x9D, 0xEB, 0xBE, 0xEB, 0xFB, 0x99, 0x88,
    0x87, 0x79, 0x99, 0x99, 0xFF, 0xBB, 0x42, 0x44, 0x24, 0x42, 0x7B, 0x97, 0x36, 0x44, 0x44, 0x44,
    0x22, 0x22, 0x22, 0x22, 0x22, 0x22, 0x22, 0x22, 0xB9, 0x7E, 0xFE, 0xCE, 0xDB, 0x9B, 0xAA, 0x98,
    0x88, 0x99, 0x99, 0x99, 0xCB, 0xB9, 0x44, 0x44, 0x44, 0x42, 0x9B, 0x99, 0xAA, 0x74, 0x49, 0x72,
    0x42, 0x44, 0x22, 0x42, 0x22, 0x22, 0x22, 0x22, 0xB9, 0x9F, 0xFE, 0xCD, 0xB9, 0x89, 0xB8, 0x88,
    0x89, 0x99, 0x99, 0x99, 0xBC, 0xB7, 0x47, 0x47, 0x44, 0x49, 0xDB, 0xAB, 0x99, 0x79, 0xC9, 0x42,
    0x22, 0x12, 0x42, 0x24, 0x22, 0x22, 0x22, 0x22, 0x99, 0xCD, 0xDB, 0x99, 0x99, 0x99, 0xB8, 0x89,
    0x89, 0x99, 0x99, 0x9B, 0x9C, 0x92, 0x27, 0x44, 0x44, 0x49, 0xCD, 0xD9, 0x63, 0x9B, 0x99, 0x77,
    0x12, 0x16, 0xC2, 0x27, 0x24, 0x24, 0x42, 0x42, 0x7B, 0xEE, 0x99, 0x99, 0xBC, 0xDE, 0xB8, 0x89,
    0x99, 0x9A, 0x99, 0x9D, 0x99, 0x72, 0x46, 0x64, 0x74, 0x74, 0x9D, 0xEC, 0xCB, 0xCD, 0xDE, 0xA9,
    0x44, 0x24, 0xC4, 0x9C, 0x94, 0x44, 0x44, 0x42, 0x4D, 0xFF, 0xFF, 0xEE, 0xFF, 0xFF, 0xFB, 0x88,
    0x89, 0x99, 0x99, 0x9F, 0xF9, 0x77, 0x74, 0x74, 0x44, 0x44, 0x7C, 0xED, 0xDD, 0xCD, 0xCC, 0xCC,
    0x44, 0x47, 0xD9, 0xCF, 0xD4, 0x22, 0x44, 0x44, 0x4F, 0xFF, 0xEC, 0xEB, 0xBD, 0xEF, 0xFF, 0x98,
    0x99, 0x99, 0x99, 0xBF, 0xC4, 0x77, 0x22, 0x22, 0x22, 0x49, 0xCD, 0xCC, 0xCC, 0x99, 0xC9, 0x77,
    0x24, 0x49, 0xEC, 0xCE, 0xC4, 0x24, 0x47, 0x42, 0x9F, 0xFE, 0xC9, 0x9B, 0xBB, 0x9B, 0xEF, 0xB8,
    0x99, 0x99, 0x9B, 0xEE, 0x91, 0x59, 0x94, 0x22, 0x22, 0x22, 0x24, 0x44, 0x44, 0x42, 0x22, 0x22,
    0x64, 0x47, 0xE9, 0xCC, 0x97, 0x42, 0x44, 0x44, 0x4D, 0xFD, 0xCF, 0xFF, 0xE9, 0x7B, 0x9F, 0xB8,
    0x99, 0x99, 0x9D, 0xEC, 0x92, 0x53, 0x22, 0x22, 0x22, 0x22, 0x49, 0xC9, 0x99, 0x99, 0x77, 0x77,
    0x42, 0x47, 0xF9, 0x4D, 0xD6, 0x77, 0x77, 0x44, 0x29, 0xDB, 0x9C, 0xBB, 0x98, 0x89, 0x9E, 0xA8,
    0x99, 0x99, 0xBE, 0xDD, 0x94, 0x53, 0x47, 0x99, 0x99, 0x97, 0x9D, 0xDD, 0xDD, 0xDD, 0xCC, 0xCC,
    0x22, 0x24, 0xE9, 0x4D, 0xC4, 0x44, 0x44, 0x47, 0x7C, 0xD9, 0x99, 0x99, 0x78, 0x88, 0xAB, 0x98,
    0x99, 0x99, 0xDF, 0xED, 0x98, 0x58, 0xDD, 0xCC, 0x99, 0x77, 0x7C, 0xDD, 0xDD, 0xCC, 0xCC, 0xCC,
    0x22, 0x22, 0x99, 0x29, 0x92, 0x22, 0x22, 0x22, 0x29, 0xE9, 0x9B, 0x99, 0x98, 0x88, 0xAA, 0x99,
    0x99, 0x9B, 0xFF, 0xED, 0x98, 0x8A, 0x7C, 0xCC, 0x99, 0x77, 0x7C, 0xDD, 0xDD, 0xDC, 0xCC, 0xCC,
    0x22, 0x22, 0x77, 0x27, 0x94, 0x22, 0x22, 0x22, 0x27, 0xE9, 0x99, 0x99, 0x99, 0xAA, 0xAA, 0x99,
    0x99, 0x9E, 0xFF, 0xEC, 0x8A, 0x8B, 0xA6, 0xCC, 0x99, 0x97, 0x7C, 0xDD, 0xDC, 0xCC, 0xCC, 0xCC,
    0x22, 0x22, 0x94, 0x7C, 0xC4, 0x22, 0x22, 0x22, 0x22, 0xED, 0xB9, 0xA9, 0x9B, 0xBB, 0xBB, 0x99,
    0x9B, 0xEE, 0xEF, 0xE9, 0xAA, 0x8E, 0xA5, 0x44, 0x47, 0x77, 0x7C, 0xED, 0xDD, 0xCC, 0xCC, 0xCC,
    0x22, 0x22, 0x77, 0x9C, 0xC4, 0x22, 0x22, 0x22, 0x22, 0xEF, 0xED, 0xBA, 0xAB, 0xBD, 0xBB, 0xBD,
    0xDD, 0xCC, 0xEE, 0xC8, 0xA8, 0xDF, 0xB8, 0x34, 0x24, 0x44, 0x77, 0x9E, 0xFF, 0xFE, 0xEE, 0xDD,
    0x22, 0x22, 0x22, 0x22, 0x22, 0x22, 0x22, 0x22, 0x22, 0xCF, 0xFE, 0xEE, 0xEE, 0xED, 0xB9, 0xBD,
    0xBB, 0xBD, 0xEC, 0xAA, 0xAA, 0xEE, 0xFA, 0x84, 0x44, 0x23, 0x37, 0x47, 0xCF, 0xFF, 0xFE, 0xEE,
    0x22, 0x22, 0x22, 0x22, 0x22, 0x22, 0x22, 0x27, 0x77, 0x7E, 0xFE, 0xEE, 0xEE, 0xDB, 0xBB, 0xBB,
    0xBB, 0xDD, 0x9C, 0xAB, 0x8B, 0xEB, 0xEA, 0x86, 0x47, 0x77, 0x34, 0x64, 0x4C, 0xFF, 0xEE, 0xEE,
    0x22, 0x22, 0x22, 0x22, 0x22, 0x22, 0x22, 0x47, 0x99, 0x7D, 0xFF, 0xFE, 0xED, 0xDB, 0xBB, 0xBB,
    0xBB, 0x97, 0xCB, 0xB8, 0x8E, 0xAA, 0xB8, 0x86, 0x36, 0x76, 0x33, 0x44, 0x24, 0x9F, 0xEE, 0xDD,
    0x44, 0x79, 0x92, 0x22, 0x22, 0x22, 0x22, 0x22, 0x22, 0x2D, 0xBE, 0xDE, 0xFE, 0xDD, 0xBB, 0xBB,
    0x97, 0x49, 0xBB, 0xEA, 0xFB, 0x88, 0xA5, 0xA9, 0x24, 0x66, 0x44, 0x44, 0x47, 0x27, 0xED, 0xDD,
    0x97, 0x9C, 0xFE, 0x72, 0x22, 0x22, 0x22, 0x22, 0x22, 0x4E, 0xBA, 0xEC, 0xCE, 0xDD, 0xDB, 0x92,
    0x24, 0x9E, 0xAB, 0x8E, 0xFA, 0x88, 0xA8, 0xBC, 0x72, 0x44, 0x44, 0x44, 0x34, 0x22, 0xCF, 0xDD,
    0x77, 0x9C, 0xEE, 0xFC, 0x22, 0x22, 0x22, 0x22, 0x22, 0x8E, 0xFA, 0xAE, 0x99, 0xED, 0xEE, 0x22,
    0x99, 0xDB, 0xAA, 0xAE, 0xAA, 0xAB, 0xBB, 0xDD, 0xC9, 0x42, 0x43, 0x33, 0x33, 0x64, 0x2D, 0xED,
    0x77, 0xCC, 0xEE, 0xEF, 0xE7, 0x22, 0x22, 0x22, 0x27, 0x8E, 0xFE, 0x88, 0xBD, 0xEE, 0xFF, 0x77,
    0x9C, 0xFB, 0xAF, 0xFB, 0x88, 0xAE, 0xBE, 0xBE, 0xD9, 0x77, 0x24, 0x46, 0x44, 0x43, 0x37, 0xED,
    0x79, 0xCC, 0xEE, 0xEE, 0xEE, 0xC4, 0x22, 0x22, 0x4C, 0xAB, 0xFF, 0xB8, 0x58, 0xBE, 0xFD, 0x9B,
    0xBF, 0xEB, 0xBE, 0xBA, 0xA8, 0xAE, 0xEE, 0x9D, 0xEC, 0x97, 0x74, 0x76, 0x63, 0x33, 0x34, 0xCD,
    0x9C, 0xCC, 0xEE, 0xFE, 0xED, 0xEE, 0x92, 0x24, 0x9F, 0xBA, 0xFF, 0xEE, 0xB8, 0x8A, 0xAB, 0xEE,
    0xBB, 0xEF, 0xAB, 0xA8, 0x8A, 0xBE, 0xBE, 0x9D, 0xED, 0xC9, 0x99, 0x77, 0x97, 0x77, 0x76, 0x9D,
    0xCC, 0xCC, 0xDF, 0xDD, 0xEE, 0xDD, 0xFC, 0x4C, 0xEF, 0xBA, 0xEF, 0xEE, 0xBB, 0xBA, 0xBA, 0xAB,
    0xAE, 0xFA, 0xBB, 0xA8, 0x58, 0xFB, 0xAF, 0xBD, 0xED, 0xCC, 0x99, 0x97, 0x42, 0x44, 0x62, 0x7D,
    0xCC, 0xCD, 0xC9, 0x47, 0x7C, 0xEE, 0xC9, 0xDF, 0xEE, 0xEA, 0xEF, 0xEA, 0xAA, 0xA8, 0x8A, 0xAE,
    0xBA, 0x8E, 0xFA, 0xAA, 0x8E, 0xE8, 0xBF, 0x9D, 0xED, 0xCC, 0xC9, 0x99, 0x94, 0x21, 0x11, 0x2C,
    0xDD, 0xDC, 0x74, 0x34, 0x44, 0x7C, 0xCD, 0xFF, 0xEF, 0xFB, 0xFF, 0xFE, 0xBB, 0xBB, 0xBB, 0xAA,
    0x8B, 0xFF, 0xAA, 0xAA, 0xBE, 0x8A, 0xFF, 0x7D, 0xED, 0xCC, 0xCC, 0x99, 0x99, 0x72, 0x21, 0x2C,
    0xDD, 0xC7, 0x43, 0x33, 0x64, 0x7C, 0xEE, 0xEF, 0xEF, 0xFB, 0xBF, 0xFF, 0xFB, 0x8A, 0xA8, 0xAE,
    0xFF, 0xFB, 0x88, 0x88, 0xBA, 0x5D, 0xFF, 0x6D, 0xED, 0xDD, 0xCC, 0x99, 0x99, 0x99, 0xCC, 0x4C,
    0xDC, 0x63, 0x36, 0x77, 0x79, 0xEE, 0xDE, 0xFE, 0xEF, 0xFB, 0x8E, 0xFF, 0x88, 0xBE, 0xEE, 0xFF,
    0xCC, 0xEA, 0xAA, 0x88, 0xB5, 0xAE, 0xFE, 0x6E, 0xED, 0xDD, 0xCC, 0xC9, 0x99, 0x9C, 0xDD, 0x99,
    0xC7, 0x77, 0x77, 0x77, 0x9D, 0xDD, 0xEE, 0xFD, 0xFF, 0xFA, 0x8A, 0xB8, 0xBF, 0xEE, 0xEF, 0xBC,
    0x7D, 0xAA, 0xAA, 0xAE, 0x88, 0xBF, 0xFD, 0x6E, 0xEE, 0xDD, 0xCC, 0xC9, 0x99, 0x9D, 0xCC, 0xDC,
    0x97, 0x79, 0x74, 0x79, 0xCD, 0xDD, 0xEE, 0xED, 0xEF, 0xFA, 0xA8, 0x6B, 0xFE, 0xEA, 0xAE, 0xB9,
    0x98, 0x8B, 0xAB, 0xFD, 0x5A, 0xEF, 0xEB, 0x6E, 0xEE, 0xDD, 0xDC, 0xC9, 0x99, 0xCD, 0xCD, 0xDC,
    0x79, 0x97, 0x79, 0xCC, 0xCC, 0xDD, 0xDF, 0xBE, 0xDE, 0xEA, 0x58, 0xFE, 0xEB, 0xBA, 0xAB, 0xB9,
    0x98, 0xBB, 0xEF, 0xD5, 0xAB, 0xFE, 0xEB, 0x6E, 0xEE, 0xED, 0xDC, 0xCC, 0x99, 0xCC, 0xCD, 0xDC,
    0x99, 0x77, 0xDD, 0xCD, 0xCD, 0xDD, 0xEE, 0xCE, 0xEE, 0xEA, 0x5F, 0xEA, 0xEB, 0xAA, 0x8D, 0xB9,
    0x6A, 0xBE, 0xF9, 0x58, 0xBE, 0xFE, 0xEC, 0x3E, 0xFE, 0xEE, 0xDD, 0xCC, 0x9C, 0xC9, 0x9E, 0xDC,
    0x9C, 0x99, 0xEC, 0xDD, 0xDD, 0xDD, 0xED, 0xCD, 0xDE, 0xF8, 0x8F, 0xB8, 0xAB, 0x8A, 0xAF, 0xAA,
    0x8E, 0xEB, 0x85, 0x8B, 0xBF, 0xED, 0xCB, 0x6F, 0xFE, 0xEE, 0xDD, 0xDC, 0x9C, 0xC9, 0x9E, 0xEC,
    0x99, 0xCD, 0xEC, 0xDD, 0xDD, 0xDF, 0xDC, 0xDC, 0xDE, 0xF8, 0xDF, 0xAA, 0x8A, 0x88, 0xEF, 0xA8,
    0xBF, 0xA5, 0x8A, 0xBB, 0xEE, 0xCD, 0xC9, 0x6E, 0xFF, 0xEE, 0xED, 0xDC, 0x9C, 0x99, 0xCD, 0xEC,
    0xCC, 0xEE, 0xEC, 0xDD, 0xDD, 0xEE, 0xBC, 0xCC, 0xDD, 0xF8, 0xFE, 0xAB, 0x8A, 0x8A, 0xBF, 0xAA,
    0xF9, 0x58, 0xBB, 0xBE, 0xFD, 0xCC, 0xCC, 0x86, 0xFF, 0xFE, 0xED, 0xDC, 0xCC, 0x99, 0x9D, 0xDD,
    0xCD, 0xEE, 0xED, 0xDD, 0xDC, 0xE9, 0xCC, 0xDD, 0xDE, 0xFA, 0xFA, 0x8A, 0xAA, 0xA8, 0xEF, 0xBF,
    0x95, 0xAA, 0xBB, 0xBF, 0xED, 0xDC, 0xCC, 0xC6, 0x9F, 0xFF, 0xED, 0xDC, 0xC9, 0x99, 0x9D, 0xDD,
    0x9E, 0xEE, 0xED, 0xDC, 0xCE, 0xB9, 0xDC, 0xDC, 0xCD, 0xFE, 0xBA, 0xA8, 0xA8, 0xAE, 0xBB, 0xFE,
    0x5B, 0xEB, 0xBE, 0xFE, 0xCC, 0xDC, 0xCD, 0xDB, 0x3D, 0xFF, 0xEE, 0xDC, 0xC9, 0x99, 0xCD, 0xDD,
    0x7E, 0xFE, 0xFD, 0xDC, 0xDB, 0x7C, 0xCB, 0xBB, 0xBD, 0xFF, 0xBB, 0xAA, 0xAA, 0xAE, 0xAA, 0xE8,
    0xEE, 0xAB, 0xEF, 0xFD, 0xCB, 0xBC, 0xCC, 0xDD, 0xA6, 0xFF, 0xDD, 0xEC, 0xC9, 0x99, 0xCD, 0xDD,
    0x9F, 0xFE, 0xFD, 0xCC, 0xE8, 0x9D, 0x99, 0xBB, 0x9E, 0xFF, 0xBF, 0xAA, 0xAA, 0x8E, 0xFA, 0xBE,
    0xAA, 0xDE, 0xFF, 0xFC, 0xCB, 0xBD, 0xDC, 0xCC, 0xD8, 0x7F, 0xDD, 0xDC, 0xC9, 0x9C, 0xCD, 0xDD,
    0x7E, 0xFE, 0xFD, 0xCE, 0xA9, 0xDC, 0xB9, 0xB9, 0x9F, 0xFE, 0xDE, 0xAA, 0xB8, 0x8E, 0xEB, 0xEB,
    0xBF, 0xFF, 0xFF, 0xFD, 0xBB, 0xBB, 0xCC, 0xCC, 0xBD, 0x69, 0xFD, 0xCC, 0xC9, 0x9C, 0xCD, 0xDD,
    0x7F, 0xFE, 0xFD, 0xEB, 0x8C, 0xC9, 0xBB, 0xBC, 0xCF, 0xFE, 0xBE, 0x8A, 0xAA, 0xAF, 0xBF, 0xFF,
    0xFE, 0xFF, 0xFF, 0xEC, 0xBC, 0xCD, 0xDD, 0xDC, 0xCC, 0xB3, 0xCE, 0xCD, 0xC9, 0x9C, 0xCD, 0xDD,
    0x9F, 0xFE, 0xFD, 0xE8, 0xCD, 0xCD, 0xCB, 0xBC, 0xCF, 0xFF, 0xEF, 0xB8, 0x8A, 0xEE, 0xBF, 0xFE,
    0x9E, 0xFE, 0xFF, 0xDC, 0xCB, 0xDD, 0xDD, 0xCD, 0xDC, 0xDB, 0x3C, 0xDC, 0xC9, 0x9C, 0xCC, 0xCD,
    0x9F, 0xEE, 0xFE, 0xA9, 0xCC, 0xCD, 0xC9, 0xCC, 0xCF, 0xFE, 0xFB, 0xE8, 0xAA, 0xAA, 0xFF, 0x99,
    0x9F, 0xFE, 0xEF, 0xCC, 0xCD, 0xDC, 0xCC, 0xCC, 0xDE, 0xDE, 0x86, 0xDC, 0xC9, 0xCC, 0xCC, 0xCD,
    0x9F, 0xEE, 0xFD, 0x9C, 0xDC, 0xCC, 0xCC, 0xC9, 0xCF, 0xED, 0xFA, 0xBA, 0xAA, 0xEB, 0xD9, 0x79,
    0xCF, 0xED, 0xFF, 0xCC, 0xDD, 0xCC, 0xCD, 0xDC, 0xDE, 0xEE, 0xD6, 0xDC, 0xC9, 0xCC, 0xCD, 0xCD,
    0xCF, 0xEE, 0xFD, 0xBC, 0xDD, 0xCC, 0xCC, 0xC9, 0xDF, 0xED, 0xFB, 0xAE, 0xAA, 0xFB, 0xC7, 0x99,
    0xFE, 0xCD, 0xFF, 0xCC, 0xCC, 0xCC, 0xCD, 0xDC, 0xCE, 0xCD, 0xB9, 0xDD, 0xC9, 0xCC, 0xCD, 0xDD,
    0xEF, 0xDF, 0xED, 0xBD, 0xDC, 0xCC, 0xCC, 0x99, 0xFF, 0xED, 0xEE, 0xAE, 0xAB, 0xEB, 0x97, 0x9D,
    0xFD, 0xDE, 0xFF, 0xC9, 0xCC, 0xCD, 0xBD, 0xEC, 0xDD, 0xCD, 0xAD, 0xDE, 0xDC, 0xCC, 0xCD, 0xDD,
};

static const uint8_t coup_animdata_ambassador_f06[3072] = {
    0x76, 0x37, 0x77, 0x77, 0x77, 0x77, 0x77, 0x77, 0x77, 0x77, 0x77, 0x77, 0x77, 0x77, 0x77, 0x77,
    0x77, 0x77, 0x77, 0x77, 0x77, 0x77, 0x77, 0x77, 0x77, 0x77, 0x71, 0x13, 0x17, 0x97, 0x77, 0x77,
    0x63, 0x77, 0x77, 0x77, 0x77, 0x77, 0x77, 0x77, 0x77, 0x77, 0x77, 0x77, 0x77, 0x77, 0x77, 0x77,
    0x77, 0x77, 0x77, 0x77, 0x77, 0x77, 0x77, 0x77, 0x77, 0x77, 0x96, 0x11, 0x69, 0x77, 0x77, 0x77,
    0x36, 0x77, 0x77, 0x77, 0x77, 0x77, 0x77, 0x77, 0x77, 0x77, 0x77, 0x77, 0x77, 0x77, 0x77, 0x77,
    0x77, 0x77, 0x77, 0x77, 0x77, 0x77, 0x77, 0x77, 0x77, 0x77, 0x79, 0x63, 0x97, 0x77, 0x77, 0x77,
    0x77, 0x77, 0x77, 0x77, 0x76, 0x77, 0x77, 0x77, 0x77, 0x77, 0x66, 0x77, 0x76, 0x77, 0x77, 0x77,
    0x77, 0x77, 0x77, 0x77, 0x77, 0x77, 0x77, 0x77, 0x77, 0x77, 0x77, 0x79, 0x77, 0x77, 0x77, 0x77,
    0x77, 0x77, 0x77, 0x69, 0xB9, 0x77, 0x77, 0x77, 0x77, 0x77, 0x66, 0x66, 0x67, 0x76, 0x66, 0x76,
    0x67, 0x77, 0x77, 0x66, 0x67, 0x77, 0x77, 0x77, 0x77, 0x77, 0x77, 0x77, 0x77, 0x77, 0x77, 0x77,
    0x77, 0x77, 0x76, 0x77, 0x77, 0x63, 0x36, 0x67, 0x76, 0x66, 0x66, 0x66, 0x66, 0x66, 0x66, 0x76,
    0x66, 0x66, 0x66, 0x66, 0x66, 0x66, 0x77, 0x77, 0x77, 0x77, 0x76, 0x77, 0x77, 0x77, 0x77, 0x77,
    0x77, 0x77, 0x66, 0x77, 0x99, 0x99, 0x46, 0x66, 0x66, 0x66, 0x66, 0x66, 0x66, 0x66, 0x66, 0x66,
    0x66, 0x66, 0x66, 0x66, 0x66, 0x66, 0x67, 0x67, 0x77, 0x67, 0x77, 0x35, 0x77, 0x77, 0x77, 0x77,
    0x77, 0x66, 0x66, 0x66, 0x9A, 0xAA, 0xAA, 0x97, 0x66, 0x66, 0x66, 0x66, 0x66, 0x66, 0x66, 0x66,
    0x66, 0x66, 0x66, 0x66, 0x66, 0x66, 0x66, 0x77, 0x66, 0x66, 0x76, 0x11, 0x67, 0x77, 0x77, 0x77,
    0x76, 0x66, 0x66, 0x66, 0x79, 0x77, 0x77, 0x77, 0x76, 0x66, 0x66, 0x66, 0x66, 0x66, 0x66, 0x66,
    0x66, 0x66, 0x66, 0x66, 0x66, 0x67, 0x63, 0x76, 0x66, 0x67, 0x61, 0x11, 0x16, 0x76, 0x77, 0x67,
    0x76, 0x66, 0x66, 0x66, 0x66, 0x66, 0x66, 0x66, 0x66, 0x66, 0x66, 0x66, 0x66, 0x66, 0x66, 0x66,
    0x66, 0x66, 0x66, 0x66, 0x66, 0x66, 0x61, 0x67, 0x66, 0x67, 0x51, 0x67, 0x11, 0x77, 0x66, 0x76,
    0x76, 0x66, 0x66, 0x66, 0x66, 0x66, 0x66, 0x66, 0x66, 0x66, 0x66, 0x66, 0x66, 0x66, 0x66, 0x66,
    0x36, 0x66, 0x66, 0x66, 0x66, 0x66, 0x61, 0x16, 0x76, 0x75, 0x16, 0x99, 0x61, 0x17, 0x67, 0x65,
    0x66, 0x66, 0x66, 0x66, 0x66, 0x66, 0x66, 0x66, 0x66, 0x66, 0x66, 0x66, 0x66, 0x66, 0x63, 0x35,
    0x55, 0x36, 0x66, 0x66, 0x66, 0x66, 0x61, 0x11, 0x66, 0x31, 0x19, 0x77, 0x93, 0x13, 0x76, 0x51,
    0x66, 0x66, 0x66, 0x66, 0x66, 0x66, 0x66, 0x66, 0x66, 0x66, 0x66, 0x66, 0x66, 0x63, 0x55, 0x55,
    0x55, 0x55, 0x66, 0x66, 0x66, 0x66, 0x61, 0x16, 0x76, 0x63, 0x16, 0x77, 0x61, 0x37, 0x67, 0x61,
    0x76, 0x66, 0x66, 0x66, 0x66, 0x66, 0x66, 0x66, 0x66, 0x66, 0x66, 0x66, 0x63, 0x11, 0x55, 0x55,
    0x55, 0x55, 0x56, 0x66, 0x66, 0x66, 0x61, 0x69, 0x66, 0x77, 0x11, 0x67, 0x11, 0x77, 0x66, 0x76,
    0x66, 0x66, 0x66, 0x66, 0x66, 0x66, 0x66, 0x66, 0x66, 0x64, 0x66, 0x63, 0x11, 0x15, 0x55, 0x55,
    0x55, 0x55, 0x55, 0x66, 0x66, 0x66, 0x63, 0x96, 0x66, 0x67, 0x71, 0x11, 0x17, 0x76, 0x66, 0x67,
    0x66, 0x66, 0x66, 0x46, 0x66, 0x66, 0x66, 0x64, 0x66, 0x66, 0x61, 0x11, 0x15, 0x55, 0x55, 0x55,
    0x55, 0x55, 0x55, 0x53, 0x66, 0x66, 0x67, 0x76, 0x66, 0x66, 0x76, 0x11, 0x69, 0x66, 0x66, 0x66,
    0x66, 0x66, 0x67, 0x66, 0x66, 0x66, 0x66, 0x44, 0x66, 0x61, 0x55, 0x55, 0x55, 0x55, 0x55, 0x55,
    0x55, 0x55, 0x55, 0x55, 0x56, 0x66, 0x66, 0x46, 0x66, 0x66, 0x67, 0x33, 0x76, 0x66, 0x66, 0x66,
    0x66, 0x79, 0x99, 0x97, 0x63, 0x33, 0x34, 0x34, 0x63, 0x15, 0x55, 0x55, 0x55, 0x55, 0x55, 0x55,
    0x55, 0x55, 0x55, 0x55, 0x55, 0x64, 0x34, 0x46, 0x46, 0x66, 0x46, 0x77, 0x66, 0x66, 0x66, 0x66,
    0x66, 0x79, 0x9C, 0x99, 0x94, 0x43, 0x34, 0x33, 0x31, 0x55, 0x55, 0x55, 0x55, 0x55, 0x55, 0x55,
    0x55, 0x55, 0x55, 0x55, 0x55, 0x53, 0x44, 0x43, 0x44, 0x44, 0x44, 0x66, 0x66, 0x66, 0x66, 0x66,
    0x64, 0x33, 0x37, 0x96, 0x66, 0x63, 0x44, 0x43, 0x15, 0x55, 0x55, 0x55, 0x55, 0x55, 0x55, 0x55,
    0x55, 0x55, 0x55, 0x55, 0x55, 0x55, 0x34, 0x44, 0x44, 0x44, 0x46, 0x46, 0x46, 0x66, 0x66, 0x66,
    0x44, 0x44, 0x33, 0x33, 0x33, 0x33, 0x44, 0x43, 0x55, 0x55, 0x55, 0x55, 0x55, 0x55, 0x55, 0x55,
    0x55, 0x55, 0x55, 0x55, 0x55, 0x55, 0x54, 0x33, 0x44, 0x44, 0x44, 0x66, 0x64, 0x66, 0x66, 0x66,
    0x43, 0x33, 0x33, 0x33, 0x44, 0x34, 0x46, 0x31, 0x55, 0x55, 0x55, 0x55, 0x55, 0x55, 0x55, 0x55,
    0x55, 0x55, 0x55, 0x55, 0x85, 0x58, 0x53, 0x33, 0x44, 0x44, 0x46, 0x51, 0x64, 0x66, 0x66, 0x66,
    0x43, 0x33, 0x33, 0x33, 0x33, 0x33, 0x33, 0x15, 0x55, 0x55, 0x55, 0x55, 0x55, 0x55, 0x55, 0x55,
    0x55, 0x55, 0x55, 0x55, 0x88, 0x88, 0x85, 0x33, 0x33, 0x43, 0x65, 0x11, 0x37, 0x66, 0x66, 0x66,
    0x33, 0x33, 0x33, 0x33, 0x33, 0x33, 0x33, 0x55, 0x55, 0x55, 0x55, 0x55, 0x55, 0x55, 0x55, 0x55,
    0x55, 0x55, 0x55, 0x55, 0x88, 0x88, 0x85, 0x34, 0x33, 0x34, 0x31, 0x11, 0x13, 0x66, 0x66, 0x66,
    0x33, 0x33, 0x33, 0x33, 0x33, 0x33, 0x4A, 0x85, 0x55, 0x55, 0x55, 0x55, 0x55, 0x55, 0x55, 0x55,
    0x55, 0x55, 0x55, 0x55, 0x88, 0x8A, 0xA8, 0x53, 0x43, 0x33, 0x67, 0x66, 0x76, 0x74, 0x44, 0x44,
    0x33, 0x33, 0x33, 0x33, 0x33, 0x33, 0x7A, 0xAA, 0xA8, 0x85, 0x55, 0x55, 0x55, 0x55, 0x55, 0x55,
    0x55, 0x55, 0x55, 0x55, 0x88, 0x8A, 0xAA, 0x55, 0x33, 0x34, 0x67, 0x66, 0x76, 0x63, 0x33, 0x33,
    0x33, 0x33, 0x33, 0x33, 0x33, 0x34, 0x8A, 0xAA, 0xAA, 0x88, 0x55, 0x55, 0x55, 0x55, 0x55, 0x55,
    0x55, 0x55, 0x55, 0x55, 0x88, 0x8A, 0xAA, 0xA5, 0x32, 0x33, 0x33, 0x11, 0x34, 0x33, 0x33, 0x33,
    0x33, 0x33, 0x33, 0x33, 0x33, 0x36, 0x55, 0xAB, 0xBA, 0xA8, 0x88, 0x55, 0x55, 0x55, 0x55, 0x55,
    0x55, 0x55, 0x55, 0x58, 0x88, 0x8A, 0xBA, 0xA5, 0x52, 0x33, 0x41, 0x11, 0x16, 0x32, 0x22, 0x22,
    0x33, 0x33, 0x33, 0x33, 0x33, 0x39, 0xA8, 0x88, 0xAB, 0xA8, 0x85, 0x85, 0x55, 0x55, 0x55, 0x55,
    0x55, 0x55, 0x55, 0x58, 0x88, 0x8A, 0xBB, 0xB8, 0x53, 0x24, 0x33, 0x31, 0x13, 0x62, 0x33, 0x22,
    0x43, 0x33, 0x44, 0x33, 0x33, 0x29, 0xA8, 0x85, 0x8A, 0xAB, 0xA5, 0x55, 0x85, 0x55, 0x55, 0x55,
    0x55, 0x55, 0x55, 0x88, 0x8A, 0x8A, 0xBB, 0xBA, 0x53, 0x23, 0x77, 0x77, 0x77, 0x62, 0x32, 0x22,
    0x33, 0x43, 0x44, 0x33, 0x33, 0x27, 0xA5, 0x88, 0x58, 0x8A, 0xEE, 0xB5, 0x55, 0x55, 0x55, 0x55,
    0x55, 0x85, 0x88, 0x88, 0x8A, 0xAA, 0xAB, 0xAB, 0x53, 0x23, 0x42, 0x22, 0x24, 0x22, 0x22, 0x33,
    0x43, 0x43, 0x33, 0x44, 0x44, 0x27, 0xA8, 0x88, 0x55, 0x8B, 0xBB, 0xEE, 0x83, 0x55, 0x55, 0x55,
    0x55, 0x58, 0x88, 0x88, 0xAA, 0xAA, 0xAB, 0xAB, 0x85, 0x22, 0x22, 0x11, 0x22, 0x22, 0x22, 0x22,
    0x43, 0x33, 0x44, 0x44, 0x34, 0x29, 0xA8, 0xA8, 0x5A, 0xBB, 0x99, 0x99, 0xDB, 0x85, 0x55, 0x55,
    0x55, 0x58, 0x88, 0x88, 0xAA, 0xAB, 0xBA, 0xBA, 0x85, 0x22, 0x22, 0x22, 0x22, 0x22, 0x22, 0x22,
    0x42, 0x22, 0x44, 0x32, 0x24, 0x27, 0x88, 0xA8, 0xAA, 0xBB, 0x99, 0x98, 0x89, 0xBA, 0x55, 0x55,
    0x55, 0x58, 0x88, 0x88, 0x8A, 0xAB, 0xEB, 0xBA, 0x83, 0x22, 0x22, 0x12, 0x22, 0x22, 0x22, 0x22,
    0x42, 0x22, 0x24, 0x42, 0x24, 0x26, 0xAA, 0xAA, 0x8A, 0xB9, 0x99, 0x88, 0x86, 0x69, 0xB8, 0x55,
    0x55, 0x88, 0x88, 0x8A, 0x8A, 0xAB, 0xEE, 0xAA, 0x53, 0x22, 0x22, 0x22, 0x12, 0x22, 0x22, 0x22,
    0x44, 0x42, 0x22, 0x22, 0x22, 0x22, 0x9B, 0xAA, 0xBA, 0xB9, 0x99, 0x78, 0x88, 0x66, 0x9B, 0xA5,
    0x58, 0x88, 0x88, 0x8A, 0xAA, 0xAB, 0xEE, 0xAA, 0x82, 0x22, 0x22, 0x22, 0x22, 0x22, 0x22, 0x22,
    0x42, 0x22, 0x22, 0x22, 0x22, 0x22, 0x7B, 0xAB, 0xAB, 0xB9, 0x99, 0x99, 0x88, 0x89, 0xC9, 0x9B,
    0x88, 0x88, 0x88, 0x8A, 0xAB, 0xBB, 0xEE, 0xA8, 0x62, 0x22, 0x22, 0x22, 0x21, 0x22, 0x22, 0x22,
    0x22, 0x22, 0x22, 0x22, 0x22, 0x21, 0x7B, 0xBB, 0xBB, 0x9B, 0x97, 0x99, 0x99, 0xDF, 0xED, 0x77,
    0xBB, 0x88, 0x88, 0x8A, 0xAA, 0xEB, 0xAE, 0xB8, 0x32, 0x22, 0x22, 0x22, 0x22, 0x22, 0x22, 0x22,
    0x22, 0x22, 0x22, 0x22, 0x22, 0x22, 0x7E, 0xDA, 0xE9, 0x99, 0x97, 0x9D, 0xEF, 0xFF, 0xEE, 0x96,
    0x9B, 0xB8, 0xAA, 0x8A, 0xAA, 0xBE, 0xBA, 0xB8, 0x22, 0x22, 0x22, 0x22, 0x22, 0x22, 0x22, 0x22,
    0x22, 0x22, 0x22, 0x22, 0x22, 0x22, 0x2C, 0xBB, 0xFF, 0xFE, 0x99, 0xBE, 0xFF, 0xFF, 0xB9, 0x96,
    0x99, 0xBB, 0xAA, 0xAA, 0xBA, 0xAE, 0xEA, 0xA8, 0x22, 0x22, 0x22, 0x22, 0x22, 0x22, 0x22, 0x22,
    0x22, 0x22, 0x22, 0x22, 0x22, 0x22, 0x27, 0xEE, 0xFF, 0xFF, 0xFB, 0xBB, 0xFF, 0xFE, 0xDF, 0xD9,
    0x78, 0x9B, 0xBA, 0xAA, 0xAE, 0xBA, 0xFA, 0x87, 0x22, 0x22, 0x22, 0x22, 0x22, 0x22, 0x22, 0x22,
    0x22, 0x22, 0x22, 0x22, 0x22, 0x22, 0x24, 0xDE, 0x9D, 0xFF, 0xFD, 0xAB, 0xFF, 0xFC, 0x9F, 0xDD,
    0xB8, 0x99, 0xCB, 0xAA, 0xBE, 0xEA, 0xEB, 0xA6, 0x22, 0x22, 0x22, 0x22, 0x22, 0x22, 0x22, 0x22,
    0x22, 0x22, 0x22, 0x22, 0x22, 0x22, 0x21, 0x9E, 0xDF, 0x9D, 0xF9, 0x8A, 0xEF, 0xED, 0xCD, 0x97,
    0xBB, 0x99, 0x9C, 0xEA, 0xAE, 0xEE, 0xBB, 0xA2, 0x22, 0x22, 0x22, 0x22, 0x22, 0x22, 0x22, 0x22,
    0x22, 0x22, 0x22, 0x22, 0x22, 0x22, 0x22, 0x9E, 0xEE, 0xEE, 0xF7, 0x8A, 0xBE, 0xFD, 0x99, 0x97,
    0x9B, 0xB9, 0x99, 0xEE, 0xAE, 0xEE, 0xAA, 0x72, 0x22, 0x22, 0x22, 0x22, 0x22, 0x22, 0x22, 0x22,
    0x22, 0x22, 0x22, 0x22, 0x22, 0x22, 0x22, 0x7F, 0xEB, 0xBE, 0xD7, 0x8A, 0xAA, 0xBB, 0xB9, 0x99,
    0x9B, 0xB9, 0x99, 0xCF, 0xBB, 0xEE, 0xBA, 0x22, 0x22, 0x22, 0x22, 0x22, 0x22, 0x22, 0x22, 0x22,
    0x22, 0x22, 0x22, 0x22, 0x22, 0x22, 0x22, 0x29, 0xE9, 0x9E, 0xC6, 0x88, 0xB9, 0x79, 0xB9, 0x66,
    0x9B, 0x99, 0x99, 0x9F, 0xFA, 0xEE, 0xB8, 0x22, 0x22, 0x22, 0x22, 0x22, 0x22, 0x22, 0x22, 0x22,
    0x22, 0x22, 0x22, 0x22, 0x22, 0x22, 0x22, 0x24, 0xB9, 0x9E, 0x93, 0x68, 0xBB, 0x99, 0x97, 0x63,
    0x77, 0x99, 0x97, 0x9F, 0xFE, 0xBB, 0xA6, 0x22, 0x22, 0x22, 0x22, 0x22, 0x22, 0x22, 0x22, 0x22,
    0x22, 0x22, 0x22, 0x22, 0x22, 0x22, 0x22, 0x22, 0x99, 0x9D, 0x92, 0x38, 0x69, 0xD9, 0x77, 0x77,
    0x77, 0x79, 0x99, 0x9E, 0xFF, 0xBB, 0xA3, 0x22, 0x22, 0x22, 0x22, 0x22, 0x22, 0x22, 0x22, 0x22,
    0x22, 0x22, 0x22, 0x22, 0x22, 0x22, 0x22, 0x22, 0x99, 0x9C, 0xB6, 0x79, 0x79, 0xEB, 0x98, 0x88,
    0x87, 0x79, 0x99, 0x9C, 0xEF, 0xEA, 0x82, 0x44, 0x22, 0x24, 0x76, 0x44, 0x44, 0x22, 0x22, 0x22,
    0x22, 0x22, 0x22, 0x22, 0x22, 0x22, 0x22, 0x22, 0x99, 0x7B, 0xED, 0xBE, 0xEB, 0xEB, 0x99, 0x88,
    0x87, 0x99, 0x99, 0x99, 0xFE, 0xBA, 0x22, 0x44, 0x24, 0x42, 0x9B, 0x96, 0x37, 0x44, 0x47, 0x44,
    0x22, 0x22, 0x22, 0x24, 0x22, 0x22, 0x22, 0x22, 0x9B, 0x7D, 0xFF, 0xDE, 0xCB, 0x9B, 0x98, 0x98,
    0x88, 0x99, 0x99, 0x99, 0xBB, 0xB7, 0x44, 0x44, 0x44, 0x47, 0xC9, 0x99, 0xA9, 0x74, 0x99, 0x22,
    0x22, 0x24, 0x22, 0x22, 0x22, 0x22, 0x22, 0x22, 0x9B, 0x9E, 0xFF, 0xBD, 0xB9, 0x99, 0xB8, 0x88,
    0x89, 0x99, 0x99, 0x99, 0xBD, 0xB4, 0x47, 0x47, 0x44, 0x4C, 0xC9, 0xB9, 0x77, 0x7C, 0x96, 0x41,
    0x22, 0x21, 0x64, 0x24, 0x42, 0x42, 0x22, 0x22, 0x7B, 0x9E, 0xBB, 0x99, 0x99, 0x99, 0x9A, 0x89,
    0x89, 0x99, 0x99, 0x9B, 0x9B, 0x72, 0x46, 0x44, 0x44, 0x49, 0xCD, 0xC9, 0x67, 0xB9, 0xB9, 0x77,
    0x22, 0x21, 0xC7, 0x27, 0x72, 0x22, 0x44, 0x44, 0x4B, 0xDF, 0xB9, 0x9B, 0xBD, 0xEF, 0xB8, 0x89,
    0x99, 0x9A, 0x99, 0x9E, 0x99, 0x44, 0x47, 0x44, 0x77, 0x74, 0x9D, 0xDC, 0xDC, 0xDD, 0xEB, 0x9C,
    0x44, 0x44, 0x99, 0x7D, 0xC7, 0x44, 0x44, 0x44, 0x2B, 0xFF, 0xFF, 0xFF, 0xEF, 0xFF, 0xFB, 0x88,
    0x99, 0x99, 0x99, 0x9F, 0xF9, 0x74, 0x44, 0x42, 0x22, 0x44, 0x9E, 0xED, 0xDB, 0xCD, 0xCC, 0xC9,
    0x44, 0x44, 0xCD, 0x9D, 0xE9, 0x22, 0x44, 0x44, 0x4D, 0xFF, 0xE9, 0xBB, 0xBB, 0xDE, 0xFF, 0xB8,
    0x99, 0x99, 0x99, 0xDF, 0x92, 0x77, 0x22, 0x22, 0x22, 0x79, 0xC9, 0x99, 0x99, 0x99, 0x97, 0x44,
    0x64, 0x44, 0xCD, 0xCE, 0xC7, 0x24, 0x47, 0x42, 0x4E, 0xFF, 0xDC, 0xCD, 0xDB, 0x99, 0xDF, 0xB8,
    0x99, 0x99, 0x9B, 0xFD, 0x71, 0x59, 0x94, 0x22, 0x22, 0x22, 0x24, 0x44, 0x22, 0x22, 0x22, 0x22,
    0x76, 0x44, 0xCD, 0x7C, 0x99, 0x44, 0x74, 0x44, 0x29, 0xFD, 0xBE, 0xFF, 0xE9, 0x79, 0x9E, 0xB8,
    0x99, 0x99, 0x9E, 0xDC, 0x73, 0x52, 0x22, 0x22, 0x44, 0x47, 0x9D, 0xCC, 0xCC, 0xCC, 0x99, 0x99,
    0x42, 0x22, 0xCF, 0x49, 0xF7, 0x67, 0x77, 0x44, 0x49, 0xDB, 0x9B, 0xB9, 0x98, 0x8A, 0xAE, 0xA8,
    0x99, 0x99, 0xBE, 0xDD, 0x76, 0x57, 0x9C, 0xCC, 0xC9, 0x77, 0x9D, 0xDD, 0xDD, 0xDC, 0xCC, 0xCC,
    0x22, 0x22, 0x9D, 0x29, 0xC7, 0x22, 0x24, 0x44, 0x79, 0xE9, 0x99, 0x99, 0x88, 0x88, 0xAA, 0x99,
    0x99, 0x99, 0xEF, 0xED, 0x98, 0x8A, 0xCC, 0xCC, 0x99, 0x77, 0x9D, 0xDD, 0xDD, 0xCC, 0xCC, 0xCC,
    0x22, 0x22, 0x79, 0x44, 0x97, 0x22, 0x22, 0x22, 0x24, 0xE9, 0x9B, 0x99, 0x99, 0x8A, 0xAA, 0x99,
    0x99, 0x9D, 0xFF, 0xED, 0x8A, 0x8A, 0x6C, 0xCC, 0x99, 0x97, 0x9D, 0xDD, 0xDD, 0xCC, 0xCC, 0xCC,
    0x22, 0x22, 0x47, 0x27, 0x97, 0x22, 0x22, 0x22, 0x22, 0xDD, 0x99, 0x99, 0x9B, 0xAB, 0xBA, 0x99,
    0x99, 0xBE, 0xFF, 0xEB, 0xAA, 0x8D, 0x86, 0x99, 0x99, 0x77, 0x9D, 0xDD, 0xDC, 0xCC, 0xCC, 0xCC,
    0x22, 0x22, 0x79, 0x9C, 0xE9, 0x22, 0x22, 0x22, 0x22, 0xCE, 0xDB, 0x9A, 0xAA, 0xBB, 0xBB, 0x99,
    0xBD, 0xDD, 0xEF, 0xD8, 0xB8, 0xBE, 0xA5, 0x44, 0x47, 0x47, 0x9C, 0xEE, 0xDD, 0xDD, 0xCC, 0xCC,
    0x22, 0x22, 0x22, 0x77, 0x74, 0x22, 0x22, 0x22, 0x22, 0xCF, 0xFE, 0xDB, 0xBD, 0xEE, 0xBB, 0xBD,
    0xDB, 0xBD, 0xEE, 0xB8, 0x8A, 0xEF, 0xE8, 0x62, 0x44, 0x23, 0x67, 0x9E, 0xFF, 0xFF, 0xFE, 0xEE,
    0x12, 0x22, 0x22, 0x22, 0x22, 0x22, 0x22, 0x22, 0x22, 0x7E, 0xFE, 0xEF, 0xEE, 0xEB, 0xB9, 0xBB,
    0xBB, 0xBE, 0xDC, 0xAA, 0xAB, 0xEE, 0xEA, 0x84, 0x44, 0x44, 0x47, 0x44, 0xCF, 0xFF, 0xEE, 0xEE,
    0x12, 0x22, 0x22, 0x22, 0x22, 0x22, 0x22, 0x29, 0x99, 0x7C, 0xFF, 0xEE, 0xDD, 0xDB, 0xBB, 0xBB,
    0xBB, 0xD9, 0x9B, 0xB8, 0x8E, 0xBB, 0xB8, 0x84, 0x67, 0x74, 0x36, 0x44, 0x49, 0xFE, 0xED, 0xDE,
    0x12, 0x24, 0x42, 0x22, 0x22, 0x22, 0x22, 0x22, 0x44, 0x49, 0xEF, 0xEF, 0xEE, 0xDD, 0xBB, 0xBB,
    0xB9, 0x77, 0xDB, 0xB8, 0xEE, 0x8A, 0xA5, 0xA3, 0x36, 0x64, 0x33, 0x43, 0x44, 0x9E, 0xEE, 0xDD,
    0x67, 0x79, 0xDD, 0x42, 0x22, 0x22, 0x22, 0x22, 0x22, 0x2B, 0xBB, 0xEC, 0xEE, 0xDD, 0xCB, 0xB9,
    0x44, 0x7D, 0xAB, 0xAE, 0xFA, 0x88, 0xA8, 0xD9, 0x22, 0x64, 0x46, 0x44, 0x44, 0x29, 0xED, 0xDD,
    0x67, 0x79, 0xCF, 0xE9, 0x22, 0x22, 0x22, 0x22, 0x22, 0x4B, 0xFA, 0xBE, 0x9C, 0xED, 0xDD, 0x42,
    0x47, 0xCB, 0xAA, 0x8F, 0xBA, 0xAA, 0xAA, 0xDC, 0x94, 0x22, 0x42, 0x33, 0x33, 0x44, 0xCF, 0xDD,
    0x67, 0x9C, 0xDE, 0xEF, 0xD4, 0x22, 0x22, 0x22, 0x22, 0x6B, 0xFE, 0x8A, 0xDC, 0xEE, 0xEF, 0x77,
    0x79, 0xEA, 0xAB, 0xFB, 0x8A, 0xAE, 0xBE, 0xDD, 0xC9, 0x44, 0x44, 0x44, 0x46, 0x42, 0x4D, 0xDD,
    0x67, 0x9C, 0xDF, 0xEE, 0xEE, 0x92, 0x22, 0x22, 0x27, 0xAA, 0xFF, 0xA5, 0x8B, 0xEF, 0xFE, 0x79,
    0x9E, 0xEB, 0xBF, 0xBA, 0x88, 0xAE, 0xEE, 0x9E, 0xD9, 0x77, 0x34, 0x64, 0x33, 0x33, 0x39, 0xED,
    0x69, 0xCC, 0xCF, 0xEE, 0xED, 0xED, 0x42, 0x22, 0x4D, 0xBA, 0xEF, 0xEB, 0x88, 0x8A, 0xBB, 0xDE,
    0xBE, 0xEE, 0xBB, 0xA8, 0x8A, 0xBE, 0xBD, 0x9E, 0xDC, 0x97, 0x77, 0x77, 0x76, 0x66, 0x47, 0xDD,
    0x6C, 0xCC, 0xCF, 0xFF, 0xFE, 0xDD, 0xE9, 0x27, 0xDF, 0xE8, 0xBF, 0xEF, 0xEB, 0xBA, 0xAB, 0xBE,
    0xAE, 0xFB, 0x9B, 0xA8, 0x58, 0xEB, 0xBE, 0x9E, 0xDD, 0xC9, 0x99, 0x77, 0x74, 0x77, 0x76, 0xCD,
    0x7C, 0xCC, 0xCD, 0x99, 0x9D, 0xEE, 0xDC, 0x9E, 0xFE, 0xEA, 0xBF, 0xEB, 0xBB, 0xAA, 0xAA, 0xAB,
    0xBD, 0xAA, 0xEB, 0xA8, 0x8B, 0xE8, 0xEF, 0x9E, 0xDD, 0xCC, 0x99, 0x99, 0x42, 0x11, 0x22, 0x9D,
    0xCD, 0xDD, 0xC6, 0x44, 0x44, 0x9C, 0xC9, 0xEF, 0xFE, 0xFB, 0xEF, 0xFB, 0xAA, 0xAA, 0xAB, 0xBB,
    0x88, 0xEF, 0xBA, 0xAA, 0xAF, 0x8A, 0xFE, 0x9E, 0xDC, 0xCC, 0xC9, 0x99, 0x94, 0x22, 0x11, 0x9D,
    0xCD, 0xDC, 0x74, 0x33, 0x34, 0x49, 0xDE, 0xEF, 0xEF, 0xFE, 0xEF, 0xFF, 0xFF, 0xBB, 0xBA, 0x8A,
    0xEF, 0xFB, 0x88, 0x88, 0xEA, 0x8E, 0xFD, 0x7E, 0xDD, 0xDD, 0xC9, 0x99, 0x99, 0x99, 0x94, 0x7D,
    0x9D, 0xC4, 0x44, 0x66, 0x66, 0x9E, 0xEE, 0xEF, 0xEF, 0xFE, 0x8E, 0xFF, 0xE8, 0x8A, 0xBB, 0xEF,
    0xEC, 0xFA, 0xAA, 0x88, 0xB5, 0xAE, 0xFB, 0x7F, 0xDD, 0xDD, 0xCC, 0x99, 0x99, 0x9D, 0xE9, 0x9D,
    0x9C, 0x76, 0x67, 0x77, 0x79, 0xED, 0xEE, 0xFE, 0xEF, 0xFB, 0x8B, 0xEB, 0x8E, 0xFF, 0xFF, 0xBC,
    0x7D, 0xBA, 0xAA, 0x8B, 0x88, 0xBF, 0xFB, 0x7F, 0xDE, 0xDD, 0xCC, 0x99, 0x99, 0xCD, 0xCC, 0xCC,
    0x77, 0x79, 0x97, 0x47, 0x9C, 0xDD, 0xEE, 0xFD, 0xEF, 0xFB, 0x8A, 0x88, 0xEF, 0xEA, 0xAF, 0xB9,
    0x9B, 0x8A, 0xAA, 0xFE, 0x5A, 0xEF, 0xEA, 0x7F, 0xDE, 0xDD, 0xCC, 0x99, 0x99, 0xDD, 0xCD, 0xDC,
    0x69, 0x97, 0x77, 0x9C, 0xDC, 0xDD, 0xDE, 0xED, 0xEE, 0xFB, 0x88, 0xBF, 0xEB, 0xEA, 0xAB, 0xB9,
    0x98, 0xBB, 0xBF, 0xF5, 0x8B, 0xFE, 0xE9, 0x7F, 0xEE, 0xDD, 0xDC, 0xC9, 0x99, 0xDC, 0xCE, 0xCD,
    0x69, 0x97, 0x9D, 0xCC, 0xCC, 0xDD, 0xDE, 0xBD, 0xEE, 0xEB, 0x5B, 0xFB, 0xEB, 0xAA, 0xAB, 0xB9,
    0x68, 0xBE, 0xFB, 0x58, 0xBE, 0xFE, 0xE9, 0x6F, 0xEE, 0xED, 0xDC, 0xCC, 0x9C, 0xC9, 0xCE, 0xCD,
    0x79, 0x97, 0xDD, 0xCD, 0xDD, 0xCD, 0xEE, 0xCD, 0xDE, 0xFA, 0x5F, 0xE8, 0xAB, 0xAA, 0xAE, 0xAA,
    0x8D, 0xEE, 0x85, 0x8B, 0xBF, 0xED, 0xDA, 0x7F, 0xFE, 0xEE, 0xDD, 0xC9, 0x9C, 0x99, 0xDE, 0xDD,
    0x79, 0xC9, 0xED, 0xCD, 0xDD, 0xDD, 0xFC, 0xDC, 0xCD, 0xFA, 0xAF, 0xBA, 0xAA, 0x88, 0xBF, 0xA8,
    0xAF, 0xB5, 0x8A, 0xBB, 0xEE, 0xDD, 0xC9, 0x8F, 0xFF, 0xEE, 0xDD, 0xDC, 0x99, 0x99, 0xDE, 0xDD,
    0x99, 0xDE, 0xED, 0xDD, 0xDD, 0xDE, 0xBC, 0xCC, 0xDD, 0xF8, 0xEF, 0xAB, 0x8A, 0x8A, 0xBF, 0xAA,
    0xFB, 0x58, 0xAB, 0xBD, 0xFD, 0xCC, 0xCC, 0x6C, 0xFF, 0xEE, 0xED, 0xDC, 0xC9, 0x99, 0xCD, 0xDD,
    0xCC, 0xEE, 0xED, 0xDD, 0xDC, 0xDB, 0xBD, 0xCD, 0xDD, 0xFB, 0xFE, 0x8A, 0xAA, 0xA8, 0xEF, 0xAF,
    0xB5, 0x8A, 0xBB, 0xBF, 0xED, 0xCC, 0xDC, 0xA3, 0xFF, 0xFF, 0xED, 0xCC, 0xC9, 0x99, 0xCD, 0xDD,
    0x99, 0xFE, 0xFD, 0xDD, 0xCD, 0xD9, 0xCC, 0xCD, 0xCD, 0xFE, 0xBA, 0xA8, 0xA8, 0xAB, 0xEB, 0xEF,
    0x5A, 0xEB, 0xBB, 0xFE, 0xCB, 0xDC, 0xCD, 0xD8, 0x7F, 0xFF, 0xEE, 0xDC, 0xC9, 0x99, 0xCD, 0xDD,
    0x79, 0xFE, 0xFD, 0xDC, 0xCE, 0x99, 0xCC, 0xBC, 0xBC, 0xFF, 0xEB, 0xA8, 0xAA, 0xAE, 0xAA, 0xF8,
    0xEE, 0xAB, 0xEF, 0xFD, 0xCB, 0xCC, 0xCD, 0xDD, 0x69, 0xFE, 0xDE, 0xDC, 0xC9, 0x9C, 0xCD, 0xDD,
    0x7C, 0xFE, 0xFE, 0xDC, 0xEB, 0x7C, 0xC9, 0xBB, 0x9C, 0xFF, 0xBF, 0xAA, 0xAA, 0x8B, 0xFA, 0xBE,
    0xBA, 0xBE, 0xFF, 0xFC, 0xCB, 0xBD, 0xDC, 0xCC, 0xB5, 0xEF, 0xDD, 0xDC, 0x99, 0x9C, 0xCD, 0xDD,
    0x79, 0xFE, 0xEE, 0xCD, 0xE8, 0xCD, 0xC9, 0xBB, 0x9D, 0xFF, 0xBE, 0xAA, 0xBA, 0x8E, 0xEA, 0xEB,
    0xBF, 0xFF, 0xFF, 0xFC, 0xBB, 0xBB, 0xDC, 0xCB, 0xCB, 0x3E, 0xED, 0xDC, 0x99, 0xCC, 0xCD, 0xDD,
    0x79, 0xFF, 0xEF, 0xCF, 0xA9, 0xC9, 0xBB, 0xBB, 0xCF, 0xFF, 0xBE, 0xAA, 0xAA, 0x8F, 0xBE, 0xFF,
    0xFE, 0xFF, 0xFF, 0xEC, 0xBC, 0xCC, 0xDD, 0xCC, 0xCD, 0x86, 0xEC, 0xCC, 0x99, 0xCC, 0xCD, 0xDD,
    0x7C, 0xFE, 0xFE, 0xEB, 0x9D, 0xCC, 0xCB, 0xBC, 0xCF, 0xFF, 0xEE, 0xB8, 0x8A, 0xDF, 0xBF, 0xFF,
    0x9E, 0xFE, 0xFF, 0xCC, 0xCB, 0xDD, 0xDD, 0xCD, 0xDC, 0xD8, 0x7D, 0xCC, 0x99, 0xCC, 0xCC, 0xDD,
    0x7C, 0xFD, 0xFE, 0xD8, 0xCC, 0xCC, 0xD9, 0x9C, 0x9F, 0xFD, 0xFB, 0xE8, 0xAA, 0xAA, 0xEF, 0x99,
    0x9F, 0xFE, 0xFF, 0xCD, 0xCD, 0xDC, 0xCC, 0xCC, 0xED, 0xEE, 0x69, 0xDC, 0x99, 0xCC, 0xCC, 0xDD,
    0x7E, 0xFD, 0xFE, 0xB9, 0xDC, 0xC9, 0xCC, 0xCC, 0x9F, 0xFD, 0xFB, 0xBB, 0xAA, 0xEB, 0xD9, 0x79,
    0xCF, 0xED, 0xFF, 0xCD, 0xDD, 0xCC, 0xCD, 0xDC, 0xDE, 0xEE, 0x99, 0xDC, 0x99, 0xCC, 0xDD, 0xDD,
    0x9F, 0xFD, 0xFE, 0xBC, 0xDD, 0xCC, 0xCC, 0xC9, 0xCF, 0xFD, 0xFB, 0xAE, 0xBA, 0xFB, 0xC7, 0x99,
    0xFE, 0xCD, 0xFF, 0xCC, 0xCC, 0xCC, 0xCD, 0xDC, 0xDD, 0xCD, 0x8C, 0xDD, 0xCC, 0xCC, 0xDD, 0xDD,
    0x9F, 0xFE, 0xFE, 0xBC, 0xDD, 0xCC, 0xCC, 0xC9, 0xDF, 0xED, 0xDF, 0xAE, 0xAA, 0xEB, 0xC7, 0x9D,
    0xFD, 0xDE, 0xFF, 0xCC, 0xCC, 0xCD, 0xBE, 0xDC, 0xDC, 0xCC, 0xAE, 0xDE, 0xCC, 0xCC, 0xDD, 0xCD,
    0xCF, 0xFE, 0xFE, 0xDC, 0xDC, 0xDD, 0xCC, 0xCC, 0xEF, 0xED, 0xDE, 0xFE, 0xAE, 0xBB, 0x97, 0x9F,
    0xED, 0xDE, 0xFF, 0xDC, 0xCC, 0xDD, 0xBB, 0xED, 0xDD, 0xD9, 0xBE, 0xDE, 0xDC, 0xDC, 0xCD, 0xDD,
};

static const uint8_t coup_animdata_ambassador_f07[3072] = {
    0x67, 0x63, 0x77, 0x77, 0x77, 0x77, 0x77, 0x77, 0x77, 0x77, 0x77, 0x77, 0x77, 0x77, 0x77, 0x77,
    0x77, 0x77, 0x77, 0x77, 0x77, 0x77, 0x77, 0x77, 0x77, 0x77, 0x11, 0x11, 0x17, 0x97, 0x77, 0x77,
    0x76, 0x37, 0x77, 0x77, 0x77, 0x77, 0x77, 0x77, 0x77, 0x77, 0x77, 0x77, 0x77, 0x77, 0x77, 0x77,
    0x77, 0x77, 0x77, 0x77, 0x77, 0x77, 0x77, 0x77, 0x77, 0x77, 0x71, 0x11, 0x79, 0x77, 0x77, 0x77,
    0x73, 0x67, 0x77, 0x77, 0x77, 0x77, 0x77, 0x77, 0x77, 0x77, 0x77, 0x77, 0x77, 0x77, 0x77, 0x77,
    0x77, 0x77, 0x77, 0x77, 0x77, 0x77, 0x77, 0x77, 0x77, 0x77, 0x76, 0x16, 0x97, 0x77, 0x77, 0x77,
    0x66, 0x77, 0x77, 0x77, 0x77, 0x77, 0x77, 0x77, 0x77, 0x77, 0x76, 0x77, 0x77, 0x77, 0x77, 0x77,
    0x77, 0x77, 0x77, 0x77, 0x77, 0x77, 0x77, 0x77, 0x77, 0x77, 0x77, 0x69, 0x77, 0x77, 0x77, 0x77,
    0x77, 0x77, 0x77, 0x77, 0xB9, 0x77, 0x77, 0x77, 0x77, 0x77, 0x66, 0x76, 0x67, 0x76, 0x66, 0x76,
    0x77, 0x77, 0x77, 0x76, 0x67, 0x77, 0x77, 0x77, 0x77, 0x77, 0x77, 0x97, 0x77, 0x77, 0x77, 0x77,
    0x77, 0x77, 0x77, 0x77, 0x99, 0x63, 0x67, 0x77, 0x77, 0x66, 0x66, 0x66, 0x66, 0x66, 0x66, 0x76,
    0x66, 0x66, 0x66, 0x66, 0x67, 0x77, 0x77, 0x77, 0x77, 0x77, 0x77, 0x77, 0x77, 0x77, 0x77, 0x77,
    0x67, 0x77, 0x76, 0x79, 0x79, 0x78, 0x23, 0x66, 0x66, 0x66, 0x66, 0x66, 0x66, 0x66, 0x66, 0x66,
    0x66, 0x66, 0x66, 0x66, 0x66, 0x66, 0x76, 0x77, 0x77, 0x77, 0x67, 0x37, 0x77, 0x77, 0x77, 0x77,
    0x67, 0x77, 0x66, 0x66, 0x7B, 0xAA, 0xA8, 0x76, 0x66, 0x66, 0x66, 0x66, 0x66, 0x66, 0x66, 0x66,
    0x66, 0x66, 0x66, 0x66, 0x66, 0x66, 0x67, 0x67, 0x66, 0x76, 0x76, 0x13, 0x77, 0x77, 0x77, 0x77,
    0x67, 0x66, 0x66, 0x66, 0x79, 0x99, 0x97, 0x97, 0x76, 0x66, 0x66, 0x66, 0x66, 0x66, 0x66, 0x66,
    0x66, 0x66, 0x66, 0x66, 0x66, 0x67, 0x36, 0x76, 0x66, 0x67, 0x61, 0x11, 0x67, 0x67, 0x76, 0x77,
    0x77, 0x66, 0x66, 0x66, 0x66, 0x66, 0x66, 0x66, 0x66, 0x66, 0x66, 0x66, 0x66, 0x66, 0x66, 0x66,
    0x66, 0x66, 0x66, 0x66, 0x66, 0x67, 0x61, 0x77, 0x66, 0x67, 0x51, 0x63, 0x16, 0x76, 0x76, 0x75,
    0x67, 0x66, 0x66, 0x66, 0x66, 0x66, 0x66, 0x66, 0x66, 0x66, 0x66, 0x66, 0x66, 0x66, 0x66, 0x66,
    0x66, 0x66, 0x66, 0x66, 0x66, 0x67, 0x61, 0x37, 0x66, 0x75, 0x16, 0x97, 0x11, 0x77, 0x67, 0x31,
    0x67, 0x66, 0x66, 0x76, 0x66, 0x66, 0x66, 0x66, 0x66, 0x66, 0x66, 0x66, 0x66, 0x66, 0x66, 0x33,
    0x53, 0x66, 0x66, 0x66, 0x66, 0x67, 0x61, 0x13, 0x66, 0x31, 0x69, 0x79, 0x61, 0x17, 0x66, 0x11,
    0x66, 0x66, 0x66, 0x66, 0x66, 0x66, 0x66, 0x66, 0x66, 0x66, 0x66, 0x66, 0x66, 0x66, 0x35, 0x55,
    0x55, 0x53, 0x66, 0x66, 0x66, 0x67, 0x61, 0x16, 0x76, 0x61, 0x37, 0x67, 0x61, 0x37, 0x66, 0x11,
    0x66, 0x66, 0x66, 0x66, 0x66, 0x66, 0x66, 0x66, 0x66, 0x66, 0x66, 0x66, 0x66, 0x31, 0x55, 0x55,
    0x55, 0x55, 0x56, 0x66, 0x66, 0x66, 0x61, 0x69, 0x66, 0x76, 0x13, 0x96, 0x13, 0x97, 0x67, 0x61,
    0x66, 0x66, 0x66, 0x66, 0x66, 0x66, 0x66, 0x66, 0x66, 0x66, 0x66, 0x66, 0x11, 0x15, 0x55, 0x55,
    0x55, 0x55, 0x55, 0x66, 0x66, 0x66, 0x33, 0x96, 0x66, 0x67, 0x31, 0x31, 0x17, 0x76, 0x66, 0x76,
    0x66, 0x66, 0x66, 0x66, 0x66, 0x66, 0x66, 0x66, 0x66, 0x66, 0x63, 0x11, 0x11, 0x55, 0x55, 0x55,
    0x55, 0x55, 0x55, 0x56, 0x66, 0x66, 0x67, 0x66, 0x66, 0x66, 0x71, 0x11, 0x77, 0x66, 0x66, 0x67,
    0x66, 0x66, 0x66, 0x66, 0x66, 0x66, 0x66, 0x44, 0x66, 0x63, 0x35, 0x55, 0x55, 0x55, 0x55, 0x55,
    0x55, 0x55, 0x55, 0x55, 0x36, 0x66, 0x66, 0x46, 0x66, 0x64, 0x77, 0x16, 0x76, 0x66, 0x66, 0x66,
    0x66, 0x67, 0x99, 0x97, 0x64, 0x33, 0x34, 0x44, 0x66, 0x11, 0x55, 0x55, 0x55, 0x55, 0x55, 0x55,
    0x55, 0x55, 0x55, 0x55, 0x55, 0x64, 0x34, 0x66, 0x46, 0x66, 0x47, 0x77, 0x66, 0x66, 0x66, 0x66,
    0x66, 0x69, 0x9B, 0x97, 0x94, 0x33, 0x33, 0x33, 0x41, 0x15, 0x55, 0x55, 0x55, 0x55, 0x55, 0x55,
    0x55, 0x55, 0x55, 0x55, 0x55, 0x54, 0x34, 0x44, 0x44, 0x44, 0x44, 0x66, 0x66, 0x66, 0x66, 0x66,
    0x66, 0x34, 0x47, 0x97, 0x76, 0x64, 0x44, 0x44, 0x15, 0x55, 0x55, 0x55, 0x55, 0x55, 0x55, 0x55,
    0x55, 0x55, 0x55, 0x55, 0x55, 0x53, 0x44, 0x44, 0x44, 0x44, 0x64, 0x44, 0x66, 0x66, 0x66, 0x66,
    0x34, 0x34, 0x33, 0x33, 0x33, 0x33, 0x44, 0x43, 0x55, 0x55, 0x55, 0x55, 0x55, 0x55, 0x55, 0x55,
    0x55, 0x55, 0x55, 0x55, 0x55, 0x55, 0x34, 0x34, 0x44, 0x44, 0x46, 0x66, 0x44, 0x66, 0x64, 0x66,
    0x34, 0x33, 0x33, 0x33, 0x34, 0x34, 0x44, 0x31, 0x55, 0x55, 0x55, 0x55, 0x55, 0x55, 0x55, 0x55,
    0x55, 0x55, 0x55, 0x55, 0x55, 0x55, 0x53, 0x33, 0x44, 0x44, 0x46, 0x16, 0x64, 0x66, 0x66, 0x66,
    0x34, 0x33, 0x33, 0x33, 0x33, 0x33, 0x33, 0x11, 0x55, 0x55, 0x55, 0x55, 0x55, 0x55, 0x55, 0x55,
    0x55, 0x55, 0x55, 0x55, 0x88, 0x88, 0x55, 0x33, 0x33, 0x44, 0x65, 0x11, 0x66, 0x66, 0x66, 0x66,
    0x33, 0x33, 0x33, 0x33, 0x33, 0x33, 0x34, 0x15, 0x55, 0x55, 0x55, 0x55, 0x55, 0x55, 0x55, 0x55,
    0x55, 0x55, 0x55, 0x55, 0x88, 0x88, 0x85, 0x34, 0x33, 0x34, 0x11, 0x11, 0x16, 0x66, 0x66, 0x66,
    0x33, 0x33, 0x33, 0x33, 0x33, 0x33, 0x39, 0xA5, 0x55, 0x55, 0x55, 0x55, 0x55, 0x55, 0x55, 0x55,
    0x55, 0x55, 0x55, 0x55, 0x88, 0x8A, 0xA8, 0x53, 0x33, 0x43, 0x66, 0x66, 0x66, 0x64, 0x44, 0x44,
    0x33, 0x33, 0x33, 0x33, 0x33, 0x33, 0x4A, 0xAA, 0xA8, 0x85, 0x55, 0x55, 0x55, 0x55, 0x55, 0x55,
    0x55, 0x55, 0x55, 0x55, 0x88, 0xAA, 0xAA, 0x53, 0x33, 0x34, 0x67, 0x36, 0x77, 0x43, 0x33, 0x33,
    0x33, 0x33, 0x33, 0x33, 0x33, 0x33, 0x68, 0xAA, 0xAA, 0x88, 0x55, 0x55, 0x55, 0x55, 0x55, 0x55,
    0x55, 0x55, 0x55, 0x55, 0x88, 0xAA, 0xAA, 0x85, 0x33, 0x33, 0x43, 0x11, 0x63, 0x33, 0x33, 0x33,
    0x33, 0x33, 0x33, 0x33, 0x33, 0x34, 0x55, 0xAB, 0xBA, 0xA8, 0x88, 0x55, 0x55, 0x55, 0x55, 0x55,
    0x55, 0x55, 0x55, 0x88, 0x88, 0x8A, 0xBA, 0xA5, 0x32, 0x34, 0x31, 0x11, 0x34, 0x22, 0x22, 0x22,
    0x33, 0x33, 0x33, 0x33, 0x33, 0x37, 0xB8, 0x88, 0xAB, 0xB8, 0x85, 0x85, 0x55, 0x55, 0x55, 0x55,
    0x55, 0x55, 0x55, 0x58, 0x88, 0xAA, 0xBB, 0xB8, 0x52, 0x33, 0x33, 0x33, 0x16, 0x42, 0x32, 0x22,
    0x34, 0x33, 0x34, 0x43, 0x33, 0x37, 0xB8, 0x85, 0x58, 0xAB, 0xA8, 0x55, 0x85, 0x55, 0x55, 0x55,
    0x55, 0x55, 0x55, 0x88, 0x8A, 0xAA, 0xBB, 0xB8, 0x52, 0x26, 0x77, 0x77, 0x77, 0x42, 0x32, 0x22,
    0x34, 0x33, 0x44, 0x43, 0x43, 0x24, 0xB8, 0x88, 0x55, 0x88, 0xEE, 0xB8, 0x55, 0x55, 0x55, 0x55,
    0x55, 0x85, 0x88, 0x88, 0x8A, 0xAA, 0xBB, 0xAA, 0x53, 0x22, 0x32, 0x22, 0x22, 0x22, 0x23, 0x32,
    0x34, 0x34, 0x33, 0x44, 0x44, 0x24, 0xA8, 0x88, 0x55, 0x8B, 0xBB, 0xEE, 0xA5, 0x55, 0x55, 0x55,
    0x55, 0x58, 0x88, 0x88, 0xAA, 0xAA, 0xAB, 0xAA, 0x53, 0x22, 0x22, 0x12, 0x22, 0x22, 0x22, 0x22,
    0x34, 0x32, 0x33, 0x44, 0x44, 0x24, 0xA8, 0xA8, 0x58, 0xBD, 0x99, 0x99, 0xBB, 0x85, 0x55, 0x55,
    0x55, 0x58, 0x88, 0x88, 0xAA, 0xAB, 0xBB, 0xBA, 0x83, 0x22, 0x22, 0x22, 0x22, 0x22, 0x22, 0x22,
    0x34, 0x22, 0x24, 0x32, 0x24, 0x24, 0xA8, 0xA8, 0xAA, 0xBB, 0x99, 0x98, 0x88, 0xBB, 0x55, 0x55,
    0x55, 0x58, 0x88, 0x88, 0xAA, 0xAB, 0xEB, 0xBA, 0x82, 0x22, 0x22, 0x22, 0x21, 0x22, 0x22, 0x22,
    0x44, 0x22, 0x22, 0x42, 0x22, 0x42, 0x9A, 0xAA, 0x8A, 0xBB, 0x99, 0x78, 0x86, 0x69, 0xBA, 0x55,
    0x58, 0x88, 0x88, 0x8A, 0x8A, 0xAB, 0xEE, 0xAA, 0x52, 0x22, 0x22, 0x22, 0x22, 0x22, 0x22, 0x22,
    0x34, 0x44, 0x22, 0x22, 0x22, 0x22, 0x6B, 0xAA, 0xBA, 0xB9, 0x99, 0x78, 0x88, 0x86, 0x9B, 0x98,
    0x58, 0x88, 0x88, 0x8A, 0xAA, 0xAB, 0xEE, 0xAA, 0x32, 0x22, 0x22, 0x22, 0x22, 0x22, 0x22, 0x22,
    0x34, 0x22, 0x22, 0x22, 0x22, 0x22, 0x2B, 0xAB, 0xAB, 0xB9, 0x99, 0x99, 0x88, 0x8B, 0xDB, 0x9B,
    0xA8, 0x88, 0x88, 0x8A, 0xAB, 0xBB, 0xEE, 0xA8, 0x32, 0x22, 0x22, 0x22, 0x21, 0x22, 0x22, 0x22,
    0x22, 0x22, 0x22, 0x22, 0x22, 0x22, 0x2B, 0xBB, 0xBB, 0x9B, 0xB7, 0x99, 0x9B, 0xEF, 0xEE, 0x77,
    0xBB, 0x88, 0xA8, 0x8A, 0xAA, 0xEB, 0xAE, 0xA5, 0x22, 0x22, 0x22, 0x22, 0x22, 0x22, 0x22, 0x22,
    0x22, 0x22, 0x22, 0x22, 0x22, 0x22, 0x2C, 0xEA, 0xED, 0x99, 0x97, 0x9E, 0xEF, 0xFF, 0xED, 0x96,
    0x9B, 0xBA, 0xAA, 0x8A, 0xAA, 0xBE, 0xAA, 0xB6, 0x22, 0x22, 0x22, 0x22, 0x22, 0x22, 0x22, 0x22,
    0x22, 0x22, 0x22, 0x22, 0x22, 0x22, 0x27, 0xEB, 0xFF, 0xFF, 0xD9, 0x9E, 0xFF, 0xFF, 0xDB, 0x97,
    0x79, 0x9B, 0xAA, 0xAA, 0xBA, 0xAE, 0xEA, 0xA6, 0x22, 0x22, 0x22, 0x22, 0x22, 0x22, 0x22, 0x22,
    0x22, 0x22, 0x22, 0x22, 0x22, 0x22, 0x22, 0xDE, 0xFE, 0xFF, 0xFE, 0xBB, 0xFF, 0xFE, 0xCF, 0xEB,
    0x78, 0x9B, 0xBA, 0xAA, 0xBE, 0xBA, 0xFA, 0xA4, 0x22, 0x22, 0x22, 0x22, 0x22, 0x22, 0x22, 0x22,
    0x22, 0x22, 0x22, 0x22, 0x22, 0x22, 0x22, 0x9F, 0xBB, 0xEE, 0xFE, 0x9B, 0xEF, 0xFD, 0x9F, 0xCB,
    0xB8, 0x99, 0xBB, 0xBA, 0xBE, 0xEB, 0xEA, 0xA2, 0x22, 0x22, 0x22, 0x22, 0x22, 0x22, 0x22, 0x22,
    0x22, 0x22, 0x22, 0x22, 0x22, 0x22, 0x21, 0x7E, 0xDF, 0xCC, 0xF9, 0x7A, 0xEF, 0xED, 0xBB, 0x97,
    0x9B, 0x99, 0x9C, 0xEA, 0xAE, 0xEE, 0xAB, 0x72, 0x22, 0x22, 0x22, 0x22, 0x22, 0x22, 0x22, 0x22,
    0x22, 0x22, 0x22, 0x22, 0x22, 0x22, 0x22, 0x4E, 0xFD, 0xEE, 0xF9, 0x8A, 0xBE, 0xED, 0xB9, 0x99,
    0x99, 0xB9, 0x99, 0xEE, 0xAE, 0xEE, 0xAA, 0x42, 0x22, 0x22, 0x22, 0x22, 0x22, 0x22, 0x22, 0x22,
    0x22, 0x22, 0x22, 0x22, 0x22, 0x22, 0x22, 0x2C, 0xFB, 0x9E, 0xE7, 0x89, 0x99, 0x9B, 0xB9, 0x77,
    0x9B, 0xB9, 0x99, 0xBF, 0xBB, 0xEB, 0xB8, 0x22, 0x22, 0x22, 0x22, 0x22, 0x22, 0x22, 0x22, 0x22,
    0x22, 0x22, 0x22, 0x22, 0x22, 0x22, 0x22, 0x22, 0xD9, 0x9D, 0xD7, 0x88, 0xBB, 0x79, 0x97, 0x66,
    0x99, 0x99, 0x99, 0x9F, 0xFA, 0xEB, 0xA6, 0x22, 0x22, 0x22, 0x22, 0x22, 0x22, 0x22, 0x22, 0x22,
    0x22, 0x22, 0x22, 0x22, 0x22, 0x22, 0x22, 0x22, 0x99, 0x9D, 0xB3, 0x68, 0x9B, 0x97, 0x97, 0x66,
    0x67, 0x79, 0x97, 0x9F, 0xFE, 0xBB, 0xA4, 0x22, 0x22, 0x22, 0x22, 0x22, 0x22, 0x22, 0x22, 0x22,
    0x22, 0x22, 0x22, 0x22, 0x22, 0x22, 0x22, 0x22, 0x79, 0x9C, 0xB2, 0x37, 0x67, 0xE9, 0x98, 0x88,
    0x87, 0x79, 0x97, 0x9D, 0xEF, 0xBA, 0x82, 0x42, 0x22, 0x24, 0x42, 0x22, 0x22, 0x22, 0x22, 0x22,
    0x22, 0x22, 0x22, 0x22, 0x22, 0x22, 0x22, 0x22, 0x79, 0x99, 0xD9, 0x9B, 0xB9, 0xFB, 0x99, 0x88,
    0x87, 0x79, 0x99, 0x99, 0xFF, 0xEA, 0x42, 0x44, 0x22, 0x24, 0x97, 0x73, 0x44, 0x44, 0x24, 0x22,
    0x22, 0x22, 0x22, 0x22, 0x22, 0x22, 0x22, 0x22, 0x7B, 0x99, 0xFF, 0xBE, 0xFD, 0xBB, 0x9A, 0x98,
    0x88, 0x99, 0x99, 0x99, 0xFB, 0xB7, 0x24, 0x44, 0x44, 0x44, 0xBC, 0x96, 0x77, 0x44, 0x77, 0x44,
    0x22, 0x24, 0x42, 0x44, 0x42, 0x22, 0x42, 0x21, 0x7B, 0x7C, 0xFF, 0xED, 0xB9, 0x9B, 0xB8, 0x98,
    0x88, 0x99, 0x99, 0x99, 0xBB, 0x97, 0x77, 0x44, 0x44, 0x4C, 0xC9, 0xBB, 0xA7, 0x79, 0x94, 0x11,
    0x22, 0x22, 0x22, 0x22, 0x42, 0x22, 0x22, 0x22, 0x7B, 0x9D, 0xEE, 0x9B, 0xB9, 0x99, 0xBA, 0x88,
    0x89, 0x99, 0x99, 0x99, 0xBD, 0x92, 0x47, 0x47, 0x42, 0x7C, 0xCC, 0x96, 0x67, 0x9C, 0x77, 0x42,
    0x42, 0x21, 0x49, 0x32, 0x72, 0x42, 0x22, 0x24, 0x49, 0x9E, 0xB9, 0x79, 0x9B, 0xCC, 0x98, 0x89,
    0x99, 0x9A, 0x99, 0x9B, 0x99, 0x42, 0x46, 0x44, 0x44, 0x69, 0xDD, 0xC9, 0x9B, 0xBB, 0xB8, 0x99,
    0x24, 0x22, 0x4C, 0x27, 0x97, 0x44, 0x44, 0x44, 0x29, 0xEF, 0xED, 0xDD, 0xEF, 0xFF, 0xEA, 0x88,
    0x89, 0x99, 0x99, 0xBF, 0xD9, 0x47, 0x77, 0x44, 0x44, 0x44, 0x9E, 0xDD, 0xED, 0xDD, 0xDC, 0xCC,
    0x44, 0x44, 0x7D, 0x9C, 0xFC, 0x44, 0x24, 0x44, 0x29, 0xFF, 0xFD, 0xFE, 0xBE, 0xFF, 0xFE, 0x98,
    0x99, 0x99, 0x99, 0xBF, 0xC4, 0x72, 0x22, 0x22, 0x22, 0x79, 0xDD, 0xDD, 0xCB, 0xBC, 0x99, 0x74,
    0x62, 0x44, 0x9E, 0xCC, 0xEC, 0x22, 0x24, 0x74, 0x4D, 0xFF, 0xD9, 0x9B, 0xBB, 0x9B, 0xEF, 0xB8,
    0x99, 0x99, 0x9B, 0xEE, 0x41, 0x79, 0x72, 0x22, 0x22, 0x44, 0x47, 0x74, 0x74, 0x44, 0x22, 0x22,
    0x77, 0x42, 0x7E, 0xCC, 0xC9, 0x44, 0x24, 0x44, 0x29, 0xFF, 0xBE, 0xFF, 0xF9, 0x79, 0xBF, 0xB8,
    0x99, 0x99, 0x9E, 0xEC, 0x43, 0x54, 0x42, 0x22, 0x22, 0x22, 0x79, 0x97, 0x77, 0x74, 0x44, 0x47,
    0x44, 0x44, 0x6F, 0x97, 0xDC, 0x67, 0x77, 0x44, 0x44, 0xED, 0x9B, 0xED, 0xB9, 0x89, 0x9E, 0xA8,
    0x99, 0x99, 0xBE, 0xCC, 0x43, 0x52, 0x47, 0x79, 0x99, 0x79, 0xDE, 0xED, 0xDD, 0xDC, 0xCC, 0xCC,
    0x22, 0x22, 0x4E, 0x94, 0xD9, 0x44, 0x46, 0x44, 0x77, 0xEB, 0x99, 0x99, 0x78, 0x88, 0xAB, 0x98,
    0x99, 0x99, 0xEF, 0xEC, 0x78, 0x5C, 0xDC, 0xCC, 0x99, 0x77, 0xCD, 0xDD, 0xDD, 0xCC, 0xCC, 0xCC,
    0x22, 0x22, 0x2C, 0x92, 0x99, 0x22, 0x22, 0x22, 0x24, 0xDB, 0x99, 0xB9, 0x98, 0x88, 0xAA, 0x99,
    0x99, 0x9B, 0xFF, 0xEC, 0x78, 0x8A, 0x9C, 0xCC, 0x99, 0x77, 0xCD, 0xDD, 0xDD, 0xCC, 0xCC, 0xCC,
    0x22, 0x22, 0x27, 0x74, 0x79, 0x22, 0x22, 0x22, 0x22, 0xCD, 0x99, 0xB9, 0x99, 0xAA, 0xAA, 0x99,
    0x99, 0x9E, 0xFF, 0xEB, 0xAA, 0x8B, 0x69, 0xC9, 0x99, 0x97, 0xCD, 0xDD, 0xCC, 0xCC, 0xCC, 0xCC,
    0x22, 0x22, 0x29, 0x47, 0xCC, 0x22, 0x22, 0x22, 0x21, 0x9E, 0xB9, 0x99, 0x9B, 0xBB, 0xBB, 0x99,
    0x9B, 0xEE, 0xEF, 0xD8, 0xB8, 0xBE, 0x83, 0x74, 0x77, 0x77, 0xCE, 0xDD, 0xDC, 0xCC, 0xCC, 0xCC,
    0x22, 0x22, 0x24, 0x79, 0xC9, 0x42, 0x22, 0x22, 0x42, 0x9F, 0xFE, 0xBA, 0xAB, 0xBE, 0xBB, 0xBD,
    0xDD, 0xCD, 0xFE, 0xB8, 0x88, 0xEF, 0xA5, 0x42, 0x44, 0x44, 0x79, 0xDF, 0xFF, 0xFE, 0xED, 0xDD,
    0x12, 0x22, 0x22, 0x22, 0x22, 0x22, 0x22, 0x22, 0x22, 0x4E, 0xFE, 0xEE, 0xEF, 0xED, 0xB9, 0xBD,
    0xBB, 0xBE, 0xEC, 0xAA, 0xAB, 0xEE, 0xE8, 0x74, 0x42, 0x33, 0x64, 0x4C, 0xFF, 0xFF, 0xEE, 0xEE,
    0x12, 0x22, 0x22, 0x22, 0x22, 0x22, 0x22, 0x24, 0x99, 0x79, 0xFF, 0xEE, 0xEE, 0xDB, 0xBB, 0xBB,
    0xBB, 0xEC, 0xCB, 0xAA, 0x8E, 0xBE, 0xB8, 0x64, 0x77, 0x74, 0x47, 0x44, 0x9F, 0xFE, 0xEE, 0xEE,
    0x11, 0x22, 0x22, 0x22, 0x22, 0x22, 0x22, 0x24, 0x77, 0x79, 0xEF, 0xFF, 0xED, 0xDD, 0xBB, 0xBB,
    0xBB, 0x97, 0xCB, 0xB5, 0xBE, 0xAA, 0xA8, 0x83, 0x67, 0x63, 0x34, 0x42, 0x49, 0xFE, 0xED, 0xDD,
    0x67, 0x77, 0x9C, 0x42, 0x22, 0x22, 0x22, 0x22, 0x22, 0x29, 0xEB, 0xED, 0xFE, 0xDD, 0xCB, 0xBB,
    0x94, 0x4C, 0xBE, 0xBB, 0xFA, 0x8A, 0x88, 0xB4, 0x24, 0x64, 0x66, 0x44, 0x72, 0x7E, 0xDD, 0xDD,
    0x67, 0x79, 0xCE, 0xF9, 0x22, 0x22, 0x22, 0x22, 0x22, 0x2A, 0xFA, 0xBD, 0x9D, 0xED, 0xDB, 0x72,
    0x47, 0x9E, 0xAA, 0x8F, 0xB8, 0xAA, 0xAA, 0xD9, 0x42, 0x24, 0x44, 0x43, 0x34, 0x29, 0xFD, 0xDD,
    0x67, 0x79, 0xCE, 0xEF, 0xD4, 0x22, 0x22, 0x22, 0x22, 0x3A, 0xFE, 0x8B, 0xD9, 0xEE, 0xEE, 0x44,
    0x99, 0xEA, 0xBB, 0xEB, 0xAA, 0xBB, 0xBE, 0xDD, 0x97, 0x23, 0x33, 0x44, 0x46, 0x42, 0xCE, 0xDD,
    0x67, 0x7C, 0xCE, 0xEE, 0xEF, 0x92, 0x22, 0x22, 0x24, 0x8A, 0xFF, 0xA5, 0x8B, 0xEF, 0xFF, 0x79,
    0x9E, 0xFB, 0xBF, 0xEA, 0x88, 0xAE, 0xEB, 0xCE, 0xC7, 0x74, 0x24, 0x64, 0x33, 0x33, 0x7D, 0xDD,
    0x67, 0x9C, 0xCE, 0xEE, 0xED, 0xED, 0x72, 0x22, 0x29, 0xD8, 0xEF, 0xEA, 0x88, 0x8B, 0xEB, 0xCB,
    0xEE, 0xEE, 0xBB, 0xAA, 0xAA, 0xBE, 0xBB, 0x9F, 0xDC, 0x77, 0x77, 0x77, 0x64, 0x64, 0x6C, 0xDD,
    0x37, 0xCC, 0xCD, 0xFF, 0xFE, 0xDD, 0xE9, 0x22, 0x9E, 0xEA, 0xBF, 0xEF, 0xEB, 0xAA, 0xAA, 0xEE,
    0xAB, 0xFB, 0xAB, 0xA8, 0x8A, 0xEB, 0xBD, 0xCE, 0xDC, 0x99, 0x99, 0x77, 0x77, 0x77, 0x79, 0xDD,
    0x69, 0xCC, 0xCD, 0xD9, 0xCD, 0xEE, 0xDE, 0x9C, 0xFE, 0xFA, 0xBF, 0xEB, 0xBB, 0xBA, 0xAA, 0xAB,
    0xBE, 0xBA, 0xEB, 0xA8, 0x8D, 0xEA, 0xEE, 0xBE, 0xDC, 0xCC, 0x99, 0x97, 0x22, 0x32, 0x27, 0xDD,
    0x9C, 0xDD, 0xD9, 0x44, 0x44, 0x9C, 0xD9, 0xCF, 0xFE, 0xFB, 0xBF, 0xFB, 0xAA, 0xAA, 0xAA, 0xBE,
    0xA8, 0xBF, 0xBA, 0xAA, 0xBF, 0x8A, 0xFC, 0x9E, 0xDC, 0xCC, 0xC9, 0x99, 0x72, 0x21, 0x12, 0xCD,
    0x9C, 0xDD, 0x96, 0x33, 0x34, 0x37, 0xCD, 0xEF, 0xFE, 0xFE, 0xBF, 0xFF, 0xFF, 0xBB, 0xBA, 0x8A,
    0xDF, 0xFE, 0x8A, 0x8A, 0xEA, 0x8E, 0xFB, 0x9F, 0xDD, 0xDC, 0xC9, 0x99, 0x99, 0x77, 0x44, 0xCD,
    0x6C, 0xE9, 0x34, 0x46, 0x66, 0x7C, 0xEE, 0xEF, 0xEF, 0xFF, 0xAB, 0xFF, 0xF8, 0x8A, 0xAA, 0xEF,
    0xFD, 0xFA, 0xAA, 0x88, 0xB5, 0xAF, 0xFA, 0x9F, 0xDD, 0xDD, 0xCC, 0x99, 0x99, 0xCE, 0xD7, 0xCD,
    0x6C, 0xC4, 0x66, 0x77, 0x77, 0xCE, 0xEE, 0xEE, 0xEF, 0xFE, 0x8A, 0xEE, 0x8B, 0xFF, 0xFF, 0xED,
    0x9C, 0xBA, 0xAA, 0x8B, 0x68, 0xBF, 0xF8, 0x9E, 0xDD, 0xDC, 0xCC, 0x99, 0x99, 0xDD, 0xCC, 0xCD,
    0x69, 0x77, 0x97, 0x77, 0x9C, 0xDD, 0xDE, 0xFD, 0xEF, 0xFD, 0x8A, 0x88, 0xEF, 0xEB, 0xAF, 0xB9,
    0x9B, 0x8A, 0xAA, 0xFB, 0x5A, 0xEF, 0xE8, 0x9F, 0xEE, 0xDD, 0xCC, 0x99, 0x9C, 0xDC, 0xCD, 0xCC,
    0x37, 0x99, 0x77, 0x79, 0xCD, 0xDD, 0xDE, 0xED, 0xEE, 0xFB, 0x85, 0x9F, 0xEB, 0xEA, 0xAB, 0xB9,
    0x98, 0xBB, 0xBF, 0xF5, 0xAD, 0xFE, 0xD8, 0x9F, 0xEE, 0xDD, 0xCC, 0x99, 0x9C, 0xCC, 0xDD, 0xDC,
    0x37, 0x97, 0x7C, 0xDC, 0xCC, 0xDD, 0xDE, 0xDD, 0xEE, 0xEB, 0x58, 0xFB, 0xEB, 0xBA, 0xAB, 0xB9,
    0x68, 0xBE, 0xFB, 0x58, 0xBE, 0xFE, 0xE6, 0x9F, 0xEE, 0xED, 0xDC, 0xC9, 0x9C, 0x99, 0xED, 0xDD,
    0x39, 0xC9, 0x9E, 0xDD, 0xDD, 0xDD, 0xDE, 0xCD, 0xDD, 0xFB, 0x5E, 0xFA, 0xAB, 0xAA, 0xAE, 0xBA,
    0x8B, 0xEE, 0x85, 0x8B, 0xBF, 0xED, 0xD8, 0x9F, 0xEE, 0xEE, 0xDD, 0xC9, 0xCC, 0x99, 0xED, 0xDD,
    0x69, 0x9C, 0xCE, 0xCD, 0xDD, 0xDD, 0xFD, 0xDC, 0xCD, 0xFB, 0x8F, 0xEA, 0xAA, 0x88, 0xBF, 0xA8,
    0xAF, 0xB5, 0x8A, 0xBB, 0xEE, 0xDD, 0xC8, 0xBF, 0xFE, 0xEE, 0xDD, 0xC9, 0xC9, 0x9C, 0xED, 0xCD,
    0x69, 0x9E, 0xEE, 0xCD, 0xDD, 0xDE, 0xEC, 0xCC, 0xDD, 0xFB, 0xBF, 0xAB, 0xAA, 0x88, 0xBF, 0xAA,
    0xFB, 0x58, 0xBB, 0xBE, 0xFD, 0xCC, 0xC9, 0x6F, 0xFF, 0xEE, 0xDD, 0xCC, 0xC9, 0x9C, 0xDD, 0xDD,
    0x9C, 0xCE, 0xEE, 0xDD, 0xDC, 0xDD, 0x9D, 0xCD, 0xDD, 0xFE, 0xDF, 0x8A, 0xAA, 0xA8, 0xBF, 0xAF,
    0xB5, 0x8A, 0xBB, 0xEF, 0xED, 0xCC, 0xDC, 0x86, 0xFF, 0xFE, 0xDD, 0xCC, 0x99, 0x99, 0xDD, 0xDD,
    0x99, 0xDF, 0xEE, 0xDD, 0xCC, 0xE9, 0xCC, 0xCD, 0xCD, 0xFF, 0xBB, 0xA8, 0xAA, 0xAB, 0xEB, 0xEF,
    0x5B, 0xDB, 0xBE, 0xFE, 0xCB, 0xDC, 0xCD, 0xD8, 0x9F, 0xFE, 0xDD, 0xCC, 0x99, 0x9C, 0xDE, 0xDD,
    0x77, 0xEF, 0xEF, 0xDD, 0xCD, 0xB9, 0xCC, 0xBC, 0xBC, 0xFF, 0xEB, 0xB8, 0xAA, 0xAE, 0xAA, 0xFA,
    0xEE, 0xAB, 0xEF, 0xFC, 0xCB, 0xCC, 0xCD, 0xDB, 0x3D, 0xFE, 0xDE, 0xCC, 0x99, 0x9C, 0xDD, 0xDD,
    0x79, 0xEF, 0xEF, 0xDC, 0xCE, 0x7C, 0xC9, 0xBB, 0x9B, 0xFF, 0xBF, 0xBA, 0xBA, 0x8B, 0xFA, 0xBE,
    0xAA, 0xBE, 0xFF, 0xFC, 0xCB, 0xBD, 0xCC, 0xCD, 0xA6, 0xFE, 0xDD, 0xCC, 0x99, 0xCC, 0xDD, 0xDD,
    0x77, 0xEF, 0xEF, 0xDC, 0xEA, 0x9D, 0xC9, 0xBB, 0x9C, 0xFF, 0xBE, 0xAA, 0xBA, 0x8D, 0xEA, 0xEB,
    0xBF, 0xFF, 0xFF, 0xEC, 0xBB, 0xBB, 0xDC, 0xCB, 0xC8, 0x7F, 0xDC, 0xCC, 0x99, 0xCC, 0xDD, 0xDD,
    0x77, 0xEF, 0xEF, 0xDE, 0xB9, 0xCB, 0xBB, 0xBB, 0xCD, 0xFF, 0xBE, 0xA8, 0xAA, 0x8F, 0xBE, 0xFF,
    0xFE, 0xFF, 0xFF, 0xDC, 0xCB, 0xCD, 0xDD, 0xCC, 0xCD, 0x69, 0xEC, 0xDC, 0x99, 0xCC, 0xDD, 0xDD,
    0x77, 0xFF, 0xEF, 0xDD, 0x8C, 0xDC, 0xCC, 0xBC, 0xCD, 0xFF, 0xEE, 0xDA, 0x8A, 0xBF, 0xBF, 0xFE,
    0x9F, 0xFE, 0xFF, 0xCC, 0xCC, 0xDD, 0xDC, 0xCD, 0xDC, 0xD3, 0x9D, 0xCC, 0x99, 0xCC, 0xCC, 0xDD,
    0x77, 0xFF, 0xEF, 0xEA, 0x9C, 0xCC, 0xDC, 0x9C, 0x9E, 0xFD, 0xFD, 0xEA, 0xAA, 0xAA, 0xEF, 0x99,
    0x9F, 0xEE, 0xFF, 0xCD, 0xCD, 0xCC, 0xCC, 0xCD, 0xED, 0xEB, 0x6C, 0xCC, 0x9C, 0xCC, 0xCC, 0xDE,
    0x79, 0xFE, 0xEF, 0xD9, 0xDD, 0xCC, 0xCC, 0xCC, 0x9F, 0xFD, 0xFB, 0xAB, 0xAA, 0xEE, 0xC9, 0x79,
    0xCF, 0xDD, 0xFF, 0xCD, 0xDD, 0xCC, 0xCD, 0xCC, 0xEE, 0xDE, 0x7C, 0xDC, 0x9C, 0xCC, 0xDC, 0xDE,
    0x7C, 0xFE, 0xEF, 0xDB, 0xCD, 0xCC, 0xCC, 0xC9, 0x9F, 0xFD, 0xEE, 0xAE, 0xBA, 0xFB, 0xC7, 0x99,
    0xFE, 0xCD, 0xFE, 0xCC, 0xCC, 0xCC, 0xCD, 0xCC, 0xDC, 0xCC, 0x9D, 0xDD, 0x9C, 0xCC, 0xDD, 0xDD,
    0x7D, 0xFE, 0xFF, 0xDB, 0xDD, 0xCC, 0x9C, 0xC9, 0xCF, 0xFE, 0xDF, 0xBB, 0xAA, 0xDB, 0xC7, 0x9E,
    0xFD, 0xDE, 0xFF, 0xCC, 0xCC, 0xDC, 0xCE, 0xDC, 0xDC, 0xDA, 0xBE, 0xEE, 0xCC, 0xCC, 0xDD, 0xCE,
    0x9E, 0xFE, 0xFE, 0xEB, 0xDC, 0xCD, 0xCC, 0xCC, 0xDF, 0xFE, 0xDB, 0xFF, 0xBF, 0xDB, 0x99, 0xCF,
    0xDD, 0xDE, 0xFE, 0xDD, 0xCC, 0xED, 0xBC, 0xED, 0xDD, 0xC8, 0xDD, 0xEE, 0xDD, 0xDC, 0xDD, 0xDE,
    0x9F, 0xFE, 0xFE, 0xEB, 0xDC, 0xCD, 0xDC, 0xCC, 0xEF, 0xED, 0xDB, 0xEF, 0xFF, 0xBC, 0x99, 0xFE,
    0xDD, 0xEE, 0xFE, 0xCD, 0xCD, 0xDC, 0xBD, 0xEC, 0xDD, 0xCA, 0xED, 0xFF, 0xED, 0xDD, 0xDD, 0xDD,
};

static const uint8_t* const coup_animdata_ambassador[8] = {
    coup_animdata_ambassador_f00,
    coup_animdata_ambassador_f01,
    coup_animdata_ambassador_f02,
    coup_animdata_ambassador_f03,
    coup_animdata_ambassador_f04,
    coup_animdata_ambassador_f05,
    coup_animdata_ambassador_f06,
    coup_animdata_ambassador_f07,
};

static const uint8_t coup_animdata_contessa_f00[3072] = {
    0xCB, 0xBC, 0xB9, 0x99, 0x99, 0x99, 0x99, 0x99, 0x98, 0x98, 0x88, 0x98, 0x88, 0x89, 0x99, 0x99,
    0x99, 0x88, 0x89, 0x99, 0x99, 0x98, 0x88, 0x88, 0x88, 0x88, 0x88, 0x88, 0x89, 0x9B, 0xBB, 0xBC,
    0xCB, 0xBB, 0x69, 0x99, 0x99, 0x99, 0x98, 0x88, 0x88, 0x88, 0x88, 0x88, 0x68, 0x88, 0x89, 0x88,
    0x88, 0x88, 0x88, 0x88, 0x89, 0x66, 0xBB, 0xBB, 0xBB, 0xBB, 0xBB, 0xBB, 0xBB, 0x99, 0xBB, 0xBC,
    0xCB, 0xB6, 0x99, 0x99, 0x99, 0x98, 0x88, 0x86, 0x86, 0x68, 0x66, 0x66, 0x66, 0x88, 0x68, 0x88,
    0x88, 0x66, 0x66, 0x66, 0x68, 0x6B, 0xBB, 0xBB, 0xBB, 0xBB, 0xBB, 0xBB, 0xBB, 0x99, 0xBB, 0xBC,
    0xCC, 0xB9, 0x99, 0x98, 0x88, 0x88, 0x86, 0x66, 0x66, 0x66, 0x66, 0x66, 0x66, 0x66, 0x66, 0x68,
    0x66, 0x66, 0x66, 0x66, 0x66, 0xBB, 0xBB, 0xBB, 0xBB, 0xBB, 0xBB, 0xBB, 0xBB, 0xB9, 0x9B, 0xBC,
    0xCC, 0x99, 0x88, 0x88, 0x66, 0x66, 0x66, 0x66, 0x66, 0x66, 0x66, 0x66, 0x66, 0x66, 0x66, 0x66,
    0x66, 0x66, 0x66, 0x66, 0x66, 0xBB, 0xBB, 0xBB, 0xBB, 0xBB, 0xBB, 0xBB, 0xBB, 0xB9, 0x99, 0xBC,
    0xCB, 0x99, 0x88, 0x66, 0x66, 0x66, 0x66, 0x66, 0x66, 0x66, 0x66, 0x66, 0x66, 0x66, 0x66, 0x66,
    0x66, 0x66, 0x66, 0x66, 0x6B, 0xBB, 0xBB, 0xCB, 0xBC, 0xCB, 0xBC, 0xBB, 0xBB, 0xBB, 0x99, 0xBC,
    0xCB, 0x98, 0x66, 0x66, 0x66, 0x66, 0x66, 0x66, 0x66, 0x66, 0x66, 0x66, 0x66, 0x66, 0x66, 0x66,
    0x66, 0x66, 0x66, 0x66, 0x6B, 0xBB, 0xB9, 0x8B, 0xB9, 0x8B, 0xBA, 0x9B, 0xBB, 0xBB, 0x99, 0xCC,
    0xC9, 0x86, 0x66, 0x66, 0x66, 0x66, 0x66, 0x66, 0x66, 0x66, 0x66, 0x66, 0x66, 0x66, 0x66, 0x66,
    0x66, 0x66, 0x66, 0x66, 0xBB, 0xBB, 0xB9, 0x6B, 0xC8, 0x6B, 0xC8, 0x6B, 0xBB, 0xBB, 0xB9, 0xCC,
    0xC9, 0x86, 0x66, 0x66, 0x66, 0x66, 0x66, 0x66, 0x66, 0x66, 0x66, 0x66, 0x66, 0x66, 0x66, 0x66,
    0x66, 0x66, 0x66, 0x69, 0xBB, 0xBB, 0xB9, 0x68, 0x86, 0x66, 0x86, 0x6B, 0xBB, 0xBB, 0xC9, 0xBC,
    0xC9, 0x66, 0x66, 0x66, 0x66, 0x66, 0x66, 0x66, 0x66, 0x66, 0x66, 0x66, 0x66, 0x66, 0x66, 0x66,
    0x66, 0x66, 0x66, 0x66, 0xBB, 0xBB, 0xB9, 0x66, 0x66, 0x66, 0x66, 0x6B, 0xBB, 0xBC, 0x98, 0xBC,
    0xC9, 0x66, 0x66, 0x66, 0x66, 0x66, 0x66, 0x66, 0x66, 0x66, 0x66, 0x66, 0x66, 0x66, 0x66, 0x66,
    0x65, 0x66, 0x66, 0x65, 0x8B, 0xBB, 0xB9, 0x66, 0x66, 0x66, 0x66, 0x6B, 0xBB, 0xBA, 0x69, 0xBC,
    0xC9, 0x66, 0x66, 0x6A, 0x98, 0x66, 0x66, 0x66, 0x66, 0x66, 0x66, 0x66, 0x66, 0x55, 0x56, 0x65,
    0x55, 0x55, 0x55, 0x56, 0x58, 0xBB, 0xBB, 0x66, 0x66, 0x69, 0x86, 0x6B, 0xBB, 0xA6, 0x68, 0xBC,
    0xC9, 0x66, 0x66, 0x6A, 0xDA, 0xA9, 0x86, 0x56, 0x66, 0x55, 0x56, 0x65, 0x66, 0x55, 0x57, 0x88,
    0x65, 0x55, 0x55, 0x55, 0x55, 0x9B, 0xBB, 0xB6, 0xB8, 0x6B, 0x8B, 0xBB, 0xBC, 0x66, 0x68, 0xBC,
    0xC9, 0x66, 0x68, 0xAD, 0xDA, 0xAD, 0xA9, 0x86, 0x55, 0x55, 0x55, 0x55, 0x68, 0x86, 0x55, 0x58,
    0x96, 0x55, 0x55, 0x55, 0x55, 0x6B, 0xBB, 0xB6, 0xB8, 0x6B, 0x8B, 0xBB, 0xC8, 0x66, 0x68, 0xBC,
    0xC9, 0x66, 0x68, 0x88, 0xDD, 0xAA, 0xA6, 0x86, 0x55, 0x55, 0x55, 0x55, 0x88, 0x88, 0x66, 0x66,
    0x99, 0x55, 0x55, 0x55, 0x55, 0x58, 0xBB, 0xB6, 0xB8, 0x6B, 0x6B, 0xBB, 0x95, 0x66, 0x68, 0xBC,
    0xC9, 0x66, 0x65, 0x55, 0x58, 0x55, 0x55, 0x55, 0x55, 0x55, 0x66, 0x65, 0xA9, 0x8A, 0x88, 0x98,
    0x9A, 0x85, 0x55, 0x55, 0x55, 0x55, 0x9B, 0xB6, 0xB8, 0x6B, 0x66, 0xBA, 0x55, 0x55, 0x68, 0xBC,
    0xC9, 0x66, 0x55, 0x55, 0x55, 0x55, 0x55, 0x55, 0x55, 0x58, 0x86, 0x69, 0x78, 0xAD, 0xA9, 0x99,
    0x99, 0xA8, 0x53, 0x53, 0x55, 0x55, 0x5B, 0xB6, 0xB8, 0x6B, 0x6B, 0xC6, 0x55, 0x55, 0x68, 0xAC,
    0xC9, 0x65, 0x55, 0x55, 0x65, 0x55, 0x55, 0x55, 0x55, 0x8A, 0x88, 0x9A, 0x78, 0xDD, 0xA9, 0x89,
    0x99, 0x97, 0x85, 0x55, 0x33, 0x55, 0x36, 0xC6, 0xB8, 0x6B, 0x6B, 0x85, 0x55, 0x65, 0x56, 0xAC,
    0xC9, 0x55, 0x55, 0x55, 0x55, 0x55, 0x55, 0x55, 0x55, 0xAA, 0x99, 0xAA, 0xAA, 0xAA, 0xAA, 0x96,
    0x89, 0x98, 0x97, 0x88, 0x65, 0x33, 0x55, 0x85, 0xB8, 0x6B, 0x66, 0x55, 0x55, 0x55, 0x55, 0xAC,
    0xC9, 0x55, 0x55, 0x55, 0x55, 0x55, 0x55, 0x55, 0x56, 0xAA, 0xAA, 0xA8, 0xAA, 0xAA, 0xA8, 0x99,
    0x99, 0x99, 0x9A, 0xA8, 0x68, 0x73, 0x33, 0x33, 0xB6, 0x6B, 0x53, 0x55, 0x53, 0x33, 0x55, 0x9C,
    0xC8, 0x55, 0x55, 0x55, 0x55, 0x55, 0x55, 0x55, 0x69, 0xDA, 0xA8, 0x89, 0xAA, 0xDA, 0x99, 0xAC,
    0xDC, 0x98, 0x8A, 0xD9, 0x65, 0x63, 0x33, 0x33, 0xBB, 0xBC, 0x55, 0x33, 0x33, 0x33, 0x35, 0x9C,
    0xC6, 0x55, 0x55, 0x55, 0x55, 0x55, 0x55, 0x57, 0xAD, 0xDD, 0xD7, 0x7C, 0xDD, 0xA9, 0x89, 0xDD,
    0xFF, 0xA9, 0x66, 0xCD, 0x95, 0x63, 0x33, 0x33, 0x8B, 0xB8, 0x33, 0x33, 0x33, 0x33, 0x35, 0x9C,
    0xC6, 0x55, 0x55, 0x53, 0x33, 0x55, 0x53, 0x38, 0x9A, 0xFF, 0xA8, 0x9A, 0xDA, 0xA9, 0x9D, 0xFF,
    0xFF, 0xC9, 0x96, 0x8C, 0xA6, 0x85, 0x33, 0x33, 0x39, 0xA3, 0x33, 0x33, 0x33, 0x33, 0x55, 0x9C,
    0xC6, 0x55, 0x33, 0x33, 0x33, 0x33, 0x33, 0x5A, 0x9A, 0xFD, 0x98, 0xAA, 0xAA, 0x98, 0xAA, 0xDD,
    0xDF, 0xD9, 0xA9, 0x99, 0xA9, 0x98, 0x33, 0x33, 0x33, 0x33, 0x33, 0x33, 0x33, 0x43, 0x33, 0x9C,
    0xC6, 0x56, 0x98, 0x55, 0x33, 0x33, 0x33, 0x7A, 0x9A, 0xFD, 0x98, 0x9D, 0xAA, 0x99, 0xAA, 0xDC,
    0xAC, 0xC9, 0xAC, 0x99, 0xAA, 0x9A, 0x85, 0x33, 0x32, 0x23, 0x33, 0x33, 0x33, 0x43, 0x35, 0x9C,
    0xC9, 0xAD, 0xDA, 0xA7, 0x53, 0x33, 0x33, 0x7A, 0xAD, 0xFD, 0xA8, 0xAA, 0xAA, 0x68, 0xAA, 0xA9,
    0x9A, 0x99, 0xAA, 0xDA, 0x99, 0x88, 0x95, 0x23, 0x22, 0x23, 0x22, 0x23, 0x33, 0x74, 0x55, 0xAC,
    0xC8, 0x78, 0xA8, 0x55, 0x33, 0x33, 0x53, 0x5D, 0xDF, 0xFD, 0xAA, 0xDA, 0xA6, 0x6A, 0xA9, 0x89,
    0x89, 0x99, 0xAC, 0xAA, 0xAA, 0x98, 0x65, 0x52, 0x22, 0x23, 0x33, 0x33, 0x35, 0xA2, 0x45, 0x9C,
    0xC6, 0x55, 0x53, 0x53, 0x33, 0x33, 0x78, 0x8D, 0xFF, 0xFD, 0xAA, 0xDA, 0x98, 0xAC, 0x97, 0x66,
    0x66, 0x88, 0x99, 0x8A, 0xAA, 0xA9, 0x85, 0x55, 0x23, 0x33, 0x32, 0x33, 0x34, 0x72, 0x55, 0x9C,
    0xC6, 0x57, 0x55, 0x55, 0x55, 0x33, 0x5A, 0x8D, 0xFF, 0xDA, 0xCD, 0xDA, 0x8A, 0xA8, 0x85, 0x33,
    0x44, 0x35, 0x68, 0x7A, 0xDD, 0xAA, 0x96, 0x68, 0x32, 0x33, 0x33, 0x33, 0x35, 0x72, 0x55, 0x9C,
    0xC6, 0x55, 0x55, 0x55, 0x55, 0x35, 0xAA, 0x8D, 0xFD, 0xCA, 0xDF, 0xA9, 0x99, 0x75, 0x72, 0x22,
    0x22, 0x22, 0x45, 0x89, 0xAD, 0xCA, 0xA6, 0x89, 0x72, 0x33, 0x33, 0x33, 0x35, 0x72, 0x55, 0x9C,
    0xC6, 0x55, 0x55, 0x55, 0x55, 0x37, 0xDA, 0xAA, 0xAA, 0xCC, 0xFF, 0xA9, 0x97, 0x54, 0x42, 0x12,
    0x21, 0x11, 0x23, 0x68, 0xAA, 0xAA, 0x98, 0x9A, 0x93, 0x33, 0x22, 0x33, 0x35, 0xA2, 0x45, 0x9C,
    0xC6, 0x55, 0x55, 0x55, 0x55, 0x58, 0xDD, 0xAD, 0x7A, 0xCD, 0xFD, 0x99, 0x75, 0x44, 0x22, 0x12,
    0x11, 0x11, 0x11, 0x46, 0x87, 0x8C, 0x96, 0x9D, 0xA3, 0x22, 0x23, 0x33, 0x37, 0x84, 0x55, 0x9C,
    0xC6, 0x55, 0x33, 0x33, 0x55, 0x38, 0xDF, 0xFF, 0xDD, 0xDD, 0xFC, 0x99, 0x74, 0x34, 0x12, 0x21,
    0x11, 0x11, 0x11, 0x25, 0x87, 0xAA, 0x98, 0x7D, 0xA3, 0x23, 0x33, 0x33, 0x37, 0x84, 0x55, 0x9C,
    0xC6, 0x55, 0x55, 0x53, 0x33, 0x35, 0xDD, 0xFF, 0xDD, 0xAD, 0xFA, 0xA8, 0x54, 0x24, 0x22, 0x22,
    0x11, 0x11, 0x11, 0x23, 0x59, 0xA9, 0x96, 0x59, 0x72, 0x33, 0x33, 0x33, 0x37, 0x74, 0x73, 0x9C,
    0xB5, 0x53, 0x33, 0x33, 0x33, 0x37, 0xAD, 0xFD, 0xFD, 0x7D, 0xFA, 0xA7, 0x54, 0x22, 0x12, 0x22,
    0x11, 0x11, 0x11, 0x22, 0x47, 0xAA, 0x98, 0x67, 0x43, 0x22, 0x23, 0x33, 0x37, 0x74, 0x73, 0x9C,
    0xB3, 0x33, 0x32, 0x22, 0x22, 0x38, 0x7D, 0xDD, 0xDD, 0xDD, 0xDD, 0x87, 0x43, 0x24, 0x12, 0x22,
    0x11, 0x11, 0x11, 0x12, 0x25, 0x9A, 0xA9, 0x8A, 0xD9, 0x32, 0x33, 0x33, 0x27, 0xA4, 0x53, 0x9C,
    0xB3, 0x33, 0x43, 0x33, 0x32, 0x7A, 0xDD, 0xDD, 0xDD, 0xDD, 0xDA, 0x87, 0x44, 0x22, 0x22, 0x21,
    0x11, 0x11, 0x11, 0x12, 0x24, 0x8A, 0xA9, 0x9C, 0xDA, 0x83, 0x33, 0x33, 0x27, 0xA4, 0x73, 0x9C,
    0xA3, 0x43, 0x73, 0x55, 0x55, 0x7A, 0x53, 0x8F, 0xFF, 0xFF, 0xDA, 0x77, 0x43, 0x22, 0x22, 0x21,
    0x11, 0x11, 0x11, 0x12, 0x23, 0x8A, 0xA9, 0x9D, 0xDA, 0x85, 0x33, 0x33, 0x37, 0xA4, 0x74, 0x9C,
    0xC5, 0x45, 0xA5, 0x55, 0x55, 0x75, 0x45, 0xAF, 0xFF, 0xFF, 0xA9, 0x74, 0x22, 0x22, 0x22, 0x21,
    0x11, 0x11, 0x11, 0x12, 0x22, 0x79, 0xAA, 0x9C, 0xD9, 0x56, 0x32, 0x32, 0x27, 0xA4, 0x74, 0x9C,
    0xA5, 0x8A, 0xAA, 0x85, 0x55, 0x55, 0x47, 0xDF, 0xFF, 0xFD, 0x98, 0x74, 0x21, 0x11, 0x22, 0x21,
    0x12, 0x74, 0x21, 0x11, 0x22, 0x58, 0xAA, 0x9A, 0xDA, 0x69, 0x52, 0x33, 0x48, 0xA4, 0x73, 0x9C,
    0xB8, 0xA9, 0x99, 0x86, 0x33, 0x33, 0x37, 0xFF, 0xFF, 0xFD, 0x8A, 0x9A, 0x84, 0x22, 0x22, 0x22,
    0x49, 0x72, 0x11, 0x11, 0x22, 0x48, 0xAC, 0xA9, 0xA9, 0x9A, 0x93, 0x33, 0x78, 0x84, 0x75, 0x9C,
    0xB8, 0xA8, 0x86, 0x65, 0x22, 0x32, 0x28, 0xFF, 0xFF, 0xFA, 0xA7, 0x78, 0xAA, 0x44, 0x22, 0x24,
    0x55, 0x43, 0x11, 0x11, 0x12, 0x38, 0xAD, 0xD9, 0x9A, 0xDD, 0xA3, 0x33, 0x78, 0x74, 0xA7, 0x9C,
    0xB9, 0xA8, 0x65, 0x52, 0x12, 0x32, 0x28, 0xFF, 0xFF, 0xFA, 0x97, 0x7A, 0xAA, 0x85, 0x32, 0x24,
    0x45, 0x74, 0x42, 0x11, 0x22, 0x38, 0xAD, 0xAA, 0x7D, 0xDF, 0x93, 0x33, 0x77, 0xA7, 0xA4, 0x9C,
    0xB9, 0x98, 0x52, 0x11, 0x13, 0x22, 0x27, 0xFF, 0xFF, 0xFA, 0x88, 0x98, 0xAD, 0xA7, 0x21, 0x24,
    0x74, 0x21, 0x24, 0x22, 0x22, 0x48, 0xAD, 0xDA, 0xDF, 0xFF, 0x73, 0x43, 0x77, 0xA7, 0x74, 0x9C,
    0xC9, 0x88, 0x51, 0x12, 0x35, 0x33, 0x27, 0xDF, 0xFF, 0xFA, 0x9A, 0x97, 0x5A, 0xD8, 0x21, 0x17,
    0x77, 0x87, 0x24, 0x44, 0x42, 0x48, 0x9C, 0xDD, 0xFF, 0xFA, 0x23, 0x33, 0x77, 0xA7, 0x74, 0xBC,
    0xC9, 0x98, 0x65, 0x35, 0x58, 0x42, 0x33, 0xDF, 0xFF, 0xFA, 0xAA, 0xDD, 0xDA, 0xD9, 0x21, 0x22,
    0x78, 0xDF, 0xDA, 0x44, 0x22, 0x49, 0xAA, 0xDD, 0xFF, 0xFA, 0x22, 0x22, 0x77, 0xA7, 0xA2, 0xBC,
    0xCA, 0xA9, 0x97, 0x44, 0x55, 0x32, 0x22, 0x4D, 0xFF, 0xFA, 0xAD, 0xA7, 0xAA, 0xA9, 0x21, 0x21,
    0x47, 0x47, 0x77, 0x11, 0x12, 0x49, 0xAC, 0xDD, 0xFD, 0xDD, 0x22, 0x22, 0x77, 0xA4, 0x97, 0x8C,
    0xCD, 0xDD, 0xDA, 0xA9, 0x89, 0x83, 0x22, 0x27, 0xFF, 0xFD, 0x9A, 0x87, 0x44, 0x88, 0x74, 0x11,
    0x24, 0x42, 0x21, 0x11, 0x12, 0x49, 0xDD, 0x7D, 0xFD, 0xDD, 0x22, 0x22, 0x77, 0xAB, 0xCE, 0xBB,
    0xCC, 0xDA, 0xDA, 0xAA, 0x9A, 0x52, 0x32, 0x47, 0xAD, 0xFD, 0x87, 0x77, 0x45, 0x89, 0x44, 0x41,
    0x12, 0x21, 0x11, 0x11, 0x12, 0x47, 0xA7, 0x37, 0xFD, 0xDD, 0x22, 0x22, 0x77, 0xBE, 0xFF, 0xCB,
    0xBC, 0xAA, 0xDA, 0xAA, 0x7A, 0xA5, 0x22, 0x27, 0x7A, 0xDA, 0x84, 0x44, 0x47, 0x98, 0x11, 0x41,
    0x11, 0x21, 0x11, 0x11, 0x14, 0x7A, 0x77, 0x97, 0xDD, 0xFA, 0x12, 0x22, 0x8C, 0xCF, 0xFF, 0xCB,
    0xBA, 0xAA, 0xA8, 0xAA, 0xAE, 0xEC, 0x72, 0x27, 0x7D, 0xD8, 0x74, 0x44, 0x58, 0xA7, 0x11, 0x17,
    0x21, 0x11, 0x11, 0x11, 0x47, 0x78, 0x57, 0x48, 0xDD, 0xD4, 0x12, 0x23, 0xCC, 0xFF, 0xFF, 0xCB,
    0xBA, 0xAA, 0xA8, 0xAA, 0xEE, 0xEE, 0xE9, 0x27, 0x7D, 0xDA, 0x74, 0x44, 0x7A, 0xA4, 0x11, 0x12,
    0x44, 0x44, 0x44, 0x44, 0x24, 0x77, 0x72, 0x38, 0xDF, 0xA2, 0x22, 0x3C, 0xEC, 0xFF, 0xFF, 0xEC,
    0xBA, 0xDA, 0xA8, 0xAC, 0xEE, 0xFF, 0xEE, 0x97, 0x4A, 0xAA, 0xAA, 0x87, 0x9A, 0xA7, 0x21, 0x11,
    0x12, 0x24, 0x41, 0x11, 0x24, 0x74, 0xA4, 0x28, 0xFD, 0x44, 0x23, 0xCE, 0xCE, 0xFF, 0xFF, 0xEC,
    0xCC, 0xDA, 0xA7, 0x9F, 0xEF, 0xFF, 0xFF, 0xEC, 0x47, 0xDA, 0x98, 0x77, 0x8A, 0x9A, 0x78, 0x82,
    0x21, 0x11, 0x11, 0x12, 0x45, 0x42, 0x77, 0x2A, 0xD7, 0x42, 0x4C, 0xEE, 0xCF, 0xFF, 0xFF, 0xEC,
    0xCD, 0xDD, 0xA9, 0xCF, 0xFF, 0xFF, 0xFF, 0xEF, 0xA7, 0xDA, 0x98, 0x77, 0xAA, 0xAD, 0x94, 0x82,
    0x12, 0x11, 0x11, 0x23, 0x54, 0x32, 0x55, 0x48, 0x47, 0x77, 0xCE, 0xEE, 0xCF, 0xFF, 0xFF, 0xEC,
    0xCC, 0xDA, 0xAA, 0xEF, 0xEF, 0xFF, 0xFF, 0xFE, 0xEC, 0xAD, 0x99, 0x77, 0xAA, 0xAA, 0x82, 0x11,
    0x12, 0x21, 0x22, 0x34, 0x44, 0x35, 0x44, 0x44, 0x77, 0x7C, 0xEE, 0xEC, 0xEF, 0xFF, 0xFF, 0xEC,
    0xCC, 0xDA, 0xAA, 0xFE, 0xFF, 0xFF, 0xFF, 0xFF, 0xEE, 0xAA, 0x99, 0x87, 0x78, 0x87, 0x22, 0x11,
    0x11, 0x22, 0x22, 0x34, 0x44, 0x32, 0x24, 0x44, 0x77, 0xCE, 0xEE, 0xEC, 0xFF, 0xFF, 0xFF, 0xEC,
    0xBA, 0xDA, 0xAD, 0xFF, 0xFF, 0xFF, 0xFF, 0xFF, 0xFE, 0xCA, 0x98, 0x87, 0x77, 0x87, 0x22, 0x11,
    0x11, 0x12, 0x23, 0x44, 0x34, 0x22, 0x24, 0x44, 0x8C, 0xEE, 0xEE, 0xEC, 0xFF, 0xFF, 0xFF, 0xEC,
    0xBA, 0xAA, 0xAE, 0xFF, 0xFF, 0xFF, 0xFF, 0xFF, 0xFF, 0xDA, 0xA8, 0x87, 0x77, 0x89, 0x87, 0x51,
    0x11, 0x12, 0x23, 0x43, 0x34, 0x22, 0x37, 0x47, 0xCE, 0xEE, 0xEE, 0xEC, 0xFF, 0xFF, 0xFF, 0xEC,
    0xBA, 0xDD, 0xDF, 0xFF, 0xEF, 0xFF, 0xFF, 0xFF, 0xFF, 0xEA, 0xA8, 0x98, 0x77, 0xAC, 0xA9, 0xA8,
    0x21, 0x11, 0x22, 0x32, 0x25, 0x84, 0x74, 0x7C, 0xEE, 0xEE, 0xEE, 0xCC, 0xFF, 0xFF, 0xFF, 0xEC,
    0xBA, 0xDA, 0xDF, 0xFE, 0xEF, 0xFF, 0xFF, 0xFF, 0xFF, 0xED, 0xE8, 0x88, 0x7A, 0xA7, 0x75, 0x25,
    0x74, 0x21, 0x22, 0x32, 0x27, 0xD7, 0x77, 0xAE, 0xEE, 0xEE, 0xEE, 0xCE, 0xFF, 0xFF, 0xFF, 0xEC,
    0xBA, 0xAA, 0xDE, 0xEE, 0xEF, 0xFF, 0xFF, 0xFF, 0xFF, 0xFD, 0xFA, 0x88, 0x77, 0x86, 0x33, 0x32,
    0x11, 0x21, 0x22, 0x22, 0x37, 0xA4, 0x7C, 0xEE, 0xEE, 0xEE, 0xEE, 0xCF, 0xFF, 0xFF, 0xFF, 0xEC,
    0xCA, 0xAA, 0xDE, 0xEE, 0xEE, 0xFF, 0xFF, 0xFF, 0xFF, 0xFE, 0xFA, 0x78, 0x78, 0x88, 0x9A, 0x72,
    0x11, 0x12, 0x22, 0x22, 0x47, 0x77, 0xCE, 0xEE, 0xEE, 0xEE, 0xEE, 0xCF, 0xFF, 0xFF, 0xFF, 0xEC,
    0xCC, 0xAA, 0xCE, 0xEE, 0xEE, 0xEF, 0xFF, 0xFF, 0xFF, 0xFE, 0xFE, 0x88, 0x88, 0x89, 0x99, 0x74,
    0x22, 0x22, 0x22, 0x23, 0x44, 0x7A, 0xFE, 0xEE, 0xEE, 0xEE, 0xEC, 0xCF, 0xFF, 0xFF, 0xFF, 0xEC,
    0xCC, 0xAA, 0xEE, 0xEE, 0xEE, 0xEF, 0xFF, 0xFF, 0xFF, 0xFE, 0xFF, 0x98, 0x98, 0x87, 0x42, 0x22,
    0x22, 0x22, 0x22, 0x34, 0x24, 0xAD, 0xEE, 0xEE, 0xEE, 0xEE, 0xEC, 0xCF, 0xFF, 0xFF, 0xFF, 0xCC,
    0xCC, 0xCA, 0xEE, 0xEE, 0xEE, 0xEE, 0xFF, 0xFF, 0xFF, 0xFE, 0xFF, 0xC8, 0x98, 0x74, 0x21, 0x11,
    0x11, 0x22, 0x24, 0x54, 0x19, 0xEA, 0xEE, 0xEE, 0xEE, 0xEE, 0xEC, 0xCF, 0xFF, 0xFF, 0xFF, 0xCC,
    0xCC, 0xAA, 0xEE, 0xEE, 0xEE, 0xEE, 0xEF, 0xFF, 0xFF, 0xFE, 0xFE, 0xFA, 0x89, 0x74, 0x22, 0x11,
    0x11, 0x22, 0x45, 0x41, 0x1A, 0xEC, 0xEE, 0xEE, 0xEE, 0xEE, 0xCC, 0xEF, 0xFF, 0xFF, 0xFF, 0xBC,
    0xCC, 0xAA, 0xEE, 0xEE, 0xEE, 0xEE, 0xEE, 0xFF, 0xFF, 0xFE, 0xFE, 0xFC, 0x89, 0x85, 0x44, 0x11,
    0x22, 0x24, 0x55, 0x11, 0x2A, 0xEC, 0xEE, 0xEE, 0xEE, 0xEE, 0xCC, 0xEF, 0xFF, 0xFF, 0xFE, 0xBC,
    0xCC, 0xCA, 0xCE, 0xEE, 0xEE, 0xEE, 0xEE, 0xEF, 0xFF, 0xFD, 0xFF, 0xFC, 0x99, 0x88, 0x77, 0x42,
    0x24, 0x56, 0x62, 0x11, 0x2A, 0xEA, 0xEE, 0xEE, 0xEE, 0xEC, 0xCC, 0xFF, 0xFF, 0xFF, 0xFE, 0xBC,
    0xCC, 0xAA, 0xCE, 0xEE, 0xEE, 0xEE, 0xEE, 0xEF, 0xFF, 0xFE, 0xFF, 0xFE, 0x9A, 0x98, 0x88, 0x87,
    0x78, 0x98, 0x21, 0x11, 0x2C, 0xEA, 0xEE, 0xEE, 0xEE, 0xEC, 0xCC, 0xFF, 0xFF, 0xFF, 0xFE, 0xBC,
    0xCC, 0xAA, 0xCE, 0xEE, 0xEE, 0xEE, 0xEC, 0xEE, 0xFF, 0xFF, 0xFF, 0xFE, 0x9A, 0xAA, 0x99, 0x99,
    0x99, 0x83, 0x11, 0x11, 0x4C, 0xFE, 0xEE, 0xEE, 0xEE, 0xCC, 0xCC, 0xFF, 0xFF, 0xFF, 0xFE, 0xBC,
    0xCA, 0xAA, 0xCE, 0xEE, 0xEE, 0xEE, 0xEE, 0xEE, 0xEF, 0xFF, 0xFF, 0xFF, 0xA8, 0xAA, 0xAA, 0x98,
    0x86, 0x31, 0x11, 0x12, 0x3C, 0xEE, 0xEE, 0xEE, 0xEE, 0xCC, 0xCE, 0xFF, 0xFF, 0xFF, 0xFE, 0xBC,
    0xBA, 0xAA, 0xCC, 0xCE, 0xCE, 0xEE, 0xEE, 0xEE, 0xEE, 0xFF, 0xFF, 0xFF, 0xA8, 0xAA, 0x99, 0x88,
    0x84, 0x11, 0x11, 0x12, 0x4A, 0xFE, 0xEE, 0xEE, 0xEC, 0xCC, 0xEE, 0xFF, 0xFF, 0xFF, 0xEC, 0xBC,
    0xBA, 0xDD, 0xDE, 0xCC, 0xEE, 0xEE, 0xEE, 0xEC, 0xEE, 0xEF, 0xFF, 0xFF, 0xA8, 0xAA, 0x99, 0x88,
    0x52, 0x11, 0x11, 0x12, 0x2A, 0xFE, 0xEE, 0xEE, 0xCC, 0xCF, 0xCE, 0xFF, 0xFF, 0xFF, 0xEC, 0xBC,
    0xCB, 0xAA, 0xCE, 0xEC, 0xCE, 0xEE, 0xEE, 0xEE, 0xEE, 0xEF, 0xFF, 0xFF, 0xC8, 0x89, 0x98, 0x87,
    0x42, 0x21, 0x11, 0x12, 0x2A, 0xFE, 0xEE, 0xEE, 0xCC, 0xEE, 0xCF, 0xFF, 0xFF, 0xFE, 0xEC, 0xBC,
    0xCB, 0xAA, 0xCE, 0xEE, 0xCC, 0xCC, 0xEE, 0xEE, 0xEE, 0xEE, 0xFF, 0xFF, 0xD8, 0x88, 0x88, 0x74,
    0x42, 0x21, 0x11, 0x22, 0x28, 0xFE, 0xEE, 0xFE, 0xCF, 0xEC, 0xBF, 0xFF, 0xFF, 0xFE, 0xEC, 0xBC,
    0xCB, 0xAA, 0xCE, 0xEE, 0xEC, 0xCC, 0xCE, 0xEE, 0xEE, 0xEE, 0xEF, 0xEE, 0xE8, 0x88, 0x87, 0x74,
    0x22, 0x21, 0x11, 0x22, 0x28, 0xFF, 0xFF, 0xEC, 0xEE, 0xCB, 0xCF, 0xFF, 0xFF, 0xFE, 0xEC, 0xBC,
    0xCB, 0xAA, 0xCC, 0xEE, 0xEF, 0xCC, 0xCC, 0xEE, 0xEE, 0xEE, 0xEE, 0xEF, 0xE8, 0x77, 0x87, 0x74,
    0x22, 0x21, 0x12, 0x22, 0x27, 0xFF, 0xFF, 0xCE, 0xEE, 0xBE, 0xEF, 0xFF, 0xFF, 0xFE, 0xEC, 0xBC,
    0xCB, 0xAA, 0xCE, 0xCE, 0xEE, 0xFC, 0xCC, 0xCE, 0xEE, 0xEE, 0xEF, 0xFF, 0xE9, 0x44, 0x77, 0x44,
    0x44, 0x11, 0x12, 0x12, 0x27, 0xFF, 0xFE, 0xEF, 0xEC, 0xEE, 0xCF, 0xFF, 0xFF, 0xFE, 0xEC, 0xBC,
    0xCB, 0xCA, 0xCE, 0xEC, 0xEE, 0xEF, 0xCB, 0xCC, 0xEE, 0xEE, 0xEF, 0xFF, 0xF9, 0x44, 0x77, 0x44,
    0x43, 0x11, 0x21, 0x22, 0x27, 0xFF, 0xFE, 0xFE, 0xCE, 0xFC, 0xEF, 0xFF, 0xFF, 0xFE, 0xEC, 0xBC,
    0xCB, 0xCA, 0xCE, 0xEE, 0xCE, 0xEE, 0xFC, 0xBE, 0xCE, 0xEE, 0xFF, 0xFF, 0xD9, 0x41, 0x47, 0x44,
    0x42, 0x11, 0x11, 0x12, 0x27, 0xFF, 0xEF, 0xEC, 0xEF, 0xEB, 0xFF, 0xFF, 0xFF, 0xEE, 0xEC, 0xBC,
    0xCB, 0xDA, 0xCC, 0xEE, 0xEB, 0xEE, 0xEF, 0xCB, 0xEE, 0xEE, 0xFF, 0xFD, 0xAA, 0x41, 0x24, 0x44,
    0x41, 0x11, 0x11, 0x12, 0x27, 0xFE, 0xEF, 0xCC, 0xFE, 0xCB, 0xFF, 0xFF, 0xFF, 0xEE, 0xEC, 0xCC,
    0xCA, 0xDA, 0xDC, 0xCE, 0xEE, 0xBE, 0xEE, 0xFC, 0xBE, 0xEF, 0xFF, 0xDA, 0xAA, 0x41, 0x14, 0x44,
    0x41, 0x11, 0x11, 0x12, 0x27, 0xFE, 0xFE, 0xCF, 0xEC, 0xEC, 0xFF, 0xFF, 0xFE, 0xEE, 0xEE, 0xCC,
    0xCB, 0xDA, 0xDE, 0xCC, 0xEE, 0xEB, 0xEE, 0xEF, 0xCB, 0xEF, 0xDD, 0xAA, 0xAA, 0x41, 0x12, 0x47,
    0x21, 0x11, 0x11, 0x12, 0x27, 0xEF, 0xEC, 0xFF, 0xCE, 0xEC, 0xFF, 0xFF, 0xFE, 0xEE, 0xEE, 0xCC,
    0xC9, 0xAA, 0xCE, 0xEC, 0xCE, 0xEE, 0xBE, 0xEE, 0xFC, 0xED, 0xAA, 0xAA, 0xA9, 0x41, 0x11, 0x45,
    0x12, 0x11, 0x11, 0x11, 0x27, 0xEF, 0xEE, 0xFC, 0xCF, 0xCC, 0xFF, 0xEE, 0xEE, 0xEE, 0xEE, 0xCC,
    0xCA, 0xDA, 0xCC, 0xEF, 0xBC, 0xEE, 0xEB, 0xEE, 0xEF, 0xA7, 0x77, 0x88, 0x79, 0x41, 0x11, 0x72,
    0x12, 0x22, 0x21, 0x11, 0x27, 0xDF, 0xEF, 0xEC, 0xFE, 0xBC, 0xFF, 0xEE, 0xEE, 0xEE, 0xCC, 0xCC,
    0xB9, 0xDA, 0xDC, 0xCE, 0xEB, 0xEE, 0xEE, 0xCE, 0xFD, 0x88, 0x74, 0x44, 0x24, 0x41, 0x14, 0x71,
    0x12, 0x34, 0x42, 0x23, 0x24, 0xDF, 0xFF, 0xCF, 0xEB, 0xC9, 0xAD, 0xFF, 0xEE, 0xEE, 0xCC, 0xBC,
    0xBA, 0xDA, 0xCE, 0xCC, 0xEE, 0xBE, 0xEF, 0xCE, 0xD8, 0x87, 0x77, 0x44, 0x24, 0x41, 0x27, 0x41,
    0x11, 0x22, 0x11, 0x11, 0x12, 0xDF, 0xFE, 0xEE, 0xBE, 0xC9, 0x77, 0x79, 0xCE, 0xEE, 0xCC, 0xBC,
    0xBA, 0xFD, 0xEC, 0xEC, 0xCE, 0xEB, 0xEE, 0xFD, 0x87, 0x77, 0x77, 0x44, 0x44, 0x42, 0x44, 0x41,
    0x11, 0x11, 0x11, 0x11, 0x11, 0xAF, 0xEE, 0xFC, 0xCF, 0xB8, 0x74, 0x42, 0x47, 0xAE, 0xCC, 0xBC,
    0xBA, 0xFF, 0xDC, 0xCF, 0xBC, 0xEC, 0xBE, 0xE9, 0x77, 0x77, 0x44, 0x44, 0x77, 0x44, 0x44, 0x42,
    0x11, 0x11, 0x11, 0x11, 0x11, 0xAF, 0xEF, 0xCC, 0xEC, 0xB7, 0x44, 0x44, 0x24, 0x79, 0xCC, 0xBC,
    0xB9, 0xFD, 0xDE, 0xBE, 0xEB, 0xEE, 0xCE, 0xA7, 0x77, 0x74, 0x44, 0x44, 0x74, 0x44, 0x44, 0x22,
    0x11, 0x11, 0x11, 0x11, 0x11, 0x8F, 0xFE, 0xCE, 0xCC, 0xC5, 0x44, 0x44, 0x44, 0x77, 0xAC, 0xBC,
    0xB9, 0xFD, 0xCE, 0xEB, 0xEC, 0xCE, 0xFA, 0x77, 0x44, 0x44, 0x44, 0x44, 0x44, 0x44, 0x42, 0x22,
    0x21, 0x11, 0x11, 0x11, 0x11, 0x7E, 0xFC, 0xEE, 0xCE, 0xB4, 0x44, 0x44, 0x44, 0xAB, 0x7C, 0xBC,
    0xB9, 0xFA, 0xCC, 0xEC, 0xCF, 0xCE, 0xA5, 0x44, 0x44, 0x44, 0x44, 0x44, 0x44, 0x22, 0x22, 0x22,
    0x21, 0x11, 0x11, 0x11, 0x11, 0x7D, 0xEE, 0xFC, 0xEC, 0xB4, 0x24, 0x44, 0x47, 0xDC, 0x9A, 0xAC,
    0xB9, 0xEA, 0xCE, 0xCE, 0xBC, 0xFD, 0x74, 0x44, 0x44, 0x44, 0x43, 0x22, 0x22, 0x22, 0x22, 0x22,
    0x21, 0x11, 0x11, 0x11, 0x11, 0x2A, 0xEF, 0xEC, 0xEC, 0x94, 0x44, 0x44, 0x48, 0xFC, 0xC9, 0x9C,
    0xB9, 0xDA, 0xCE, 0xCC, 0xEC, 0xE7, 0x44, 0x44, 0x44, 0x44, 0x44, 0x32, 0x22, 0x22, 0x22, 0x22,
    0x21, 0x11, 0x11, 0x11, 0x11, 0x1A, 0xFE, 0xCE, 0xCE, 0x94, 0x44, 0x44, 0x7A, 0xFC, 0xCC, 0xBC,
    0xB9, 0xDA, 0xCC, 0xEB, 0xEE, 0x94, 0x44, 0x44, 0x44, 0x44, 0x44, 0x44, 0x22, 0x22, 0x22, 0x22,
    0x21, 0x11, 0x11, 0x11, 0x11, 0x17, 0xEF, 0xCC, 0xEC, 0x84, 0x44, 0x44, 0x7A, 0xEC, 0xCC, 0xBC,
};

static const uint8_t coup_animdata_contessa_f01[3072] = {
    0xBB, 0xCB, 0x89, 0x99, 0x99, 0x99, 0x99, 0x99, 0x88, 0x88, 0x88, 0x88, 0x88, 0x88, 0x99, 0x99,
    0x99, 0x88, 0x88, 0x99, 0x89, 0x95, 0x66, 0x66, 0x66, 0x66, 0x66, 0x66, 0x69, 0xA9, 0xBB, 0xBB,
    0xBB, 0xB6, 0x99, 0x99, 0x99, 0x99, 0x88, 0x88, 0x88, 0x88, 0x88, 0x68, 0x66, 0x88, 0x88, 0x88,
    0x88, 0x88, 0x88, 0x88, 0x88, 0x6B, 0xBB, 0xBB, 0xBB, 0xBB, 0xBB, 0xBB, 0xBB, 0x99, 0x9B, 0xBB,
    0xBB, 0x69, 0x99, 0x98, 0x99, 0x88, 0x88, 0x66, 0x66, 0x66, 0x66, 0x66, 0x66, 0x88, 0x68, 0x88,
    0x66, 0x66, 0x66, 0x66, 0x66, 0x6B, 0xBB, 0xBB, 0xBB, 0xBB, 0xBB, 0xBB, 0xBB, 0xB9, 0x9B, 0xBC,
    0xCB, 0x99, 0x98, 0x88, 0x88, 0x66, 0x66, 0x66, 0x66, 0x66, 0x66, 0x66, 0x66, 0x66, 0x66, 0x68,
    0x66, 0x66, 0x66, 0x66, 0x66, 0xBB, 0xBB, 0xBB, 0xBB, 0xBB, 0xBB, 0xBB, 0xBB, 0xB9, 0x99, 0xBC,
    0xC9, 0x98, 0x86, 0x86, 0x66, 0x66, 0x66, 0x66, 0x66, 0x66, 0x66, 0x66, 0x66, 0x66, 0x66, 0x66,
    0x66, 0x66, 0x66, 0x66, 0x66, 0xBB, 0xBB, 0xBB, 0xBB, 0xBB, 0xBB, 0xBB, 0xBB, 0xBB, 0x99, 0x9B,
    0xC9, 0x98, 0x86, 0x66, 0x66, 0x66, 0x66, 0x66, 0x66, 0x66, 0x66, 0x66, 0x66, 0x66, 0x66, 0x66,
    0x66, 0x66, 0x66, 0x66, 0x6B, 0xBB, 0xBB, 0xAB, 0xBC, 0xAB, 0xBC, 0xAB, 0xBB, 0xBB, 0xB8, 0x9C,
    0xB9, 0x86, 0x66, 0x66, 0x66, 0x66, 0x66, 0x66, 0x66, 0x66, 0x66, 0x66, 0x66, 0x66, 0x66, 0x66,
    0x66, 0x66, 0x66, 0x66, 0x6B, 0xBB, 0xBB, 0x6B, 0xBA, 0x6B, 0xBA, 0x8B, 0xBB, 0xBB, 0xB9, 0xAC,
    0xB8, 0x86, 0x66, 0x66, 0x66, 0x66, 0x66, 0x66, 0x66, 0x66, 0x66, 0x66, 0x66, 0x66, 0x66, 0x66,
    0x66, 0x66, 0x66, 0x69, 0xBB, 0xBB, 0xBB, 0x69, 0xC9, 0x69, 0xC9, 0x6B, 0xBB, 0xBB, 0xBA, 0xAB,
    0xB8, 0x66, 0x66, 0x66, 0x66, 0x66, 0x66, 0x66, 0x66, 0x66, 0x66, 0x66, 0x66, 0x66, 0x66, 0x66,
    0x66, 0x66, 0x66, 0x68, 0xBB, 0xBB, 0xBB, 0x66, 0x66, 0x66, 0x66, 0x6B, 0xBB, 0xBB, 0xC9, 0x9B,
    0xB8, 0x66, 0x66, 0x66, 0x66, 0x66, 0x66, 0x66, 0x66, 0x66, 0x66, 0x66, 0x66, 0x66, 0x66, 0x66,
    0x66, 0x66, 0x66, 0x66, 0x9B, 0xBB, 0xBB, 0x66, 0x66, 0x66, 0x66, 0x6B, 0xBB, 0xBC, 0xA8, 0x9B,
    0xB6, 0x66, 0x66, 0x66, 0x66, 0x66, 0x66, 0x66, 0x66, 0x66, 0x66, 0x66, 0x66, 0x66, 0x65, 0x66,
    0x55, 0x56, 0x56, 0x66, 0x6B, 0xBB, 0xBB, 0x66, 0x66, 0x66, 0x66, 0x6B, 0xBB, 0xBA, 0x68, 0x9C,
    0xB6, 0x66, 0x66, 0x8A, 0x99, 0x86, 0x66, 0x66, 0x66, 0x66, 0x56, 0x66, 0x66, 0x55, 0x58, 0x65,
    0x55, 0x55, 0x55, 0x55, 0x56, 0xBB, 0xBB, 0xB8, 0x69, 0x6B, 0x96, 0x6B, 0xBB, 0xC8, 0x68, 0x9C,
    0xB8, 0x66, 0x66, 0x9D, 0xDA, 0xAA, 0x85, 0x56, 0x55, 0x55, 0x55, 0x55, 0x67, 0x75, 0x55, 0x88,
    0x75, 0x55, 0x55, 0x55, 0x55, 0x8B, 0xBB, 0xB8, 0x6B, 0x6B, 0x96, 0xBB, 0xBC, 0x86, 0x66, 0x9C,
    0xB8, 0x66, 0x6A, 0xAD, 0xDA, 0xDD, 0xA9, 0x86, 0x55, 0x55, 0x55, 0x55, 0x88, 0x86, 0x55, 0x58,
    0x96, 0x55, 0x55, 0x55, 0x55, 0x59, 0xBB, 0xB8, 0x6B, 0x6B, 0x96, 0xBB, 0xB9, 0x66, 0x68, 0x9C,
    0xB8, 0x66, 0x66, 0x68, 0xAA, 0x9A, 0x65, 0x65, 0x55, 0x55, 0x55, 0x56, 0x98, 0x88, 0x78, 0x86,
    0x89, 0x65, 0x55, 0x55, 0x55, 0x55, 0xBB, 0xB8, 0x6B, 0x5B, 0x96, 0xBB, 0xA5, 0x66, 0x66, 0x9C,
    0xB6, 0x66, 0x65, 0x55, 0x66, 0x55, 0x55, 0x55, 0x55, 0x56, 0x66, 0x66, 0xA9, 0x9A, 0x88, 0xA9,
    0x99, 0x95, 0x55, 0x55, 0x55, 0x55, 0x6B, 0xB8, 0x69, 0x5B, 0x96, 0xBC, 0x65, 0x55, 0x56, 0x9B,
    0xB6, 0x65, 0x55, 0x55, 0x55, 0x55, 0x55, 0x55, 0x55, 0x69, 0x86, 0x89, 0x48, 0xAD, 0xA9, 0x99,
    0x99, 0xA8, 0x53, 0x33, 0x35, 0x55, 0x38, 0xB8, 0x99, 0x5B, 0x96, 0xB8, 0x55, 0x55, 0x56, 0x9C,
    0xB6, 0x55, 0x55, 0x55, 0x65, 0x55, 0x55, 0x55, 0x55, 0xAA, 0x88, 0xAA, 0x89, 0xDA, 0xA9, 0x88,
    0x99, 0x97, 0x95, 0x55, 0x53, 0x55, 0x55, 0xC8, 0x6B, 0x5B, 0x98, 0x95, 0x55, 0x56, 0x55, 0x8C,
    0xB6, 0x55, 0x55, 0x55, 0x55, 0x55, 0x55, 0x55, 0x57, 0xAA, 0x9A, 0xAA, 0xAA, 0xAA, 0xA9, 0x96,
    0x69, 0xA9, 0x97, 0x89, 0x86, 0x53, 0x53, 0x67, 0x6B, 0x5B, 0x95, 0x55, 0x55, 0x55, 0x55, 0x8C,
    0xB6, 0x55, 0x55, 0x55, 0x55, 0x55, 0x55, 0x55, 0x59, 0xAA, 0xAA, 0x88, 0xAA, 0xAA, 0xA8, 0x9A,
    0xA9, 0x99, 0x9A, 0xA9, 0x68, 0x83, 0x33, 0x33, 0x6B, 0x5B, 0x93, 0x55, 0x55, 0x33, 0x55, 0x7C,
    0xB6, 0x55, 0x55, 0x55, 0x55, 0x55, 0x55, 0x55, 0x8A, 0xDA, 0xA7, 0x8A, 0xAA, 0xDA, 0x99, 0xAD,
    0xDD, 0x98, 0x6A, 0xDA, 0x63, 0x63, 0x33, 0x33, 0x8B, 0x6B, 0x83, 0x33, 0x33, 0x33, 0x35, 0x7A,
    0xB5, 0x55, 0x55, 0x55, 0x55, 0x55, 0x55, 0x58, 0xAD, 0xDD, 0xA4, 0x8C, 0xDD, 0xA9, 0x8A, 0xDD,
    0xFF, 0xA9, 0x66, 0xAD, 0x95, 0x65, 0x33, 0x33, 0x5B, 0xBA, 0x33, 0x33, 0x33, 0x33, 0x53, 0x7A,
    0xB5, 0x55, 0x55, 0x33, 0x33, 0x55, 0x53, 0x59, 0x9D, 0xFF, 0xA8, 0x9A, 0xDA, 0xA9, 0x9D, 0xFF,
    0xFF, 0xD9, 0x98, 0x6C, 0xC6, 0x85, 0x33, 0x33, 0x35, 0xC3, 0x23, 0x33, 0x33, 0x34, 0x33, 0x5A,
    0x95, 0x55, 0x33, 0x33, 0x33, 0x33, 0x33, 0x8A, 0x9D, 0xFD, 0x99, 0xAA, 0xA9, 0x98, 0xAA, 0xDD,
    0xDD, 0xD9, 0xA9, 0x99, 0xA9, 0x99, 0x53, 0x33, 0x33, 0x33, 0x33, 0x33, 0x33, 0x34, 0x33, 0x5B,
    0x95, 0x58, 0xA7, 0x53, 0x33, 0x33, 0x33, 0x9A, 0x9D, 0xFA, 0x98, 0x9D, 0xAA, 0x99, 0xAA, 0xDC,
    0xAC, 0xC9, 0xAC, 0xA9, 0xAA, 0x9A, 0x87, 0x33, 0x32, 0x23, 0x33, 0x33, 0x33, 0x34, 0x35, 0x7A,
    0xBA, 0xDD, 0xAA, 0xA7, 0x53, 0x33, 0x33, 0x8A, 0xAF, 0xFD, 0xA8, 0xAA, 0xA9, 0x69, 0xAA, 0xA9,
    0x99, 0x99, 0xAA, 0xDC, 0x99, 0x88, 0x97, 0x22, 0x22, 0x23, 0x32, 0x23, 0x33, 0x54, 0x35, 0x8C,
    0x96, 0x78, 0x95, 0x55, 0x33, 0x35, 0x73, 0x8D, 0xDF, 0xFD, 0xAC, 0xDA, 0xA6, 0x6A, 0xA9, 0x89,
    0x89, 0x99, 0xAC, 0xCA, 0xAA, 0x98, 0x66, 0x53, 0x22, 0x23, 0x33, 0x33, 0x53, 0x87, 0x25, 0x7A,
    0x95, 0x55, 0x55, 0x53, 0x33, 0x35, 0x88, 0xAD, 0xFF, 0xFD, 0xAD, 0xDA, 0x98, 0xAA, 0x97, 0x66,
    0x66, 0x88, 0x99, 0x8A, 0xAA, 0xA9, 0x86, 0x57, 0x32, 0x33, 0x32, 0x33, 0x33, 0x74, 0x45, 0x7C,
    0x95, 0x75, 0x55, 0x55, 0x53, 0x33, 0x89, 0x9F, 0xFF, 0xDA, 0xCD, 0xD9, 0x8A, 0xA8, 0x75, 0x33,
    0x44, 0x35, 0x68, 0x7A, 0xDD, 0xAA, 0x96, 0x58, 0x52, 0x33, 0x33, 0x33, 0x33, 0x84, 0x45, 0x8C,
    0x95, 0x55, 0x55, 0x55, 0x53, 0x37, 0xA9, 0x9D, 0xFD, 0xAC, 0xDF, 0xA8, 0x99, 0x75, 0x42, 0x22,
    0x22, 0x22, 0x45, 0x79, 0xAD, 0xCA, 0xA8, 0x89, 0x83, 0x33, 0x33, 0x33, 0x43, 0x84, 0x45, 0x8C,
    0x95, 0x55, 0x55, 0x55, 0x55, 0x39, 0xDA, 0xAA, 0xAC, 0xAD, 0xFD, 0x99, 0x97, 0x54, 0x42, 0x12,
    0x22, 0x11, 0x23, 0x68, 0xAA, 0xAA, 0xA8, 0x8A, 0xA5, 0x33, 0x22, 0x23, 0x33, 0x87, 0x45, 0x8C,
    0x95, 0x55, 0x55, 0x55, 0x55, 0x5A, 0xDD, 0xAD, 0x7A, 0xAD, 0xFD, 0x99, 0x75, 0x44, 0x22, 0x12,
    0x21, 0x11, 0x11, 0x46, 0x87, 0x7C, 0xA8, 0x8D, 0xD5, 0x23, 0x23, 0x33, 0x33, 0x84, 0x45, 0x7B,
    0x95, 0x53, 0x33, 0x35, 0x55, 0x5A, 0xDD, 0xFF, 0xDD, 0xAD, 0xFA, 0x99, 0x74, 0x32, 0x12, 0x22,
    0x11, 0x11, 0x11, 0x25, 0x87, 0x8A, 0xA9, 0x7A, 0xD5, 0x22, 0x33, 0x33, 0x35, 0xA4, 0x45, 0x7B,
    0x95, 0x55, 0x55, 0x33, 0x33, 0x38, 0xDF, 0xFF, 0xDD, 0xAF, 0xF9, 0xA8, 0x54, 0x24, 0x22, 0x22,
    0x11, 0x11, 0x11, 0x12, 0x59, 0xA9, 0x98, 0x58, 0xA3, 0x33, 0x33, 0x33, 0x35, 0xA4, 0x75, 0x5B,
    0x65, 0x53, 0x33, 0x33, 0x33, 0x38, 0xDD, 0xFD, 0xDA, 0x7D, 0xDA, 0xA7, 0x44, 0x22, 0x12, 0x22,
    0x11, 0x11, 0x11, 0x12, 0x47, 0xAA, 0x99, 0x68, 0x43, 0x23, 0x23, 0x33, 0x34, 0xA4, 0x73, 0x5B,
    0x53, 0x33, 0x32, 0x22, 0x22, 0x77, 0x8D, 0xDD, 0xDD, 0xDD, 0xDD, 0x87, 0x42, 0x24, 0x12, 0x22,
    0x11, 0x11, 0x11, 0x12, 0x25, 0x8A, 0xA9, 0x89, 0xDA, 0x52, 0x23, 0x33, 0x23, 0xA4, 0x73, 0x59,
    0x53, 0x33, 0x43, 0x33, 0x32, 0x8A, 0xDD, 0xDD, 0xDD, 0xDD, 0xDA, 0x77, 0x42, 0x24, 0x22, 0x21,
    0x11, 0x11, 0x11, 0x12, 0x24, 0x8A, 0xA9, 0x9A, 0xDD, 0x95, 0x23, 0x33, 0x33, 0xA7, 0x73, 0x59,
    0x53, 0x45, 0x53, 0x55, 0x55, 0xAA, 0x54, 0xAF, 0xFD, 0xFF, 0xDA, 0x74, 0x43, 0x22, 0x22, 0x21,
    0x11, 0x11, 0x11, 0x12, 0x23, 0x7A, 0xA9, 0x9A, 0xDA, 0x96, 0x33, 0x33, 0x33, 0xA7, 0x77, 0x5B,
    0x74, 0x47, 0x73, 0x55, 0x57, 0x75, 0x45, 0xDF, 0xFF, 0xFF, 0xA9, 0x74, 0x22, 0x22, 0x22, 0x11,
    0x11, 0x11, 0x11, 0x11, 0x22, 0x79, 0xAA, 0x9A, 0xDA, 0x66, 0x52, 0x33, 0x23, 0xA7, 0x77, 0x5B,
    0x75, 0x8A, 0xA8, 0x55, 0x55, 0x55, 0x58, 0xDF, 0xFF, 0xFD, 0xA8, 0x74, 0x11, 0x11, 0x22, 0x21,
    0x11, 0x44, 0x21, 0x11, 0x22, 0x48, 0x8A, 0x99, 0xDC, 0x66, 0x82, 0x23, 0x37, 0xA4, 0x77, 0x5B,
    0x69, 0xA9, 0x99, 0x85, 0x44, 0x44, 0x3A, 0xFF, 0xFF, 0xFA, 0x89, 0x98, 0x72, 0x22, 0x22, 0x22,
    0x38, 0x83, 0x11, 0x11, 0x22, 0x38, 0xAC, 0xA9, 0xAA, 0x99, 0xA3, 0x33, 0x47, 0xA7, 0x74, 0x6B,
    0x89, 0x98, 0x86, 0x63, 0x23, 0x32, 0x3A, 0xFF, 0xFF, 0xFA, 0x98, 0x7A, 0xA8, 0x43, 0x22, 0x23,
    0x57, 0x42, 0x11, 0x11, 0x12, 0x26, 0x8A, 0xDA, 0x9A, 0xAC, 0xD5, 0x33, 0x57, 0xA4, 0x77, 0x6B,
    0x9A, 0x98, 0x65, 0x52, 0x12, 0x22, 0x3D, 0xFF, 0xFF, 0xFA, 0x87, 0x7A, 0xAA, 0x74, 0x32, 0x24,
    0x45, 0x77, 0x42, 0x11, 0x12, 0x26, 0xAD, 0xDA, 0x7A, 0xDF, 0xD3, 0x32, 0x57, 0xA7, 0x77, 0x5B,
    0x99, 0x96, 0x52, 0x21, 0x23, 0x22, 0x2A, 0xFF, 0xFF, 0xFA, 0x87, 0x9A, 0xAA, 0xA7, 0x21, 0x24,
    0x74, 0x21, 0x44, 0x21, 0x22, 0x26, 0x9D, 0xDA, 0xAD, 0xFF, 0xA3, 0x43, 0x57, 0xA7, 0x77, 0x5B,
    0x99, 0x86, 0x31, 0x12, 0x33, 0x23, 0x2A, 0xFF, 0xFF, 0xF8, 0xAA, 0x84, 0x7D, 0xD8, 0x21, 0x17,
    0x74, 0x42, 0x14, 0x42, 0x22, 0x38, 0x9A, 0xDD, 0xDF, 0xFF, 0x52, 0x33, 0x47, 0xA7, 0x77, 0x5B,
    0xB9, 0x88, 0x52, 0x35, 0x56, 0x23, 0x28, 0xFF, 0xFF, 0xF8, 0xAA, 0xAD, 0xAA, 0xD8, 0x21, 0x24,
    0x78, 0xDF, 0xA7, 0x44, 0x22, 0x38, 0x9A, 0xDD, 0xDF, 0xFD, 0x32, 0x22, 0x47, 0xA7, 0x77, 0x5B,
    0xBA, 0x88, 0x73, 0x33, 0x55, 0x32, 0x32, 0xAF, 0xFF, 0xFA, 0xAD, 0xAA, 0xDA, 0xA8, 0x21, 0x21,
    0x77, 0x7A, 0xAA, 0x41, 0x12, 0x38, 0xAA, 0xDC, 0xDF, 0xDF, 0x52, 0x22, 0x47, 0xA7, 0x77, 0x4B,
    0xCD, 0xAA, 0xA9, 0x87, 0x77, 0x52, 0x22, 0x2D, 0xFF, 0xFA, 0xAA, 0x77, 0x77, 0x88, 0x41, 0x11,
    0x27, 0x44, 0x41, 0x11, 0x12, 0x39, 0xCD, 0xAD, 0xFD, 0xDF, 0x72, 0x22, 0x47, 0xA7, 0xBC, 0xB9,
    0xCD, 0xDD, 0xAD, 0xA9, 0xAA, 0x42, 0x22, 0x47, 0xDF, 0xFA, 0x89, 0x87, 0x44, 0x88, 0x77, 0x21,
    0x13, 0x21, 0x11, 0x11, 0x12, 0x37, 0xAA, 0x34, 0xFD, 0xDF, 0x72, 0x22, 0x47, 0xAB, 0xFF, 0xEB,
    0xCD, 0xAD, 0xAD, 0xAA, 0x88, 0x42, 0x22, 0x47, 0xAA, 0xDA, 0x74, 0x44, 0x47, 0x88, 0x11, 0x71,
    0x11, 0x21, 0x11, 0x11, 0x12, 0x47, 0x85, 0x95, 0xAD, 0xDD, 0x22, 0x22, 0x4A, 0xBE, 0xFF, 0xEB,
    0xBA, 0xAA, 0xAA, 0xA8, 0xAE, 0xE8, 0x22, 0x47, 0xAD, 0xAA, 0x74, 0x44, 0x77, 0xA7, 0x11, 0x27,
    0x11, 0x11, 0x11, 0x11, 0x14, 0x79, 0x77, 0x78, 0xAD, 0xDA, 0x12, 0x22, 0x7C, 0xCF, 0xFF, 0xFB,
    0xBA, 0xAA, 0xAA, 0xAA, 0xEE, 0xEE, 0xA2, 0x27, 0x7D, 0xA8, 0x74, 0x44, 0x7A, 0xA4, 0x11, 0x14,
    0x72, 0x22, 0x11, 0x24, 0x44, 0x78, 0x54, 0x27, 0xAD, 0xD4, 0x12, 0x14, 0xCC, 0xFF, 0xFF, 0xFC,
    0xBA, 0xAA, 0xAA, 0xAE, 0xEE, 0xEE, 0xEA, 0x47, 0x7D, 0xAA, 0xA7, 0x77, 0x8A, 0xA4, 0x11, 0x11,
    0x24, 0x77, 0x74, 0x21, 0x24, 0x75, 0x84, 0x27, 0xDF, 0xA4, 0x21, 0x4C, 0xEC, 0xFF, 0xFF, 0xFC,
    0xCD, 0xAA, 0xA7, 0xAE, 0xEF, 0xFF, 0xFE, 0xC7, 0x4A, 0xA9, 0x98, 0x77, 0x9A, 0x98, 0x55, 0x41,
    0x21, 0x11, 0x11, 0x12, 0x34, 0x52, 0x78, 0x27, 0xFD, 0x74, 0x24, 0xCE, 0xCC, 0xFF, 0xFF, 0xFC,
    0xCD, 0xDA, 0xA8, 0xEF, 0xFF, 0xFF, 0xFF, 0xEE, 0x78, 0xDA, 0x97, 0x57, 0x9A, 0xAD, 0x78, 0xA2,
    0x22, 0x11, 0x11, 0x22, 0x45, 0x42, 0x48, 0x28, 0xA7, 0x74, 0x7C, 0xEE, 0xCE, 0xFF, 0xFF, 0xFC,
    0xCD, 0xDA, 0xAA, 0xFE, 0xFF, 0xFF, 0xFF, 0xEF, 0xC9, 0xDA, 0x98, 0x78, 0xAA, 0xAA, 0xA3, 0x21,
    0x13, 0x21, 0x12, 0x23, 0x54, 0x33, 0x54, 0x47, 0x47, 0x77, 0xCE, 0xEE, 0xCF, 0xFF, 0xFF, 0xFC,
    0xCD, 0xDA, 0xAC, 0xFE, 0xFF, 0xFF, 0xFF, 0xFE, 0xEC, 0xAA, 0x99, 0x77, 0x99, 0x98, 0x42, 0x11,
    0x11, 0x21, 0x22, 0x34, 0x44, 0x34, 0x24, 0x44, 0x77, 0x7C, 0xEE, 0xEE, 0xCF, 0xFF, 0xFF, 0xFC,
    0xCD, 0xDA, 0xAE, 0xFF, 0xFF, 0xFF, 0xFF, 0xFF, 0xEE, 0xAA, 0x89, 0x87, 0x77, 0x84, 0x12, 0x11,
    0x11, 0x22, 0x23, 0x34, 0x34, 0x32, 0x24, 0x44, 0x77, 0xCE, 0xEE, 0xEC, 0xCF, 0xFF, 0xFF, 0xFC,
    0xAA, 0xAA, 0xAF, 0xEF, 0xFF, 0xFF, 0xFF, 0xFF, 0xFE, 0xAA, 0x98, 0x87, 0x77, 0x88, 0x44, 0x11,
    0x11, 0x12, 0x23, 0x44, 0x34, 0x24, 0x24, 0x74, 0x8C, 0xCE, 0xEE, 0xEC, 0xEF, 0xFF, 0xFF, 0xFC,
    0xCA, 0xDA, 0xDF, 0xFF, 0xEF, 0xFF, 0xFF, 0xFF, 0xFF, 0xDA, 0xA8, 0x88, 0x77, 0x9A, 0x98, 0x92,
    0x11, 0x11, 0x22, 0x33, 0x24, 0x42, 0x47, 0x47, 0xCE, 0xEE, 0xEE, 0xEC, 0xFF, 0xFF, 0xFF, 0xFC,
    0xBD, 0xDA, 0xEF, 0xFE, 0xEF, 0xFF, 0xFF, 0xFF, 0xFF, 0xED, 0xA8, 0x98, 0x79, 0xCA, 0xA9, 0x89,
    0x74, 0x11, 0x22, 0x32, 0x24, 0xD7, 0x77, 0x7C, 0xEE, 0xEE, 0xEE, 0xEC, 0xFF, 0xFF, 0xFF, 0xFC,
    0xBA, 0xAA, 0xEE, 0xEE, 0xEF, 0xFF, 0xFF, 0xFF, 0xFF, 0xED, 0xE8, 0x88, 0x7A, 0x95, 0x33, 0x13,
    0x42, 0x21, 0x22, 0x22, 0x24, 0xD7, 0x47, 0xCE, 0xEE, 0xEE, 0xEE, 0xEC, 0xFF, 0xFF, 0xFF, 0xFC,
    0xCA, 0xAA, 0xEE, 0xEE, 0xEF, 0xFF, 0xFF, 0xFF, 0xFF, 0xFE, 0xF9, 0x88, 0x77, 0x88, 0x66, 0x52,
    0x11, 0x21, 0x22, 0x22, 0x47, 0xA4, 0x7C, 0xEE, 0xEE, 0xEE, 0xEE, 0xCC, 0xFF, 0xFF, 0xFF, 0xFC,
    0xCA, 0xAA, 0xEE, 0xEE, 0xEE, 0xFF, 0xFF, 0xFF, 0xFF, 0xFE, 0xFA, 0x78, 0x88, 0x89, 0xAA, 0x72,
    0x21, 0x12, 0x22, 0x22, 0x45, 0x77, 0xDE, 0xEE, 0xEE, 0xEE, 0xEE, 0xCE, 0xFF, 0xFF, 0xFF, 0xFC,
    0xCC, 0xAA, 0xEE, 0xEE, 0xEE, 0xEF, 0xFF, 0xFF, 0xFF, 0xFE, 0xFD, 0x88, 0x98, 0x88, 0x87, 0x74,
    0x22, 0x22, 0x22, 0x24, 0x44, 0x7A, 0xEE, 0xEE, 0xEE, 0xEE, 0xEE, 0xCE, 0xFF, 0xFF, 0xFF, 0xEC,
    0xCC, 0xAD, 0xEE, 0xEE, 0xEE, 0xEF, 0xFF, 0xFF, 0xFF, 0xFE, 0xFF, 0x98, 0x98, 0x77, 0x22, 0x12,
    0x12, 0x22, 0x22, 0x44, 0x24, 0xCC, 0xEE, 0xEE, 0xEE, 0xEE, 0xEE, 0xCF, 0xFF, 0xFF, 0xFF, 0xEC,
    0xCC, 0xAD, 0xEE, 0xEE, 0xEE, 0xEE, 0xFF, 0xFF, 0xFF, 0xFE, 0xFF, 0xC8, 0x98, 0x74, 0x21, 0x11,
    0x11, 0x22, 0x24, 0x53, 0x18, 0xEA, 0xCE, 0xEE, 0xEE, 0xEE, 0xEC, 0xCF, 0xFF, 0xFF, 0xFF, 0xEB,
    0xCC, 0xAD, 0xEE, 0xEE, 0xEE, 0xEE, 0xEF, 0xFF, 0xFF, 0xFE, 0xFE, 0xFA, 0x89, 0x74, 0x32, 0x11,
    0x11, 0x22, 0x45, 0x41, 0x18, 0xEC, 0xCE, 0xEE, 0xEE, 0xEE, 0xCC, 0xCF, 0xFF, 0xFF, 0xFF, 0xCB,
    0xCC, 0xAD, 0xEE, 0xEE, 0xEE, 0xEE, 0xEE, 0xFF, 0xFF, 0xFE, 0xFE, 0xFC, 0x89, 0x87, 0x44, 0x11,
    0x22, 0x44, 0x65, 0x11, 0x29, 0xEC, 0xCE, 0xEE, 0xEE, 0xEE, 0xCC, 0xCF, 0xFF, 0xFF, 0xFF, 0xCB,
    0xCC, 0xAD, 0xEE, 0xEE, 0xEE, 0xEE, 0xEE, 0xFF, 0xFF, 0xED, 0xFF, 0xFC, 0xA9, 0x88, 0x87, 0x44,
    0x45, 0x58, 0x71, 0x11, 0x2A, 0xFA, 0xCE, 0xEE, 0xEE, 0xEC, 0xCC, 0xEF, 0xFF, 0xFF, 0xFF, 0xCB,
    0xCC, 0xAD, 0xEE, 0xEE, 0xEE, 0xEE, 0xEE, 0xEF, 0xFF, 0xFF, 0xFF, 0xFD, 0x8A, 0x98, 0x88, 0x88,
    0x88, 0x98, 0x21, 0x11, 0x2A, 0xFC, 0xEE, 0xEE, 0xCC, 0xEC, 0xEC, 0xEF, 0xFF, 0xFF, 0xFF, 0xCB,
    0xCA, 0xAC, 0xEE, 0xEE, 0xEE, 0xEE, 0xCE, 0xEE, 0xFF, 0xFF, 0xFF, 0xFE, 0x8A, 0xAA, 0x99, 0xA9,
    0x98, 0x82, 0x11, 0x11, 0x2A, 0xFE, 0xEE, 0xEE, 0xEE, 0xEC, 0xCB, 0xFF, 0xFF, 0xFF, 0xFF, 0xCB,
    0xCA, 0xAA, 0xCE, 0xEC, 0xEE, 0xEE, 0xEE, 0xEE, 0xEF, 0xFF, 0xFF, 0xFE, 0x9A, 0xAA, 0x9A, 0x98,
    0x86, 0x31, 0x11, 0x12, 0x2A, 0xFE, 0xEE, 0xEE, 0xEE, 0xCC, 0xCC, 0xFF, 0xFF, 0xFF, 0xFF, 0xBB,
    0xBA, 0xDA, 0xCC, 0xCC, 0xEE, 0xEE, 0xEE, 0xEE, 0xEE, 0xFF, 0xFF, 0xFF, 0xA8, 0xAA, 0x99, 0x88,
    0x64, 0x11, 0x11, 0x12, 0x2A, 0xFE, 0xEE, 0xEE, 0xEC, 0xCC, 0xEC, 0xFF, 0xFF, 0xFF, 0xEE, 0xBB,
    0xBA, 0xDD, 0xEC, 0xCE, 0xCE, 0xEE, 0xEE, 0xEE, 0xEE, 0xFF, 0xFF, 0xFF, 0xA8, 0xAA, 0x99, 0x86,
    0x52, 0x11, 0x11, 0x12, 0x28, 0xFE, 0xEE, 0xEE, 0xEC, 0xCF, 0xEC, 0xFF, 0xFF, 0xFF, 0xEE, 0xBB,
    0xBB, 0xAD, 0xEE, 0xEC, 0xCC, 0xEE, 0xEE, 0xEE, 0xEC, 0xEF, 0xFF, 0xFF, 0xA8, 0x89, 0x98, 0x87,
    0x42, 0x22, 0x11, 0x12, 0x27, 0xFE, 0xEE, 0xEE, 0xCC, 0xEE, 0xCC, 0xFF, 0xFF, 0xFF, 0xEE, 0xBB,
    0xBB, 0xAA, 0xEE, 0xEC, 0xCC, 0xCC, 0xEE, 0xEE, 0xEE, 0xEE, 0xFF, 0xEF, 0xC8, 0x88, 0x88, 0x74,
    0x42, 0x21, 0x11, 0x22, 0x27, 0xFF, 0xEE, 0xFE, 0xCE, 0xEE, 0xBE, 0xFF, 0xFF, 0xFF, 0xEE, 0xBB,
    0xBB, 0xAA, 0xCE, 0xEE, 0xEC, 0xCC, 0xEE, 0xEE, 0xEE, 0xEE, 0xEF, 0xEF, 0xD8, 0x88, 0x87, 0x74,
    0x22, 0x21, 0x11, 0x22, 0x27, 0xFF, 0xFF, 0xFC, 0xEE, 0xEC, 0xCF, 0xFF, 0xFF, 0xFF, 0xEE, 0xBB,
    0xBB, 0xAA, 0xCE, 0xEE, 0xEE, 0xBC, 0xCE, 0xEE, 0xEE, 0xEE, 0xEE, 0xEF, 0xD8, 0x77, 0x87, 0x74,
    0x22, 0x21, 0x12, 0x22, 0x27, 0xEF, 0xFF, 0xEE, 0xFE, 0xCE, 0xCF, 0xFF, 0xFF, 0xFE, 0xEE, 0xBB,
    0xBB, 0xAA, 0xEE, 0xCE, 0xEE, 0xEB, 0xCC, 0xCE, 0xEE, 0xEE, 0xEF, 0xFF, 0xE8, 0x44, 0x77, 0x44,
    0x44, 0x11, 0x12, 0x12, 0x27, 0xEF, 0xFF, 0xEF, 0xEC, 0xCF, 0xCF, 0xFF, 0xFF, 0xFF, 0xEE, 0xBB,
    0xBB, 0xAA, 0xEE, 0xCC, 0xEE, 0xEF, 0xBC, 0xCC, 0xEE, 0xEE, 0xEF, 0xFF, 0xD8, 0x44, 0x77, 0x44,
    0x44, 0x11, 0x11, 0x22, 0x27, 0xDF, 0xFE, 0xFE, 0xCC, 0xFE, 0xCF, 0xFF, 0xFF, 0xFE, 0xEC, 0xBB,
    0xBB, 0xAA, 0xEE, 0xEC, 0xCE, 0xEE, 0xFC, 0xCE, 0xEE, 0xEE, 0xFF, 0xFF, 0xD8, 0x41, 0x47, 0x44,
    0x42, 0x11, 0x11, 0x12, 0x27, 0xDF, 0xEF, 0xFC, 0xCF, 0xEB, 0xCF, 0xFF, 0xFF, 0xFE, 0xEE, 0xCB,
    0xBC, 0xAA, 0xCE, 0xCE, 0xCC, 0xEE, 0xEF, 0xCC, 0xEE, 0xEE, 0xFF, 0xFD, 0xA8, 0x41, 0x24, 0x44,
    0x41, 0x11, 0x11, 0x12, 0x27, 0xDF, 0xEF, 0xEC, 0xFE, 0xCB, 0xEF, 0xFF, 0xFF, 0xEE, 0xEE, 0xCC,
    0xBD, 0xDA, 0xEC, 0xEE, 0xFC, 0xCE, 0xEE, 0xFC, 0xCE, 0xEF, 0xFD, 0xDA, 0xAA, 0x41, 0x14, 0x44,
    0x41, 0x11, 0x11, 0x12, 0x27, 0xDF, 0xFE, 0xCF, 0xFC, 0xCE, 0xEF, 0xFF, 0xFF, 0xEE, 0xEE, 0xCC,
    0xBA, 0xDA, 0xEE, 0xCE, 0xEF, 0xCC, 0xEE, 0xEF, 0xCC, 0xFF, 0xDA, 0xAA, 0xA9, 0x41, 0x12, 0x47,
    0x21, 0x11, 0x11, 0x12, 0x27, 0xDF, 0xFC, 0xEF, 0xCC, 0xFC, 0xEF, 0xFF, 0xFE, 0xEE, 0xEE, 0xCC,
    0xBA, 0xAA, 0xEE, 0xEC, 0xEE, 0xFC, 0xCE, 0xEE, 0xFC, 0xFD, 0xAA, 0xAA, 0xA9, 0x41, 0x12, 0x47,
    0x12, 0x11, 0x11, 0x11, 0x24, 0xDF, 0xEE, 0xFE, 0xCF, 0xEC, 0xFF, 0xEE, 0xEE, 0xEE, 0xEE, 0xCC,
    0xAD, 0xDD, 0xCE, 0xFC, 0xBE, 0xEF, 0xCC, 0xEE, 0xFF, 0xA7, 0x78, 0x87, 0x79, 0x41, 0x12, 0x72,
    0x12, 0x22, 0x11, 0x11, 0x24, 0xDF, 0xEF, 0xEC, 0xEE, 0xCB, 0xFF, 0xFE, 0xEE, 0xEE, 0xEE, 0xCC,
    0x9D, 0xDD, 0xEC, 0xEF, 0xCC, 0xEE, 0xFC, 0xCF, 0xFA, 0x88, 0x74, 0x44, 0x27, 0x41, 0x14, 0x71,
    0x12, 0x34, 0x42, 0x23, 0x34, 0xAF, 0xFF, 0xCE, 0xFC, 0xCB, 0xAD, 0xEF, 0xFE, 0xEE, 0xCE, 0xCB,
    0xBD, 0xDA, 0xEE, 0xCE, 0xFC, 0xCE, 0xEF, 0xBF, 0xD8, 0x87, 0x77, 0x44, 0x24, 0x21, 0x27, 0x41,
    0x11, 0x22, 0x21, 0x11, 0x11, 0xAF, 0xFE, 0xEF, 0xCC, 0xEB, 0x77, 0x77, 0xAE, 0xEE, 0xCC, 0xCB,
    0x9D, 0xDE, 0xCE, 0xCC, 0xEF, 0xCC, 0xEE, 0xFD, 0x87, 0x77, 0x77, 0x44, 0x44, 0x42, 0x44, 0x41,
    0x11, 0x11, 0x11, 0x11, 0x11, 0xAF, 0xFE, 0xFC, 0xCF, 0xC9, 0x77, 0x42, 0x47, 0x9C, 0xCC, 0xCB,
    0x9D, 0xFF, 0xCC, 0xFC, 0xCE, 0xFB, 0xCE, 0xD8, 0x77, 0x77, 0x44, 0x44, 0x74, 0x44, 0x44, 0x42,
    0x11, 0x11, 0x11, 0x11, 0x11, 0x8F, 0xEF, 0xEC, 0xEE, 0xB8, 0x44, 0x44, 0x44, 0x48, 0xCC, 0xCB,
    0x9E, 0xFD, 0xEC, 0xCF, 0xBC, 0xEE, 0xCD, 0x87, 0x77, 0x74, 0x44, 0x44, 0x74, 0x44, 0x44, 0x22,
    0x11, 0x11, 0x11, 0x11, 0x11, 0x7F, 0xFF, 0xCE, 0xEC, 0xC8, 0x44, 0x44, 0x44, 0x77, 0x8C, 0xCB,
    0x9C, 0xFA, 0xCE, 0xBC, 0xEB, 0xCE, 0xEA, 0x77, 0x44, 0x44, 0x44, 0x44, 0x44, 0x44, 0x42, 0x22,
    0x11, 0x11, 0x11, 0x11, 0x11, 0x7D, 0xFE, 0xCF, 0xCC, 0xC7, 0x44, 0x44, 0x44, 0x7C, 0x8A, 0xCB,
    0x9C, 0xDA, 0xCC, 0xEB, 0xEE, 0xBF, 0xA4, 0x44, 0x44, 0x44, 0x44, 0x44, 0x44, 0x22, 0x22, 0x22,
    0x21, 0x11, 0x11, 0x11, 0x11, 0x4D, 0xFE, 0xFC, 0xCE, 0xB5, 0x24, 0x44, 0x44, 0xAE, 0xB8, 0xAB,
    0x9C, 0xDA, 0xEC, 0xEC, 0xBE, 0xEA, 0x44, 0x44, 0x44, 0x44, 0x43, 0x22, 0x22, 0x22, 0x22, 0x22,
    0x21, 0x11, 0x11, 0x11, 0x11, 0x2A, 0xEF, 0xFC, 0xEC, 0xB4, 0x24, 0x44, 0x47, 0xDE, 0xCC, 0x9B,
    0x9C, 0xAA, 0xEE, 0xCE, 0xCC, 0xD7, 0x44, 0x44, 0x44, 0x44, 0x44, 0x22, 0x22, 0x22, 0x22, 0x22,
    0x21, 0x11, 0x11, 0x11, 0x11, 0x18, 0xFF, 0xEC, 0xEC, 0xC4, 0x44, 0x44, 0x47, 0xDE, 0xCC, 0xBB,
};

static const uint8_t coup_animdata_contessa_f02[3072] = {
    0xBB, 0xB8, 0x99, 0x99, 0x99, 0x99, 0x98, 0x88, 0x88, 0x88, 0x88, 0x88, 0x88, 0x88, 0x89, 0x88,
    0x89, 0x88, 0x88, 0x88, 0x88, 0x86, 0xBB, 0xBB, 0xBB, 0xBB, 0xBB, 0xBB, 0xBB, 0xB9, 0x9B, 0xBB,
    0xBB, 0x69, 0x99, 0x99, 0x99, 0x88, 0x88, 0x88, 0x86, 0x88, 0x66, 0x66, 0x66, 0x88, 0x88, 0x88,
    0x88, 0x86, 0x68, 0x66, 0x68, 0x6B, 0xBB, 0xBB, 0xBB, 0xBB, 0xBB, 0xBB, 0xBB, 0xB9, 0x99, 0xBB,
    0xCB, 0x99, 0x99, 0x88, 0x88, 0x88, 0x86, 0x66, 0x66, 0x66, 0x66, 0x66, 0x66, 0x66, 0x66, 0x88,
    0x66, 0x66, 0x66, 0x66, 0x66, 0x6B, 0xBB, 0xBB, 0xBB, 0xBB, 0xBB, 0xBB, 0xBB, 0xBB, 0x99, 0xBB,
    0xB9, 0x99, 0x88, 0x86, 0x66, 0x66, 0x66, 0x66, 0x66, 0x66, 0x66, 0x66, 0x66, 0x66, 0x66, 0x66,
    0x66, 0x66, 0x66, 0x66, 0x66, 0xBB, 0xBB, 0xBB, 0xBB, 0xBB, 0xBB, 0xBB, 0xBB, 0xBB, 0x99, 0x9B,
    0x99, 0x98, 0x86, 0x66, 0x66, 0x66, 0x66, 0x66, 0x66, 0x66, 0x66, 0x66, 0x66, 0x66, 0x66, 0x66,
    0x66, 0x66, 0x66, 0x66, 0x66, 0xBB, 0xBB, 0xBB, 0xBB, 0xBB, 0xBB, 0xBB, 0xBB, 0xBB, 0xB9, 0x99,
    0x99, 0x88, 0x66, 0x66, 0x66, 0x66, 0x66, 0x66, 0x66, 0x66, 0x66, 0x66, 0x66, 0x66, 0x66, 0x66,
    0x66, 0x66, 0x66, 0x66, 0x6B, 0xBB, 0xBB, 0xA9, 0xBC, 0x99, 0xBB, 0xA9, 0xBB, 0xBB, 0xB9, 0x9C,
    0x98, 0x86, 0x66, 0x66, 0x66, 0x66, 0x66, 0x66, 0x66, 0x66, 0x66, 0x66, 0x66, 0x66, 0x66, 0x66,
    0x66, 0x66, 0x66, 0x66, 0xBB, 0xBB, 0xBB, 0x88, 0xBC, 0x66, 0xBC, 0x86, 0xBB, 0xBB, 0xBB, 0x9C,
    0x98, 0x66, 0x66, 0x66, 0x66, 0x66, 0x66, 0x66, 0x66, 0x66, 0x66, 0x66, 0x66, 0x66, 0x66, 0x66,
    0x66, 0x66, 0x66, 0x69, 0xBB, 0xBB, 0xBB, 0x88, 0xA9, 0x66, 0x99, 0x66, 0xBB, 0xBB, 0xBC, 0x9C,
    0x98, 0x66, 0x66, 0x66, 0x66, 0x66, 0x66, 0x66, 0x66, 0x66, 0x66, 0x66, 0x66, 0x66, 0x66, 0x66,
    0x66, 0x66, 0x66, 0x66, 0xBB, 0xBB, 0xBB, 0x86, 0x66, 0x66, 0x56, 0x66, 0xBB, 0xBB, 0xCA, 0x8B,
    0x96, 0x66, 0x66, 0x66, 0x66, 0x66, 0x66, 0x66, 0x66, 0x66, 0x66, 0x66, 0x66, 0x66, 0x66, 0x66,
    0x66, 0x66, 0x66, 0x66, 0x8B, 0xBB, 0xBB, 0x86, 0x66, 0x66, 0x66, 0x66, 0xBB, 0xBB, 0xA8, 0x8A,
    0x96, 0x66, 0x66, 0x86, 0x66, 0x66, 0x66, 0x66, 0x66, 0x66, 0x66, 0x66, 0x66, 0x65, 0x66, 0x55,
    0x55, 0x55, 0x56, 0x66, 0x59, 0xBB, 0xBB, 0x66, 0x66, 0x65, 0x66, 0x56, 0xBB, 0xBC, 0x86, 0x8A,
    0x96, 0x66, 0x66, 0xAD, 0x9A, 0x86, 0x66, 0x66, 0x66, 0x55, 0x56, 0x66, 0x66, 0x55, 0x58, 0x86,
    0x55, 0x55, 0x55, 0x55, 0x55, 0x9B, 0xBB, 0xB9, 0x6B, 0x66, 0xB6, 0xBB, 0xBB, 0xC8, 0x66, 0x8A,
    0x96, 0x66, 0x69, 0xAD, 0xAA, 0xAA, 0x86, 0x66, 0x55, 0x55, 0x55, 0x55, 0x67, 0x86, 0x55, 0x68,
    0x85, 0x55, 0x55, 0x55, 0x55, 0x6B, 0xBB, 0xB9, 0x6B, 0x6B, 0xB6, 0xBB, 0xBB, 0x96, 0x66, 0x8B,
    0x96, 0x66, 0x9A, 0xAD, 0xDD, 0xDA, 0xA9, 0x85, 0x55, 0x55, 0x55, 0x56, 0x88, 0x86, 0x55, 0x58,
    0x98, 0x55, 0x55, 0x55, 0x55, 0x56, 0xBB, 0xB9, 0x6B, 0x66, 0xB6, 0xBB, 0xBA, 0x66, 0x66, 0x89,
    0x96, 0x66, 0x65, 0x68, 0xA8, 0x68, 0x55, 0x55, 0x55, 0x55, 0x55, 0x56, 0xA8, 0x88, 0x78, 0x88,
    0x8A, 0x65, 0x55, 0x55, 0x55, 0x55, 0x9B, 0xB9, 0x6B, 0x66, 0xB6, 0xBB, 0xC6, 0x55, 0x56, 0x89,
    0x96, 0x65, 0x65, 0x55, 0x55, 0x55, 0x55, 0x55, 0x55, 0x56, 0x66, 0x68, 0xA9, 0xAA, 0xA8, 0xA9,
    0x99, 0xA5, 0x55, 0x55, 0x55, 0x55, 0x59, 0xB9, 0x6B, 0x56, 0xB6, 0xBC, 0x85, 0x55, 0x56, 0x89,
    0x96, 0x55, 0x55, 0x55, 0x55, 0x55, 0x55, 0x55, 0x55, 0x89, 0x86, 0x89, 0x49, 0xDD, 0xA9, 0x89,
    0x99, 0xA9, 0x63, 0x33, 0x35, 0x55, 0x35, 0xB9, 0x6B, 0x56, 0xB6, 0xBA, 0x55, 0x55, 0x56, 0x6A,
    0x96, 0x55, 0x55, 0x56, 0x65, 0x55, 0x55, 0x55, 0x37, 0xA9, 0x89, 0xAA, 0x89, 0xDA, 0xA9, 0x88,
    0x99, 0x97, 0x96, 0x56, 0x55, 0x35, 0x53, 0x8A, 0x6B, 0x56, 0xB6, 0xA5, 0x55, 0x55, 0x55, 0x6A,
    0x85, 0x55, 0x55, 0x55, 0x55, 0x55, 0x55, 0x55, 0x59, 0xAA, 0x9A, 0xAA, 0xAA, 0xAA, 0xA9, 0x96,
    0x89, 0x99, 0x97, 0x89, 0x88, 0x53, 0x33, 0x55, 0x6B, 0x56, 0xB5, 0x55, 0x55, 0x55, 0x55, 0x59,
    0x65, 0x55, 0x55, 0x55, 0x55, 0x55, 0x55, 0x55, 0x5A, 0xAA, 0xAA, 0x78, 0xAA, 0xDA, 0x98, 0x9A,
    0xA9, 0x99, 0x9A, 0xC9, 0x66, 0x83, 0x33, 0x33, 0x5B, 0x6B, 0xB5, 0x35, 0x55, 0x33, 0x35, 0x59,
    0x65, 0x55, 0x55, 0x55, 0x55, 0x55, 0x55, 0x56, 0x9D, 0xDD, 0xA7, 0x9A, 0xCA, 0xDA, 0x89, 0xAD,
    0xDD, 0x99, 0x69, 0xDC, 0x83, 0x65, 0x33, 0x33, 0x5B, 0x6B, 0xA3, 0x53, 0x33, 0x33, 0x33, 0x58,
    0x65, 0x55, 0x55, 0x55, 0x55, 0x55, 0x53, 0x58, 0xAD, 0xDD, 0xA4, 0x9C, 0xDD, 0xA9, 0x8A, 0xDD,
    0xFF, 0xA9, 0x66, 0x9D, 0xA6, 0x65, 0x33, 0x33, 0x39, 0xBC, 0x53, 0x33, 0x33, 0x33, 0x53, 0x58,
    0x65, 0x55, 0x53, 0x33, 0x35, 0x55, 0x33, 0x7A, 0xAD, 0xFD, 0x98, 0xAA, 0xDA, 0xA9, 0xAD, 0xFF,
    0xFF, 0xD9, 0x99, 0x6A, 0xC9, 0x86, 0x33, 0x33, 0x33, 0xA7, 0x23, 0x33, 0x33, 0x35, 0x35, 0x38,
    0x65, 0x55, 0x33, 0x33, 0x33, 0x33, 0x35, 0x99, 0x9D, 0xFA, 0x99, 0xAA, 0xA9, 0x98, 0xAA, 0xDD,
    0xDD, 0xD9, 0xAA, 0x99, 0xAA, 0x9A, 0x53, 0x33, 0x32, 0x33, 0x33, 0x33, 0x33, 0x34, 0x33, 0x38,
    0x65, 0x69, 0xA7, 0x53, 0x33, 0x33, 0x35, 0xAA, 0xAD, 0xFA, 0x98, 0xAD, 0xAA, 0x99, 0xAA, 0xDC,
    0xAA, 0xC9, 0xAD, 0xA9, 0xAA, 0x9A, 0x97, 0x33, 0x32, 0x22, 0x33, 0x33, 0x33, 0x34, 0x33, 0x59,
    0x9A, 0xDD, 0xAA, 0x87, 0x33, 0x33, 0x33, 0xAA, 0xDF, 0xDA, 0x98, 0xAA, 0xA9, 0x69, 0xAA, 0xA9,
    0x99, 0x99, 0xAA, 0xDC, 0xA9, 0x88, 0x98, 0x32, 0x22, 0x22, 0x32, 0x22, 0x33, 0x37, 0x45, 0x59,
    0x67, 0x7A, 0x85, 0x53, 0x33, 0x35, 0x53, 0xAD, 0xDF, 0xDD, 0xAD, 0xDA, 0x96, 0x8A, 0xA8, 0x89,
    0x89, 0x99, 0xAC, 0xCA, 0xAA, 0x98, 0x66, 0x53, 0x22, 0x23, 0x33, 0x33, 0x33, 0x5A, 0x24, 0x59,
    0x65, 0x55, 0x35, 0x33, 0x33, 0x37, 0x88, 0xAD, 0xFF, 0xDD, 0xAD, 0xDA, 0x88, 0xAA, 0x97, 0x66,
    0x66, 0x88, 0x99, 0x8A, 0xAA, 0xA9, 0x96, 0x56, 0x32, 0x33, 0x33, 0x23, 0x33, 0x4A, 0x25, 0x59,
    0x65, 0x55, 0x55, 0x55, 0x53, 0x35, 0xA8, 0xAF, 0xFF, 0xDC, 0xCD, 0xC9, 0x8C, 0x98, 0x75, 0x33,
    0x44, 0x35, 0x68, 0x7A, 0xDD, 0xAA, 0xA8, 0x56, 0x62, 0x23, 0x33, 0x33, 0x33, 0x57, 0x25, 0x59,
    0x65, 0x55, 0x55, 0x55, 0x53, 0x38, 0xA8, 0xAD, 0xFD, 0xAD, 0xDD, 0xA8, 0xA9, 0x77, 0x42, 0x22,
    0x22, 0x22, 0x45, 0x79, 0xAD, 0xDA, 0xA8, 0x69, 0x93, 0x23, 0x33, 0x33, 0x43, 0x77, 0x24, 0x59,
    0x65, 0x55, 0x55, 0x55, 0x53, 0x5A, 0xDA, 0xAA, 0xAC, 0xAD, 0xFD, 0x99, 0x97, 0x44, 0x42, 0x12,
    0x22, 0x11, 0x23, 0x68, 0x9A, 0xAA, 0xA8, 0x8A, 0xA7, 0x33, 0x32, 0x23, 0x33, 0x5A, 0x24, 0x59,
    0x65, 0x55, 0x55, 0x55, 0x53, 0x7D, 0xDA, 0xDA, 0x7C, 0xAD, 0xFC, 0x99, 0x75, 0x44, 0x22, 0x12,
    0x21, 0x11, 0x11, 0x46, 0x87, 0x7C, 0xA8, 0x8A, 0xD8, 0x23, 0x22, 0x33, 0x33, 0x7A, 0x47, 0x59,
    0x65, 0x53, 0x33, 0x35, 0x53, 0x7D, 0xDD, 0xFD, 0xDD, 0xDF, 0xFA, 0x98, 0x74, 0x32, 0x12, 0x22,
    0x11, 0x11, 0x11, 0x24, 0x67, 0x7A, 0xA9, 0x69, 0xD8, 0x22, 0x33, 0x33, 0x33, 0x78, 0x47, 0x59,
    0x65, 0x55, 0x55, 0x33, 0x33, 0x5A, 0xDF, 0xFD, 0xDD, 0xAF, 0xD9, 0xA7, 0x54, 0x34, 0x12, 0x22,
    0x11, 0x11, 0x11, 0x12, 0x58, 0xAA, 0x99, 0x66, 0xA5, 0x23, 0x33, 0x33, 0x33, 0x77, 0x47, 0x38,
    0x55, 0x33, 0x33, 0x33, 0x33, 0x3A, 0xDF, 0xFD, 0xDA, 0x7F, 0xDA, 0xA7, 0x44, 0x22, 0x12, 0x22,
    0x11, 0x11, 0x11, 0x12, 0x47, 0x9A, 0x99, 0x69, 0x44, 0x23, 0x22, 0x33, 0x33, 0x77, 0x47, 0x38,
    0x35, 0x33, 0x22, 0x22, 0x32, 0x87, 0xAD, 0xDD, 0xDD, 0xDF, 0xDA, 0x77, 0x42, 0x24, 0x12, 0x22,
    0x11, 0x11, 0x11, 0x12, 0x24, 0x8A, 0xA9, 0x89, 0xAA, 0x52, 0x23, 0x33, 0x32, 0x7A, 0x47, 0x38,
    0x33, 0x34, 0x33, 0x33, 0x23, 0xAA, 0xDF, 0xDD, 0xDD, 0xDD, 0xDA, 0x77, 0x42, 0x24, 0x22, 0x21,
    0x11, 0x11, 0x11, 0x11, 0x24, 0x7A, 0xAA, 0x9A, 0xDD, 0xA5, 0x23, 0x33, 0x32, 0x7A, 0x47, 0x38,
    0x34, 0x35, 0x33, 0x55, 0x37, 0xAA, 0x77, 0xDF, 0xFD, 0xFF, 0xDA, 0x74, 0x44, 0x22, 0x22, 0x21,
    0x11, 0x11, 0x11, 0x11, 0x23, 0x7A, 0xA9, 0x8A, 0xDD, 0x96, 0x52, 0x33, 0x33, 0x7A, 0x47, 0x48,
    0x54, 0x58, 0x45, 0x55, 0x57, 0x74, 0x37, 0xDF, 0xFF, 0xFD, 0xA8, 0x74, 0x22, 0x22, 0x22, 0x11,
    0x11, 0x11, 0x11, 0x11, 0x22, 0x59, 0xAA, 0x9A, 0xDD, 0x96, 0x53, 0x23, 0x32, 0x7A, 0x47, 0x46,
    0x57, 0x8A, 0x87, 0x55, 0x57, 0x55, 0x5A, 0xFF, 0xFF, 0xFA, 0xA7, 0x44, 0x11, 0x12, 0x22, 0x21,
    0x11, 0x12, 0x21, 0x11, 0x22, 0x48, 0x8A, 0xA9, 0xDD, 0x85, 0x83, 0x23, 0x33, 0x7A, 0x4A, 0x46,
    0x8A, 0xA9, 0xA8, 0x64, 0x45, 0x44, 0x4D, 0xFF, 0xFF, 0xFA, 0x88, 0x87, 0x41, 0x22, 0x22, 0x21,
    0x27, 0x84, 0x11, 0x11, 0x22, 0x28, 0x8A, 0xA9, 0xAA, 0x98, 0xA7, 0x23, 0x35, 0x88, 0x47, 0x39,
    0x9A, 0x98, 0x86, 0x53, 0x33, 0x32, 0x4D, 0xFF, 0xFF, 0xFA, 0x98, 0x8A, 0xA7, 0x22, 0x22, 0x23,
    0x57, 0x42, 0x11, 0x11, 0x12, 0x26, 0x8A, 0xDA, 0x9A, 0xAA, 0xD8, 0x33, 0x37, 0x88, 0x4A, 0x76,
    0x9A, 0x86, 0x65, 0x32, 0x23, 0x22, 0x7D, 0xFF, 0xFF, 0xDA, 0x87, 0x7A, 0xA9, 0x74, 0x32, 0x24,
    0x44, 0x75, 0x21, 0x11, 0x12, 0x25, 0x9D, 0xDA, 0x8A, 0xDD, 0xF8, 0x23, 0x37, 0x7A, 0x4A, 0x76,
    0x9A, 0x85, 0x33, 0x21, 0x23, 0x22, 0x4D, 0xFF, 0xFF, 0xDA, 0x87, 0xAA, 0xAA, 0x95, 0x22, 0x24,
    0x74, 0x42, 0x44, 0x21, 0x22, 0x25, 0x9D, 0xDC, 0x8A, 0xFF, 0xF5, 0x33, 0x37, 0x7A, 0x4A, 0x46,
    0x99, 0x85, 0x21, 0x12, 0x53, 0x22, 0x4D, 0xFF, 0xFF, 0xD8, 0x9A, 0x87, 0x8D, 0xA7, 0x21, 0x17,
    0x74, 0x21, 0x14, 0x42, 0x22, 0x27, 0x9A, 0xDD, 0xCF, 0xFF, 0xA3, 0x33, 0x37, 0x7A, 0x7A, 0x46,
    0x98, 0x85, 0x21, 0x33, 0x63, 0x23, 0x3D, 0xFF, 0xFF, 0xD8, 0xAA, 0xA8, 0x7D, 0xD8, 0x21, 0x27,
    0x77, 0xDD, 0x74, 0x44, 0x42, 0x38, 0x9A, 0xDD, 0xDF, 0xFF, 0x72, 0x32, 0x27, 0x7A, 0x7A, 0x49,
    0xA8, 0x87, 0x53, 0x35, 0x85, 0x23, 0x27, 0xFF, 0xFF, 0xD9, 0xAD, 0xAD, 0xDD, 0xA8, 0x21, 0x21,
    0x77, 0x7D, 0xAA, 0x72, 0x22, 0x36, 0xAA, 0xDD, 0xDF, 0xDF, 0xA2, 0x22, 0x27, 0x7A, 0x4A, 0x48,
    0xAA, 0xAA, 0x87, 0x75, 0x55, 0x32, 0x22, 0x8F, 0xFF, 0xFA, 0xAA, 0x77, 0x77, 0x98, 0x21, 0x11,
    0x47, 0x44, 0x44, 0x11, 0x12, 0x28, 0xAC, 0xDD, 0xDD, 0xDF, 0xA2, 0x22, 0x27, 0x7A, 0x7B, 0xB8,
    0xDD, 0xDD, 0xAA, 0xA9, 0xAA, 0x32, 0x22, 0x4A, 0xFF, 0xFA, 0xAA, 0x87, 0x44, 0x88, 0x74, 0x11,
    0x14, 0x42, 0x11, 0x11, 0x12, 0x26, 0xAD, 0x74, 0xFD, 0xDF, 0xA2, 0x22, 0x27, 0x7A, 0xBE, 0xFB,
    0xDD, 0xAD, 0xAA, 0xA8, 0xA7, 0x23, 0x33, 0x77, 0xDD, 0xFA, 0x77, 0x74, 0x47, 0x88, 0x24, 0x41,
    0x12, 0x21, 0x11, 0x11, 0x12, 0x37, 0x87, 0x54, 0x9F, 0xDF, 0xA1, 0x22, 0x27, 0x8B, 0xFF, 0xFC,
    0xDA, 0xAD, 0xAA, 0xA7, 0xAC, 0x82, 0x22, 0x47, 0xAD, 0xAA, 0x74, 0x44, 0x57, 0xA7, 0x11, 0x42,
    0x11, 0x21, 0x11, 0x11, 0x14, 0x79, 0x95, 0x88, 0x8F, 0xDF, 0x41, 0x22, 0x2A, 0xCE, 0xFF, 0xFE,
    0xAA, 0xAD, 0x8A, 0xAA, 0xEE, 0xEA, 0x42, 0x47, 0xAD, 0xA8, 0x54, 0x44, 0x7A, 0xA4, 0x11, 0x17,
    0x41, 0x11, 0x11, 0x11, 0x44, 0x78, 0x57, 0x47, 0xAD, 0xDA, 0x21, 0x21, 0x5C, 0xCF, 0xFF, 0xFE,
    0xAA, 0xAA, 0x8A, 0xAF, 0xEE, 0xEE, 0xC3, 0x47, 0x8D, 0xA8, 0x74, 0x47, 0x8A, 0xA3, 0x11, 0x12,
    0x47, 0x47, 0x44, 0x44, 0x23, 0x77, 0x74, 0x25, 0xAF, 0xD7, 0x22, 0x15, 0xEE, 0xCF, 0xFF, 0xFE,
    0xAD, 0xAA, 0x8A, 0xCE, 0xEF, 0xFF, 0xEC, 0x74, 0x7C, 0xA9, 0xA8, 0x88, 0xAA, 0x97, 0x22, 0x11,
    0x11, 0x23, 0x21, 0x11, 0x24, 0x74, 0x79, 0x24, 0xAF, 0xA4, 0x41, 0x5C, 0xEC, 0xFF, 0xFF, 0xFF,
    0xDD, 0xAA, 0x79, 0xFE, 0xFF, 0xFF, 0xFE, 0xE7, 0x4A, 0xD9, 0x87, 0x57, 0x9A, 0xAA, 0x78, 0x92,
    0x21, 0x11, 0x11, 0x12, 0x45, 0x52, 0x38, 0x44, 0xDA, 0x74, 0x47, 0xCE, 0xEC, 0xFF, 0xFF, 0xFF,
    0xDD, 0xDA, 0x9C, 0xFF, 0xFF, 0xFF, 0xFF, 0xEE, 0x89, 0xDA, 0x97, 0x78, 0xAA, 0xAD, 0x84, 0x82,
    0x13, 0x11, 0x11, 0x22, 0x45, 0x42, 0x47, 0x37, 0x74, 0x74, 0x7C, 0xEE, 0xEC, 0xFF, 0xFF, 0xFF,
    0xDD, 0xAA, 0xAE, 0xFE, 0xFF, 0xFF, 0xFF, 0xEF, 0xEA, 0xAA, 0x98, 0x78, 0xAA, 0xA9, 0x82, 0x11,
    0x12, 0x21, 0x12, 0x23, 0x54, 0x34, 0x54, 0x44, 0x47, 0x77, 0xCE, 0xEE, 0xCE, 0xFF, 0xFF, 0xFF,
    0xCD, 0xAA, 0xAF, 0xEF, 0xFF, 0xFF, 0xFF, 0xFE, 0xEC, 0xAA, 0x89, 0x77, 0x88, 0x87, 0x22, 0x11,
    0x11, 0x22, 0x22, 0x34, 0x44, 0x42, 0x24, 0x44, 0x77, 0x8C, 0xEE, 0xEE, 0xCF, 0xFF, 0xFF, 0xFF,
    0xCD, 0xAA, 0xDF, 0xFF, 0xFF, 0xFF, 0xFF, 0xFF, 0xEE, 0xAA, 0x89, 0x87, 0x77, 0x84, 0x22, 0x11,
    0x11, 0x12, 0x23, 0x34, 0x34, 0x32, 0x22, 0x44, 0x7A, 0xCE, 0xEE, 0xEE, 0xCF, 0xFF, 0xFF, 0xFF,
    0xAA, 0xAA, 0xEF, 0xFF, 0xFF, 0xFF, 0xFF, 0xFF, 0xFE, 0xAA, 0x89, 0x87, 0x77, 0x89, 0x77, 0x41,
    0x11, 0x11, 0x22, 0x34, 0x34, 0x34, 0x24, 0x74, 0x7C, 0xEE, 0xEE, 0xEE, 0xCF, 0xFF, 0xFF, 0xFF,
    0xAD, 0xDD, 0xFF, 0xFE, 0xEF, 0xFF, 0xFF, 0xFF, 0xFF, 0xDA, 0x98, 0x88, 0x77, 0xAC, 0xA9, 0xA7,
    0x11, 0x11, 0x22, 0x33, 0x24, 0x74, 0x47, 0x47, 0xCE, 0xEE, 0xEE, 0xEC, 0xCF, 0xFF, 0xFF, 0xFF,
    0xAD, 0xAD, 0xFF, 0xEE, 0xFF, 0xFF, 0xFF, 0xFF, 0xFF, 0xDD, 0xA8, 0x98, 0x8A, 0xA8, 0x87, 0x48,
    0x84, 0x11, 0x22, 0x32, 0x24, 0xDA, 0x47, 0x7C, 0xEE, 0xEE, 0xEE, 0xEC, 0xEF, 0xFF, 0xFF, 0xFF,
    0xAA, 0xAD, 0xEE, 0xEE, 0xEF, 0xFF, 0xFF, 0xFF, 0xFF, 0xEE, 0xD7, 0x88, 0x78, 0x85, 0x33, 0x22,
    0x11, 0x21, 0x22, 0x22, 0x34, 0xA7, 0x48, 0xEE, 0xEE, 0xEE, 0xEE, 0xEC, 0xFF, 0xFF, 0xFF, 0xFF,
    0xAA, 0xAD, 0xEE, 0xEE, 0xEF, 0xFF, 0xFF, 0xFF, 0xFF, 0xEE, 0xE8, 0x88, 0x78, 0x88, 0x99, 0x52,
    0x11, 0x11, 0x22, 0x22, 0x44, 0x87, 0x7E, 0xEE, 0xEE, 0xEE, 0xEE, 0xEC, 0xFF, 0xFF, 0xFF, 0xFF,
    0xCA, 0xAC, 0xEE, 0xEE, 0xEE, 0xFF, 0xFF, 0xFF, 0xFF, 0xFE, 0xFA, 0x78, 0x88, 0x89, 0xAA, 0x74,
    0x22, 0x22, 0x22, 0x22, 0x44, 0x77, 0xDE, 0xEE, 0xEE, 0xEE, 0xEE, 0xCC, 0xFF, 0xFF, 0xFF, 0xFE,
    0xCA, 0xAE, 0xEE, 0xEE, 0xEE, 0xFF, 0xFF, 0xFF, 0xFF, 0xFE, 0xFC, 0x78, 0x98, 0x88, 0x74, 0x54,
    0x22, 0x22, 0x22, 0x24, 0x44, 0x7A, 0xEE, 0xEE, 0xEE, 0xEE, 0xEE, 0xCC, 0xFF, 0xFF, 0xFF, 0xFE,
    0xCA, 0xAE, 0xEE, 0xEE, 0xEE, 0xEF, 0xFF, 0xFF, 0xFF, 0xFF, 0xFF, 0x98, 0x98, 0x74, 0x21, 0x11,
    0x11, 0x22, 0x22, 0x45, 0x24, 0xCC, 0xCE, 0xEE, 0xEE, 0xEE, 0xEE, 0xCE, 0xFF, 0xFF, 0xFF, 0xFC,
    0xCA, 0xAE, 0xEE, 0xEE, 0xEE, 0xEE, 0xFF, 0xFF, 0xFF, 0xFF, 0xFF, 0xC8, 0x98, 0x74, 0x21, 0x11,
    0x11, 0x12, 0x24, 0x53, 0x17, 0xEC, 0xCE, 0xEE, 0xEE, 0xEE, 0xEE, 0xCE, 0xFF, 0xFF, 0xFF, 0xFC,
    0xCA, 0xDE, 0xEE, 0xEE, 0xEE, 0xEE, 0xFF, 0xFF, 0xFF, 0xFF, 0xFE, 0xFA, 0x89, 0x74, 0x42, 0x11,
    0x12, 0x24, 0x45, 0x31, 0x17, 0xEC, 0xCE, 0xEE, 0xEE, 0xEE, 0xEC, 0xCF, 0xFF, 0xFF, 0xFF, 0xFB,
    0xCC, 0xAE, 0xEE, 0xEE, 0xEE, 0xEE, 0xEE, 0xFF, 0xFF, 0xEE, 0xFE, 0xFA, 0x88, 0x87, 0x74, 0x22,
    0x22, 0x45, 0x65, 0x11, 0x27, 0xEC, 0xCE, 0xEE, 0xEE, 0xEE, 0xCC, 0xCF, 0xFF, 0xFF, 0xFF, 0xEB,
    0xCA, 0xAC, 0xEE, 0xEE, 0xEE, 0xEE, 0xEE, 0xFF, 0xFF, 0xDD, 0xFF, 0xFA, 0xA9, 0x88, 0x87, 0x74,
    0x45, 0x78, 0x71, 0x11, 0x28, 0xFA, 0xCE, 0xEE, 0xEE, 0xEE, 0xCC, 0xCF, 0xFF, 0xFF, 0xFF, 0xEB,
    0xCC, 0xAC, 0xCE, 0xEE, 0xEE, 0xEE, 0xEE, 0xEF, 0xFF, 0xFF, 0xFF, 0xFC, 0x8A, 0xA8, 0x88, 0x88,
    0x88, 0x97, 0x21, 0x11, 0x28, 0xFE, 0xEE, 0xEE, 0xCC, 0xEE, 0xCC, 0xCF, 0xFF, 0xFF, 0xFF, 0xEB,
    0xAA, 0xAC, 0xEE, 0xEE, 0xEE, 0xEE, 0xCE, 0xEE, 0xFF, 0xFF, 0xFF, 0xFD, 0x8A, 0xAA, 0xAA, 0xA9,
    0x88, 0x72, 0x11, 0x11, 0x28, 0xFE, 0xEE, 0xEE, 0xEE, 0xEC, 0xCB, 0xEF, 0xFF, 0xFF, 0xFF, 0xEB,
    0xAA, 0xAC, 0xCE, 0xEC, 0xEE, 0xEE, 0xEE, 0xEE, 0xEF, 0xFF, 0xFF, 0xFE, 0x8A, 0xAA, 0x9A, 0x88,
    0x86, 0x21, 0x11, 0x11, 0x28, 0xFE, 0xEE, 0xEE, 0xEE, 0xCC, 0xCE, 0xEF, 0xFF, 0xFF, 0xFE, 0xEB,
    0xAD, 0xAD, 0xCC, 0xEC, 0xEE, 0xEE, 0xEE, 0xCE, 0xEE, 0xFF, 0xFF, 0xFE, 0xA8, 0xAA, 0x99, 0x88,
    0x64, 0x11, 0x11, 0x12, 0x27, 0xFE, 0xEE, 0xEE, 0xEC, 0xCC, 0xEC, 0xFF, 0xFF, 0xFF, 0xFE, 0xEB,
    0xAC, 0xDC, 0xEC, 0xCE, 0xEE, 0xEE, 0xEE, 0xEE, 0xEE, 0xFF, 0xFF, 0xFE, 0xA8, 0xAA, 0x99, 0x86,
    0x42, 0x11, 0x11, 0x12, 0x27, 0xEF, 0xEE, 0xEE, 0xEC, 0xCE, 0xEC, 0xFF, 0xFF, 0xFF, 0xEE, 0xCB,
    0xBA, 0xAC, 0xEE, 0xCC, 0xCC, 0xEE, 0xEE, 0xEE, 0xEC, 0xEF, 0xFF, 0xFF, 0xA8, 0x89, 0x98, 0x87,
    0x42, 0x22, 0x11, 0x12, 0x27, 0xEF, 0xEE, 0xEE, 0xEC, 0xEE, 0xEC, 0xFF, 0xFF, 0xFF, 0xEE, 0xCB,
    0xBA, 0xAC, 0xEE, 0xEC, 0xCC, 0xCE, 0xEE, 0xEE, 0xEE, 0xEE, 0xFF, 0xEF, 0xA8, 0x88, 0x88, 0x74,
    0x42, 0x22, 0x11, 0x22, 0x24, 0xEF, 0xEE, 0xFF, 0xCE, 0xFE, 0xCB, 0xFF, 0xFF, 0xFF, 0xEE, 0xCB,
    0xBA, 0xAC, 0xEE, 0xEE, 0xEB, 0xCC, 0xEE, 0xEE, 0xEE, 0xEE, 0xEF, 0xEF, 0xC7, 0x78, 0x87, 0x74,
    0x22, 0x21, 0x11, 0x22, 0x24, 0xDF, 0xFF, 0xFC, 0xCF, 0xEC, 0xCE, 0xFF, 0xFF, 0xFF, 0xEE, 0xCB,
    0xBA, 0xAC, 0xCE, 0xEE, 0xFE, 0xBC, 0xCE, 0xEE, 0xEE, 0xEE, 0xEE, 0xEF, 0xD8, 0x77, 0x87, 0x74,
    0x22, 0x21, 0x11, 0x22, 0x24, 0xCF, 0xFF, 0xEC, 0xFE, 0xCC, 0xEE, 0xFF, 0xFF, 0xFF, 0xEE, 0xCB,
    0xBA, 0xAC, 0xEC, 0xEE, 0xEF, 0xEB, 0xCC, 0xEE, 0xEE, 0xEE, 0xEF, 0xFF, 0xD8, 0x44, 0x77, 0x44,
    0x44, 0x21, 0x12, 0x12, 0x24, 0xCF, 0xFF, 0xCF, 0xEC, 0xCF, 0xCE, 0xFF, 0xFF, 0xFF, 0xEE, 0xCB,
    0xBC, 0xAC, 0xEE, 0xCE, 0xEC, 0xEE, 0xBC, 0xCE, 0xEE, 0xEE, 0xEF, 0xFF, 0xD7, 0x44, 0x77, 0x44,
    0x44, 0x11, 0x11, 0x22, 0x24, 0xCF, 0xFE, 0xFF, 0xCC, 0xFF, 0xCF, 0xFF, 0xFF, 0xFF, 0xEE, 0xCB,
    0xBC, 0xAC, 0xEE, 0xEC, 0xEE, 0xCE, 0xEB, 0xCE, 0xEE, 0xEE, 0xFF, 0xFF, 0xD8, 0x41, 0x47, 0x44,
    0x42, 0x11, 0x11, 0x11, 0x24, 0xDF, 0xEE, 0xFE, 0xCF, 0xFC, 0xBF, 0xFF, 0xFF, 0xFE, 0xEE, 0xCB,
    0xCD, 0xAC, 0xCE, 0xEE, 0xBE, 0xEE, 0xEF, 0xBC, 0xEE, 0xEF, 0xFF, 0xFD, 0xA8, 0x41, 0x24, 0x44,
    0x41, 0x11, 0x11, 0x12, 0x24, 0xDF, 0xEF, 0xEC, 0xFF, 0xCC, 0xCF, 0xFF, 0xFF, 0xFE, 0xEE, 0xCC,
    0xAD, 0xAD, 0xCC, 0xEE, 0xEB, 0xEE, 0xEF, 0xEB, 0xCE, 0xEF, 0xFD, 0xAA, 0xA9, 0x41, 0x14, 0x44,
    0x41, 0x11, 0x11, 0x12, 0x24, 0xDF, 0xEF, 0xCE, 0xFE, 0xCE, 0xCF, 0xFF, 0xFF, 0xEE, 0xEE, 0xEC,
    0xAD, 0xAD, 0xEC, 0xCE, 0xEE, 0xBE, 0xEE, 0xEE, 0xBC, 0xFF, 0xDA, 0xAA, 0xA8, 0x41, 0x12, 0x47,
    0x21, 0x11, 0x11, 0x12, 0x24, 0xAF, 0xFE, 0xEF, 0xEC, 0xFC, 0xCF, 0xFF, 0xFF, 0xEE, 0xEE, 0xEC,
    0xAA, 0xAC, 0xEE, 0xCC, 0xEE, 0xEB, 0xEE, 0xEF, 0xEC, 0xFD, 0xAA, 0xAA, 0xA8, 0x41, 0x12, 0x47,
    0x11, 0x11, 0x11, 0x11, 0x24, 0xAF, 0xFE, 0xFF, 0xCE, 0xFC, 0xCF, 0xFE, 0xFE, 0xEE, 0xEE, 0xEC,
    0xAD, 0xAC, 0xCE, 0xFB, 0xCE, 0xEE, 0xBE, 0xEE, 0xFE, 0x97, 0x88, 0x87, 0x79, 0x41, 0x12, 0x72,
    0x12, 0x21, 0x11, 0x11, 0x24, 0xAF, 0xEF, 0xFC, 0xEF, 0xCB, 0xEF, 0xFE, 0xEE, 0xEE, 0xEC, 0xCC,
    0xAD, 0xAD, 0xCC, 0xEE, 0xBE, 0xEE, 0xEB, 0xEE, 0xFA, 0x87, 0x74, 0x44, 0x27, 0x41, 0x14, 0x71,
    0x12, 0x34, 0x42, 0x23, 0x44, 0xAF, 0xFF, 0xEC, 0xFC, 0xBC, 0x9A, 0xDF, 0xFE, 0xEE, 0xEC, 0xCC,
    0xAD, 0xAC, 0xEC, 0xCE, 0xEB, 0xEE, 0xFE, 0xCF, 0xA8, 0x87, 0x74, 0x44, 0x24, 0x21, 0x17, 0x41,
    0x11, 0x22, 0x21, 0x11, 0x11, 0x8F, 0xFF, 0xCF, 0xEB, 0xEC, 0x87, 0x77, 0xAE, 0xEE, 0xEC, 0xCC,
    0xAD, 0xDC, 0xCE, 0xBC, 0xEE, 0xBE, 0xEE, 0xEA, 0x77, 0x77, 0x74, 0x44, 0x44, 0x22, 0x44, 0x41,
    0x11, 0x21, 0x11, 0x11, 0x11, 0x7F, 0xFE, 0xFE, 0xBE, 0xEB, 0x77, 0x44, 0x24, 0x8C, 0xEC, 0xCC,
    0xAF, 0xFD, 0xCE, 0xEB, 0xCE, 0xEB, 0xEE, 0xD7, 0x77, 0x77, 0x74, 0x44, 0x74, 0x44, 0x44, 0x42,
    0x11, 0x11, 0x11, 0x11, 0x11, 0x7F, 0xFE, 0xFC, 0xCE, 0xCB, 0x74, 0x44, 0x42, 0x47, 0xAC, 0xCC,
    0xAF, 0xDD, 0xEB, 0xEE, 0xBE, 0xEC, 0xCD, 0x77, 0x77, 0x74, 0x44, 0x44, 0x74, 0x44, 0x44, 0x22,
    0x11, 0x11, 0x11, 0x11, 0x11, 0x7D, 0xFF, 0xCC, 0xEC, 0xC9, 0x44, 0x44, 0x44, 0x47, 0x7A, 0xCC,
    0xAF, 0xDC, 0xEC, 0xBF, 0xCC, 0xEE, 0xD8, 0x77, 0x44, 0x44, 0x44, 0x44, 0x44, 0x44, 0x42, 0x22,
    0x11, 0x11, 0x11, 0x11, 0x11, 0x4D, 0xFE, 0xCE, 0xEC, 0xE9, 0x44, 0x44, 0x44, 0x49, 0x97, 0xCC,
    0xBF, 0xAC, 0xCE, 0xBC, 0xFB, 0xCF, 0x84, 0x44, 0x44, 0x44, 0x44, 0x44, 0x44, 0x44, 0x22, 0x22,
    0x21, 0x11, 0x11, 0x11, 0x11, 0x2A, 0xFE, 0xEE, 0xCE, 0xC8, 0x44, 0x44, 0x44, 0x5D, 0xC9, 0xAC,
    0xBE, 0xAC, 0xCC, 0xEB, 0xEE, 0xCA, 0x44, 0x44, 0x44, 0x44, 0x42, 0x22, 0x22, 0x22, 0x22, 0x22,
    0x21, 0x11, 0x11, 0x11, 0x11, 0x2A, 0xEE, 0xFC, 0xCE, 0xB8, 0x44, 0x44, 0x44, 0x7D, 0xCC, 0x9A,
};

static const uint8_t coup_animdata_contessa_f03[3072] = {
    0xBB, 0x89, 0x99, 0x99, 0x99, 0x88, 0x88, 0x88, 0x86, 0x88, 0x66, 0x66, 0x68, 0x88, 0x88, 0x88,
    0x88, 0x88, 0x88, 0x88, 0x88, 0x86, 0xBB, 0xBB, 0xBB, 0xBB, 0xBB, 0xBB, 0xBB, 0xBB, 0x99, 0xBC,
    0xB6, 0x99, 0x99, 0x88, 0x98, 0x88, 0x86, 0x66, 0x66, 0x66, 0x66, 0x66, 0x66, 0x88, 0x68, 0x88,
    0x66, 0x66, 0x66, 0x66, 0x68, 0x6B, 0xBB, 0xBB, 0xBB, 0xBB, 0xBB, 0xBB, 0xBB, 0xBB, 0x99, 0x9B,
    0x99, 0x99, 0x88, 0x88, 0x66, 0x66, 0x66, 0x66, 0x66, 0x66, 0x66, 0x66, 0x66, 0x66, 0x66, 0x66,
    0x66, 0x66, 0x66, 0x66, 0x66, 0xBB, 0xBB, 0xBB, 0xBB, 0xBB, 0xBB, 0xBB, 0xBB, 0xBB, 0xB9, 0x99,
    0x99, 0x88, 0x66, 0x66, 0x66, 0x66, 0x66, 0x66, 0x66, 0x66, 0x66, 0x66, 0x66, 0x66, 0x66, 0x66,
    0x66, 0x66, 0x66, 0x66, 0x66, 0xBB, 0xBB, 0xBB, 0xBB, 0xBB, 0xBB, 0xBB, 0xBB, 0xBB, 0xB9, 0x99,
    0x99, 0x88, 0x66, 0x66, 0x66, 0x66, 0x66, 0x66, 0x66, 0x66, 0x66, 0x66, 0x66, 0x66, 0x66, 0x66,
    0x66, 0x66, 0x66, 0x66, 0x6B, 0xBB, 0xBB, 0xCA, 0xBB, 0xCA, 0xBB, 0xCA, 0xBB, 0xBB, 0xBB, 0x99,
    0x98, 0x66, 0x66, 0x66, 0x66, 0x66, 0x66, 0x66, 0x66, 0x66, 0x66, 0x66, 0x66, 0x66, 0x66, 0x66,
    0x66, 0x66, 0x66, 0x66, 0x6B, 0xBB, 0xBB, 0x96, 0xBC, 0x86, 0xBB, 0x96, 0xBB, 0xBB, 0xBB, 0x99,
    0x96, 0x66, 0x66, 0x66, 0x66, 0x66, 0x66, 0x66, 0x66, 0x66, 0x66, 0x66, 0x66, 0x66, 0x66, 0x66,
    0x66, 0x66, 0x66, 0x68, 0xBB, 0xBB, 0xBB, 0x96, 0xCC, 0x86, 0x9C, 0x96, 0xBB, 0xBB, 0xBB, 0xA9,
    0x86, 0x66, 0x66, 0x66, 0x66, 0x66, 0x66, 0x66, 0x66, 0x66, 0x66, 0x66, 0x66, 0x66, 0x66, 0x66,
    0x66, 0x66, 0x66, 0x66, 0xBB, 0xBB, 0xBB, 0x96, 0x66, 0x66, 0x66, 0x66, 0xBB, 0xBB, 0xBC, 0xA9,
    0x86, 0x66, 0x66, 0x66, 0x66, 0x66, 0x66, 0x66, 0x66, 0x66, 0x66, 0x66, 0x66, 0x66, 0x66, 0x66,
    0x66, 0x66, 0x66, 0x66, 0x8B, 0xBB, 0xBB, 0x96, 0x66, 0x66, 0x66, 0x66, 0xBB, 0xBB, 0xBA, 0x89,
    0x86, 0x66, 0x66, 0x66, 0x66, 0x66, 0x66, 0x66, 0x66, 0x66, 0x66, 0x66, 0x66, 0x66, 0x66, 0x66,
    0x55, 0x56, 0x66, 0x66, 0x59, 0xBB, 0xBB, 0x96, 0x66, 0x66, 0x66, 0x66, 0xBB, 0xBB, 0xC8, 0x89,
    0x86, 0x66, 0x68, 0xA9, 0x88, 0x66, 0x66, 0x66, 0x66, 0x66, 0x66, 0x66, 0x66, 0x55, 0x66, 0x65,
    0x55, 0x55, 0x55, 0x56, 0x65, 0x9B, 0xBB, 0xB8, 0x66, 0x86, 0x98, 0x66, 0xBB, 0xBC, 0x86, 0x89,
    0x86, 0x66, 0x69, 0xDD, 0xAA, 0xA8, 0x55, 0x66, 0x65, 0x55, 0x56, 0x55, 0x67, 0x55, 0x56, 0x88,
    0x75, 0x55, 0x55, 0x55, 0x55, 0x6B, 0xBB, 0xBB, 0x6B, 0x86, 0xB8, 0x6B, 0xBB, 0xC9, 0x66, 0x69,
    0x86, 0x66, 0xAA, 0xDD, 0xAD, 0xDA, 0x98, 0x65, 0x55, 0x55, 0x55, 0x56, 0x88, 0x86, 0x55, 0x58,
    0x96, 0x55, 0x55, 0x55, 0x55, 0x58, 0xBB, 0xBB, 0x6B, 0x86, 0xB8, 0x6B, 0xBB, 0xA6, 0x66, 0x68,
    0x86, 0x66, 0x86, 0xAD, 0xDA, 0xA9, 0x88, 0x65, 0x55, 0x55, 0x55, 0x56, 0x98, 0x88, 0x66, 0x66,
    0x99, 0x55, 0x55, 0x55, 0x55, 0x55, 0x9B, 0xBB, 0x6B, 0x86, 0xB8, 0x6B, 0xBC, 0x66, 0x66, 0x68,
    0x66, 0x66, 0x55, 0x56, 0x85, 0x55, 0x55, 0x55, 0x55, 0x55, 0x56, 0x58, 0xA8, 0x9A, 0x78, 0x98,
    0x99, 0x85, 0x55, 0x55, 0x55, 0x55, 0x5B, 0xBB, 0x6B, 0x86, 0xB8, 0x6B, 0xC8, 0x55, 0x55, 0x68,
    0x66, 0x55, 0x55, 0x55, 0x55, 0x55, 0x55, 0x55, 0x55, 0x88, 0x66, 0x88, 0x79, 0xAD, 0xA8, 0x99,
    0x99, 0xA8, 0x53, 0x53, 0x55, 0x55, 0x36, 0xBB, 0x6B, 0x86, 0xB8, 0x6B, 0x95, 0x55, 0x55, 0x68,
    0x65, 0x55, 0x55, 0x56, 0x55, 0x55, 0x55, 0x55, 0x57, 0xA9, 0x88, 0xA9, 0x49, 0xDD, 0xA9, 0x89,
    0x99, 0xA8, 0x85, 0x53, 0x33, 0x55, 0x53, 0x8C, 0x5B, 0x85, 0xB8, 0x9A, 0x55, 0x55, 0x65, 0x66,
    0x65, 0x55, 0x55, 0x56, 0x55, 0x55, 0x55, 0x55, 0x59, 0xA9, 0x9A, 0xAA, 0xAA, 0xDA, 0xA9, 0x86,
    0x99, 0xA8, 0x97, 0x78, 0x65, 0x33, 0x35, 0x5A, 0x5B, 0x85, 0xB8, 0x86, 0x55, 0x55, 0x55, 0x56,
    0x65, 0x55, 0x55, 0x55, 0x55, 0x55, 0x55, 0x55, 0x5A, 0xAA, 0x9A, 0x99, 0xAA, 0xAA, 0xA9, 0x98,
    0x99, 0x99, 0x97, 0xA9, 0x88, 0x85, 0x33, 0x35, 0x5B, 0x86, 0xB6, 0x35, 0x55, 0x55, 0x35, 0x55,
    0x65, 0x55, 0x55, 0x55, 0x55, 0x55, 0x55, 0x55, 0x8A, 0xAA, 0xAA, 0x7A, 0xAA, 0xDA, 0x98, 0xAA,
    0xDA, 0x99, 0x9A, 0xDA, 0x65, 0x85, 0x33, 0x33, 0x3B, 0x66, 0xB8, 0x35, 0x33, 0x33, 0x33, 0x55,
    0x55, 0x55, 0x55, 0x55, 0x55, 0x55, 0x55, 0x58, 0xAD, 0xDD, 0x94, 0xAA, 0xDD, 0xA9, 0x69, 0xAD,
    0xDD, 0xA9, 0x66, 0xCD, 0x95, 0x55, 0x33, 0x33, 0x39, 0xBB, 0xC5, 0x33, 0x33, 0x33, 0x33, 0x55,
    0x55, 0x55, 0x55, 0x55, 0x55, 0x55, 0x53, 0x79, 0xAD, 0xFD, 0x97, 0xAD, 0xDC, 0xA9, 0x9D, 0xDD,
    0xFF, 0xC9, 0x86, 0x8D, 0xD6, 0x66, 0x33, 0x33, 0x35, 0xBC, 0x52, 0x33, 0x33, 0x33, 0x45, 0x55,
    0x55, 0x53, 0x33, 0x33, 0x33, 0x33, 0x35, 0x99, 0xAF, 0xFD, 0x89, 0xAA, 0xAA, 0x99, 0xAA, 0xDF,
    0xDF, 0xD9, 0xA9, 0x69, 0xC9, 0x89, 0x53, 0x33, 0x33, 0x58, 0x23, 0x33, 0x33, 0x33, 0x43, 0x33,
    0x55, 0x55, 0x33, 0x33, 0x33, 0x33, 0x37, 0xA9, 0xAF, 0xF9, 0x99, 0xAD, 0xAA, 0x89, 0xAA, 0xDD,
    0xDD, 0xD9, 0xAA, 0x99, 0xAA, 0x9A, 0x95, 0x33, 0x33, 0x23, 0x33, 0x33, 0x33, 0x33, 0x43, 0x35,
    0x88, 0xAA, 0xA7, 0x53, 0x33, 0x33, 0x37, 0xAA, 0xDF, 0xDA, 0x87, 0xAA, 0xAA, 0x89, 0xAA, 0xDA,
    0xAA, 0xA9, 0xAD, 0xCA, 0x9A, 0x99, 0x98, 0x53, 0x32, 0x32, 0x23, 0x33, 0x23, 0x33, 0x43, 0x55,
    0xAD, 0xDA, 0xAA, 0x75, 0x33, 0x33, 0x35, 0xDA, 0xDF, 0xDA, 0x9A, 0xDA, 0xA8, 0x69, 0xAA, 0xA9,
    0x99, 0x99, 0xAA, 0xDD, 0xA9, 0x96, 0x88, 0x32, 0x22, 0x22, 0x33, 0x23, 0x33, 0x37, 0x73, 0x55,
    0x55, 0x78, 0x55, 0x33, 0x33, 0x37, 0x47, 0xDD, 0xFF, 0xDD, 0xAD, 0xDA, 0x96, 0x9D, 0xA7, 0x89,
    0x68, 0x99, 0xAC, 0xAA, 0xAA, 0xA9, 0x86, 0x65, 0x32, 0x32, 0x33, 0x33, 0x35, 0x38, 0x72, 0x55,
    0x65, 0x55, 0x55, 0x33, 0x33, 0x37, 0xA9, 0xDF, 0xFF, 0xDD, 0xAD, 0xCA, 0x89, 0xCA, 0x97, 0x66,
    0x66, 0x66, 0x89, 0x7A, 0xAA, 0xAA, 0x98, 0x55, 0x72, 0x23, 0x33, 0x23, 0x33, 0x37, 0x74, 0x55,
    0x55, 0x55, 0x55, 0x55, 0x53, 0x38, 0xA8, 0xDF, 0xFD, 0xAD, 0xDD, 0xA9, 0x9C, 0x98, 0x74, 0x32,
    0x33, 0x23, 0x56, 0x79, 0xAD, 0xAA, 0xA8, 0x66, 0x83, 0x23, 0x33, 0x33, 0x33, 0x38, 0x42, 0x55,
    0x55, 0x55, 0x55, 0x55, 0x33, 0x5A, 0xA8, 0xAD, 0xDC, 0xAD, 0xFD, 0x98, 0xA8, 0x54, 0x42, 0x22,
    0x22, 0x22, 0x35, 0x68, 0xAD, 0xDA, 0xA9, 0x69, 0xA7, 0x23, 0x33, 0x33, 0x34, 0x38, 0x42, 0x55,
    0x55, 0x55, 0x55, 0x55, 0x53, 0x8D, 0xAA, 0xAA, 0xAC, 0xAD, 0xFC, 0x99, 0x87, 0x44, 0x22, 0x12,
    0x21, 0x11, 0x22, 0x56, 0x9A, 0xAA, 0xA8, 0x89, 0xA9, 0x33, 0x32, 0x23, 0x33, 0x38, 0x72, 0x55,
    0x55, 0x55, 0x55, 0x55, 0x55, 0xAD, 0xDA, 0xDA, 0xAC, 0xDF, 0xFA, 0x99, 0x75, 0x34, 0x22, 0x12,
    0x11, 0x11, 0x11, 0x25, 0x88, 0x7A, 0xA9, 0x6A, 0xDA, 0x32, 0x22, 0x33, 0x33, 0x38, 0x74, 0x55,
    0x55, 0x33, 0x33, 0x35, 0x53, 0xAD, 0xFD, 0xFD, 0xDD, 0xDF, 0xD9, 0x98, 0x54, 0x32, 0x12, 0x21,
    0x11, 0x11, 0x11, 0x14, 0x68, 0x7A, 0xA9, 0x87, 0xDA, 0x32, 0x33, 0x33, 0x33, 0x5A, 0x74, 0x55,
    0x55, 0x55, 0x53, 0x33, 0x33, 0x7D, 0xFF, 0xFD, 0xDA, 0xDF, 0xC9, 0xA7, 0x44, 0x34, 0x22, 0x22,
    0x11, 0x11, 0x11, 0x12, 0x48, 0xAA, 0x99, 0x65, 0xA7, 0x23, 0x33, 0x33, 0x33, 0x5A, 0x44, 0x55,
    0x55, 0x33, 0x33, 0x33, 0x33, 0x7D, 0xDF, 0xDD, 0xD7, 0xAF, 0xAA, 0x87, 0x44, 0x22, 0x12, 0x22,
    0x11, 0x11, 0x11, 0x12, 0x35, 0x8A, 0x99, 0x66, 0x74, 0x32, 0x32, 0x33, 0x33, 0x4A, 0x47, 0x55,
    0x43, 0x33, 0x22, 0x22, 0x25, 0x87, 0xDD, 0xDD, 0xDD, 0xDD, 0xDA, 0x77, 0x42, 0x34, 0x12, 0x22,
    0x11, 0x11, 0x11, 0x12, 0x24, 0x7A, 0xAA, 0x98, 0xAD, 0x83, 0x22, 0x33, 0x32, 0x3A, 0x47, 0x53,
    0x33, 0x34, 0x23, 0x33, 0x27, 0xAA, 0xFD, 0xDD, 0xDD, 0xDD, 0xDA, 0x77, 0x42, 0x34, 0x22, 0x21,
    0x11, 0x11, 0x11, 0x11, 0x23, 0x7A, 0xAA, 0x99, 0xAD, 0xA8, 0x33, 0x33, 0x33, 0x3A, 0x77, 0x33,
    0x33, 0x54, 0x35, 0x55, 0x48, 0xA8, 0x58, 0xDF, 0xDD, 0xFF, 0xA9, 0x74, 0x43, 0x22, 0x22, 0x21,
    0x11, 0x11, 0x11, 0x11, 0x22, 0x59, 0xAA, 0x99, 0xDD, 0xA8, 0x53, 0x33, 0x33, 0x3A, 0x77, 0x75,
    0x53, 0x77, 0x35, 0x55, 0x57, 0x54, 0x39, 0xFF, 0xFF, 0xFD, 0xA8, 0x74, 0x22, 0x22, 0x22, 0x11,
    0x11, 0x11, 0x11, 0x11, 0x22, 0x48, 0xAA, 0x99, 0xDD, 0x96, 0x63, 0x23, 0x32, 0x3A, 0x77, 0x75,
    0x57, 0xAA, 0x85, 0x55, 0x57, 0x55, 0x7D, 0xFF, 0xFF, 0xFA, 0xA7, 0x42, 0x11, 0x12, 0x22, 0x21,
    0x11, 0x12, 0x21, 0x11, 0x22, 0x28, 0x8A, 0xA9, 0xAD, 0xA5, 0x85, 0x23, 0x23, 0x4A, 0x77, 0x75,
    0xAA, 0x9A, 0x98, 0x54, 0x55, 0x44, 0x7D, 0xFF, 0xFF, 0xF9, 0x88, 0x87, 0x21, 0x22, 0x22, 0x21,
    0x27, 0x84, 0x11, 0x11, 0x12, 0x26, 0x8A, 0xC9, 0xAC, 0x98, 0x99, 0x23, 0x34, 0x7A, 0x77, 0x75,
    0xA9, 0x88, 0x86, 0x53, 0x33, 0x32, 0x8F, 0xFF, 0xFF, 0xD8, 0x98, 0x8A, 0xA7, 0x22, 0x22, 0x23,
    0x57, 0x42, 0x11, 0x11, 0x12, 0x25, 0x8A, 0xDA, 0x9A, 0xAA, 0xAA, 0x33, 0x35, 0x7A, 0x47, 0x75,
    0xA9, 0x86, 0x65, 0x31, 0x22, 0x32, 0xAF, 0xFF, 0xFF, 0xDA, 0x77, 0x7A, 0xA9, 0x54, 0x32, 0x24,
    0x44, 0x75, 0x31, 0x11, 0x12, 0x24, 0x9A, 0xDA, 0x98, 0xCD, 0xDA, 0x33, 0x37, 0x7A, 0x77, 0xA5,
    0xA9, 0x65, 0x33, 0x11, 0x23, 0x22, 0x8F, 0xFF, 0xFF, 0xDA, 0x77, 0xAA, 0xAA, 0x84, 0x22, 0x24,
    0x75, 0x42, 0x44, 0x21, 0x12, 0x25, 0x9A, 0xDC, 0xAA, 0xFD, 0xFA, 0x33, 0x25, 0x7A, 0x77, 0x75,
    0x98, 0x63, 0x11, 0x13, 0x32, 0x22, 0x8F, 0xFF, 0xFF, 0xA8, 0x9A, 0x77, 0xAD, 0xA7, 0x21, 0x27,
    0x74, 0x21, 0x14, 0x42, 0x22, 0x25, 0x9A, 0xDD, 0xAF, 0xFF, 0xF5, 0x34, 0x35, 0x7A, 0x77, 0x73,
    0x98, 0x63, 0x12, 0x35, 0x53, 0x32, 0x7F, 0xFF, 0xFF, 0xA8, 0xAA, 0x87, 0x7D, 0xD7, 0x21, 0x27,
    0x77, 0xAA, 0x74, 0x44, 0x42, 0x26, 0x99, 0xDD, 0xDF, 0xFF, 0xA2, 0x23, 0x24, 0x7A, 0x77, 0x73,
    0x98, 0x85, 0x33, 0x56, 0x83, 0x33, 0x3A, 0xFF, 0xFF, 0xD9, 0xAD, 0xDD, 0xDD, 0xA8, 0x11, 0x21,
    0x78, 0xAD, 0xDD, 0x74, 0x22, 0x26, 0x9A, 0xAD, 0xDF, 0xFF, 0xD2, 0x22, 0x24, 0x7A, 0x77, 0x74,
    0xAA, 0xA8, 0x75, 0x45, 0x53, 0x22, 0x23, 0xDF, 0xFF, 0xD9, 0xAA, 0x7A, 0x78, 0x98, 0x21, 0x21,
    0x47, 0x47, 0x47, 0x11, 0x11, 0x26, 0xAA, 0xDD, 0xDF, 0xDD, 0xD3, 0x22, 0x24, 0x7A, 0x77, 0xB8,
    0xDD, 0xDD, 0xAA, 0x99, 0xA7, 0x22, 0x22, 0x7D, 0xFF, 0xF9, 0xAA, 0x87, 0x45, 0x87, 0x74, 0x11,
    0x14, 0x42, 0x21, 0x11, 0x11, 0x26, 0xAD, 0xA5, 0xDF, 0xDD, 0xD4, 0x22, 0x24, 0x7A, 0x9B, 0xFE,
    0xDA, 0xDA, 0xDA, 0xA9, 0x93, 0x23, 0x24, 0x78, 0xDF, 0xD9, 0x77, 0x74, 0x47, 0x88, 0x24, 0x41,
    0x12, 0x21, 0x11, 0x11, 0x12, 0x35, 0x79, 0x54, 0x7F, 0xDD, 0xD2, 0x22, 0x24, 0x7A, 0xBF, 0xFF,
    0xAA, 0xDA, 0xAA, 0x88, 0xA9, 0x42, 0x22, 0x77, 0xAA, 0xA9, 0x74, 0x44, 0x77, 0xA7, 0x11, 0x71,
    0x11, 0x21, 0x11, 0x11, 0x12, 0x47, 0xA5, 0x79, 0x7D, 0xDD, 0xA1, 0x22, 0x24, 0xAB, 0xFF, 0xFF,
    0xAA, 0xDA, 0xAA, 0xAC, 0xEE, 0xC7, 0x22, 0x77, 0xDD, 0xA8, 0x44, 0x44, 0x7A, 0xA4, 0x11, 0x17,
    0x21, 0x11, 0x11, 0x11, 0x24, 0x78, 0x77, 0x74, 0x8D, 0xDD, 0x71, 0x22, 0x29, 0xCC, 0xFF, 0xFF,
    0xAA, 0xAA, 0xA8, 0xDE, 0xEE, 0xEE, 0x72, 0x74, 0xAD, 0xA7, 0x44, 0x47, 0x8A, 0xA2, 0x11, 0x12,
    0x74, 0x44, 0x42, 0x44, 0x43, 0x57, 0x77, 0x24, 0x8D, 0xFA, 0x21, 0x22, 0x9E, 0xCF, 0xFF, 0xFF,
    0xAA, 0xAA, 0xAA, 0xEE, 0xFF, 0xFE, 0xE8, 0x74, 0xAA, 0xA9, 0xA8, 0x78, 0xAA, 0x94, 0x11, 0x11,
    0x12, 0x44, 0x42, 0x11, 0x23, 0x75, 0x5A, 0x23, 0x8F, 0xD7, 0x42, 0x28, 0xEE, 0xCF, 0xFF, 0xFF,
    0xDA, 0xA8, 0x7C, 0xFE, 0xFF, 0xFF, 0xEE, 0xC4, 0x7D, 0xA9, 0x87, 0x77, 0xAA, 0x9A, 0x57, 0x71,
    0x21, 0x11, 0x11, 0x12, 0x35, 0x54, 0x29, 0x52, 0xAF, 0x74, 0x32, 0x8E, 0xEC, 0xEF, 0xFF, 0xFF,
    0xDD, 0xAA, 0x9E, 0xEF, 0xFE, 0xFF, 0xFE, 0xEA, 0x7A, 0xD9, 0x97, 0x78, 0xAA, 0xAD, 0x77, 0xA2,
    0x22, 0x11, 0x11, 0x12, 0x45, 0x42, 0x27, 0x54, 0xA7, 0x77, 0x4A, 0xEE, 0xEC, 0xFF, 0xFF, 0xFF,
    0xDD, 0xAA, 0xAF, 0xEF, 0xFF, 0xFF, 0xFF, 0xEF, 0xAA, 0xDA, 0x98, 0x78, 0xAA, 0xAA, 0x82, 0x21,
    0x12, 0x21, 0x12, 0x23, 0x44, 0x42, 0x55, 0x44, 0x44, 0x77, 0x9E, 0xEE, 0xEC, 0xFF, 0xFF, 0xFF,
    0xDA, 0xAA, 0xDF, 0xEF, 0xFF, 0xFF, 0xFF, 0xFE, 0xEA, 0xAA, 0x98, 0x77, 0x88, 0x97, 0x42, 0x11,
    0x11, 0x22, 0x22, 0x34, 0x44, 0x44, 0x22, 0x44, 0x47, 0x7A, 0xEC, 0xEE, 0xEC, 0xFF, 0xFF, 0xFF,
    0xDD, 0xAA, 0xEF, 0xFF, 0xFF, 0xFF, 0xFF, 0xFE, 0xEC, 0xAA, 0x89, 0x87, 0x77, 0x84, 0x22, 0x11,
    0x11, 0x22, 0x22, 0x34, 0x34, 0x42, 0x22, 0x44, 0x47, 0xAE, 0xCE, 0xEE, 0xCC, 0xFF, 0xFF, 0xFF,
    0xAA, 0xAA, 0xFE, 0xFF, 0xFF, 0xFF, 0xFF, 0xFF, 0xFE, 0xAA, 0x89, 0x87, 0x77, 0x88, 0x44, 0x11,
    0x11, 0x12, 0x22, 0x34, 0x34, 0x34, 0x22, 0x77, 0x4A, 0xCC, 0xEE, 0xEE, 0xCF, 0xFF, 0xFF, 0xFF,
    0xAD, 0xAD, 0xFF, 0xFE, 0xFF, 0xFF, 0xFF, 0xFF, 0xFF, 0xAA, 0x89, 0x88, 0x77, 0xAA, 0x99, 0x94,
    0x11, 0x11, 0x22, 0x33, 0x23, 0x44, 0x27, 0x44, 0x9C, 0xEE, 0xEE, 0xEE, 0xCF, 0xFF, 0xFF, 0xFF,
    0xDD, 0xAE, 0xFF, 0xEE, 0xFF, 0xFF, 0xFF, 0xFF, 0xFF, 0xDC, 0xA8, 0x98, 0x7A, 0xCA, 0xA9, 0x89,
    0x74, 0x11, 0x22, 0x32, 0x23, 0xAA, 0x47, 0x49, 0xEE, 0xEE, 0xEE, 0xEE, 0xCF, 0xFF, 0xFF, 0xFF,
    0xAA, 0xAE, 0xEE, 0xEE, 0xFF, 0xFF, 0xFF, 0xFF, 0xFF, 0xDF, 0xA7, 0x88, 0x8A, 0x83, 0x32, 0x13,
    0x42, 0x21, 0x22, 0x22, 0x23, 0xAA, 0x47, 0xAE, 0xEE, 0xEE, 0xEE, 0xEC, 0xCF, 0xFF, 0xFF, 0xFF,
    0xAA, 0xAE, 0xEE, 0xEE, 0xFF, 0xFF, 0xFF, 0xFF, 0xFF, 0xEF, 0xD7, 0x88, 0x77, 0x86, 0x66, 0x52,
    0x11, 0x21, 0x22, 0x22, 0x44, 0xA7, 0x4A, 0xEE, 0xEE, 0xEE, 0xEE, 0xEC, 0xCF, 0xFF, 0xFF, 0xFF,
    0xAA, 0xAE, 0xEE, 0xEE, 0xEF, 0xFF, 0xFF, 0xFF, 0xFF, 0xEF, 0xE8, 0x88, 0x88, 0x89, 0xAA, 0x72,
    0x11, 0x12, 0x22, 0x22, 0x44, 0x77, 0x8E, 0xEE, 0xEE, 0xEE, 0xEE, 0xEC, 0xEF, 0xFF, 0xFF, 0xFF,
    0xCA, 0xAE, 0xEE, 0xEE, 0xEE, 0xFF, 0xFF, 0xFF, 0xFF, 0xFE, 0xFA, 0x79, 0x88, 0x89, 0x88, 0x74,
    0x22, 0x22, 0x22, 0x23, 0x44, 0x57, 0xDE, 0xEE, 0xEE, 0xEE, 0xEE, 0xEB, 0xFF, 0xFF, 0xFF, 0xFE,
    0xCA, 0xDE, 0xEE, 0xEE, 0xEE, 0xFF, 0xFF, 0xFF, 0xFF, 0xFF, 0xFC, 0x79, 0x98, 0x77, 0x22, 0x22,
    0x22, 0x22, 0x22, 0x34, 0x42, 0x8C, 0xDE, 0xEE, 0xEE, 0xEE, 0xEE, 0xEC, 0xFF, 0xFF, 0xFF, 0xFE,
    0xCA, 0xDE, 0xEE, 0xEE, 0xEE, 0xEF, 0xFF, 0xFF, 0xFF, 0xEF, 0xEF, 0xA8, 0xA7, 0x74, 0x21, 0x11,
    0x11, 0x12, 0x23, 0x45, 0x14, 0xEC, 0xCE, 0xEE, 0xEE, 0xEE, 0xEE, 0xCC, 0xFF, 0xFF, 0xFF, 0xFE,
    0xCA, 0xDE, 0xEE, 0xEE, 0xEE, 0xEE, 0xFF, 0xFF, 0xFF, 0xEF, 0xFF, 0xE8, 0x98, 0x72, 0x21, 0x11,
    0x11, 0x22, 0x44, 0x52, 0x14, 0xEC, 0xCE, 0xEE, 0xEE, 0xEE, 0xEC, 0xCC, 0xFF, 0xFF, 0xFF, 0xFE,
    0xCA, 0xDE, 0xEE, 0xEE, 0xEE, 0xEE, 0xEF, 0xFF, 0xFF, 0xEF, 0xFE, 0xFA, 0x89, 0x84, 0x44, 0x11,
    0x22, 0x24, 0x56, 0x21, 0x17, 0xEC, 0xCE, 0xEE, 0xEE, 0xEE, 0xEC, 0xCC, 0xFF, 0xFF, 0xFF, 0xFE,
    0xCA, 0xCE, 0xEE, 0xEE, 0xEE, 0xEE, 0xEE, 0xFF, 0xFF, 0xDF, 0xFF, 0xFA, 0x98, 0x88, 0x77, 0x42,
    0x24, 0x56, 0x84, 0x11, 0x17, 0xEC, 0xAE, 0xEE, 0xEE, 0xEE, 0xCC, 0xCE, 0xFF, 0xFF, 0xFF, 0xFE,
    0xCA, 0xCE, 0xEE, 0xEE, 0xEE, 0xEE, 0xEE, 0xFF, 0xFF, 0xEF, 0xFF, 0xFA, 0xAA, 0x88, 0x88, 0x77,
    0x57, 0x88, 0x41, 0x11, 0x27, 0xFC, 0xCE, 0xEE, 0xEE, 0xCE, 0xCE, 0xCE, 0xFF, 0xFF, 0xFF, 0xFE,
    0xCA, 0xCE, 0xEE, 0xEE, 0xEE, 0xEE, 0xEE, 0xEF, 0xFF, 0xFF, 0xFF, 0xFA, 0x8A, 0xA9, 0x98, 0x99,
    0x99, 0x95, 0x11, 0x11, 0x27, 0xEE, 0xEE, 0xEE, 0xEE, 0xEE, 0xCC, 0xBF, 0xFF, 0xFF, 0xFF, 0xFE,
    0xAA, 0xCC, 0xEE, 0xCE, 0xEE, 0xEE, 0xEE, 0xEE, 0xFF, 0xFF, 0xFF, 0xFD, 0x8A, 0xAA, 0xAA, 0x98,
    0x88, 0x51, 0x11, 0x11, 0x27, 0xFE, 0xEE, 0xEE, 0xEE, 0xEC, 0xCC, 0xCF, 0xFF, 0xFF, 0xFF, 0xEC,
    0xAA, 0xAC, 0xCE, 0xCE, 0xEE, 0xEE, 0xEE, 0xEE, 0xEF, 0xFF, 0xFF, 0xFD, 0x8A, 0xA9, 0x99, 0x88,
    0x85, 0x21, 0x11, 0x11, 0x27, 0xEE, 0xEE, 0xEE, 0xEE, 0xCC, 0xCE, 0xCF, 0xFF, 0xFF, 0xFF, 0xEC,
    0xCD, 0xDE, 0xCC, 0xEE, 0xEE, 0xEE, 0xCC, 0xCE, 0xEE, 0xFF, 0xFF, 0xFE, 0x9A, 0xAA, 0x99, 0x88,
    0x52, 0x11, 0x11, 0x12, 0x27, 0xEF, 0xEE, 0xEE, 0xEE, 0xCC, 0xEE, 0xCF, 0xFF, 0xFF, 0xFE, 0xEC,
    0xAD, 0xDE, 0xEC, 0xCC, 0xEE, 0xEE, 0xEE, 0xEE, 0xEE, 0xFF, 0xFF, 0xFE, 0xA8, 0xAA, 0x98, 0x87,
    0x42, 0x11, 0x11, 0x12, 0x24, 0xEF, 0xEE, 0xEE, 0xEC, 0xCE, 0xEC, 0xEF, 0xFF, 0xFF, 0xFE, 0xEC,
    0xBA, 0xAE, 0xEE, 0xCC, 0xCC, 0xEE, 0xEE, 0xEE, 0xEE, 0xEF, 0xFF, 0xEF, 0xA8, 0x88, 0x98, 0x77,
    0x42, 0x22, 0x11, 0x12, 0x24, 0xDF, 0xEE, 0xEF, 0xEC, 0xEE, 0xEC, 0xEF, 0xFF, 0xFF, 0xFE, 0xEC,
    0xBA, 0xCE, 0xEE, 0xEC, 0xCC, 0xCE, 0xEE, 0xEE, 0xEE, 0xEE, 0xFF, 0xEF, 0xA8, 0x88, 0x88, 0x74,
    0x22, 0x21, 0x11, 0x22, 0x24, 0xCF, 0xEE, 0xFF, 0xCC, 0xFE, 0xCB, 0xFF, 0xFF, 0xFF, 0xFE, 0xEC,
    0xBA, 0xAC, 0xEE, 0xEF, 0xCB, 0xCC, 0xEE, 0xEE, 0xEE, 0xEE, 0xEE, 0xEF, 0xA7, 0x77, 0x87, 0x74,
    0x22, 0x21, 0x11, 0x22, 0x24, 0xAF, 0xFF, 0xFE, 0xCF, 0xEC, 0xCC, 0xFF, 0xFF, 0xFF, 0xFE, 0xEC,
    0xBA, 0xAE, 0xCE, 0xEE, 0xFC, 0xBC, 0xCE, 0xEE, 0xEE, 0xEE, 0xFE, 0xFF, 0xD7, 0x47, 0x87, 0x44,
    0x24, 0x21, 0x12, 0x12, 0x24, 0xAF, 0xFF, 0xEC, 0xFE, 0xCC, 0xFC, 0xFF, 0xFF, 0xFF, 0xEE, 0xCC,
    0xBA, 0xAE, 0xEC, 0xEE, 0xEF, 0xCB, 0xCC, 0xEE, 0xEE, 0xEE, 0xEF, 0xFF, 0xD7, 0x44, 0x77, 0x44,
    0x44, 0x11, 0x12, 0x12, 0x24, 0xAF, 0xFF, 0xCF, 0xEC, 0xCF, 0xEC, 0xFF, 0xFF, 0xFF, 0xFE, 0xCC,
    0xCA, 0xAE, 0xEE, 0xCE, 0xEC, 0xFE, 0xBC, 0xCE, 0xEE, 0xEE, 0xFF, 0xFF, 0xD7, 0x24, 0x77, 0x44,
    0x44, 0x11, 0x11, 0x21, 0x24, 0xAF, 0xFE, 0xFF, 0xEB, 0xFF, 0xCC, 0xFF, 0xFF, 0xFF, 0xEE, 0xCC,
    0xCA, 0xAE, 0xEE, 0xCC, 0xEE, 0xEF, 0xEB, 0xEE, 0xEE, 0xEF, 0xFF, 0xFD, 0xA7, 0x21, 0x44, 0x44,
    0x42, 0x11, 0x11, 0x11, 0x24, 0xAF, 0xEE, 0xFE, 0xCF, 0xFE, 0xBE, 0xFF, 0xFF, 0xFF, 0xEE, 0xEC,
    0xDA, 0xAC, 0xEC, 0xEE, 0xBE, 0xEE, 0xFE, 0xBC, 0xEE, 0xEF, 0xFF, 0xDA, 0xA8, 0x21, 0x24, 0x44,
    0x41, 0x11, 0x11, 0x12, 0x24, 0xAF, 0xEF, 0xEC, 0xEF, 0xEC, 0xCE, 0xFF, 0xFF, 0xFE, 0xEE, 0xEC,
    0xDA, 0xAE, 0xCE, 0xCE, 0xCB, 0xEE, 0xEF, 0xEB, 0xEE, 0xEF, 0xFD, 0xAA, 0xA8, 0x21, 0x14, 0x44,
    0x41, 0x11, 0x11, 0x12, 0x24, 0xAF, 0xEF, 0xEE, 0xFE, 0xCE, 0xCF, 0xFF, 0xFF, 0xFE, 0xEE, 0xEE,
    0xDA, 0xAE, 0xEC, 0xEE, 0xEE, 0xBE, 0xEE, 0xFE, 0xBE, 0xFF, 0xDA, 0x9A, 0xA8, 0x21, 0x12, 0x47,
    0x21, 0x11, 0x11, 0x11, 0x24, 0xAF, 0xFE, 0xCF, 0xEC, 0xEF, 0xCF, 0xFF, 0xFF, 0xEE, 0xEE, 0xEE,
    0xDA, 0xAE, 0xEE, 0xCE, 0xEF, 0xCB, 0xEE, 0xEF, 0xCE, 0xDA, 0xAA, 0xAA, 0xA8, 0x21, 0x12, 0x44,
    0x12, 0x11, 0x11, 0x11, 0x22, 0xAF, 0xFE, 0xFF, 0xCE, 0xFC, 0xCF, 0xFE, 0xEE, 0xEE, 0xEE, 0xEC,
    0xDA, 0xDC, 0xEE, 0xEB, 0xEE, 0xEC, 0xBE, 0xEE, 0xFD, 0x87, 0x78, 0x87, 0x78, 0x21, 0x12, 0x72,
    0x12, 0x22, 0x21, 0x11, 0x24, 0x8F, 0xEF, 0xFC, 0xCF, 0xEB, 0xCF, 0xFF, 0xEE, 0xEE, 0xEE, 0xCC,
    0xDD, 0xDE, 0xCE, 0xEC, 0xBE, 0xCF, 0xCC, 0xEF, 0xD9, 0x87, 0x74, 0x44, 0x27, 0x21, 0x14, 0x51,
    0x12, 0x34, 0x42, 0x22, 0x32, 0x7F, 0xEF, 0xEC, 0xFE, 0xBC, 0x9A, 0xDE, 0xFF, 0xEE, 0xEE, 0xCC,
    0xDD, 0xAE, 0xCB, 0xEF, 0xCC, 0xEE, 0xFC, 0xEF, 0xA8, 0x87, 0x74, 0x44, 0x24, 0x21, 0x27, 0x41,
    0x11, 0x22, 0x21, 0x11, 0x11, 0x7E, 0xFF, 0xCF, 0xEB, 0xCE, 0x97, 0x77, 0x8C, 0xEE, 0xEE, 0xCC,
    0xDD, 0xEC, 0xEC, 0xCE, 0xFC, 0xBE, 0xEF, 0xEA, 0x77, 0x77, 0x74, 0x44, 0x44, 0x22, 0x44, 0x41,
    0x11, 0x11, 0x11, 0x11, 0x11, 0x4E, 0xFE, 0xEF, 0xCC, 0xFC, 0x87, 0x74, 0x24, 0x7A, 0xEC, 0xCC,
    0xDF, 0xFC, 0xCF, 0xCC, 0xEF, 0xCC, 0xEE, 0xA7, 0x77, 0x77, 0x44, 0x44, 0x74, 0x44, 0x44, 0x42,
    0x11, 0x11, 0x11, 0x11, 0x11, 0x4D, 0xFE, 0xFC, 0xCE, 0xCB, 0x74, 0x44, 0x42, 0x44, 0x8C, 0xCC,
    0xFF, 0xDE, 0xCC, 0xFB, 0xCE, 0xEC, 0xEA, 0x77, 0x77, 0x74, 0x44, 0x44, 0x74, 0x44, 0x44, 0x22,
    0x11, 0x11, 0x11, 0x11, 0x11, 0x4D, 0xFF, 0xEC, 0xEC, 0xCC, 0x74, 0x44, 0x44, 0x47, 0x78, 0xCC,
    0xED, 0xAC, 0xEB, 0xCE, 0xBC, 0xEE, 0xD7, 0x77, 0x44, 0x44, 0x44, 0x44, 0x44, 0x44, 0x42, 0x22,
    0x11, 0x11, 0x11, 0x11, 0x11, 0x2A, 0xFF, 0xCE, 0xEC, 0xEC, 0x54, 0x44, 0x44, 0x47, 0xC7, 0x9C,
    0xED, 0xAC, 0xEC, 0xBE, 0xEB, 0xFD, 0x74, 0x44, 0x44, 0x44, 0x44, 0x44, 0x44, 0x44, 0x22, 0x22,
    0x21, 0x11, 0x11, 0x11, 0x11, 0x2A, 0xFE, 0xEF, 0xCC, 0xEB, 0x44, 0x44, 0x44, 0x48, 0xEB, 0x8C,
};

static const uint8_t coup_animdata_contessa_f04[3072] = {
    0xB8, 0x99, 0x99, 0x99, 0x98, 0x88, 0x88, 0x68, 0x66, 0x66, 0x66, 0x66, 0x66, 0x88, 0x68, 0x88,
    0x88, 0x66, 0x66, 0x66, 0x68, 0x6B, 0xBB, 0xBB, 0xBB, 0xBB, 0xBB, 0xBB, 0xBB, 0xBB, 0x99, 0x9B,
    0x99, 0x99, 0x98, 0x88, 0x86, 0x86, 0x66, 0x66, 0x66, 0x66, 0x66, 0x66, 0x66, 0x66, 0x66, 0x68,
    0x66, 0x66, 0x66, 0x66, 0x66, 0x6B, 0xBB, 0xBB, 0xBB, 0xBB, 0xBB, 0xBB, 0xBB, 0xBB, 0xB9, 0x99,
    0x99, 0x88, 0x88, 0x66, 0x66, 0x66, 0x66, 0x66, 0x66, 0x66, 0x66, 0x66, 0x66, 0x66, 0x66, 0x66,
    0x66, 0x66, 0x66, 0x66, 0x66, 0xBB, 0xBB, 0xBB, 0xBB, 0xBB, 0xBB, 0xBB, 0xBB, 0xBB, 0xB9, 0x99,
    0x98, 0x86, 0x66, 0x66, 0x66, 0x66, 0x66, 0x66, 0x66, 0x66, 0x66, 0x66, 0x66, 0x66, 0x66, 0x66,
    0x66, 0x66, 0x66, 0x66, 0x66, 0xBB, 0xBB, 0xBC, 0xBB, 0xBC, 0xBB, 0xBC, 0xBB, 0xBB, 0xBB, 0x99,
    0x98, 0x66, 0x66, 0x66, 0x66, 0x66, 0x66, 0x66, 0x66, 0x66, 0x66, 0x66, 0x66, 0x66, 0x66, 0x66,
    0x66, 0x66, 0x66, 0x66, 0x6B, 0xBB, 0xBB, 0xA8, 0xBB, 0xA8, 0x9B, 0xC9, 0xBB, 0xBB, 0xBB, 0x98,
    0x86, 0x66, 0x66, 0x66, 0x66, 0x66, 0x66, 0x66, 0x66, 0x66, 0x66, 0x66, 0x66, 0x66, 0x66, 0x66,
    0x66, 0x66, 0x66, 0x66, 0x6B, 0xBB, 0xBB, 0x96, 0xBC, 0xA6, 0x9B, 0xC6, 0x9B, 0xBB, 0xBB, 0xB9,
    0x86, 0x66, 0x66, 0x66, 0x66, 0x66, 0x66, 0x66, 0x66, 0x66, 0x66, 0x66, 0x66, 0x66, 0x66, 0x66,
    0x66, 0x66, 0x66, 0x68, 0xBB, 0xBB, 0xBB, 0x96, 0x9A, 0x86, 0x69, 0x96, 0x6B, 0xBB, 0xBB, 0xCA,
    0x66, 0x66, 0x66, 0x66, 0x66, 0x66, 0x66, 0x66, 0x66, 0x66, 0x66, 0x66, 0x66, 0x66, 0x66, 0x66,
    0x66, 0x66, 0x66, 0x66, 0x9B, 0xBB, 0xBB, 0x96, 0x66, 0x66, 0x65, 0x66, 0x6B, 0xBB, 0xBB, 0xA8,
    0x66, 0x66, 0x66, 0x66, 0x66, 0x66, 0x66, 0x66, 0x66, 0x66, 0x66, 0x66, 0x66, 0x66, 0x66, 0x66,
    0x66, 0x66, 0x66, 0x66, 0x6B, 0xBB, 0xBB, 0xA6, 0x66, 0x66, 0x66, 0x66, 0x9B, 0xBB, 0xBC, 0x88,
    0x66, 0x66, 0x66, 0x66, 0x66, 0x66, 0x66, 0x66, 0x66, 0x66, 0x66, 0x66, 0x66, 0x65, 0x65, 0x55,
    0x55, 0x55, 0x56, 0x66, 0x56, 0xBB, 0xBB, 0x96, 0x66, 0x66, 0x66, 0x65, 0x6B, 0xBB, 0xC8, 0x68,
    0x66, 0x66, 0x6A, 0xA9, 0x98, 0x66, 0x66, 0x66, 0x66, 0x65, 0x66, 0x66, 0x65, 0x55, 0x78, 0x75,
    0x55, 0x55, 0x55, 0x55, 0x55, 0x8B, 0xBB, 0xBB, 0x86, 0x96, 0xBB, 0x66, 0xBB, 0xBB, 0x96, 0x68,
    0x66, 0x66, 0x8A, 0xDA, 0xAA, 0xA8, 0x55, 0x65, 0x55, 0x55, 0x55, 0x55, 0x77, 0x75, 0x55, 0x88,
    0x85, 0x55, 0x55, 0x55, 0x55, 0x59, 0xBB, 0xBB, 0x86, 0xB5, 0xBB, 0x6B, 0xBB, 0xBA, 0x66, 0x68,
    0x66, 0x69, 0xAD, 0xDD, 0xAD, 0xAA, 0x98, 0x65, 0x55, 0x55, 0x55, 0x56, 0x88, 0x86, 0x55, 0x58,
    0x98, 0x55, 0x55, 0x55, 0x55, 0x55, 0xBB, 0xBB, 0x86, 0xB5, 0xBB, 0x6B, 0xBB, 0xC6, 0x66, 0x68,
    0x66, 0x66, 0x66, 0xAD, 0xA9, 0xA6, 0x56, 0x55, 0x55, 0x55, 0x55, 0x58, 0x98, 0x88, 0x78, 0x66,
    0x8A, 0x65, 0x55, 0x55, 0x55, 0x55, 0x6B, 0xBB, 0x86, 0xB5, 0xBB, 0x6B, 0xBC, 0x85, 0x66, 0x68,
    0x66, 0x65, 0x55, 0x56, 0x55, 0x55, 0x55, 0x55, 0x55, 0x56, 0x66, 0x59, 0xA8, 0x9A, 0x78, 0x98,
    0x99, 0x95, 0x55, 0x55, 0x55, 0x55, 0x58, 0xBB, 0x89, 0xB5, 0xBB, 0x6B, 0xB9, 0x55, 0x55, 0x66,
    0x65, 0x55, 0x55, 0x55, 0x55, 0x55, 0x55, 0x55, 0x55, 0x88, 0x66, 0x88, 0x7A, 0xAD, 0xA9, 0x99,
    0x99, 0xA9, 0x53, 0x53, 0x35, 0x55, 0x55, 0x9B, 0x89, 0xB5, 0xBB, 0x5B, 0xA5, 0x55, 0x55, 0x66,
    0x65, 0x55, 0x55, 0x66, 0x55, 0x55, 0x55, 0x55, 0x58, 0xA8, 0x89, 0xA9, 0x7A, 0xDA, 0xA9, 0x89,
    0x99, 0xA7, 0x86, 0x55, 0x53, 0x55, 0x53, 0x5C, 0x86, 0xB5, 0xBB, 0x6C, 0x65, 0x55, 0x55, 0x56,
    0x65, 0x55, 0x55, 0x55, 0x55, 0x55, 0x55, 0x55, 0x5A, 0xA9, 0x9A, 0xAA, 0xAA, 0xDA, 0xA9, 0x96,
    0x89, 0xA8, 0x97, 0x79, 0x86, 0x53, 0x35, 0x38, 0x76, 0xB5, 0xBB, 0x56, 0x55, 0x55, 0x55, 0x55,
    0x55, 0x55, 0x55, 0x55, 0x55, 0x55, 0x55, 0x55, 0x8A, 0xA9, 0xAA, 0x8A, 0xAA, 0xAA, 0x99, 0x99,
    0x99, 0x99, 0x98, 0xA9, 0x68, 0x95, 0x33, 0x33, 0x36, 0xB5, 0xBB, 0x35, 0x55, 0x55, 0x33, 0x55,
    0x55, 0x55, 0x55, 0x55, 0x55, 0x55, 0x55, 0x55, 0x9D, 0xAA, 0xA9, 0x7A, 0xAA, 0xDA, 0x99, 0xAA,
    0xDA, 0x99, 0x89, 0xDA, 0x85, 0x66, 0x33, 0x33, 0x39, 0xB6, 0xBA, 0x35, 0x33, 0x33, 0x33, 0x35,
    0x55, 0x55, 0x55, 0x55, 0x55, 0x55, 0x55, 0x7A, 0xDD, 0xDD, 0x77, 0xAA, 0xDD, 0xA9, 0x6A, 0xCD,
    0xFD, 0xA9, 0x65, 0xAD, 0xA5, 0x56, 0x33, 0x33, 0x37, 0xBB, 0xC7, 0x33, 0x33, 0x33, 0x33, 0x35,
    0x55, 0x55, 0x55, 0x55, 0x55, 0x55, 0x35, 0x89, 0xDD, 0xFD, 0x88, 0xAD, 0xDA, 0xA9, 0x9D, 0xFD,
    0xFF, 0xD9, 0x86, 0x6A, 0xD9, 0x66, 0x33, 0x33, 0x33, 0x8B, 0x82, 0x33, 0x33, 0x33, 0x35, 0x55,
    0x55, 0x33, 0x33, 0x33, 0x33, 0x33, 0x37, 0xA9, 0xAF, 0xFA, 0x89, 0xAA, 0xA9, 0x99, 0xAA, 0xDF,
    0xDF, 0xD9, 0xA9, 0x89, 0xC9, 0x89, 0x63, 0x33, 0x33, 0x38, 0x33, 0x33, 0x33, 0x33, 0x33, 0x33,
    0x55, 0x55, 0x33, 0x33, 0x33, 0x33, 0x39, 0xA8, 0xAF, 0xD9, 0x99, 0xAD, 0xAA, 0x89, 0xAA, 0xDD,
    0xCD, 0xD9, 0xAA, 0x99, 0x9C, 0x9A, 0xA5, 0x53, 0x33, 0x22, 0x33, 0x33, 0x33, 0x33, 0x44, 0x33,
    0x89, 0xAA, 0x87, 0x53, 0x33, 0x33, 0x39, 0xAA, 0xDF, 0xCA, 0x87, 0xAA, 0xA9, 0x99, 0xAA, 0xCA,
    0xAA, 0xA9, 0xAD, 0xCA, 0x9A, 0x99, 0x99, 0x52, 0x32, 0x23, 0x23, 0x33, 0x32, 0x33, 0x44, 0x55,
    0xAD, 0xDA, 0xA7, 0x73, 0x33, 0x33, 0x38, 0xDA, 0xFF, 0xDA, 0x9A, 0xCA, 0xA6, 0x69, 0xAA, 0x99,
    0x99, 0x99, 0xAA, 0xDD, 0xA9, 0x98, 0x89, 0x52, 0x22, 0x22, 0x33, 0x23, 0x33, 0x35, 0x74, 0x55,
    0x55, 0x85, 0x33, 0x33, 0x33, 0x57, 0x59, 0xDD, 0xFF, 0xDA, 0xAD, 0xCA, 0x86, 0xAD, 0xA7, 0x89,
    0x68, 0x99, 0xAA, 0xAA, 0xAA, 0xA9, 0x86, 0x65, 0x32, 0x33, 0x23, 0x33, 0x33, 0x35, 0xA4, 0x45,
    0x55, 0x55, 0x55, 0x33, 0x33, 0x58, 0xAA, 0xDF, 0xFF, 0xDA, 0xAD, 0xA9, 0x8A, 0xCA, 0x97, 0x66,
    0x66, 0x66, 0x89, 0x7A, 0xAA, 0xAA, 0xA8, 0x55, 0x63, 0x23, 0x33, 0x32, 0x33, 0x34, 0xA2, 0x45,
    0x55, 0x55, 0x55, 0x55, 0x33, 0x3A, 0x8A, 0xFF, 0xFD, 0xAC, 0xDD, 0xA8, 0x9A, 0x98, 0x74, 0x32,
    0x33, 0x23, 0x56, 0x78, 0xAD, 0xAA, 0xA9, 0x66, 0x85, 0x23, 0x33, 0x33, 0x33, 0x35, 0xA2, 0x45,
    0x55, 0x55, 0x55, 0x55, 0x33, 0x8A, 0x9A, 0xDD, 0xDC, 0xCD, 0xFC, 0x99, 0xA8, 0x57, 0x42, 0x22,
    0x22, 0x22, 0x35, 0x68, 0xAA, 0xDA, 0xAA, 0x88, 0x98, 0x33, 0x33, 0x33, 0x34, 0x35, 0xA2, 0x45,
    0x55, 0x55, 0x55, 0x55, 0x35, 0xAD, 0xAA, 0xAA, 0xAA, 0xCF, 0xFA, 0x99, 0x77, 0x44, 0x22, 0x12,
    0x21, 0x11, 0x22, 0x58, 0x9A, 0xAA, 0xA9, 0x89, 0xAA, 0x53, 0x32, 0x22, 0x33, 0x35, 0xA2, 0x45,
    0x55, 0x55, 0x55, 0x55, 0x55, 0xDD, 0xDA, 0xD7, 0xAA, 0xDF, 0xFA, 0x99, 0x75, 0x34, 0x22, 0x12,
    0x21, 0x11, 0x11, 0x25, 0x68, 0x4A, 0xC9, 0x69, 0xDD, 0x52, 0x32, 0x33, 0x33, 0x35, 0xA4, 0x75,
    0x55, 0x33, 0x33, 0x55, 0x35, 0xDD, 0xDF, 0xFD, 0xDA, 0xDF, 0xD9, 0x97, 0x54, 0x32, 0x12, 0x22,
    0x11, 0x11, 0x11, 0x14, 0x78, 0x7A, 0xA9, 0x97, 0xAD, 0x52, 0x23, 0x33, 0x33, 0x37, 0xA4, 0x75,
    0x55, 0x55, 0x53, 0x33, 0x33, 0xAD, 0xFF, 0xFD, 0xDA, 0xDF, 0xAA, 0xA7, 0x44, 0x44, 0x12, 0x22,
    0x11, 0x11, 0x11, 0x12, 0x48, 0xAA, 0x99, 0x65, 0x9A, 0x32, 0x33, 0x33, 0x33, 0x37, 0x84, 0x73,
    0x53, 0x33, 0x33, 0x33, 0x33, 0xAD, 0xFF, 0xDD, 0xA7, 0xAF, 0xAA, 0x87, 0x43, 0x22, 0x12, 0x22,
    0x11, 0x11, 0x11, 0x12, 0x25, 0x8A, 0x99, 0x86, 0x82, 0x32, 0x32, 0x23, 0x33, 0x37, 0x84, 0x73,
    0x43, 0x32, 0x22, 0x23, 0x28, 0x7A, 0xDD, 0xDF, 0xDD, 0xDD, 0xDA, 0x77, 0x42, 0x44, 0x12, 0x22,
    0x11, 0x11, 0x11, 0x12, 0x24, 0x79, 0xAA, 0x98, 0x9D, 0x93, 0x22, 0x33, 0x33, 0x27, 0xA4, 0x73,
    0x33, 0x43, 0x33, 0x32, 0x3A, 0x8D, 0xFD, 0xDD, 0xDD, 0xDD, 0xD9, 0x77, 0x42, 0x44, 0x22, 0x21,
    0x11, 0x11, 0x11, 0x11, 0x22, 0x59, 0xAA, 0x99, 0xAD, 0xD9, 0x52, 0x33, 0x33, 0x27, 0xA4, 0x73,
    0x33, 0x53, 0x35, 0x53, 0x5A, 0xA8, 0x7D, 0xDD, 0xDD, 0xFD, 0xA8, 0x74, 0x43, 0x22, 0x22, 0x21,
    0x11, 0x11, 0x11, 0x11, 0x22, 0x58, 0xAA, 0x99, 0xCD, 0xC9, 0x63, 0x33, 0x33, 0x37, 0xA4, 0x74,
    0x45, 0x73, 0x55, 0x55, 0x78, 0x53, 0x3A, 0xFF, 0xFF, 0xFD, 0xA8, 0x74, 0x22, 0x22, 0x22, 0x11,
    0x11, 0x11, 0x11, 0x11, 0x22, 0x48, 0xAA, 0x99, 0xAD, 0xA8, 0x65, 0x23, 0x33, 0x27, 0xA4, 0x74,
    0x58, 0xA7, 0x55, 0x55, 0x75, 0x55, 0x8D, 0xFF, 0xFF, 0xFA, 0xA7, 0x42, 0x11, 0x12, 0x22, 0x21,
    0x11, 0x11, 0x11, 0x11, 0x22, 0x27, 0x89, 0xA9, 0xAD, 0xC5, 0x56, 0x32, 0x32, 0x37, 0xA4, 0xA4,
    0xAA, 0xAA, 0x85, 0x45, 0x55, 0x44, 0xAF, 0xFF, 0xFF, 0xD8, 0x87, 0x74, 0x21, 0x22, 0x22, 0x21,
    0x14, 0x87, 0x21, 0x11, 0x12, 0x25, 0x8A, 0xCA, 0x9D, 0xA8, 0x8A, 0x42, 0x33, 0x58, 0xA4, 0x84,
    0xA9, 0x98, 0x86, 0x33, 0x33, 0x33, 0xAF, 0xFF, 0xFF, 0xD8, 0xA8, 0xAA, 0x84, 0x22, 0x22, 0x22,
    0x48, 0x52, 0x11, 0x11, 0x12, 0x24, 0x8A, 0xDA, 0x9A, 0x99, 0xAC, 0x73, 0x33, 0x78, 0xA4, 0x87,
    0x98, 0x86, 0x65, 0x22, 0x32, 0x24, 0xDF, 0xFF, 0xFF, 0xAA, 0x77, 0x7A, 0xA8, 0x44, 0x22, 0x24,
    0x54, 0x54, 0x21, 0x11, 0x12, 0x24, 0x8A, 0xDD, 0xA9, 0xAD, 0xDD, 0x72, 0x33, 0x77, 0xA4, 0x77,
    0xA8, 0x65, 0x52, 0x12, 0x32, 0x23, 0xDF, 0xFF, 0xFF, 0xAA, 0x77, 0xAA, 0xA9, 0x74, 0x22, 0x24,
    0x55, 0x54, 0x54, 0x11, 0x12, 0x24, 0x8A, 0xDA, 0xA7, 0xDD, 0xFF, 0x53, 0x33, 0x77, 0xA4, 0xA7,
    0x96, 0x52, 0x11, 0x13, 0x32, 0x22, 0xDF, 0xFF, 0xFF, 0xA9, 0x89, 0x88, 0xAD, 0xA7, 0x21, 0x25,
    0x74, 0x21, 0x14, 0x41, 0x22, 0x24, 0x8A, 0xDD, 0xAD, 0xFF, 0xFD, 0x33, 0x33, 0x77, 0xA4, 0x77,
    0x88, 0x51, 0x12, 0x35, 0x32, 0x32, 0xAF, 0xFF, 0xFF, 0xA8, 0xAA, 0x74, 0x8D, 0xA7, 0x11, 0x27,
    0x74, 0x77, 0x42, 0x44, 0x42, 0x25, 0x99, 0xAD, 0xDD, 0xFF, 0xF5, 0x23, 0x33, 0x77, 0xA7, 0x84,
    0x88, 0x53, 0x35, 0x56, 0x52, 0x33, 0x8F, 0xFF, 0xFF, 0xAA, 0xAD, 0xDD, 0xAD, 0xA7, 0x11, 0x22,
    0x78, 0xAF, 0xDA, 0x74, 0x32, 0x25, 0x99, 0xAD, 0xDF, 0xFF, 0xF7, 0x22, 0x22, 0x77, 0xA4, 0xA4,
    0x88, 0x85, 0x33, 0x45, 0x52, 0x22, 0x2A, 0xFF, 0xFF, 0xAA, 0xDA, 0x7D, 0xAA, 0xA7, 0x11, 0x21,
    0x77, 0x47, 0x79, 0x41, 0x11, 0x25, 0x9A, 0xAD, 0xCD, 0xFD, 0xF8, 0x22, 0x22, 0x77, 0xA4, 0x97,
    0xDA, 0xDA, 0xA8, 0x88, 0x84, 0x22, 0x22, 0xAF, 0xFF, 0xD9, 0xA9, 0x77, 0x47, 0x87, 0x42, 0x11,
    0x25, 0x54, 0x42, 0x11, 0x11, 0x25, 0xAD, 0xDA, 0xDF, 0xDD, 0xF8, 0x22, 0x22, 0x77, 0xA8, 0xBC,
    0xDD, 0xDA, 0xA9, 0x9A, 0x92, 0x22, 0x24, 0x7D, 0xFF, 0xD9, 0x88, 0x75, 0x47, 0x88, 0x47, 0x21,
    0x13, 0x22, 0x11, 0x11, 0x11, 0x25, 0x7A, 0x82, 0x4F, 0xDD, 0xF8, 0x22, 0x22, 0x77, 0xAB, 0xFF,
    0xAA, 0xDA, 0xAA, 0x88, 0x83, 0x23, 0x24, 0x7A, 0xAD, 0xD8, 0x44, 0x44, 0x48, 0xA7, 0x11, 0x71,
    0x11, 0x21, 0x11, 0x11, 0x12, 0x47, 0x87, 0x59, 0x5A, 0xDD, 0xF4, 0x12, 0x22, 0x7A, 0xBF, 0xFF,
    0xAA, 0xAA, 0xAA, 0x7C, 0xEC, 0x72, 0x24, 0x78, 0xDA, 0xA8, 0x44, 0x44, 0x78, 0xA4, 0x11, 0x24,
    0x11, 0x12, 0x11, 0x11, 0x14, 0x78, 0x95, 0x87, 0x8A, 0xDD, 0xD2, 0x12, 0x22, 0xAC, 0xEF, 0xFF,
    0xAA, 0xA8, 0xAA, 0xCE, 0xEE, 0xE8, 0x24, 0x77, 0xDD, 0xA7, 0x44, 0x45, 0x7A, 0xA2, 0x11, 0x14,
    0x72, 0x12, 0x11, 0x12, 0x44, 0x58, 0x74, 0x43, 0x7A, 0xDD, 0x71, 0x22, 0x29, 0xEC, 0xFF, 0xFF,
    0xDA, 0xA8, 0xAA, 0xFE, 0xEE, 0xEE, 0x94, 0x77, 0xDA, 0xA8, 0x77, 0x77, 0xAA, 0x92, 0x11, 0x11,
    0x24, 0x77, 0x74, 0x42, 0x22, 0x57, 0x58, 0x22, 0x7D, 0xFA, 0x42, 0x22, 0x9E, 0xCC, 0xFF, 0xFF,
    0xDA, 0xA8, 0xAE, 0xEE, 0xFF, 0xFE, 0xEA, 0x74, 0xAA, 0xA9, 0x98, 0x78, 0xAA, 0x87, 0x33, 0x11,
    0x21, 0x11, 0x11, 0x11, 0x24, 0x55, 0x39, 0x72, 0x7F, 0xD7, 0x42, 0x29, 0xEE, 0xCF, 0xFF, 0xFF,
    0xDA, 0xA7, 0xAF, 0xEF, 0xFF, 0xFF, 0xFE, 0xC4, 0x8D, 0xA9, 0x85, 0x78, 0xAA, 0xAA, 0x5A, 0xA2,
    0x22, 0x11, 0x11, 0x12, 0x35, 0x54, 0x15, 0x72, 0x9D, 0x77, 0x44, 0x9E, 0xEE, 0xCF, 0xFF, 0xFF,
    0xDA, 0xA9, 0xDE, 0xFF, 0xFF, 0xFF, 0xFE, 0xFC, 0x8C, 0xA9, 0x97, 0x79, 0xAA, 0xAA, 0x84, 0x72,
    0x13, 0x11, 0x11, 0x22, 0x45, 0x42, 0x25, 0x54, 0x74, 0x77, 0x4A, 0xEE, 0xEE, 0xCF, 0xFF, 0xFF,
    0xDA, 0xAA, 0xEF, 0xFF, 0xFF, 0xFF, 0xFF, 0xEE, 0xCA, 0xD9, 0x98, 0x78, 0xAA, 0xA8, 0x72, 0x11,
    0x12, 0x21, 0x12, 0x23, 0x44, 0x43, 0x54, 0x44, 0x37, 0x77, 0xAE, 0xCE, 0xEC, 0xEF, 0xFF, 0xFF,
    0xDA, 0xAC, 0xFE, 0xFF, 0xFF, 0xFF, 0xFF, 0xFE, 0xEA, 0xA9, 0x98, 0x77, 0x88, 0x84, 0x22, 0x11,
    0x11, 0x22, 0x22, 0x34, 0x44, 0x43, 0x22, 0x44, 0x47, 0x7A, 0xEC, 0xEE, 0xEC, 0xFF, 0xFF, 0xFF,
    0xAA, 0xAE, 0xFF, 0xFF, 0xFF, 0xFF, 0xFF, 0xFE, 0xEC, 0xA9, 0x89, 0x77, 0x77, 0x84, 0x22, 0x11,
    0x11, 0x12, 0x22, 0x34, 0x44, 0x42, 0x22, 0x44, 0x47, 0xAC, 0xEE, 0xEE, 0xEC, 0xFF, 0xFF, 0xFF,
    0xAA, 0xAE, 0xFF, 0xFF, 0xFF, 0xFF, 0xFF, 0xFF, 0xFD, 0xAA, 0x89, 0x77, 0x77, 0x89, 0x77, 0x41,
    0x11, 0x11, 0x22, 0x34, 0x33, 0x32, 0x23, 0x47, 0x4A, 0xEE, 0xEE, 0xEE, 0xEC, 0xFF, 0xFF, 0xFF,
    0xDD, 0xDF, 0xFF, 0xEE, 0xFF, 0xFF, 0xFF, 0xFF, 0xFE, 0xAA, 0x89, 0x88, 0x78, 0xCC, 0xA9, 0xA7,
    0x11, 0x11, 0x22, 0x33, 0x23, 0x77, 0x47, 0x44, 0xAC, 0xEE, 0xEE, 0xEE, 0xCE, 0xFF, 0xFF, 0xFF,
    0xDA, 0xDF, 0xFE, 0xEF, 0xFF, 0xFF, 0xFF, 0xFF, 0xFE, 0xDE, 0x98, 0x88, 0x8C, 0xA8, 0x87, 0x48,
    0x84, 0x21, 0x22, 0x32, 0x23, 0x8D, 0x77, 0x79, 0xEE, 0xEE, 0xEE, 0xEE, 0xCE, 0xFF, 0xFF, 0xFF,
    0xAA, 0xDE, 0xEE, 0xEE, 0xFF, 0xFF, 0xFF, 0xFF, 0xFF, 0xDF, 0xA8, 0x87, 0x78, 0x63, 0x33, 0x22,
    0x11, 0x21, 0x22, 0x22, 0x33, 0x9A, 0x47, 0xAE, 0xEE, 0xEE, 0xEE, 0xEE, 0xCF, 0xFF, 0xFF, 0xFF,
    0xAA, 0xEE, 0xEE, 0xEE, 0xFF, 0xFF, 0xFF, 0xFF, 0xFF, 0xDF, 0xC7, 0x88, 0x78, 0x88, 0x88, 0x52,
    0x11, 0x11, 0x22, 0x22, 0x44, 0x87, 0x4A, 0xEE, 0xEE, 0xEE, 0xEE, 0xEE, 0xCF, 0xFF, 0xFF, 0xFF,
    0xAA, 0xEE, 0xEE, 0xEE, 0xEF, 0xFF, 0xFF, 0xFF, 0xFF, 0xEF, 0xE8, 0x88, 0x88, 0x99, 0xAA, 0x72,
    0x21, 0x22, 0x22, 0x22, 0x44, 0x77, 0x8F, 0xEE, 0xEE, 0xEE, 0xEE, 0xEC, 0xCF, 0xFF, 0xFF, 0xFF,
    0xAA, 0xEE, 0xEE, 0xEE, 0xEF, 0xFF, 0xFF, 0xFF, 0xFF, 0xEF, 0xF9, 0x89, 0x88, 0x88, 0x77, 0x74,
    0x22, 0x22, 0x22, 0x23, 0x44, 0x48, 0xDE, 0xEE, 0xEE, 0xEE, 0xEE, 0xEC, 0xCF, 0xFF, 0xFF, 0xFF,
    0xAA, 0xEE, 0xEE, 0xEE, 0xEE, 0xFF, 0xFF, 0xFF, 0xFF, 0xEF, 0xFC, 0x79, 0x97, 0x74, 0x21, 0x11,
    0x12, 0x22, 0x22, 0x34, 0x42, 0x8E, 0xCE, 0xEE, 0xEE, 0xEE, 0xEE, 0xEC, 0xEF, 0xFF, 0xFF, 0xFF,
    0xAA, 0xEE, 0xEE, 0xEE, 0xEE, 0xEF, 0xFF, 0xFF, 0xFF, 0xEF, 0xEF, 0x98, 0x97, 0x72, 0x21, 0x11,
    0x11, 0x12, 0x24, 0x45, 0x12, 0xCE, 0xAE, 0xEE, 0xEE, 0xEE, 0xEE, 0xEC, 0xEF, 0xFF, 0xFF, 0xFF,
    0xAD, 0xEE, 0xEE, 0xEE, 0xEE, 0xEF, 0xFF, 0xFF, 0xFF, 0xEF, 0xEF, 0xD8, 0x98, 0x72, 0x42, 0x11,
    0x11, 0x22, 0x45, 0x52, 0x14, 0xCE, 0xCE, 0xEE, 0xEE, 0xEE, 0xEC, 0xCC, 0xFF, 0xFF, 0xFF, 0xFF,
    0xAD, 0xEE, 0xEE, 0xEE, 0xEE, 0xEE, 0xEF, 0xFF, 0xFF, 0xEF, 0xFF, 0xE9, 0x89, 0x84, 0x54, 0x11,
    0x22, 0x44, 0x56, 0x21, 0x14, 0xCE, 0xCE, 0xEE, 0xEE, 0xEE, 0xEC, 0xCC, 0xFF, 0xFF, 0xFF, 0xFF,
    0xDD, 0xEE, 0xEE, 0xEE, 0xEE, 0xEE, 0xEF, 0xFF, 0xFF, 0xDF, 0xFF, 0xEA, 0xA8, 0x88, 0x77, 0x44,
    0x34, 0x56, 0x84, 0x11, 0x14, 0xEE, 0xAE, 0xEE, 0xEE, 0xEE, 0xEC, 0xCC, 0xFF, 0xFF, 0xFF, 0xFE,
    0xAA, 0xEC, 0xEE, 0xEE, 0xEE, 0xEE, 0xEE, 0xFF, 0xFF, 0xEF, 0xFF, 0xFA, 0xAA, 0x88, 0x87, 0x87,
    0x78, 0x98, 0x41, 0x11, 0x14, 0xEE, 0xCE, 0xEE, 0xEC, 0xCE, 0xEC, 0xCC, 0xFF, 0xFF, 0xFF, 0xFE,
    0xAA, 0xEC, 0xEE, 0xEE, 0xEE, 0xEC, 0xEE, 0xEF, 0xFF, 0xFF, 0xFF, 0xFA, 0x8A, 0xAA, 0x99, 0xA9,
    0x98, 0x84, 0x11, 0x11, 0x24, 0xEE, 0xEE, 0xEE, 0xCE, 0xEE, 0xCC, 0xBC, 0xFF, 0xFF, 0xFF, 0xFE,
    0xAA, 0xCE, 0xEE, 0xEE, 0xEE, 0xEE, 0xEE, 0xEE, 0xFF, 0xFF, 0xFF, 0xFA, 0x8A, 0xAA, 0xAA, 0x98,
    0x88, 0x51, 0x11, 0x11, 0x24, 0xEE, 0xEE, 0xEE, 0xEE, 0xEC, 0xCC, 0xCE, 0xFF, 0xFF, 0xFF, 0xEE,
    0xAA, 0xCC, 0xCE, 0xCE, 0xEE, 0xEE, 0xEE, 0xEE, 0xEF, 0xFF, 0xFF, 0xFC, 0x8A, 0xA9, 0x99, 0x88,
    0x85, 0x21, 0x11, 0x11, 0x24, 0xEE, 0xEE, 0xEE, 0xEE, 0xCC, 0xCE, 0xCF, 0xFF, 0xFF, 0xFF, 0xEE,
    0xDD, 0xEC, 0xCC, 0xEE, 0xEE, 0xEE, 0xCE, 0xEE, 0xEF, 0xFF, 0xFF, 0xFD, 0x8A, 0xAA, 0x99, 0x88,
    0x52, 0x11, 0x11, 0x11, 0x24, 0xCF, 0xEE, 0xEE, 0xEE, 0xCC, 0xEF, 0xCF, 0xFF, 0xFF, 0xFF, 0xEE,
    0xAD, 0xEE, 0xEC, 0xCC, 0xEE, 0xEE, 0xEE, 0xEE, 0xCE, 0xFF, 0xFF, 0xFE, 0xA8, 0x99, 0x98, 0x87,
    0x42, 0x11, 0x11, 0x12, 0x24, 0xCF, 0xEE, 0xEE, 0xEE, 0xCC, 0xFE, 0xCF, 0xFF, 0xFF, 0xFF, 0xEC,
    0xAA, 0xEE, 0xEE, 0xCC, 0xCC, 0xEE, 0xEE, 0xEE, 0xEE, 0xEF, 0xFF, 0xEE, 0xA8, 0x89, 0x98, 0x77,
    0x42, 0x22, 0x11, 0x12, 0x24, 0xAF, 0xEE, 0xEF, 0xEC, 0xCF, 0xEC, 0xCF, 0xFF, 0xFF, 0xFE, 0xEC,
    0xAA, 0xCE, 0xEE, 0xEC, 0xCC, 0xCE, 0xEE, 0xEE, 0xEE, 0xEE, 0xFF, 0xEF, 0xA8, 0x88, 0x87, 0x74,
    0x22, 0x22, 0x11, 0x22, 0x22, 0xAF, 0xFE, 0xEF, 0xEC, 0xFE, 0xEB, 0xCF, 0xFF, 0xFF, 0xFF, 0xEC,
    0xAA, 0xCE, 0xEE, 0xEF, 0xBC, 0xCC, 0xEE, 0xEE, 0xEE, 0xEE, 0xEE, 0xEF, 0xA7, 0x77, 0x87, 0x74,
    0x22, 0x21, 0x11, 0x22, 0x22, 0xAF, 0xFF, 0xFE, 0xCF, 0xEE, 0xBC, 0xEF, 0xFF, 0xFF, 0xFE, 0xEC,
    0xAA, 0xDE, 0xEE, 0xEE, 0xFB, 0xCC, 0xCE, 0xEE, 0xEE, 0xEE, 0xFE, 0xFF, 0xA7, 0x47, 0x87, 0x44,
    0x24, 0x21, 0x12, 0x22, 0x24, 0x9F, 0xFF, 0xFC, 0xFE, 0xEB, 0xEC, 0xFF, 0xFF, 0xFF, 0xFE, 0xEC,
    0xAA, 0xCE, 0xCC, 0xEE, 0xEF, 0xBC, 0xCC, 0xEE, 0xEE, 0xEE, 0xFF, 0xFF, 0xD7, 0x44, 0x77, 0x44,
    0x44, 0x21, 0x12, 0x12, 0x24, 0x9F, 0xFF, 0xEE, 0xFE, 0xBE, 0xFC, 0xFF, 0xFF, 0xFF, 0xFE, 0xEC,
    0xDA, 0xCE, 0xEC, 0xCE, 0xEE, 0xFB, 0xCE, 0xCE, 0xEE, 0xEE, 0xFF, 0xFF, 0xA7, 0x24, 0x77, 0x44,
    0x44, 0x11, 0x11, 0x21, 0x24, 0x8F, 0xFE, 0xEF, 0xEB, 0xEF, 0xEC, 0xFF, 0xFF, 0xFF, 0xFE, 0xEC,
    0xAA, 0xCE, 0xEE, 0xCC, 0xEE, 0xEF, 0xCC, 0xEC, 0xEE, 0xEF, 0xFF, 0xFD, 0xA7, 0x22, 0x44, 0x44,
    0x42, 0x11, 0x11, 0x11, 0x24, 0x8F, 0xFE, 0xFE, 0xCC, 0xFE, 0xCB, 0xFF, 0xFF, 0xFF, 0xFE, 0xEC,
    0xDA, 0xCC, 0xEC, 0xEB, 0xCE, 0xEE, 0xFC, 0xCE, 0xEE, 0xEF, 0xFF, 0xDA, 0xA7, 0x21, 0x44, 0x44,
    0x41, 0x11, 0x11, 0x12, 0x22, 0x9F, 0xEF, 0xFC, 0xCF, 0xEC, 0xCC, 0xFF, 0xFF, 0xFF, 0xEE, 0xEE,
    0xDA, 0xDC, 0xCE, 0xEF, 0xBC, 0xEE, 0xEF, 0xCC, 0xEE, 0xFF, 0xFD, 0xAA, 0xA8, 0x21, 0x24, 0x44,
    0x41, 0x11, 0x11, 0x12, 0x22, 0xAF, 0xEF, 0xEC, 0xFF, 0xCC, 0xEC, 0xFF, 0xFF, 0xFE, 0xEE, 0xEE,
    0xDA, 0xDE, 0xCC, 0xEE, 0xFB, 0xCE, 0xEE, 0xFC, 0xCE, 0xFD, 0xDA, 0xAA, 0xA7, 0x21, 0x12, 0x47,
    0x21, 0x11, 0x11, 0x11, 0x22, 0x8F, 0xFF, 0xCF, 0xFC, 0xCF, 0xCE, 0xFF, 0xFF, 0xFE, 0xEE, 0xEE,
    0xAA, 0xEE, 0xEC, 0xCE, 0xEF, 0xBC, 0xEE, 0xEF, 0xCF, 0xDD, 0xAA, 0xAA, 0xA7, 0x21, 0x12, 0x47,
    0x11, 0x11, 0x11, 0x11, 0x22, 0x8F, 0xFE, 0xEF, 0xEC, 0xFE, 0xCE, 0xFF, 0xEF, 0xEE, 0xEE, 0xEE,
    0xDA, 0xCE, 0xEF, 0xBC, 0xEE, 0xFB, 0xCE, 0xEE, 0xFA, 0x78, 0x88, 0x87, 0x88, 0x21, 0x12, 0x72,
    0x12, 0x21, 0x11, 0x11, 0x22, 0x7F, 0xFE, 0xFE, 0xCE, 0xEC, 0xBF, 0xFF, 0xEE, 0xEE, 0xEE, 0xEC,
    0xDA, 0xDC, 0xCE, 0xEB, 0xEE, 0xEF, 0xBE, 0xEF, 0xD8, 0x87, 0x74, 0x44, 0x28, 0x21, 0x14, 0x71,
    0x12, 0x34, 0x44, 0x22, 0x44, 0x7E, 0xEF, 0xFC, 0xEF, 0xCC, 0xBA, 0xDE, 0xFF, 0xEE, 0xEE, 0xCC,
    0xDA, 0xCE, 0xCC, 0xEE, 0xBE, 0xEE, 0xFB, 0xFD, 0x98, 0x87, 0x74, 0x42, 0x24, 0x21, 0x27, 0x41,
    0x11, 0x22, 0x22, 0x11, 0x11, 0x4D, 0xFF, 0xEE, 0xFC, 0xBE, 0xB7, 0x77, 0x8D, 0xEE, 0xEE, 0xCC,
    0xDD, 0xCE, 0xEB, 0xCE, 0xEB, 0xEE, 0xEE, 0xEA, 0x77, 0x77, 0x74, 0x44, 0x44, 0x22, 0x44, 0x31,
    0x11, 0x21, 0x11, 0x11, 0x11, 0x4D, 0xFF, 0xEF, 0xEB, 0xEE, 0xB7, 0x74, 0x44, 0x79, 0xCE, 0xCC,
    0xFF, 0xEC, 0xEE, 0xBE, 0xEE, 0xBE, 0xEF, 0xA7, 0x77, 0x77, 0x74, 0x44, 0x74, 0x44, 0x44, 0x42,
    0x11, 0x11, 0x11, 0x11, 0x11, 0x2D, 0xFE, 0xFF, 0xCE, 0xEC, 0x97, 0x44, 0x44, 0x24, 0x7C, 0xCC,
    0xFD, 0xDE, 0xBF, 0xCB, 0xEE, 0xCC, 0xE9, 0x77, 0x77, 0x74, 0x44, 0x47, 0x74, 0x44, 0x44, 0x42,
    0x11, 0x11, 0x11, 0x11, 0x11, 0x2A, 0xFE, 0xFC, 0xCE, 0xCC, 0x94, 0x44, 0x44, 0x44, 0x77, 0xAC,
    0xFD, 0xCE, 0xCC, 0xFB, 0xCE, 0xEE, 0xA7, 0x77, 0x44, 0x44, 0x44, 0x44, 0x44, 0x44, 0x42, 0x21,
    0x11, 0x11, 0x11, 0x11, 0x11, 0x2A, 0xFF, 0xEC, 0xFC, 0xCE, 0x84, 0x44, 0x44, 0x44, 0x88, 0x7C,
};

static const uint8_t coup_animdata_contessa_f05[3072] = {
    0xBB, 0x89, 0x99, 0x99, 0x99, 0x88, 0x88, 0x88, 0x86, 0x88, 0x66, 0x66, 0x68, 0x88, 0x88, 0x88,
    0x88, 0x88, 0x88, 0x88, 0x88, 0x86, 0xBB, 0xBB, 0xBB, 0xBB, 0xBB, 0xBB, 0xBB, 0xBB, 0x99, 0xBC,
    0xB6, 0x99, 0x99, 0x88, 0x98, 0x88, 0x86, 0x66, 0x66, 0x66, 0x66, 0x66, 0x66, 0x88, 0x68, 0x88,
    0x66, 0x66, 0x66, 0x66, 0x68, 0x6B, 0xBB, 0xBB, 0xBB, 0xBB, 0xBB, 0xBB, 0xBB, 0xBB, 0x99, 0x9B,
    0x99, 0x99, 0x88, 0x88, 0x66, 0x66, 0x66, 0x66, 0x66, 0x66, 0x66, 0x66, 0x66, 0x66, 0x66, 0x66,
    0x66, 0x66, 0x66, 0x66, 0x66, 0xBB, 0xBB, 0xBB, 0xBB, 0xBB, 0xBB, 0xBB, 0xBB, 0xBB, 0xB9, 0x99,
    0x99, 0x88, 0x66, 0x66, 0x66, 0x66, 0x66, 0x66, 0x66, 0x66, 0x66, 0x66, 0x66, 0x66, 0x66, 0x66,
    0x66, 0x66, 0x66, 0x66, 0x66, 0xBB, 0xBB, 0xBB, 0xBB, 0xBB, 0xBB, 0xBB, 0xBB, 0xBB, 0xB9, 0x99,
    0x99, 0x88, 0x66, 0x66, 0x66, 0x66, 0x66, 0x66, 0x66, 0x66, 0x66, 0x66, 0x66, 0x66, 0x66, 0x66,
    0x66, 0x66, 0x66, 0x66, 0x6B, 0xBB, 0xBB, 0xCA, 0xBB, 0xCA, 0xBB, 0xCA, 0xBB, 0xBB, 0xBB, 0x99,
    0x98, 0x66, 0x66, 0x66, 0x66, 0x66, 0x66, 0x66, 0x66, 0x66, 0x66, 0x66, 0x66, 0x66, 0x66, 0x66,
    0x66, 0x66, 0x66, 0x66, 0x6B, 0xBB, 0xBB, 0x96, 0xBC, 0x86, 0xBB, 0x96, 0xBB, 0xBB, 0xBB, 0x99,
    0x96, 0x66, 0x66, 0x66, 0x66, 0x66, 0x66, 0x66, 0x66, 0x66, 0x66, 0x66, 0x66, 0x66, 0x66, 0x66,
    0x66, 0x66, 0x66, 0x68, 0xBB, 0xBB, 0xBB, 0x96, 0xCC, 0x86, 0x9C, 0x96, 0xBB, 0xBB, 0xBB, 0xA9,
    0x86, 0x66, 0x66, 0x66, 0x66, 0x66, 0x66, 0x66, 0x66, 0x66, 0x66, 0x66, 0x66, 0x66, 0x66, 0x66,
    0x66, 0x66, 0x66, 0x66, 0xBB, 0xBB, 0xBB, 0x96, 0x66, 0x66, 0x66, 0x66, 0xBB, 0xBB, 0xBC, 0xA9,
    0x86, 0x66, 0x66, 0x66, 0x66, 0x66, 0x66, 0x66, 0x66, 0x66, 0x66, 0x66, 0x66, 0x66, 0x66, 0x66,
    0x66, 0x66, 0x66, 0x66, 0x8B, 0xBB, 0xBB, 0x96, 0x66, 0x66, 0x66, 0x66, 0xBB, 0xBB, 0xBA, 0x89,
    0x86, 0x66, 0x66, 0x66, 0x66, 0x66, 0x66, 0x66, 0x66, 0x66, 0x66, 0x66, 0x66, 0x66, 0x66, 0x66,
    0x55, 0x56, 0x66, 0x66, 0x59, 0xBB, 0xBB, 0x96, 0x66, 0x66, 0x66, 0x66, 0xBB, 0xBB, 0xC8, 0x89,
    0x86, 0x66, 0x68, 0xA9, 0x88, 0x66, 0x66, 0x66, 0x66, 0x66, 0x66, 0x66, 0x66, 0x55, 0x66, 0x65,
    0x55, 0x55, 0x55, 0x56, 0x65, 0x9B, 0xBB, 0xB8, 0x66, 0x86, 0x98, 0x66, 0xBB, 0xBC, 0x86, 0x89,
    0x86, 0x66, 0x69, 0xDD, 0xAA, 0xA8, 0x55, 0x66, 0x65, 0x55, 0x56, 0x55, 0x67, 0x55, 0x56, 0x88,
    0x75, 0x55, 0x55, 0x55, 0x55, 0x6B, 0xBB, 0xBB, 0x6B, 0x86, 0xB8, 0x6B, 0xBB, 0xC9, 0x66, 0x69,
    0x86, 0x66, 0xAA, 0xDD, 0xAD, 0xDA, 0x98, 0x65, 0x55, 0x55, 0x55, 0x56, 0x88, 0x86, 0x55, 0x58,
    0x96, 0x55, 0x55, 0x55, 0x55, 0x58, 0xBB, 0xBB, 0x6B, 0x86, 0xB8, 0x6B, 0xBB, 0xA6, 0x66, 0x68,
    0x86, 0x66, 0x86, 0xAD, 0xDA, 0xA9, 0x88, 0x65, 0x55, 0x55, 0x55, 0x56, 0x98, 0x88, 0x66, 0x66,
    0x99, 0x55, 0x55, 0x55, 0x55, 0x55, 0x9B, 0xBB, 0x6B, 0x86, 0xB8, 0x6B, 0xBC, 0x66, 0x66, 0x68,
    0x66, 0x66, 0x55, 0x56, 0x85, 0x55, 0x55, 0x55, 0x55, 0x55, 0x56, 0x58, 0xA8, 0x9A, 0x78, 0x98,
    0x99, 0x85, 0x55, 0x55, 0x55, 0x55, 0x5B, 0xBB, 0x6B, 0x86, 0xB8, 0x6B, 0xC8, 0x55, 0x55, 0x68,
    0x66, 0x55, 0x55, 0x55, 0x55, 0x55, 0x55, 0x55, 0x55, 0x88, 0x66, 0x88, 0x79, 0xAD, 0xA8, 0x99,
    0x99, 0xA8, 0x53, 0x53, 0x55, 0x55, 0x36, 0xBB, 0x6B, 0x86, 0xB8, 0x6B, 0x95, 0x55, 0x55, 0x68,
    0x65, 0x55, 0x55, 0x56, 0x55, 0x55, 0x55, 0x55, 0x57, 0xA9, 0x88, 0xA9, 0x49, 0xDD, 0xA9, 0x89,
    0x99, 0xA8, 0x85, 0x53, 0x33, 0x55, 0x53, 0x8C, 0x5B, 0x85, 0xB8, 0x9A, 0x55, 0x55, 0x65, 0x66,
    0x65, 0x55, 0x55, 0x56, 0x55, 0x55, 0x55, 0x55, 0x59, 0xA9, 0x9A, 0xAA, 0xAA, 0xDA, 0xA9, 0x86,
    0x99, 0xA8, 0x97, 0x78, 0x65, 0x33, 0x35, 0x5A, 0x5B, 0x85, 0xB8, 0x86, 0x55, 0x55, 0x55, 0x56,
    0x65, 0x55, 0x55, 0x55, 0x55, 0x55, 0x55, 0x55, 0x5A, 0xAA, 0x9A, 0x99, 0xAA, 0xAA, 0xA9, 0x98,
    0x99, 0x99, 0x97, 0xA9, 0x88, 0x85, 0x33, 0x35, 0x5B, 0x86, 0xB6, 0x35, 0x55, 0x55, 0x35, 0x55,
    0x65, 0x55, 0x55, 0x55, 0x55, 0x55, 0x55, 0x55, 0x8A, 0xAA, 0xAA, 0x7A, 0xAA, 0xDA, 0x98, 0xAA,
    0xDA, 0x99, 0x9A, 0xDA, 0x65, 0x85, 0x33, 0x33, 0x3B, 0x66, 0xB8, 0x35, 0x33, 0x33, 0x33, 0x55,
    0x55, 0x55, 0x55, 0x55, 0x55, 0x55, 0x55, 0x58, 0xAD, 0xDD, 0x94, 0xAA, 0xDD, 0xA9, 0x69, 0xAD,
    0xDD, 0xA9, 0x66, 0xCD, 0x95, 0x55, 0x33, 0x33, 0x39, 0xBB, 0xC5, 0x33, 0x33, 0x33, 0x33, 0x55,
    0x55, 0x55, 0x55, 0x55, 0x55, 0x55, 0x53, 0x79, 0xAD, 0xFD, 0x97, 0xAD, 0xDC, 0xA9, 0x9D, 0xDD,
    0xFF, 0xC9, 0x86, 0x8D, 0xD6, 0x66, 0x33, 0x33, 0x35, 0xBC, 0x52, 0x33, 0x33, 0x33, 0x45, 0x55,
    0x55, 0x53, 0x33, 0x33, 0x33, 0x33, 0x35, 0x99, 0xAF, 0xFD, 0x89, 0xAA, 0xAA, 0x99, 0xAA, 0xDF,
    0xDF, 0xD9, 0xA9, 0x69, 0xC9, 0x89, 0x53, 0x33, 0x33, 0x58, 0x23, 0x33, 0x33, 0x33, 0x43, 0x33,
    0x55, 0x55, 0x33, 0x33, 0x33, 0x33, 0x37, 0xA9, 0xAF, 0xF9, 0x99, 0xAD, 0xAA, 0x89, 0xAA, 0xDD,
    0xDD, 0xD9, 0xAA, 0x99, 0xAA, 0x9A, 0x95, 0x33, 0x33, 0x23, 0x33, 0x33, 0x33, 0x33, 0x43, 0x35,
    0x88, 0xAA, 0xA7, 0x53, 0x33, 0x33, 0x37, 0xAA, 0xDF, 0xDA, 0x87, 0xAA, 0xAA, 0x89, 0xAA, 0xDA,
    0xAA, 0xA9, 0xAD, 0xCA, 0x9A, 0x99, 0x98, 0x53, 0x32, 0x32, 0x23, 0x33, 0x23, 0x33, 0x43, 0x55,
    0xAD, 0xDA, 0xAA, 0x75, 0x33, 0x33, 0x35, 0xDA, 0xDF, 0xDA, 0x9A, 0xDA, 0xA8, 0x69, 0xAA, 0xA9,
    0x99, 0x99, 0xAA, 0xDD, 0xA9, 0x96, 0x88, 0x32, 0x22, 0x22, 0x33, 0x23, 0x33, 0x37, 0x73, 0x55,
    0x55, 0x78, 0x55, 0x33, 0x33, 0x37, 0x47, 0xDD, 0xFF, 0xDD, 0xAD, 0xDA, 0x96, 0x9D, 0xA7, 0x89,
    0x68, 0x99, 0xAC, 0xAA, 0xAA, 0xA9, 0x86, 0x65, 0x32, 0x32, 0x33, 0x33, 0x35, 0x38, 0x72, 0x55,
    0x65, 0x55, 0x55, 0x33, 0x33, 0x37, 0xA9, 0xDF, 0xFF, 0xDD, 0xAD, 0xCA, 0x89, 0xCA, 0x97, 0x66,
    0x66, 0x66, 0x89, 0x7A, 0xAA, 0xAA, 0x98, 0x55, 0x72, 0x23, 0x33, 0x23, 0x33, 0x37, 0x74, 0x55,
    0x55, 0x55, 0x55, 0x55, 0x53, 0x38, 0xA8, 0xDF, 0xFD, 0xAD, 0xDD, 0xA9, 0x9C, 0x98, 0x74, 0x32,
    0x33, 0x23, 0x56, 0x79, 0xAD, 0xAA, 0xA8, 0x66, 0x83, 0x23, 0x33, 0x33, 0x33, 0x38, 0x42, 0x55,
    0x55, 0x55, 0x55, 0x55, 0x33, 0x5A, 0xA8, 0xAD, 0xDC, 0xAD, 0xFD, 0x98, 0xA8, 0x54, 0x42, 0x22,
    0x22, 0x22, 0x35, 0x68, 0xAD, 0xDA, 0xA9, 0x69, 0xA7, 0x23, 0x33, 0x33, 0x34, 0x38, 0x42, 0x55,
    0x55, 0x55, 0x55, 0x55, 0x53, 0x8D, 0xAA, 0xAA, 0xAC, 0xAD, 0xFC, 0x99, 0x87, 0x44, 0x22, 0x12,
    0x21, 0x11, 0x22, 0x56, 0x9A, 0xAA, 0xA8, 0x89, 0xA9, 0x33, 0x32, 0x23, 0x33, 0x38, 0x72, 0x55,
    0x55, 0x55, 0x55, 0x55, 0x55, 0xAD, 0xDA, 0xDA, 0xAC, 0xDF, 0xFA, 0x99, 0x75, 0x34, 0x22, 0x12,
    0x11, 0x11, 0x11, 0x25, 0x88, 0x7A, 0xA9, 0x6A, 0xDA, 0x32, 0x22, 0x33, 0x33, 0x38, 0x74, 0x55,
    0x55, 0x33, 0x33, 0x35, 0x53, 0xAD, 0xFD, 0xFD, 0xDD, 0xDF, 0xD9, 0x98, 0x54, 0x32, 0x12, 0x21,
    0x11, 0x11, 0x11, 0x14, 0x68, 0x7A, 0xA9, 0x87, 0xDA, 0x32, 0x33, 0x33, 0x33, 0x5A, 0x74, 0x55,
    0x55, 0x55, 0x53, 0x33, 0x33, 0x7D, 0xFF, 0xFD, 0xDA, 0xDF, 0xC9, 0xA7, 0x44, 0x34, 0x22, 0x22,
    0x11, 0x11, 0x11, 0x12, 0x48, 0xAA, 0x99, 0x65, 0xA7, 0x23, 0x33, 0x33, 0x33, 0x5A, 0x44, 0x55,
    0x55, 0x33, 0x33, 0x33, 0x33, 0x7D, 0xDF, 0xDD, 0xD7, 0xAF, 0xAA, 0x87, 0x44, 0x22, 0x12, 0x22,
    0x11, 0x11, 0x11, 0x12, 0x35, 0x8A, 0x99, 0x66, 0x74, 0x32, 0x32, 0x33, 0x33, 0x4A, 0x47, 0x55,
    0x43, 0x33, 0x22, 0x22, 0x25, 0x87, 0xDD, 0xDD, 0xDD, 0xDD, 0xDA, 0x77, 0x42, 0x34, 0x12, 0x22,
    0x11, 0x11, 0x11, 0x12, 0x24, 0x7A, 0xAA, 0x98, 0xAD, 0x83, 0x22, 0x33, 0x32, 0x3A, 0x47, 0x53,
    0x33, 0x34, 0x23, 0x33, 0x27, 0xAA, 0xFD, 0xDD, 0xDD, 0xDD, 0xDA, 0x77, 0x42, 0x34, 0x22, 0x21,
    0x11, 0x11, 0x11, 0x11, 0x23, 0x7A, 0xAA, 0x99, 0xAD, 0xA8, 0x33, 0x33, 0x33, 0x3A, 0x77, 0x33,
    0x33, 0x54, 0x35, 0x55, 0x48, 0xA8, 0x58, 0xDF, 0xDD, 0xFF, 0xA9, 0x74, 0x43, 0x22, 0x22, 0x21,
    0x11, 0x11, 0x11, 0x11, 0x22, 0x59, 0xAA, 0x99, 0xDD, 0xA8, 0x53, 0x33, 0x33, 0x3A, 0x77, 0x75,
    0x53, 0x77, 0x35, 0x55, 0x57, 0x54, 0x39, 0xFF, 0xFF, 0xFD, 0xA8, 0x74, 0x22, 0x22, 0x22, 0x11,
    0x11, 0x11, 0x11, 0x11, 0x22, 0x48, 0xAA, 0x99, 0xDD, 0x96, 0x63, 0x23, 0x32, 0x3A, 0x77, 0x75,
    0x57, 0xAA, 0x85, 0x55, 0x57, 0x55, 0x7D, 0xFF, 0xFF, 0xFA, 0xA7, 0x42, 0x11, 0x12, 0x22, 0x21,
    0x11, 0x12, 0x21, 0x11, 0x22, 0x28, 0x8A, 0xA9, 0xAD, 0xA5, 0x85, 0x23, 0x23, 0x4A, 0x77, 0x75,
    0xAA, 0x9A, 0x98, 0x54, 0x55, 0x44, 0x7D, 0xFF, 0xFF, 0xF9, 0x88, 0x87, 0x21, 0x22, 0x22, 0x21,
    0x27, 0x84, 0x11, 0x11, 0x12, 0x26, 0x8A, 0xC9, 0xAC, 0x98, 0x99, 0x23, 0x34, 0x7A, 0x77, 0x75,
    0xA9, 0x88, 0x86, 0x53, 0x33, 0x32, 0x8F, 0xFF, 0xFF, 0xD8, 0x98, 0x8A, 0xA7, 0x22, 0x22, 0x23,
    0x57, 0x42, 0x11, 0x11, 0x12, 0x25, 0x8A, 0xDA, 0x9A, 0xAA, 0xAA, 0x33, 0x35, 0x7A, 0x47, 0x75,
    0xA9, 0x86, 0x65, 0x31, 0x22, 0x32, 0xAF, 0xFF, 0xFF, 0xDA, 0x77, 0x7A, 0xA9, 0x54, 0x32, 0x24,
    0x44, 0x75, 0x31, 0x11, 0x12, 0x24, 0x9A, 0xDA, 0x98, 0xCD, 0xDA, 0x33, 0x37, 0x7A, 0x77, 0xA5,
    0xA9, 0x65, 0x33, 0x11, 0x23, 0x22, 0x8F, 0xFF, 0xFF, 0xDA, 0x77, 0xAA, 0xAA, 0x84, 0x22, 0x24,
    0x75, 0x42, 0x44, 0x21, 0x12, 0x25, 0x9A, 0xDC, 0xAA, 0xFD, 0xFA, 0x33, 0x25, 0x7A, 0x77, 0x75,
    0x98, 0x63, 0x11, 0x13, 0x32, 0x22, 0x8F, 0xFF, 0xFF, 0xA8, 0x9A, 0x77, 0xAD, 0xA7, 0x21, 0x27,
    0x74, 0x21, 0x14, 0x42, 0x22, 0x25, 0x9A, 0xDD, 0xAF, 0xFF, 0xF5, 0x34, 0x35, 0x7A, 0x77, 0x73,
    0x98, 0x63, 0x12, 0x35, 0x53, 0x32, 0x7F, 0xFF, 0xFF, 0xA8, 0xAA, 0x87, 0x7D, 0xD7, 0x21, 0x27,
    0x77, 0xAA, 0x74, 0x44, 0x42, 0x26, 0x99, 0xDD, 0xDF, 0xFF, 0xA2, 0x23, 0x24, 0x7A, 0x77, 0x73,
    0x98, 0x85, 0x33, 0x56, 0x83, 0x33, 0x3A, 0xFF, 0xFF, 0xD9, 0xAD, 0xDD, 0xDD, 0xA8, 0x11, 0x21,
    0x78, 0xAD, 0xDD, 0x74, 0x22, 0x26, 0x9A, 0xAD, 0xDF, 0xFF, 0xD2, 0x22, 0x24, 0x7A, 0x77, 0x74,
    0xAA, 0xA8, 0x75, 0x45, 0x53, 0x22, 0x23, 0xDF, 0xFF, 0xD9, 0xAA, 0x7A, 0x78, 0x98, 0x21, 0x21,
    0x47, 0x47, 0x47, 0x11, 0x11, 0x26, 0xAA, 0xDD, 0xDF, 0xDD, 0xD3, 0x22, 0x24, 0x7A, 0x77, 0xB8,
    0xDD, 0xDD, 0xAA, 0x99, 0xA7, 0x22, 0x22, 0x7D, 0xFF, 0xF9, 0xAA, 0x87, 0x45, 0x87, 0x74, 0x11,
    0x14, 0x42, 0x21, 0x11, 0x11, 0x26, 0xAD, 0xA5, 0xDF, 0xDD, 0xD4, 0x22, 0x24, 0x7A, 0x9B, 0xFE,
    0xDA, 0xDA, 0xDA, 0xA9, 0x93, 0x23, 0x24, 0x78, 0xDF, 0xD9, 0x77, 0x74, 0x47, 0x88, 0x24, 0x41,
    0x12, 0x21, 0x11, 0x11, 0x12, 0x35, 0x79, 0x54, 0x7F, 0xDD, 0xD2, 0x22, 0x24, 0x7A, 0xBF, 0xFF,
    0xAA, 0xDA, 0xAA, 0x88, 0xA9, 0x42, 0x22, 0x77, 0xAA, 0xA9, 0x74, 0x44, 0x77, 0xA7, 0x11, 0x71,
    0x11, 0x21, 0x11, 0x11, 0x12, 0x47, 0xA5, 0x79, 0x7D, 0xDD, 0xA1, 0x22, 0x24, 0xAB, 0xFF, 0xFF,
    0xAA, 0xDA, 0xAA, 0xAC, 0xEE, 0xC7, 0x22, 0x77, 0xDD, 0xA8, 0x44, 0x44, 0x7A, 0xA4, 0x11, 0x17,
    0x21, 0x11, 0x11, 0x11, 0x24, 0x78, 0x77, 0x74, 0x8D, 0xDD, 0x71, 0x22, 0x29, 0xCC, 0xFF, 0xFF,
    0xAA, 0xAA, 0xA8, 0xDE, 0xEE, 0xEE, 0x72, 0x74, 0xAD, 0xA7, 0x44, 0x47, 0x8A, 0xA2, 0x11, 0x12,
    0x74, 0x44, 0x42, 0x44, 0x43, 0x57, 0x77, 0x24, 0x8D, 0xFA, 0x21, 0x22, 0x9E, 0xCF, 0xFF, 0xFF,
    0xAA, 0xAA, 0xAA, 0xEE, 0xFF, 0xFE, 0xE8, 0x74, 0xAA, 0xA9, 0xA8, 0x78, 0xAA, 0x94, 0x11, 0x11,
    0x12, 0x44, 0x42, 0x11, 0x23, 0x75, 0x5A, 0x23, 0x8F, 0xD7, 0x42, 0x28, 0xEE, 0xCF, 0xFF, 0xFF,
    0xDA, 0xA8, 0x7C, 0xFE, 0xFF, 0xFF, 0xEE, 0xC4, 0x7D, 0xA9, 0x87, 0x77, 0xAA, 0x9A, 0x57, 0x71,
    0x21, 0x11, 0x11, 0x12, 0x35, 0x54, 0x29, 0x52, 0xAF, 0x74, 0x32, 0x8E, 0xEC, 0xEF, 0xFF, 0xFF,
    0xDD, 0xAA, 0x9E, 0xEF, 0xFE, 0xFF, 0xFE, 0xEA, 0x7A, 0xD9, 0x97, 0x78, 0xAA, 0xAD, 0x77, 0xA2,
    0x22, 0x11, 0x11, 0x12, 0x45, 0x42, 0x27, 0x54, 0xA7, 0x77, 0x4A, 0xEE, 0xEC, 0xFF, 0xFF, 0xFF,
    0xDD, 0xAA, 0xAF, 0xEF, 0xFF, 0xFF, 0xFF, 0xEF, 0xAA, 0xDA, 0x98, 0x78, 0xAA, 0xAA, 0x82, 0x21,
    0x12, 0x21, 0x12, 0x23, 0x44, 0x42, 0x55, 0x44, 0x44, 0x77, 0x9E, 0xEE, 0xEC, 0xFF, 0xFF, 0xFF,
    0xDA, 0xAA, 0xDF, 0xEF, 0xFF, 0xFF, 0xFF, 0xFE, 0xEA, 0xAA, 0x98, 0x77, 0x88, 0x97, 0x42, 0x11,
    0x11, 0x22, 0x22, 0x34, 0x44, 0x44, 0x22, 0x44, 0x47, 0x7A, 0xEC, 0xEE, 0xEC, 0xFF, 0xFF, 0xFF,
    0xDD, 0xAA, 0xEF, 0xFF, 0xFF, 0xFF, 0xFF, 0xFE, 0xEC, 0xAA, 0x89, 0x87, 0x77, 0x84, 0x22, 0x11,
    0x11, 0x22, 0x22, 0x34, 0x34, 0x42, 0x22, 0x44, 0x47, 0xAE, 0xCE, 0xEE, 0xCC, 0xFF, 0xFF, 0xFF,
    0xAA, 0xAA, 0xFE, 0xFF, 0xFF, 0xFF, 0xFF, 0xFF, 0xFE, 0xAA, 0x89, 0x87, 0x77, 0x88, 0x44, 0x11,
    0x11, 0x12, 0x22, 0x34, 0x34, 0x34, 0x22, 0x77, 0x4A, 0xCC, 0xEE, 0xEE, 0xCF, 0xFF, 0xFF, 0xFF,
    0xAD, 0xAD, 0xFF, 0xFE, 0xFF, 0xFF, 0xFF, 0xFF, 0xFF, 0xAA, 0x89, 0x88, 0x77, 0xAA, 0x99, 0x94,
    0x11, 0x11, 0x22, 0x33, 0x23, 0x44, 0x27, 0x44, 0x9C, 0xEE, 0xEE, 0xEE, 0xCF, 0xFF, 0xFF, 0xFF,
    0xDD, 0xAE, 0xFF, 0xEE, 0xFF, 0xFF, 0xFF, 0xFF, 0xFF, 0xDC, 0xA8, 0x98, 0x7A, 0xCA, 0xA9, 0x89,
    0x74, 0x11, 0x22, 0x32, 0x23, 0xAA, 0x47, 0x49, 0xEE, 0xEE, 0xEE, 0xEE, 0xCF, 0xFF, 0xFF, 0xFF,
    0xAA, 0xAE, 0xEE, 0xEE, 0xFF, 0xFF, 0xFF, 0xFF, 0xFF, 0xDF, 0xA7, 0x88, 0x8A, 0x83, 0x32, 0x13,
    0x42, 0x21, 0x22, 0x22, 0x23, 0xAA, 0x47, 0xAE, 0xEE, 0xEE, 0xEE, 0xEC, 0xCF, 0xFF, 0xFF, 0xFF,
    0xAA, 0xAE, 0xEE, 0xEE, 0xFF, 0xFF, 0xFF, 0xFF, 0xFF, 0xEF, 0xD7, 0x88, 0x77, 0x86, 0x66, 0x52,
    0x11, 0x21, 0x22, 0x22, 0x44, 0xA7, 0x4A, 0xEE, 0xEE, 0xEE, 0xEE, 0xEC, 0xCF, 0xFF, 0xFF, 0xFF,
    0xAA, 0xAE, 0xEE, 0xEE, 0xEF, 0xFF, 0xFF, 0xFF, 0xFF, 0xEF, 0xE8, 0x88, 0x88, 0x89, 0xAA, 0x72,
    0x11, 0x12, 0x22, 0x22, 0x44, 0x77, 0x8E, 0xEE, 0xEE, 0xEE, 0xEE, 0xEC, 0xEF, 0xFF, 0xFF, 0xFF,
    0xCA, 0xAE, 0xEE, 0xEE, 0xEE, 0xFF, 0xFF, 0xFF, 0xFF, 0xFE, 0xFA, 0x79, 0x88, 0x89, 0x88, 0x74,
    0x22, 0x22, 0x22, 0x23, 0x44, 0x57, 0xDE, 0xEE, 0xEE, 0xEE, 0xEE, 0xEB, 0xFF, 0xFF, 0xFF, 0xFE,
    0xCA, 0xDE, 0xEE, 0xEE, 0xEE, 0xFF, 0xFF, 0xFF, 0xFF, 0xFF, 0xFC, 0x79, 0x98, 0x77, 0x22, 0x22,
    0x22, 0x22, 0x22, 0x34, 0x42, 0x8C, 0xDE, 0xEE, 0xEE, 0xEE, 0xEE, 0xEC, 0xFF, 0xFF, 0xFF, 0xFE,
    0xCA, 0xDE, 0xEE, 0xEE, 0xEE, 0xEF, 0xFF, 0xFF, 0xFF, 0xEF, 0xEF, 0xA8, 0xA7, 0x74, 0x21, 0x11,
    0x11, 0x12, 0x23, 0x45, 0x14, 0xEC, 0xCE, 0xEE, 0xEE, 0xEE, 0xEE, 0xCC, 0xFF, 0xFF, 0xFF, 0xFE,
    0xCA, 0xDE, 0xEE, 0xEE, 0xEE, 0xEE, 0xFF, 0xFF, 0xFF, 0xEF, 0xFF, 0xE8, 0x98, 0x72, 0x21, 0x11,
    0x11, 0x22, 0x44, 0x52, 0x14, 0xEC, 0xCE, 0xEE, 0xEE, 0xEE, 0xEC, 0xCC, 0xFF, 0xFF, 0xFF, 0xFE,
    0xCA, 0xDE, 0xEE, 0xEE, 0xEE, 0xEE, 0xEF, 0xFF, 0xFF, 0xEF, 0xFE, 0xFA, 0x89, 0x84, 0x44, 0x11,
    0x22, 0x24, 0x56, 0x21, 0x17, 0xEC, 0xCE, 0xEE, 0xEE, 0xEE, 0xEC, 0xCC, 0xFF, 0xFF, 0xFF, 0xFE,
    0xCA, 0xCE, 0xEE, 0xEE, 0xEE, 0xEE, 0xEE, 0xFF, 0xFF, 0xDF, 0xFF, 0xFA, 0x98, 0x88, 0x77, 0x42,
    0x24, 0x56, 0x84, 0x11, 0x17, 0xEC, 0xAE, 0xEE, 0xEE, 0xEE, 0xCC, 0xCE, 0xFF, 0xFF, 0xFF, 0xFE,
    0xCA, 0xCE, 0xEE, 0xEE, 0xEE, 0xEE, 0xEE, 0xFF, 0xFF, 0xEF, 0xFF, 0xFA, 0xAA, 0x88, 0x88, 0x77,
    0x57, 0x88, 0x41, 0x11, 0x27, 0xFC, 0xCE, 0xEE, 0xEE, 0xCE, 0xCE, 0xCE, 0xFF, 0xFF, 0xFF, 0xFE,
    0xCA, 0xCE, 0xEE, 0xEE, 0xEE, 0xEE, 0xEE, 0xEF, 0xFF, 0xFF, 0xFF, 0xFA, 0x8A, 0xA9, 0x98, 0x99,
    0x99, 0x95, 0x11, 0x11, 0x27, 0xEE, 0xEE, 0xEE, 0xEE, 0xEE, 0xCC, 0xBF, 0xFF, 0xFF, 0xFF, 0xFE,
    0xAA, 0xCC, 0xEE, 0xCE, 0xEE, 0xEE, 0xEE, 0xEE, 0xFF, 0xFF, 0xFF, 0xFD, 0x8A, 0xAA, 0xAA, 0x98,
    0x88, 0x51, 0x11, 0x11, 0x27, 0xFE, 0xEE, 0xEE, 0xEE, 0xEC, 0xCC, 0xCF, 0xFF, 0xFF, 0xFF, 0xEC,
    0xAA, 0xAC, 0xCE, 0xCE, 0xEE, 0xEE, 0xEE, 0xEE, 0xEF, 0xFF, 0xFF, 0xFD, 0x8A, 0xA9, 0x99, 0x88,
    0x85, 0x21, 0x11, 0x11, 0x27, 0xEE, 0xEE, 0xEE, 0xEE, 0xCC, 0xCE, 0xCF, 0xFF, 0xFF, 0xFF, 0xEC,
    0xCD, 0xDE, 0xCC, 0xEE, 0xEE, 0xEE, 0xCC, 0xCE, 0xEE, 0xFF, 0xFF, 0xFE, 0x9A, 0xAA, 0x99, 0x88,
    0x52, 0x11, 0x11, 0x12, 0x27, 0xEF, 0xEE, 0xEE, 0xEE, 0xCC, 0xEE, 0xCF, 0xFF, 0xFF, 0xFE, 0xEC,
    0xAD, 0xDE, 0xEC, 0xCC, 0xEE, 0xEE, 0xEE, 0xEE, 0xEE, 0xFF, 0xFF, 0xFE, 0xA8, 0xAA, 0x98, 0x87,
    0x42, 0x11, 0x11, 0x12, 0x24, 0xEF, 0xEE, 0xEE, 0xEC, 0xCE, 0xEC, 0xEF, 0xFF, 0xFF, 0xFE, 0xEC,
    0xBA, 0xAE, 0xEE, 0xCC, 0xCC, 0xEE, 0xEE, 0xEE, 0xEE, 0xEF, 0xFF, 0xEF, 0xA8, 0x88, 0x98, 0x77,
    0x42, 0x22, 0x11, 0x12, 0x24, 0xDF, 0xEE, 0xEF, 0xEC, 0xEE, 0xEC, 0xEF, 0xFF, 0xFF, 0xFE, 0xEC,
    0xBA, 0xCE, 0xEE, 0xEC, 0xCC, 0xCE, 0xEE, 0xEE, 0xEE, 0xEE, 0xFF, 0xEF, 0xA8, 0x88, 0x88, 0x74,
    0x22, 0x21, 0x11, 0x22, 0x24, 0xCF, 0xEE, 0xFF, 0xCC, 0xFE, 0xCB, 0xFF, 0xFF, 0xFF, 0xFE, 0xEC,
    0xBA, 0xAC, 0xEE, 0xEF, 0xCB, 0xCC, 0xEE, 0xEE, 0xEE, 0xEE, 0xEE, 0xEF, 0xA7, 0x77, 0x87, 0x74,
    0x22, 0x21, 0x11, 0x22, 0x24, 0xAF, 0xFF, 0xFE, 0xCF, 0xEC, 0xCC, 0xFF, 0xFF, 0xFF, 0xFE, 0xEC,
    0xBA, 0xAE, 0xCE, 0xEE, 0xFC, 0xBC, 0xCE, 0xEE, 0xEE, 0xEE, 0xFE, 0xFF, 0xD7, 0x47, 0x87, 0x44,
    0x24, 0x21, 0x12, 0x12, 0x24, 0xAF, 0xFF, 0xEC, 0xFE, 0xCC, 0xFC, 0xFF, 0xFF, 0xFF, 0xEE, 0xCC,
    0xBA, 0xAE, 0xEC, 0xEE, 0xEF, 0xCB, 0xCC, 0xEE, 0xEE, 0xEE, 0xEF, 0xFF, 0xD7, 0x44, 0x77, 0x44,
    0x44, 0x11, 0x12, 0x12, 0x24, 0xAF, 0xFF, 0xCF, 0xEC, 0xCF, 0xEC, 0xFF, 0xFF, 0xFF, 0xFE, 0xCC,
    0xCA, 0xAE, 0xEE, 0xCE, 0xEC, 0xFE, 0xBC, 0xCE, 0xEE, 0xEE, 0xFF, 0xFF, 0xD7, 0x24, 0x77, 0x44,
    0x44, 0x11, 0x11, 0x21, 0x24, 0xAF, 0xFE, 0xFF, 0xEB, 0xFF, 0xCC, 0xFF, 0xFF, 0xFF, 0xEE, 0xCC,
    0xCA, 0xAE, 0xEE, 0xCC, 0xEE, 0xEF, 0xEB, 0xEE, 0xEE, 0xEF, 0xFF, 0xFD, 0xA7, 0x21, 0x44, 0x44,
    0x42, 0x11, 0x11, 0x11, 0x24, 0xAF, 0xEE, 0xFE, 0xCF, 0xFE, 0xBE, 0xFF, 0xFF, 0xFF, 0xEE, 0xEC,
    0xDA, 0xAC, 0xEC, 0xEE, 0xBE, 0xEE, 0xFE, 0xBC, 0xEE, 0xEF, 0xFF, 0xDA, 0xA8, 0x21, 0x24, 0x44,
    0x41, 0x11, 0x11, 0x12, 0x24, 0xAF, 0xEF, 0xEC, 0xEF, 0xEC, 0xCE, 0xFF, 0xFF, 0xFE, 0xEE, 0xEC,
    0xDA, 0xAE, 0xCE, 0xCE, 0xCB, 0xEE, 0xEF, 0xEB, 0xEE, 0xEF, 0xFD, 0xAA, 0xA8, 0x21, 0x14, 0x44,
    0x41, 0x11, 0x11, 0x12, 0x24, 0xAF, 0xEF, 0xEE, 0xFE, 0xCE, 0xCF, 0xFF, 0xFF, 0xFE, 0xEE, 0xEE,
    0xDA, 0xAE, 0xEC, 0xEE, 0xEE, 0xBE, 0xEE, 0xFE, 0xBE, 0xFF, 0xDA, 0x9A, 0xA8, 0x21, 0x12, 0x47,
    0x21, 0x11, 0x11, 0x11, 0x24, 0xAF, 0xFE, 0xCF, 0xEC, 0xEF, 0xCF, 0xFF, 0xFF, 0xEE, 0xEE, 0xEE,
    0xDA, 0xAE, 0xEE, 0xCE, 0xEF, 0xCB, 0xEE, 0xEF, 0xCE, 0xDA, 0xAA, 0xAA, 0xA8, 0x21, 0x12, 0x44,
    0x12, 0x11, 0x11, 0x11, 0x22, 0xAF, 0xFE, 0xFF, 0xCE, 0xFC, 0xCF, 0xFE, 0xEE, 0xEE, 0xEE, 0xEC,
    0xDA, 0xDC, 0xEE, 0xEB, 0xEE, 0xEC, 0xBE, 0xEE, 0xFD, 0x87, 0x78, 0x87, 0x78, 0x21, 0x12, 0x72,
    0x12, 0x22, 0x21, 0x11, 0x24, 0x8F, 0xEF, 0xFC, 0xCF, 0xEB, 0xCF, 0xFF, 0xEE, 0xEE, 0xEE, 0xCC,
    0xDD, 0xDE, 0xCE, 0xEC, 0xBE, 0xCF, 0xCC, 0xEF, 0xD9, 0x87, 0x74, 0x44, 0x27, 0x21, 0x14, 0x51,
    0x12, 0x34, 0x42, 0x22, 0x32, 0x7F, 0xEF, 0xEC, 0xFE, 0xBC, 0x9A, 0xDE, 0xFF, 0xEE, 0xEE, 0xCC,
    0xDD, 0xAE, 0xCB, 0xEF, 0xCC, 0xEE, 0xFC, 0xEF, 0xA8, 0x87, 0x74, 0x44, 0x24, 0x21, 0x27, 0x41,
    0x11, 0x22, 0x21, 0x11, 0x11, 0x7E, 0xFF, 0xCF, 0xEB, 0xCE, 0x97, 0x77, 0x8C, 0xEE, 0xEE, 0xCC,
    0xDD, 0xEC, 0xEC, 0xCE, 0xFC, 0xBE, 0xEF, 0xEA, 0x77, 0x77, 0x74, 0x44, 0x44, 0x22, 0x44, 0x41,
    0x11, 0x11, 0x11, 0x11, 0x11, 0x4E, 0xFE, 0xEF, 0xCC, 0xFC, 0x87, 0x74, 0x24, 0x7A, 0xEC, 0xCC,
    0xDF, 0xFC, 0xCF, 0xCC, 0xEF, 0xCC, 0xEE, 0xA7, 0x77, 0x77, 0x44, 0x44, 0x74, 0x44, 0x44, 0x42,
    0x11, 0x11, 0x11, 0x11, 0x11, 0x4D, 0xFE, 0xFC, 0xCE, 0xCB, 0x74, 0x44, 0x42, 0x44, 0x8C, 0xCC,
    0xFF, 0xDE, 0xCC, 0xFB, 0xCE, 0xEC, 0xEA, 0x77, 0x77, 0x74, 0x44, 0x44, 0x74, 0x44, 0x44, 0x22,
    0x11, 0x11, 0x11, 0x11, 0x11, 0x4D, 0xFF, 0xEC, 0xEC, 0xCC, 0x74, 0x44, 0x44, 0x47, 0x78, 0xCC,
    0xED, 0xAC, 0xEB, 0xCE, 0xBC, 0xEE, 0xD7, 0x77, 0x44, 0x44, 0x44, 0x44, 0x44, 0x44, 0x42, 0x22,
    0x11, 0x11, 0x11, 0x11, 0x11, 0x2A, 0xFF, 0xCE, 0xEC, 0xEC, 0x54, 0x44, 0x44, 0x47, 0xC7, 0x9C,
    0xED, 0xAC, 0xEC, 0xBE, 0xEB, 0xFD, 0x74, 0x44, 0x44, 0x44, 0x44, 0x44, 0x44, 0x44, 0x22, 0x22,
    0x21, 0x11, 0x11, 0x11, 0x11, 0x2A, 0xFE, 0xEF, 0xCC, 0xEB, 0x44, 0x44, 0x44, 0x48, 0xEB, 0x8C,
};

static const uint8_t coup_animdata_contessa_f06[3072] = {
    0xBB, 0xB8, 0x99, 0x99, 0x99, 0x99, 0x98, 0x88, 0x88, 0x88, 0x88, 0x88, 0x88, 0x88, 0x89, 0x88,
    0x89, 0x88, 0x88, 0x88, 0x88, 0x86, 0xBB, 0xBB, 0xBB, 0xBB, 0xBB, 0xBB, 0xBB, 0xB9, 0x9B, 0xBB,
    0xBB, 0x69, 0x99, 0x99, 0x99, 0x88, 0x88, 0x88, 0x86, 0x88, 0x66, 0x66, 0x66, 0x88, 0x88, 0x88,
    0x88, 0x86, 0x68, 0x66, 0x68, 0x6B, 0xBB, 0xBB, 0xBB, 0xBB, 0xBB, 0xBB, 0xBB, 0xB9, 0x99, 0xBB,
    0xCB, 0x99, 0x99, 0x88, 0x88, 0x88, 0x86, 0x66, 0x66, 0x66, 0x66, 0x66, 0x66, 0x66, 0x66, 0x88,
    0x66, 0x66, 0x66, 0x66, 0x66, 0x6B, 0xBB, 0xBB, 0xBB, 0xBB, 0xBB, 0xBB, 0xBB, 0xBB, 0x99, 0xBB,
    0xB9, 0x99, 0x88, 0x86, 0x66, 0x66, 0x66, 0x66, 0x66, 0x66, 0x66, 0x66, 0x66, 0x66, 0x66, 0x66,
    0x66, 0x66, 0x66, 0x66, 0x66, 0xBB, 0xBB, 0xBB, 0xBB, 0xBB, 0xBB, 0xBB, 0xBB, 0xBB, 0x99, 0x9B,
    0x99, 0x98, 0x86, 0x66, 0x66, 0x66, 0x66, 0x66, 0x66, 0x66, 0x66, 0x66, 0x66, 0x66, 0x66, 0x66,
    0x66, 0x66, 0x66, 0x66, 0x66, 0xBB, 0xBB, 0xBB, 0xBB, 0xBB, 0xBB, 0xBB, 0xBB, 0xBB, 0xB9, 0x99,
    0x99, 0x88, 0x66, 0x66, 0x66, 0x66, 0x66, 0x66, 0x66, 0x66, 0x66, 0x66, 0x66, 0x66, 0x66, 0x66,
    0x66, 0x66, 0x66, 0x66, 0x6B, 0xBB, 0xBB, 0xA9, 0xBC, 0x99, 0xBB, 0xA9, 0xBB, 0xBB, 0xB9, 0x9C,
    0x98, 0x86, 0x66, 0x66, 0x66, 0x66, 0x66, 0x66, 0x66, 0x66, 0x66, 0x66, 0x66, 0x66, 0x66, 0x66,
    0x66, 0x66, 0x66, 0x66, 0xBB, 0xBB, 0xBB, 0x88, 0xBC, 0x66, 0xBC, 0x86, 0xBB, 0xBB, 0xBB, 0x9C,
    0x98, 0x66, 0x66, 0x66, 0x66, 0x66, 0x66, 0x66, 0x66, 0x66, 0x66, 0x66, 0x66, 0x66, 0x66, 0x66,
    0x66, 0x66, 0x66, 0x69, 0xBB, 0xBB, 0xBB, 0x88, 0xA9, 0x66, 0x99, 0x66, 0xBB, 0xBB, 0xBC, 0x9C,
    0x98, 0x66, 0x66, 0x66, 0x66, 0x66, 0x66, 0x66, 0x66, 0x66, 0x66, 0x66, 0x66, 0x66, 0x66, 0x66,
    0x66, 0x66, 0x66, 0x66, 0xBB, 0xBB, 0xBB, 0x86, 0x66, 0x66, 0x56, 0x66, 0xBB, 0xBB, 0xCA, 0x8B,
    0x96, 0x66, 0x66, 0x66, 0x66, 0x66, 0x66, 0x66, 0x66, 0x66, 0x66, 0x66, 0x66, 0x66, 0x66, 0x66,
    0x66, 0x66, 0x66, 0x66, 0x8B, 0xBB, 0xBB, 0x86, 0x66, 0x66, 0x66, 0x66, 0xBB, 0xBB, 0xA8, 0x8A,
    0x96, 0x66, 0x66, 0x86, 0x66, 0x66, 0x66, 0x66, 0x66, 0x66, 0x66, 0x66, 0x66, 0x65, 0x66, 0x55,
    0x55, 0x55, 0x56, 0x66, 0x59, 0xBB, 0xBB, 0x66, 0x66, 0x65, 0x66, 0x56, 0xBB, 0xBC, 0x86, 0x8A,
    0x96, 0x66, 0x66, 0xAD, 0x9A, 0x86, 0x66, 0x66, 0x66, 0x55, 0x56, 0x66, 0x66, 0x55, 0x58, 0x86,
    0x55, 0x55, 0x55, 0x55, 0x55, 0x9B, 0xBB, 0xB9, 0x6B, 0x66, 0xB6, 0xBB, 0xBB, 0xC8, 0x66, 0x8A,
    0x96, 0x66, 0x69, 0xAD, 0xAA, 0xAA, 0x86, 0x66, 0x55, 0x55, 0x55, 0x55, 0x67, 0x86, 0x55, 0x68,
    0x85, 0x55, 0x55, 0x55, 0x55, 0x6B, 0xBB, 0xB9, 0x6B, 0x6B, 0xB6, 0xBB, 0xBB, 0x96, 0x66, 0x8B,
    0x96, 0x66, 0x9A, 0xAD, 0xDD, 0xDA, 0xA9, 0x85, 0x55, 0x55, 0x55, 0x56, 0x88, 0x86, 0x55, 0x58,
    0x98, 0x55, 0x55, 0x55, 0x55, 0x56, 0xBB, 0xB9, 0x6B, 0x66, 0xB6, 0xBB, 0xBA, 0x66, 0x66, 0x89,
    0x96, 0x66, 0x65, 0x68, 0xA8, 0x68, 0x55, 0x55, 0x55, 0x55, 0x55, 0x56, 0xA8, 0x88, 0x78, 0x88,
    0x8A, 0x65, 0x55, 0x55, 0x55, 0x55, 0x9B, 0xB9, 0x6B, 0x66, 0xB6, 0xBB, 0xC6, 0x55, 0x56, 0x89,
    0x96, 0x65, 0x65, 0x55, 0x55, 0x55, 0x55, 0x55, 0x55, 0x56, 0x66, 0x68, 0xA9, 0xAA, 0xA8, 0xA9,
    0x99, 0xA5, 0x55, 0x55, 0x55, 0x55, 0x59, 0xB9, 0x6B, 0x56, 0xB6, 0xBC, 0x85, 0x55, 0x56, 0x89,
    0x96, 0x55, 0x55, 0x55, 0x55, 0x55, 0x55, 0x55, 0x55, 0x89, 0x86, 0x89, 0x49, 0xDD, 0xA9, 0x89,
    0x99, 0xA9, 0x63, 0x33, 0x35, 0x55, 0x35, 0xB9, 0x6B, 0x56, 0xB6, 0xBA, 0x55, 0x55, 0x56, 0x6A,
    0x96, 0x55, 0x55, 0x56, 0x65, 0x55, 0x55, 0x55, 0x37, 0xA9, 0x89, 0xAA, 0x89, 0xDA, 0xA9, 0x88,
    0x99, 0x97, 0x96, 0x56, 0x55, 0x35, 0x53, 0x8A, 0x6B, 0x56, 0xB6, 0xA5, 0x55, 0x55, 0x55, 0x6A,
    0x85, 0x55, 0x55, 0x55, 0x55, 0x55, 0x55, 0x55, 0x59, 0xAA, 0x9A, 0xAA, 0xAA, 0xAA, 0xA9, 0x96,
    0x89, 0x99, 0x97, 0x89, 0x88, 0x53, 0x33, 0x55, 0x6B, 0x56, 0xB5, 0x55, 0x55, 0x55, 0x55, 0x59,
    0x65, 0x55, 0x55, 0x55, 0x55, 0x55, 0x55, 0x55, 0x5A, 0xAA, 0xAA, 0x78, 0xAA, 0xDA, 0x98, 0x9A,
    0xA9, 0x99, 0x9A, 0xC9, 0x66, 0x83, 0x33, 0x33, 0x5B, 0x6B, 0xB5, 0x35, 0x55, 0x33, 0x35, 0x59,
    0x65, 0x55, 0x55, 0x55, 0x55, 0x55, 0x55, 0x56, 0x9D, 0xDD, 0xA7, 0x9A, 0xCA, 0xDA, 0x89, 0xAD,
    0xDD, 0x99, 0x69, 0xDC, 0x83, 0x65, 0x33, 0x33, 0x5B, 0x6B, 0xA3, 0x53, 0x33, 0x33, 0x33, 0x58,
    0x65, 0x55, 0x55, 0x55, 0x55, 0x55, 0x53, 0x58, 0xAD, 0xDD, 0xA4, 0x9C, 0xDD, 0xA9, 0x8A, 0xDD,
    0xFF, 0xA9, 0x66, 0x9D, 0xA6, 0x65, 0x33, 0x33, 0x39, 0xBC, 0x53, 0x33, 0x33, 0x33, 0x53, 0x58,
    0x65, 0x55, 0x53, 0x33, 0x35, 0x55, 0x33, 0x7A, 0xAD, 0xFD, 0x98, 0xAA, 0xDA, 0xA9, 0xAD, 0xFF,
    0xFF, 0xD9, 0x99, 0x6A, 0xC9, 0x86, 0x33, 0x33, 0x33, 0xA7, 0x23, 0x33, 0x33, 0x35, 0x35, 0x38,
    0x65, 0x55, 0x33, 0x33, 0x33, 0x33, 0x35, 0x99, 0x9D, 0xFA, 0x99, 0xAA, 0xA9, 0x98, 0xAA, 0xDD,
    0xDD, 0xD9, 0xAA, 0x99, 0xAA, 0x9A, 0x53, 0x33, 0x32, 0x33, 0x33, 0x33, 0x33, 0x34, 0x33, 0x38,
    0x65, 0x69, 0xA7, 0x53, 0x33, 0x33, 0x35, 0xAA, 0xAD, 0xFA, 0x98, 0xAD, 0xAA, 0x99, 0xAA, 0xDC,
    0xAA, 0xC9, 0xAD, 0xA9, 0xAA, 0x9A, 0x97, 0x33, 0x32, 0x22, 0x33, 0x33, 0x33, 0x34, 0x33, 0x59,
    0x9A, 0xDD, 0xAA, 0x87, 0x33, 0x33, 0x33, 0xAA, 0xDF, 0xDA, 0x98, 0xAA, 0xA9, 0x69, 0xAA, 0xA9,
    0x99, 0x99, 0xAA, 0xDC, 0xA9, 0x88, 0x98, 0x32, 0x22, 0x22, 0x32, 0x22, 0x33, 0x37, 0x45, 0x59,
    0x67, 0x7A, 0x85, 0x53, 0x33, 0x35, 0x53, 0xAD, 0xDF, 0xDD, 0xAD, 0xDA, 0x96, 0x8A, 0xA8, 0x89,
    0x89, 0x99, 0xAC, 0xCA, 0xAA, 0x98, 0x66, 0x53, 0x22, 0x23, 0x33, 0x33, 0x33, 0x5A, 0x24, 0x59,
    0x65, 0x55, 0x35, 0x33, 0x33, 0x37, 0x88, 0xAD, 0xFF, 0xDD, 0xAD, 0xDA, 0x88, 0xAA, 0x97, 0x66,
    0x66, 0x88, 0x99, 0x8A, 0xAA, 0xA9, 0x96, 0x56, 0x32, 0x33, 0x33, 0x23, 0x33, 0x4A, 0x25, 0x59,
    0x65, 0x55, 0x55, 0x55, 0x53, 0x35, 0xA8, 0xAF, 0xFF, 0xDC, 0xCD, 0xC9, 0x8C, 0x98, 0x75, 0x33,
    0x44, 0x35, 0x68, 0x7A, 0xDD, 0xAA, 0xA8, 0x56, 0x62, 0x23, 0x33, 0x33, 0x33, 0x57, 0x25, 0x59,
    0x65, 0x55, 0x55, 0x55, 0x53, 0x38, 0xA8, 0xAD, 0xFD, 0xAD, 0xDD, 0xA8, 0xA9, 0x77, 0x42, 0x22,
    0x22, 0x22, 0x45, 0x79, 0xAD, 0xDA, 0xA8, 0x69, 0x93, 0x23, 0x33, 0x33, 0x43, 0x77, 0x24, 0x59,
    0x65, 0x55, 0x55, 0x55, 0x53, 0x5A, 0xDA, 0xAA, 0xAC, 0xAD, 0xFD, 0x99, 0x97, 0x44, 0x42, 0x12,
    0x22, 0x11, 0x23, 0x68, 0x9A, 0xAA, 0xA8, 0x8A, 0xA7, 0x33, 0x32, 0x23, 0x33, 0x5A, 0x24, 0x59,
    0x65, 0x55, 0x55, 0x55, 0x53, 0x7D, 0xDA, 0xDA, 0x7C, 0xAD, 0xFC, 0x99, 0x75, 0x44, 0x22, 0x12,
    0x21, 0x11, 0x11, 0x46, 0x87, 0x7C, 0xA8, 0x8A, 0xD8, 0x23, 0x22, 0x33, 0x33, 0x7A, 0x47, 0x59,
    0x65, 0x53, 0x33, 0x35, 0x53, 0x7D, 0xDD, 0xFD, 0xDD, 0xDF, 0xFA, 0x98, 0x74, 0x32, 0x12, 0x22,
    0x11, 0x11, 0x11, 0x24, 0x67, 0x7A, 0xA9, 0x69, 0xD8, 0x22, 0x33, 0x33, 0x33, 0x78, 0x47, 0x59,
    0x65, 0x55, 0x55, 0x33, 0x33, 0x5A, 0xDF, 0xFD, 0xDD, 0xAF, 0xD9, 0xA7, 0x54, 0x34, 0x12, 0x22,
    0x11, 0x11, 0x11, 0x12, 0x58, 0xAA, 0x99, 0x66, 0xA5, 0x23, 0x33, 0x33, 0x33, 0x77, 0x47, 0x38,
    0x55, 0x33, 0x33, 0x33, 0x33, 0x3A, 0xDF, 0xFD, 0xDA, 0x7F, 0xDA, 0xA7, 0x44, 0x22, 0x12, 0x22,
    0x11, 0x11, 0x11, 0x12, 0x47, 0x9A, 0x99, 0x69, 0x44, 0x23, 0x22, 0x33, 0x33, 0x77, 0x47, 0x38,
    0x35, 0x33, 0x22, 0x22, 0x32, 0x87, 0xAD, 0xDD, 0xDD, 0xDF, 0xDA, 0x77, 0x42, 0x24, 0x12, 0x22,
    0x11, 0x11, 0x11, 0x12, 0x24, 0x8A, 0xA9, 0x89, 0xAA, 0x52, 0x23, 0x33, 0x32, 0x7A, 0x47, 0x38,
    0x33, 0x34, 0x33, 0x33, 0x23, 0xAA, 0xDF, 0xDD, 0xDD, 0xDD, 0xDA, 0x77, 0x42, 0x24, 0x22, 0x21,
    0x11, 0x11, 0x11, 0x11, 0x24, 0x7A, 0xAA, 0x9A, 0xDD, 0xA5, 0x23, 0x33, 0x32, 0x7A, 0x47, 0x38,
    0x34, 0x35, 0x33, 0x55, 0x37, 0xAA, 0x77, 0xDF, 0xFD, 0xFF, 0xDA, 0x74, 0x44, 0x22, 0x22, 0x21,
    0x11, 0x11, 0x11, 0x11, 0x23, 0x7A, 0xA9, 0x8A, 0xDD, 0x96, 0x52, 0x33, 0x33, 0x7A, 0x47, 0x48,
    0x54, 0x58, 0x45, 0x55, 0x57, 0x74, 0x37, 0xDF, 0xFF, 0xFD, 0xA8, 0x74, 0x22, 0x22, 0x22, 0x11,
    0x11, 0x11, 0x11, 0x11, 0x22, 0x59, 0xAA, 0x9A, 0xDD, 0x96, 0x53, 0x23, 0x32, 0x7A, 0x47, 0x46,
    0x57, 0x8A, 0x87, 0x55, 0x57, 0x55, 0x5A, 0xFF, 0xFF, 0xFA, 0xA7, 0x44, 0x11, 0x12, 0x22, 0x21,
    0x11, 0x12, 0x21, 0x11, 0x22, 0x48, 0x8A, 0xA9, 0xDD, 0x85, 0x83, 0x23, 0x33, 0x7A, 0x4A, 0x46,
    0x8A, 0xA9, 0xA8, 0x64, 0x45, 0x44, 0x4D, 0xFF, 0xFF, 0xFA, 0x88, 0x87, 0x41, 0x22, 0x22, 0x21,
    0x27, 0x84, 0x11, 0x11, 0x22, 0x28, 0x8A, 0xA9, 0xAA, 0x98, 0xA7, 0x23, 0x35, 0x88, 0x47, 0x39,
    0x9A, 0x98, 0x86, 0x53, 0x33, 0x32, 0x4D, 0xFF, 0xFF, 0xFA, 0x98, 0x8A, 0xA7, 0x22, 0x22, 0x23,
    0x57, 0x42, 0x11, 0x11, 0x12, 0x26, 0x8A, 0xDA, 0x9A, 0xAA, 0xD8, 0x33, 0x37, 0x88, 0x4A, 0x76,
    0x9A, 0x86, 0x65, 0x32, 0x23, 0x22, 0x7D, 0xFF, 0xFF, 0xDA, 0x87, 0x7A, 0xA9, 0x74, 0x32, 0x24,
    0x44, 0x75, 0x21, 0x11, 0x12, 0x25, 0x9D, 0xDA, 0x8A, 0xDD, 0xF8, 0x23, 0x37, 0x7A, 0x4A, 0x76,
    0x9A, 0x85, 0x33, 0x21, 0x23, 0x22, 0x4D, 0xFF, 0xFF, 0xDA, 0x87, 0xAA, 0xAA, 0x95, 0x22, 0x24,
    0x74, 0x42, 0x44, 0x21, 0x22, 0x25, 0x9D, 0xDC, 0x8A, 0xFF, 0xF5, 0x33, 0x37, 0x7A, 0x4A, 0x46,
    0x99, 0x85, 0x21, 0x12, 0x53, 0x22, 0x4D, 0xFF, 0xFF, 0xD8, 0x9A, 0x87, 0x8D, 0xA7, 0x21, 0x17,
    0x74, 0x21, 0x14, 0x42, 0x22, 0x27, 0x9A, 0xDD, 0xCF, 0xFF, 0xA3, 0x33, 0x37, 0x7A, 0x7A, 0x46,
    0x98, 0x85, 0x21, 0x33, 0x63, 0x23, 0x3D, 0xFF, 0xFF, 0xD8, 0xAA, 0xA8, 0x7D, 0xD8, 0x21, 0x27,
    0x77, 0xDD, 0x74, 0x44, 0x42, 0x38, 0x9A, 0xDD, 0xDF, 0xFF, 0x72, 0x32, 0x27, 0x7A, 0x7A, 0x49,
    0xA8, 0x87, 0x53, 0x35, 0x85, 0x23, 0x27, 0xFF, 0xFF, 0xD9, 0xAD, 0xAD, 0xDD, 0xA8, 0x21, 0x21,
    0x77, 0x7D, 0xAA, 0x72, 0x22, 0x36, 0xAA, 0xDD, 0xDF, 0xDF, 0xA2, 0x22, 0x27, 0x7A, 0x4A, 0x48,
    0xAA, 0xAA, 0x87, 0x75, 0x55, 0x32, 0x22, 0x8F, 0xFF, 0xFA, 0xAA, 0x77, 0x77, 0x98, 0x21, 0x11,
    0x47, 0x44, 0x44, 0x11, 0x12, 0x28, 0xAC, 0xDD, 0xDD, 0xDF, 0xA2, 0x22, 0x27, 0x7A, 0x7B, 0xB8,
    0xDD, 0xDD, 0xAA, 0xA9, 0xAA, 0x32, 0x22, 0x4A, 0xFF, 0xFA, 0xAA, 0x87, 0x44, 0x88, 0x74, 0x11,
    0x14, 0x42, 0x11, 0x11, 0x12, 0x26, 0xAD, 0x74, 0xFD, 0xDF, 0xA2, 0x22, 0x27, 0x7A, 0xBE, 0xFB,
    0xDD, 0xAD, 0xAA, 0xA8, 0xA7, 0x23, 0x33, 0x77, 0xDD, 0xFA, 0x77, 0x74, 0x47, 0x88, 0x24, 0x41,
    0x12, 0x21, 0x11, 0x11, 0x12, 0x37, 0x87, 0x54, 0x9F, 0xDF, 0xA1, 0x22, 0x27, 0x8B, 0xFF, 0xFC,
    0xDA, 0xAD, 0xAA, 0xA7, 0xAC, 0x82, 0x22, 0x47, 0xAD, 0xAA, 0x74, 0x44, 0x57, 0xA7, 0x11, 0x42,
    0x11, 0x21, 0x11, 0x11, 0x14, 0x79, 0x95, 0x88, 0x8F, 0xDF, 0x41, 0x22, 0x2A, 0xCE, 0xFF, 0xFE,
    0xAA, 0xAD, 0x8A, 0xAA, 0xEE, 0xEA, 0x42, 0x47, 0xAD, 0xA8, 0x54, 0x44, 0x7A, 0xA4, 0x11, 0x17,
    0x41, 0x11, 0x11, 0x11, 0x44, 0x78, 0x57, 0x47, 0xAD, 0xDA, 0x21, 0x21, 0x5C, 0xCF, 0xFF, 0xFE,
    0xAA, 0xAA, 0x8A, 0xAF, 0xEE, 0xEE, 0xC3, 0x47, 0x8D, 0xA8, 0x74, 0x47, 0x8A, 0xA3, 0x11, 0x12,
    0x47, 0x47, 0x44, 0x44, 0x23, 0x77, 0x74, 0x25, 0xAF, 0xD7, 0x22, 0x15, 0xEE, 0xCF, 0xFF, 0xFE,
    0xAD, 0xAA, 0x8A, 0xCE, 0xEF, 0xFF, 0xEC, 0x74, 0x7C, 0xA9, 0xA8, 0x88, 0xAA, 0x97, 0x22, 0x11,
    0x11, 0x23, 0x21, 0x11, 0x24, 0x74, 0x79, 0x24, 0xAF, 0xA4, 0x41, 0x5C, 0xEC, 0xFF, 0xFF, 0xFF,
    0xDD, 0xAA, 0x79, 0xFE, 0xFF, 0xFF, 0xFE, 0xE7, 0x4A, 0xD9, 0x87, 0x57, 0x9A, 0xAA, 0x78, 0x92,
    0x21, 0x11, 0x11, 0x12, 0x45, 0x52, 0x38, 0x44, 0xDA, 0x74, 0x47, 0xCE, 0xEC, 0xFF, 0xFF, 0xFF,
    0xDD, 0xDA, 0x9C, 0xFF, 0xFF, 0xFF, 0xFF, 0xEE, 0x89, 0xDA, 0x97, 0x78, 0xAA, 0xAD, 0x84, 0x82,
    0x13, 0x11, 0x11, 0x22, 0x45, 0x42, 0x47, 0x37, 0x74, 0x74, 0x7C, 0xEE, 0xEC, 0xFF, 0xFF, 0xFF,
    0xDD, 0xAA, 0xAE, 0xFE, 0xFF, 0xFF, 0xFF, 0xEF, 0xEA, 0xAA, 0x98, 0x78, 0xAA, 0xA9, 0x82, 0x11,
    0x12, 0x21, 0x12, 0x23, 0x54, 0x34, 0x54, 0x44, 0x47, 0x77, 0xCE, 0xEE, 0xCE, 0xFF, 0xFF, 0xFF,
    0xCD, 0xAA, 0xAF, 0xEF, 0xFF, 0xFF, 0xFF, 0xFE, 0xEC, 0xAA, 0x89, 0x77, 0x88, 0x87, 0x22, 0x11,
    0x11, 0x22, 0x22, 0x34, 0x44, 0x42, 0x24, 0x44, 0x77, 0x8C, 0xEE, 0xEE, 0xCF, 0xFF, 0xFF, 0xFF,
    0xCD, 0xAA, 0xDF, 0xFF, 0xFF, 0xFF, 0xFF, 0xFF, 0xEE, 0xAA, 0x89, 0x87, 0x77, 0x84, 0x22, 0x11,
    0x11, 0x12, 0x23, 0x34, 0x34, 0x32, 0x22, 0x44, 0x7A, 0xCE, 0xEE, 0xEE, 0xCF, 0xFF, 0xFF, 0xFF,
    0xAA, 0xAA, 0xEF, 0xFF, 0xFF, 0xFF, 0xFF, 0xFF, 0xFE, 0xAA, 0x89, 0x87, 0x77, 0x89, 0x77, 0x41,
    0x11, 0x11, 0x22, 0x34, 0x34, 0x34, 0x24, 0x74, 0x7C, 0xEE, 0xEE, 0xEE, 0xCF, 0xFF, 0xFF, 0xFF,
    0xAD, 0xDD, 0xFF, 0xFE, 0xEF, 0xFF, 0xFF, 0xFF, 0xFF, 0xDA, 0x98, 0x88, 0x77, 0xAC, 0xA9, 0xA7,
    0x11, 0x11, 0x22, 0x33, 0x24, 0x74, 0x47, 0x47, 0xCE, 0xEE, 0xEE, 0xEC, 0xCF, 0xFF, 0xFF, 0xFF,
    0xAD, 0xAD, 0xFF, 0xEE, 0xFF, 0xFF, 0xFF, 0xFF, 0xFF, 0xDD, 0xA8, 0x98, 0x8A, 0xA8, 0x87, 0x48,
    0x84, 0x11, 0x22, 0x32, 0x24, 0xDA, 0x47, 0x7C, 0xEE, 0xEE, 0xEE, 0xEC, 0xEF, 0xFF, 0xFF, 0xFF,
    0xAA, 0xAD, 0xEE, 0xEE, 0xEF, 0xFF, 0xFF, 0xFF, 0xFF, 0xEE, 0xD7, 0x88, 0x78, 0x85, 0x33, 0x22,
    0x11, 0x21, 0x22, 0x22, 0x34, 0xA7, 0x48, 0xEE, 0xEE, 0xEE, 0xEE, 0xEC, 0xFF, 0xFF, 0xFF, 0xFF,
    0xAA, 0xAD, 0xEE, 0xEE, 0xEF, 0xFF, 0xFF, 0xFF, 0xFF, 0xEE, 0xE8, 0x88, 0x78, 0x88, 0x99, 0x52,
    0x11, 0x11, 0x22, 0x22, 0x44, 0x87, 0x7E, 0xEE, 0xEE, 0xEE, 0xEE, 0xEC, 0xFF, 0xFF, 0xFF, 0xFF,
    0xCA, 0xAC, 0xEE, 0xEE, 0xEE, 0xFF, 0xFF, 0xFF, 0xFF, 0xFE, 0xFA, 0x78, 0x88, 0x89, 0xAA, 0x74,
    0x22, 0x22, 0x22, 0x22, 0x44, 0x77, 0xDE, 0xEE, 0xEE, 0xEE, 0xEE, 0xCC, 0xFF, 0xFF, 0xFF, 0xFE,
    0xCA, 0xAE, 0xEE, 0xEE, 0xEE, 0xFF, 0xFF, 0xFF, 0xFF, 0xFE, 0xFC, 0x78, 0x98, 0x88, 0x74, 0x54,
    0x22, 0x22, 0x22, 0x24, 0x44, 0x7A, 0xEE, 0xEE, 0xEE, 0xEE, 0xEE, 0xCC, 0xFF, 0xFF, 0xFF, 0xFE,
    0xCA, 0xAE, 0xEE, 0xEE, 0xEE, 0xEF, 0xFF, 0xFF, 0xFF, 0xFF, 0xFF, 0x98, 0x98, 0x74, 0x21, 0x11,
    0x11, 0x22, 0x22, 0x45, 0x24, 0xCC, 0xCE, 0xEE, 0xEE, 0xEE, 0xEE, 0xCE, 0xFF, 0xFF, 0xFF, 0xFC,
    0xCA, 0xAE, 0xEE, 0xEE, 0xEE, 0xEE, 0xFF, 0xFF, 0xFF, 0xFF, 0xFF, 0xC8, 0x98, 0x74, 0x21, 0x11,
    0x11, 0x12, 0x24, 0x53, 0x17, 0xEC, 0xCE, 0xEE, 0xEE, 0xEE, 0xEE, 0xCE, 0xFF, 0xFF, 0xFF, 0xFC,
    0xCA, 0xDE, 0xEE, 0xEE, 0xEE, 0xEE, 0xFF, 0xFF, 0xFF, 0xFF, 0xFE, 0xFA, 0x89, 0x74, 0x42, 0x11,
    0x12, 0x24, 0x45, 0x31, 0x17, 0xEC, 0xCE, 0xEE, 0xEE, 0xEE, 0xEC, 0xCF, 0xFF, 0xFF, 0xFF, 0xFB,
    0xCC, 0xAE, 0xEE, 0xEE, 0xEE, 0xEE, 0xEE, 0xFF, 0xFF, 0xEE, 0xFE, 0xFA, 0x88, 0x87, 0x74, 0x22,
    0x22, 0x45, 0x65, 0x11, 0x27, 0xEC, 0xCE, 0xEE, 0xEE, 0xEE, 0xCC, 0xCF, 0xFF, 0xFF, 0xFF, 0xEB,
    0xCA, 0xAC, 0xEE, 0xEE, 0xEE, 0xEE, 0xEE, 0xFF, 0xFF, 0xDD, 0xFF, 0xFA, 0xA9, 0x88, 0x87, 0x74,
    0x45, 0x78, 0x71, 0x11, 0x28, 0xFA, 0xCE, 0xEE, 0xEE, 0xEE, 0xCC, 0xCF, 0xFF, 0xFF, 0xFF, 0xEB,
    0xCC, 0xAC, 0xCE, 0xEE, 0xEE, 0xEE, 0xEE, 0xEF, 0xFF, 0xFF, 0xFF, 0xFC, 0x8A, 0xA8, 0x88, 0x88,
    0x88, 0x97, 0x21, 0x11, 0x28, 0xFE, 0xEE, 0xEE, 0xCC, 0xEE, 0xCC, 0xCF, 0xFF, 0xFF, 0xFF, 0xEB,
    0xAA, 0xAC, 0xEE, 0xEE, 0xEE, 0xEE, 0xCE, 0xEE, 0xFF, 0xFF, 0xFF, 0xFD, 0x8A, 0xAA, 0xAA, 0xA9,
    0x88, 0x72, 0x11, 0x11, 0x28, 0xFE, 0xEE, 0xEE, 0xEE, 0xEC, 0xCB, 0xEF, 0xFF, 0xFF, 0xFF, 0xEB,
    0xAA, 0xAC, 0xCE, 0xEC, 0xEE, 0xEE, 0xEE, 0xEE, 0xEF, 0xFF, 0xFF, 0xFE, 0x8A, 0xAA, 0x9A, 0x88,
    0x86, 0x21, 0x11, 0x11, 0x28, 0xFE, 0xEE, 0xEE, 0xEE, 0xCC, 0xCE, 0xEF, 0xFF, 0xFF, 0xFE, 0xEB,
    0xAD, 0xAD, 0xCC, 0xEC, 0xEE, 0xEE, 0xEE, 0xCE, 0xEE, 0xFF, 0xFF, 0xFE, 0xA8, 0xAA, 0x99, 0x88,
    0x64, 0x11, 0x11, 0x12, 0x27, 0xFE, 0xEE, 0xEE, 0xEC, 0xCC, 0xEC, 0xFF, 0xFF, 0xFF, 0xFE, 0xEB,
    0xAC, 0xDC, 0xEC, 0xCE, 0xEE, 0xEE, 0xEE, 0xEE, 0xEE, 0xFF, 0xFF, 0xFE, 0xA8, 0xAA, 0x99, 0x86,
    0x42, 0x11, 0x11, 0x12, 0x27, 0xEF, 0xEE, 0xEE, 0xEC, 0xCE, 0xEC, 0xFF, 0xFF, 0xFF, 0xEE, 0xCB,
    0xBA, 0xAC, 0xEE, 0xCC, 0xCC, 0xEE, 0xEE, 0xEE, 0xEC, 0xEF, 0xFF, 0xFF, 0xA8, 0x89, 0x98, 0x87,
    0x42, 0x22, 0x11, 0x12, 0x27, 0xEF, 0xEE, 0xEE, 0xEC, 0xEE, 0xEC, 0xFF, 0xFF, 0xFF, 0xEE, 0xCB,
    0xBA, 0xAC, 0xEE, 0xEC, 0xCC, 0xCE, 0xEE, 0xEE, 0xEE, 0xEE, 0xFF, 0xEF, 0xA8, 0x88, 0x88, 0x74,
    0x42, 0x22, 0x11, 0x22, 0x24, 0xEF, 0xEE, 0xFF, 0xCE, 0xFE, 0xCB, 0xFF, 0xFF, 0xFF, 0xEE, 0xCB,
    0xBA, 0xAC, 0xEE, 0xEE, 0xEB, 0xCC, 0xEE, 0xEE, 0xEE, 0xEE, 0xEF, 0xEF, 0xC7, 0x78, 0x87, 0x74,
    0x22, 0x21, 0x11, 0x22, 0x24, 0xDF, 0xFF, 0xFC, 0xCF, 0xEC, 0xCE, 0xFF, 0xFF, 0xFF, 0xEE, 0xCB,
    0xBA, 0xAC, 0xCE, 0xEE, 0xFE, 0xBC, 0xCE, 0xEE, 0xEE, 0xEE, 0xEE, 0xEF, 0xD8, 0x77, 0x87, 0x74,
    0x22, 0x21, 0x11, 0x22, 0x24, 0xCF, 0xFF, 0xEC, 0xFE, 0xCC, 0xEE, 0xFF, 0xFF, 0xFF, 0xEE, 0xCB,
    0xBA, 0xAC, 0xEC, 0xEE, 0xEF, 0xEB, 0xCC, 0xEE, 0xEE, 0xEE, 0xEF, 0xFF, 0xD8, 0x44, 0x77, 0x44,
    0x44, 0x21, 0x12, 0x12, 0x24, 0xCF, 0xFF, 0xCF, 0xEC, 0xCF, 0xCE, 0xFF, 0xFF, 0xFF, 0xEE, 0xCB,
    0xBC, 0xAC, 0xEE, 0xCE, 0xEC, 0xEE, 0xBC, 0xCE, 0xEE, 0xEE, 0xEF, 0xFF, 0xD7, 0x44, 0x77, 0x44,
    0x44, 0x11, 0x11, 0x22, 0x24, 0xCF, 0xFE, 0xFF, 0xCC, 0xFF, 0xCF, 0xFF, 0xFF, 0xFF, 0xEE, 0xCB,
    0xBC, 0xAC, 0xEE, 0xEC, 0xEE, 0xCE, 0xEB, 0xCE, 0xEE, 0xEE, 0xFF, 0xFF, 0xD8, 0x41, 0x47, 0x44,
    0x42, 0x11, 0x11, 0x11, 0x24, 0xDF, 0xEE, 0xFE, 0xCF, 0xFC, 0xBF, 0xFF, 0xFF, 0xFE, 0xEE, 0xCB,
    0xCD, 0xAC, 0xCE, 0xEE, 0xBE, 0xEE, 0xEF, 0xBC, 0xEE, 0xEF, 0xFF, 0xFD, 0xA8, 0x41, 0x24, 0x44,
    0x41, 0x11, 0x11, 0x12, 0x24, 0xDF, 0xEF, 0xEC, 0xFF, 0xCC, 0xCF, 0xFF, 0xFF, 0xFE, 0xEE, 0xCC,
    0xAD, 0xAD, 0xCC, 0xEE, 0xEB, 0xEE, 0xEF, 0xEB, 0xCE, 0xEF, 0xFD, 0xAA, 0xA9, 0x41, 0x14, 0x44,
    0x41, 0x11, 0x11, 0x12, 0x24, 0xDF, 0xEF, 0xCE, 0xFE, 0xCE, 0xCF, 0xFF, 0xFF, 0xEE, 0xEE, 0xEC,
    0xAD, 0xAD, 0xEC, 0xCE, 0xEE, 0xBE, 0xEE, 0xEE, 0xBC, 0xFF, 0xDA, 0xAA, 0xA8, 0x41, 0x12, 0x47,
    0x21, 0x11, 0x11, 0x12, 0x24, 0xAF, 0xFE, 0xEF, 0xEC, 0xFC, 0xCF, 0xFF, 0xFF, 0xEE, 0xEE, 0xEC,
    0xAA, 0xAC, 0xEE, 0xCC, 0xEE, 0xEB, 0xEE, 0xEF, 0xEC, 0xFD, 0xAA, 0xAA, 0xA8, 0x41, 0x12, 0x47,
    0x11, 0x11, 0x11, 0x11, 0x24, 0xAF, 0xFE, 0xFF, 0xCE, 0xFC, 0xCF, 0xFE, 0xFE, 0xEE, 0xEE, 0xEC,
    0xAD, 0xAC, 0xCE, 0xFB, 0xCE, 0xEE, 0xBE, 0xEE, 0xFE, 0x97, 0x88, 0x87, 0x79, 0x41, 0x12, 0x72,
    0x12, 0x21, 0x11, 0x11, 0x24, 0xAF, 0xEF, 0xFC, 0xEF, 0xCB, 0xEF, 0xFE, 0xEE, 0xEE, 0xEC, 0xCC,
    0xAD, 0xAD, 0xCC, 0xEE, 0xBE, 0xEE, 0xEB, 0xEE, 0xFA, 0x87, 0x74, 0x44, 0x27, 0x41, 0x14, 0x71,
    0x12, 0x34, 0x42, 0x23, 0x44, 0xAF, 0xFF, 0xEC, 0xFC, 0xBC, 0x9A, 0xDF, 0xFE, 0xEE, 0xEC, 0xCC,
    0xAD, 0xAC, 0xEC, 0xCE, 0xEB, 0xEE, 0xFE, 0xCF, 0xA8, 0x87, 0x74, 0x44, 0x24, 0x21, 0x17, 0x41,
    0x11, 0x22, 0x21, 0x11, 0x11, 0x8F, 0xFF, 0xCF, 0xEB, 0xEC, 0x87, 0x77, 0xAE, 0xEE, 0xEC, 0xCC,
    0xAD, 0xDC, 0xCE, 0xBC, 0xEE, 0xBE, 0xEE, 0xEA, 0x77, 0x77, 0x74, 0x44, 0x44, 0x22, 0x44, 0x41,
    0x11, 0x21, 0x11, 0x11, 0x11, 0x7F, 0xFE, 0xFE, 0xBE, 0xEB, 0x77, 0x44, 0x24, 0x8C, 0xEC, 0xCC,
    0xAF, 0xFD, 0xCE, 0xEB, 0xCE, 0xEB, 0xEE, 0xD7, 0x77, 0x77, 0x74, 0x44, 0x74, 0x44, 0x44, 0x42,
    0x11, 0x11, 0x11, 0x11, 0x11, 0x7F, 0xFE, 0xFC, 0xCE, 0xCB, 0x74, 0x44, 0x42, 0x47, 0xAC, 0xCC,
    0xAF, 0xDD, 0xEB, 0xEE, 0xBE, 0xEC, 0xCD, 0x77, 0x77, 0x74, 0x44, 0x44, 0x74, 0x44, 0x44, 0x22,
    0x11, 0x11, 0x11, 0x11, 0x11, 0x7D, 0xFF, 0xCC, 0xEC, 0xC9, 0x44, 0x44, 0x44, 0x47, 0x7A, 0xCC,
    0xAF, 0xDC, 0xEC, 0xBF, 0xCC, 0xEE, 0xD8, 0x77, 0x44, 0x44, 0x44, 0x44, 0x44, 0x44, 0x42, 0x22,
    0x11, 0x11, 0x11, 0x11, 0x11, 0x4D, 0xFE, 0xCE, 0xEC, 0xE9, 0x44, 0x44, 0x44, 0x49, 0x97, 0xCC,
    0xBF, 0xAC, 0xCE, 0xBC, 0xFB, 0xCF, 0x84, 0x44, 0x44, 0x44, 0x44, 0x44, 0x44, 0x44, 0x22, 0x22,
    0x21, 0x11, 0x11, 0x11, 0x11, 0x2A, 0xFE, 0xEE, 0xCE, 0xC8, 0x44, 0x44, 0x44, 0x5D, 0xC9, 0xAC,
    0xBE, 0xAC, 0xCC, 0xEB, 0xEE, 0xCA, 0x44, 0x44, 0x44, 0x44, 0x42, 0x22, 0x22, 0x22, 0x22, 0x22,
    0x21, 0x11, 0x11, 0x11, 0x11, 0x2A, 0xEE, 0xFC, 0xCE, 0xB8, 0x44, 0x44, 0x44, 0x7D, 0xCC, 0x9A,
};

static const uint8_t coup_animdata_contessa_f07[3072] = {
    0xBB, 0xCB, 0x89, 0x99, 0x99, 0x99, 0x99, 0x99, 0x88, 0x88, 0x88, 0x88, 0x88, 0x88, 0x99, 0x99,
    0x99, 0x88, 0x88, 0x99, 0x89, 0x95, 0x66, 0x66, 0x66, 0x66, 0x66, 0x66, 0x69, 0xA9, 0xBB, 0xBB,
    0xBB, 0xB6, 0x99, 0x99, 0x99, 0x99, 0x88, 0x88, 0x88, 0x88, 0x88, 0x68, 0x66, 0x88, 0x88, 0x88,
    0x88, 0x88, 0x88, 0x88, 0x88, 0x6B, 0xBB, 0xBB, 0xBB, 0xBB, 0xBB, 0xBB, 0xBB, 0x99, 0x9B, 0xBB,
    0xBB, 0x69, 0x99, 0x98, 0x99, 0x88, 0x88, 0x66, 0x66, 0x66, 0x66, 0x66, 0x66, 0x88, 0x68, 0x88,
    0x66, 0x66, 0x66, 0x66, 0x66, 0x6B, 0xBB, 0xBB, 0xBB, 0xBB, 0xBB, 0xBB, 0xBB, 0xB9, 0x9B, 0xBC,
    0xCB, 0x99, 0x98, 0x88, 0x88, 0x66, 0x66, 0x66, 0x66, 0x66, 0x66, 0x66, 0x66, 0x66, 0x66, 0x68,
    0x66, 0x66, 0x66, 0x66, 0x66, 0xBB, 0xBB, 0xBB, 0xBB, 0xBB, 0xBB, 0xBB, 0xBB, 0xB9, 0x99, 0xBC,
    0xC9, 0x98, 0x86, 0x86, 0x66, 0x66, 0x66, 0x66, 0x66, 0x66, 0x66, 0x66, 0x66, 0x66, 0x66, 0x66,
    0x66, 0x66, 0x66, 0x66, 0x66, 0xBB, 0xBB, 0xBB, 0xBB, 0xBB, 0xBB, 0xBB, 0xBB, 0xBB, 0x99, 0x9B,
    0xC9, 0x98, 0x86, 0x66, 0x66, 0x66, 0x66, 0x66, 0x66, 0x66, 0x66, 0x66, 0x66, 0x66, 0x66, 0x66,
    0x66, 0x66, 0x66, 0x66, 0x6B, 0xBB, 0xBB, 0xAB, 0xBC, 0xAB, 0xBC, 0xAB, 0xBB, 0xBB, 0xB8, 0x9C,
    0xB9, 0x86, 0x66, 0x66, 0x66, 0x66, 0x66, 0x66, 0x66, 0x66, 0x66, 0x66, 0x66, 0x66, 0x66, 0x66,
    0x66, 0x66, 0x66, 0x66, 0x6B, 0xBB, 0xBB, 0x6B, 0xBA, 0x6B, 0xBA, 0x8B, 0xBB, 0xBB, 0xB9, 0xAC,
    0xB8, 0x86, 0x66, 0x66, 0x66, 0x66, 0x66, 0x66, 0x66, 0x66, 0x66, 0x66, 0x66, 0x66, 0x66, 0x66,
    0x66, 0x66, 0x66, 0x69, 0xBB, 0xBB, 0xBB, 0x69, 0xC9, 0x69, 0xC9, 0x6B, 0xBB, 0xBB, 0xBA, 0xAB,
    0xB8, 0x66, 0x66, 0x66, 0x66, 0x66, 0x66, 0x66, 0x66, 0x66, 0x66, 0x66, 0x66, 0x66, 0x66, 0x66,
    0x66, 0x66, 0x66, 0x68, 0xBB, 0xBB, 0xBB, 0x66, 0x66, 0x66, 0x66, 0x6B, 0xBB, 0xBB, 0xC9, 0x9B,
    0xB8, 0x66, 0x66, 0x66, 0x66, 0x66, 0x66, 0x66, 0x66, 0x66, 0x66, 0x66, 0x66, 0x66, 0x66, 0x66,
    0x66, 0x66, 0x66, 0x66, 0x9B, 0xBB, 0xBB, 0x66, 0x66, 0x66, 0x66, 0x6B, 0xBB, 0xBC, 0xA8, 0x9B,
    0xB6, 0x66, 0x66, 0x66, 0x66, 0x66, 0x66, 0x66, 0x66, 0x66, 0x66, 0x66, 0x66, 0x66, 0x65, 0x66,
    0x55, 0x56, 0x56, 0x66, 0x6B, 0xBB, 0xBB, 0x66, 0x66, 0x66, 0x66, 0x6B, 0xBB, 0xBA, 0x68, 0x9C,
    0xB6, 0x66, 0x66, 0x8A, 0x99, 0x86, 0x66, 0x66, 0x66, 0x66, 0x56, 0x66, 0x66, 0x55, 0x58, 0x65,
    0x55, 0x55, 0x55, 0x55, 0x56, 0xBB, 0xBB, 0xB8, 0x69, 0x6B, 0x96, 0x6B, 0xBB, 0xC8, 0x68, 0x9C,
    0xB8, 0x66, 0x66, 0x9D, 0xDA, 0xAA, 0x85, 0x56, 0x55, 0x55, 0x55, 0x55, 0x67, 0x75, 0x55, 0x88,
    0x75, 0x55, 0x55, 0x55, 0x55, 0x8B, 0xBB, 0xB8, 0x6B, 0x6B, 0x96, 0xBB, 0xBC, 0x86, 0x66, 0x9C,
    0xB8, 0x66, 0x6A, 0xAD, 0xDA, 0xDD, 0xA9, 0x86, 0x55, 0x55, 0x55, 0x55, 0x88, 0x86, 0x55, 0x58,
    0x96, 0x55, 0x55, 0x55, 0x55, 0x59, 0xBB, 0xB8, 0x6B, 0x6B, 0x96, 0xBB, 0xB9, 0x66, 0x68, 0x9C,
    0xB8, 0x66, 0x66, 0x68, 0xAA, 0x9A, 0x65, 0x65, 0x55, 0x55, 0x55, 0x56, 0x98, 0x88, 0x78, 0x86,
    0x89, 0x65, 0x55, 0x55, 0x55, 0x55, 0xBB, 0xB8, 0x6B, 0x5B, 0x96, 0xBB, 0xA5, 0x66, 0x66, 0x9C,
    0xB6, 0x66, 0x65, 0x55, 0x66, 0x55, 0x55, 0x55, 0x55, 0x56, 0x66, 0x66, 0xA9, 0x9A, 0x88, 0xA9,
    0x99, 0x95, 0x55, 0x55, 0x55, 0x55, 0x6B, 0xB8, 0x69, 0x5B, 0x96, 0xBC, 0x65, 0x55, 0x56, 0x9B,
    0xB6, 0x65, 0x55, 0x55, 0x55, 0x55, 0x55, 0x55, 0x55, 0x69, 0x86, 0x89, 0x48, 0xAD, 0xA9, 0x99,
    0x99, 0xA8, 0x53, 0x33, 0x35, 0x55, 0x38, 0xB8, 0x99, 0x5B, 0x96, 0xB8, 0x55, 0x55, 0x56, 0x9C,
    0xB6, 0x55, 0x55, 0x55, 0x65, 0x55, 0x55, 0x55, 0x55, 0xAA, 0x88, 0xAA, 0x89, 0xDA, 0xA9, 0x88,
    0x99, 0x97, 0x95, 0x55, 0x53, 0x55, 0x55, 0xC8, 0x6B, 0x5B, 0x98, 0x95, 0x55, 0x56, 0x55, 0x8C,
    0xB6, 0x55, 0x55, 0x55, 0x55, 0x55, 0x55, 0x55, 0x57, 0xAA, 0x9A, 0xAA, 0xAA, 0xAA, 0xA9, 0x96,
    0x69, 0xA9, 0x97, 0x89, 0x86, 0x53, 0x53, 0x67, 0x6B, 0x5B, 0x95, 0x55, 0x55, 0x55, 0x55, 0x8C,
    0xB6, 0x55, 0x55, 0x55, 0x55, 0x55, 0x55, 0x55, 0x59, 0xAA, 0xAA, 0x88, 0xAA, 0xAA, 0xA8, 0x9A,
    0xA9, 0x99, 0x9A, 0xA9, 0x68, 0x83, 0x33, 0x33, 0x6B, 0x5B, 0x93, 0x55, 0x55, 0x33, 0x55, 0x7C,
    0xB6, 0x55, 0x55, 0x55, 0x55, 0x55, 0x55, 0x55, 0x8A, 0xDA, 0xA7, 0x8A, 0xAA, 0xDA, 0x99, 0xAD,
    0xDD, 0x98, 0x6A, 0xDA, 0x63, 0x63, 0x33, 0x33, 0x8B, 0x6B, 0x83, 0x33, 0x33, 0x33, 0x35, 0x7A,
    0xB5, 0x55, 0x55, 0x55, 0x55, 0x55, 0x55, 0x58, 0xAD, 0xDD, 0xA4, 0x8C, 0xDD, 0xA9, 0x8A, 0xDD,
    0xFF, 0xA9, 0x66, 0xAD, 0x95, 0x65, 0x33, 0x33, 0x5B, 0xBA, 0x33, 0x33, 0x33, 0x33, 0x53, 0x7A,
    0xB5, 0x55, 0x55, 0x33, 0x33, 0x55, 0x53, 0x59, 0x9D, 0xFF, 0xA8, 0x9A, 0xDA, 0xA9, 0x9D, 0xFF,
    0xFF, 0xD9, 0x98, 0x6C, 0xC6, 0x85, 0x33, 0x33, 0x35, 0xC3, 0x23, 0x33, 0x33, 0x34, 0x33, 0x5A,
    0x95, 0x55, 0x33, 0x33, 0x33, 0x33, 0x33, 0x8A, 0x9D, 0xFD, 0x99, 0xAA, 0xA9, 0x98, 0xAA, 0xDD,
    0xDD, 0xD9, 0xA9, 0x99, 0xA9, 0x99, 0x53, 0x33, 0x33, 0x33, 0x33, 0x33, 0x33, 0x34, 0x33, 0x5B,
    0x95, 0x58, 0xA7, 0x53, 0x33, 0x33, 0x33, 0x9A, 0x9D, 0xFA, 0x98, 0x9D, 0xAA, 0x99, 0xAA, 0xDC,
    0xAC, 0xC9, 0xAC, 0xA9, 0xAA, 0x9A, 0x87, 0x33, 0x32, 0x23, 0x33, 0x33, 0x33, 0x34, 0x35, 0x7A,
    0xBA, 0xDD, 0xAA, 0xA7, 0x53, 0x33, 0x33, 0x8A, 0xAF, 0xFD, 0xA8, 0xAA, 0xA9, 0x69, 0xAA, 0xA9,
    0x99, 0x99, 0xAA, 0xDC, 0x99, 0x88, 0x97, 0x22, 0x22, 0x23, 0x32, 0x23, 0x33, 0x54, 0x35, 0x8C,
    0x96, 0x78, 0x95, 0x55, 0x33, 0x35, 0x73, 0x8D, 0xDF, 0xFD, 0xAC, 0xDA, 0xA6, 0x6A, 0xA9, 0x89,
    0x89, 0x99, 0xAC, 0xCA, 0xAA, 0x98, 0x66, 0x53, 0x22, 0x23, 0x33, 0x33, 0x53, 0x87, 0x25, 0x7A,
    0x95, 0x55, 0x55, 0x53, 0x33, 0x35, 0x88, 0xAD, 0xFF, 0xFD, 0xAD, 0xDA, 0x98, 0xAA, 0x97, 0x66,
    0x66, 0x88, 0x99, 0x8A, 0xAA, 0xA9, 0x86, 0x57, 0x32, 0x33, 0x32, 0x33, 0x33, 0x74, 0x45, 0x7C,
    0x95, 0x75, 0x55, 0x55, 0x53, 0x33, 0x89, 0x9F, 0xFF, 0xDA, 0xCD, 0xD9, 0x8A, 0xA8, 0x75, 0x33,
    0x44, 0x35, 0x68, 0x7A, 0xDD, 0xAA, 0x96, 0x58, 0x52, 0x33, 0x33, 0x33, 0x33, 0x84, 0x45, 0x8C,
    0x95, 0x55, 0x55, 0x55, 0x53, 0x37, 0xA9, 0x9D, 0xFD, 0xAC, 0xDF, 0xA8, 0x99, 0x75, 0x42, 0x22,
    0x22, 0x22, 0x45, 0x79, 0xAD, 0xCA, 0xA8, 0x89, 0x83, 0x33, 0x33, 0x33, 0x43, 0x84, 0x45, 0x8C,
    0x95, 0x55, 0x55, 0x55, 0x55, 0x39, 0xDA, 0xAA, 0xAC, 0xAD, 0xFD, 0x99, 0x97, 0x54, 0x42, 0x12,
    0x22, 0x11, 0x23, 0x68, 0xAA, 0xAA, 0xA8, 0x8A, 0xA5, 0x33, 0x22, 0x23, 0x33, 0x87, 0x45, 0x8C,
    0x95, 0x55, 0x55, 0x55, 0x55, 0x5A, 0xDD, 0xAD, 0x7A, 0xAD, 0xFD, 0x99, 0x75, 0x44, 0x22, 0x12,
    0x21, 0x11, 0x11, 0x46, 0x87, 0x7C, 0xA8, 0x8D, 0xD5, 0x23, 0x23, 0x33, 0x33, 0x84, 0x45, 0x7B,
    0x95, 0x53, 0x33, 0x35, 0x55, 0x5A, 0xDD, 0xFF, 0xDD, 0xAD, 0xFA, 0x99, 0x74, 0x32, 0x12, 0x22,
    0x11, 0x11, 0x11, 0x25, 0x87, 0x8A, 0xA9, 0x7A, 0xD5, 0x22, 0x33, 0x33, 0x35, 0xA4, 0x45, 0x7B,
    0x95, 0x55, 0x55, 0x33, 0x33, 0x38, 0xDF, 0xFF, 0xDD, 0xAF, 0xF9, 0xA8, 0x54, 0x24, 0x22, 0x22,
    0x11, 0x11, 0x11, 0x12, 0x59, 0xA9, 0x98, 0x58, 0xA3, 0x33, 0x33, 0x33, 0x35, 0xA4, 0x75, 0x5B,
    0x65, 0x53, 0x33, 0x33, 0x33, 0x38, 0xDD, 0xFD, 0xDA, 0x7D, 0xDA, 0xA7, 0x44, 0x22, 0x12, 0x22,
    0x11, 0x11, 0x11, 0x12, 0x47, 0xAA, 0x99, 0x68, 0x43, 0x23, 0x23, 0x33, 0x34, 0xA4, 0x73, 0x5B,
    0x53, 0x33, 0x32, 0x22, 0x22, 0x77, 0x8D, 0xDD, 0xDD, 0xDD, 0xDD, 0x87, 0x42, 0x24, 0x12, 0x22,
    0x11, 0x11, 0x11, 0x12, 0x25, 0x8A, 0xA9, 0x89, 0xDA, 0x52, 0x23, 0x33, 0x23, 0xA4, 0x73, 0x59,
    0x53, 0x33, 0x43, 0x33, 0x32, 0x8A, 0xDD, 0xDD, 0xDD, 0xDD, 0xDA, 0x77, 0x42, 0x24, 0x22, 0x21,
    0x11, 0x11, 0x11, 0x12, 0x24, 0x8A, 0xA9, 0x9A, 0xDD, 0x95, 0x23, 0x33, 0x33, 0xA7, 0x73, 0x59,
    0x53, 0x45, 0x53, 0x55, 0x55, 0xAA, 0x54, 0xAF, 0xFD, 0xFF, 0xDA, 0x74, 0x43, 0x22, 0x22, 0x21,
    0x11, 0x11, 0x11, 0x12, 0x23, 0x7A, 0xA9, 0x9A, 0xDA, 0x96, 0x33, 0x33, 0x33, 0xA7, 0x77, 0x5B,
    0x74, 0x47, 0x73, 0x55, 0x57, 0x75, 0x45, 0xDF, 0xFF, 0xFF, 0xA9, 0x74, 0x22, 0x22, 0x22, 0x11,
    0x11, 0x11, 0x11, 0x11, 0x22, 0x79, 0xAA, 0x9A, 0xDA, 0x66, 0x52, 0x33, 0x23, 0xA7, 0x77, 0x5B,
    0x75, 0x8A, 0xA8, 0x55, 0x55, 0x55, 0x58, 0xDF, 0xFF, 0xFD, 0xA8, 0x74, 0x11, 0x11, 0x22, 0x21,
    0x11, 0x44, 0x21, 0x11, 0x22, 0x48, 0x8A, 0x99, 0xDC, 0x66, 0x82, 0x23, 0x37, 0xA4, 0x77, 0x5B,
    0x69, 0xA9, 0x99, 0x85, 0x44, 0x44, 0x3A, 0xFF, 0xFF, 0xFA, 0x89, 0x98, 0x72, 0x22, 0x22, 0x22,
    0x38, 0x83, 0x11, 0x11, 0x22, 0x38, 0xAC, 0xA9, 0xAA, 0x99, 0xA3, 0x33, 0x47, 0xA7, 0x74, 0x6B,
    0x89, 0x98, 0x86, 0x63, 0x23, 0x32, 0x3A, 0xFF, 0xFF, 0xFA, 0x98, 0x7A, 0xA8, 0x43, 0x22, 0x23,
    0x57, 0x42, 0x11, 0x11, 0x12, 0x26, 0x8A, 0xDA, 0x9A, 0xAC, 0xD5, 0x33, 0x57, 0xA4, 0x77, 0x6B,
    0x9A, 0x98, 0x65, 0x52, 0x12, 0x22, 0x3D, 0xFF, 0xFF, 0xFA, 0x87, 0x7A, 0xAA, 0x74, 0x32, 0x24,
    0x45, 0x77, 0x42, 0x11, 0x12, 0x26, 0xAD, 0xDA, 0x7A, 0xDF, 0xD3, 0x32, 0x57, 0xA7, 0x77, 0x5B,
    0x99, 0x96, 0x52, 0x21, 0x23, 0x22, 0x2A, 0xFF, 0xFF, 0xFA, 0x87, 0x9A, 0xAA, 0xA7, 0x21, 0x24,
    0x74, 0x21, 0x44, 0x21, 0x22, 0x26, 0x9D, 0xDA, 0xAD, 0xFF, 0xA3, 0x43, 0x57, 0xA7, 0x77, 0x5B,
    0x99, 0x86, 0x31, 0x12, 0x33, 0x23, 0x2A, 0xFF, 0xFF, 0xF8, 0xAA, 0x84, 0x7D, 0xD8, 0x21, 0x17,
    0x74, 0x42, 0x14, 0x42, 0x22, 0x38, 0x9A, 0xDD, 0xDF, 0xFF, 0x52, 0x33, 0x47, 0xA7, 0x77, 0x5B,
    0xB9, 0x88, 0x52, 0x35, 0x56, 0x23, 0x28, 0xFF, 0xFF, 0xF8, 0xAA, 0xAD, 0xAA, 0xD8, 0x21, 0x24,
    0x78, 0xDF, 0xA7, 0x44, 0x22, 0x38, 0x9A, 0xDD, 0xDF, 0xFD, 0x32, 0x22, 0x47, 0xA7, 0x77, 0x5B,
    0xBA, 0x88, 0x73, 0x33, 0x55, 0x32, 0x32, 0xAF, 0xFF, 0xFA, 0xAD, 0xAA, 0xDA, 0xA8, 0x21, 0x21,
    0x77, 0x7A, 0xAA, 0x41, 0x12, 0x38, 0xAA, 0xDC, 0xDF, 0xDF, 0x52, 0x22, 0x47, 0xA7, 0x77, 0x4B,
    0xCD, 0xAA, 0xA9, 0x87, 0x77, 0x52, 0x22, 0x2D, 0xFF, 0xFA, 0xAA, 0x77, 0x77, 0x88, 0x41, 0x11,
    0x27, 0x44, 0x41, 0x11, 0x12, 0x39, 0xCD, 0xAD, 0xFD, 0xDF, 0x72, 0x22, 0x47, 0xA7, 0xBC, 0xB9,
    0xCD, 0xDD, 0xAD, 0xA9, 0xAA, 0x42, 0x22, 0x47, 0xDF, 0xFA, 0x89, 0x87, 0x44, 0x88, 0x77, 0x21,
    0x13, 0x21, 0x11, 0x11, 0x12, 0x37, 0xAA, 0x34, 0xFD, 0xDF, 0x72, 0x22, 0x47, 0xAB, 0xFF, 0xEB,
    0xCD, 0xAD, 0xAD, 0xAA, 0x88, 0x42, 0x22, 0x47, 0xAA, 0xDA, 0x74, 0x44, 0x47, 0x88, 0x11, 0x71,
    0x11, 0x21, 0x11, 0x11, 0x12, 0x47, 0x85, 0x95, 0xAD, 0xDD, 0x22, 0x22, 0x4A, 0xBE, 0xFF, 0xEB,
    0xBA, 0xAA, 0xAA, 0xA8, 0xAE, 0xE8, 0x22, 0x47, 0xAD, 0xAA, 0x74, 0x44, 0x77, 0xA7, 0x11, 0x27,
    0x11, 0x11, 0x11, 0x11, 0x14, 0x79, 0x77, 0x78, 0xAD, 0xDA, 0x12, 0x22, 0x7C, 0xCF, 0xFF, 0xFB,
    0xBA, 0xAA, 0xAA, 0xAA, 0xEE, 0xEE, 0xA2, 0x27, 0x7D, 0xA8, 0x74, 0x44, 0x7A, 0xA4, 0x11, 0x14,
    0x72, 0x22, 0x11, 0x24, 0x44, 0x78, 0x54, 0x27, 0xAD, 0xD4, 0x12, 0x14, 0xCC, 0xFF, 0xFF, 0xFC,
    0xBA, 0xAA, 0xAA, 0xAE, 0xEE, 0xEE, 0xEA, 0x47, 0x7D, 0xAA, 0xA7, 0x77, 0x8A, 0xA4, 0x11, 0x11,
    0x24, 0x77, 0x74, 0x21, 0x24, 0x75, 0x84, 0x27, 0xDF, 0xA4, 0x21, 0x4C, 0xEC, 0xFF, 0xFF, 0xFC,
    0xCD, 0xAA, 0xA7, 0xAE, 0xEF, 0xFF, 0xFE, 0xC7, 0x4A, 0xA9, 0x98, 0x77, 0x9A, 0x98, 0x55, 0x41,
    0x21, 0x11, 0x11, 0x12, 0x34, 0x52, 0x78, 0x27, 0xFD, 0x74, 0x24, 0xCE, 0xCC, 0xFF, 0xFF, 0xFC,
    0xCD, 0xDA, 0xA8, 0xEF, 0xFF, 0xFF, 0xFF, 0xEE, 0x78, 0xDA, 0x97, 0x57, 0x9A, 0xAD, 0x78, 0xA2,
    0x22, 0x11, 0x11, 0x22, 0x45, 0x42, 0x48, 0x28, 0xA7, 0x74, 0x7C, 0xEE, 0xCE, 0xFF, 0xFF, 0xFC,
    0xCD, 0xDA, 0xAA, 0xFE, 0xFF, 0xFF, 0xFF, 0xEF, 0xC9, 0xDA, 0x98, 0x78, 0xAA, 0xAA, 0xA3, 0x21,
    0x13, 0x21, 0x12, 0x23, 0x54, 0x33, 0x54, 0x47, 0x47, 0x77, 0xCE, 0xEE, 0xCF, 0xFF, 0xFF, 0xFC,
    0xCD, 0xDA, 0xAC, 0xFE, 0xFF, 0xFF, 0xFF, 0xFE, 0xEC, 0xAA, 0x99, 0x77, 0x99, 0x98, 0x42, 0x11,
    0x11, 0x21, 0x22, 0x34, 0x44, 0x34, 0x24, 0x44, 0x77, 0x7C, 0xEE, 0xEE, 0xCF, 0xFF, 0xFF, 0xFC,
    0xCD, 0xDA, 0xAE, 0xFF, 0xFF, 0xFF, 0xFF, 0xFF, 0xEE, 0xAA, 0x89, 0x87, 0x77, 0x84, 0x12, 0x11,
    0x11, 0x22, 0x23, 0x34, 0x34, 0x32, 0x24, 0x44, 0x77, 0xCE, 0xEE, 0xEC, 0xCF, 0xFF, 0xFF, 0xFC,
    0xAA, 0xAA, 0xAF, 0xEF, 0xFF, 0xFF, 0xFF, 0xFF, 0xFE, 0xAA, 0x98, 0x87, 0x77, 0x88, 0x44, 0x11,
    0x11, 0x12, 0x23, 0x44, 0x34, 0x24, 0x24, 0x74, 0x8C, 0xCE, 0xEE, 0xEC, 0xEF, 0xFF, 0xFF, 0xFC,
    0xCA, 0xDA, 0xDF, 0xFF, 0xEF, 0xFF, 0xFF, 0xFF, 0xFF, 0xDA, 0xA8, 0x88, 0x77, 0x9A, 0x98, 0x92,
    0x11, 0x11, 0x22, 0x33, 0x24, 0x42, 0x47, 0x47, 0xCE, 0xEE, 0xEE, 0xEC, 0xFF, 0xFF, 0xFF, 0xFC,
    0xBD, 0xDA, 0xEF, 0xFE, 0xEF, 0xFF, 0xFF, 0xFF, 0xFF, 0xED, 0xA8, 0x98, 0x79, 0xCA, 0xA9, 0x89,
    0x74, 0x11, 0x22, 0x32, 0x24, 0xD7, 0x77, 0x7C, 0xEE, 0xEE, 0xEE, 0xEC, 0xFF, 0xFF, 0xFF, 0xFC,
    0xBA, 0xAA, 0xEE, 0xEE, 0xEF, 0xFF, 0xFF, 0xFF, 0xFF, 0xED, 0xE8, 0x88, 0x7A, 0x95, 0x33, 0x13,
    0x42, 0x21, 0x22, 0x22, 0x24, 0xD7, 0x47, 0xCE, 0xEE, 0xEE, 0xEE, 0xEC, 0xFF, 0xFF, 0xFF, 0xFC,
    0xCA, 0xAA, 0xEE, 0xEE, 0xEF, 0xFF, 0xFF, 0xFF, 0xFF, 0xFE, 0xF9, 0x88, 0x77, 0x88, 0x66, 0x52,
    0x11, 0x21, 0x22, 0x22, 0x47, 0xA4, 0x7C, 0xEE, 0xEE, 0xEE, 0xEE, 0xCC, 0xFF, 0xFF, 0xFF, 0xFC,
    0xCA, 0xAA, 0xEE, 0xEE, 0xEE, 0xFF, 0xFF, 0xFF, 0xFF, 0xFE, 0xFA, 0x78, 0x88, 0x89, 0xAA, 0x72,
    0x21, 0x12, 0x22, 0x22, 0x45, 0x77, 0xDE, 0xEE, 0xEE, 0xEE, 0xEE, 0xCE, 0xFF, 0xFF, 0xFF, 0xFC,
    0xCC, 0xAA, 0xEE, 0xEE, 0xEE, 0xEF, 0xFF, 0xFF, 0xFF, 0xFE, 0xFD, 0x88, 0x98, 0x88, 0x87, 0x74,
    0x22, 0x22, 0x22, 0x24, 0x44, 0x7A, 0xEE, 0xEE, 0xEE, 0xEE, 0xEE, 0xCE, 0xFF, 0xFF, 0xFF, 0xEC,
    0xCC, 0xAD, 0xEE, 0xEE, 0xEE, 0xEF, 0xFF, 0xFF, 0xFF, 0xFE, 0xFF, 0x98, 0x98, 0x77, 0x22, 0x12,
    0x12, 0x22, 0x22, 0x44, 0x24, 0xCC, 0xEE, 0xEE, 0xEE, 0xEE, 0xEE, 0xCF, 0xFF, 0xFF, 0xFF, 0xEC,
    0xCC, 0xAD, 0xEE, 0xEE, 0xEE, 0xEE, 0xFF, 0xFF, 0xFF, 0xFE, 0xFF, 0xC8, 0x98, 0x74, 0x21, 0x11,
    0x11, 0x22, 0x24, 0x53, 0x18, 0xEA, 0xCE, 0xEE, 0xEE, 0xEE, 0xEC, 0xCF, 0xFF, 0xFF, 0xFF, 0xEB,
    0xCC, 0xAD, 0xEE, 0xEE, 0xEE, 0xEE, 0xEF, 0xFF, 0xFF, 0xFE, 0xFE, 0xFA, 0x89, 0x74, 0x32, 0x11,
    0x11, 0x22, 0x45, 0x41, 0x18, 0xEC, 0xCE, 0xEE, 0xEE, 0xEE, 0xCC, 0xCF, 0xFF, 0xFF, 0xFF, 0xCB,
    0xCC, 0xAD, 0xEE, 0xEE, 0xEE, 0xEE, 0xEE, 0xFF, 0xFF, 0xFE, 0xFE, 0xFC, 0x89, 0x87, 0x44, 0x11,
    0x22, 0x44, 0x65, 0x11, 0x29, 0xEC, 0xCE, 0xEE, 0xEE, 0xEE, 0xCC, 0xCF, 0xFF, 0xFF, 0xFF, 0xCB,
    0xCC, 0xAD, 0xEE, 0xEE, 0xEE, 0xEE, 0xEE, 0xFF, 0xFF, 0xED, 0xFF, 0xFC, 0xA9, 0x88, 0x87, 0x44,
    0x45, 0x58, 0x71, 0x11, 0x2A, 0xFA, 0xCE, 0xEE, 0xEE, 0xEC, 0xCC, 0xEF, 0xFF, 0xFF, 0xFF, 0xCB,
    0xCC, 0xAD, 0xEE, 0xEE, 0xEE, 0xEE, 0xEE, 0xEF, 0xFF, 0xFF, 0xFF, 0xFD, 0x8A, 0x98, 0x88, 0x88,
    0x88, 0x98, 0x21, 0x11, 0x2A, 0xFC, 0xEE, 0xEE, 0xCC, 0xEC, 0xEC, 0xEF, 0xFF, 0xFF, 0xFF, 0xCB,
    0xCA, 0xAC, 0xEE, 0xEE, 0xEE, 0xEE, 0xCE, 0xEE, 0xFF, 0xFF, 0xFF, 0xFE, 0x8A, 0xAA, 0x99, 0xA9,
    0x98, 0x82, 0x11, 0x11, 0x2A, 0xFE, 0xEE, 0xEE, 0xEE, 0xEC, 0xCB, 0xFF, 0xFF, 0xFF, 0xFF, 0xCB,
    0xCA, 0xAA, 0xCE, 0xEC, 0xEE, 0xEE, 0xEE, 0xEE, 0xEF, 0xFF, 0xFF, 0xFE, 0x9A, 0xAA, 0x9A, 0x98,
    0x86, 0x31, 0x11, 0x12, 0x2A, 0xFE, 0xEE, 0xEE, 0xEE, 0xCC, 0xCC, 0xFF, 0xFF, 0xFF, 0xFF, 0xBB,
    0xBA, 0xDA, 0xCC, 0xCC, 0xEE, 0xEE, 0xEE, 0xEE, 0xEE, 0xFF, 0xFF, 0xFF, 0xA8, 0xAA, 0x99, 0x88,
    0x64, 0x11, 0x11, 0x12, 0x2A, 0xFE, 0xEE, 0xEE, 0xEC, 0xCC, 0xEC, 0xFF, 0xFF, 0xFF, 0xEE, 0xBB,
    0xBA, 0xDD, 0xEC, 0xCE, 0xCE, 0xEE, 0xEE, 0xEE, 0xEE, 0xFF, 0xFF, 0xFF, 0xA8, 0xAA, 0x99, 0x86,
    0x52, 0x11, 0x11, 0x12, 0x28, 0xFE, 0xEE, 0xEE, 0xEC, 0xCF, 0xEC, 0xFF, 0xFF, 0xFF, 0xEE, 0xBB,
    0xBB, 0xAD, 0xEE, 0xEC, 0xCC, 0xEE, 0xEE, 0xEE, 0xEC, 0xEF, 0xFF, 0xFF, 0xA8, 0x89, 0x98, 0x87,
    0x42, 0x22, 0x11, 0x12, 0x27, 0xFE, 0xEE, 0xEE, 0xCC, 0xEE, 0xCC, 0xFF, 0xFF, 0xFF, 0xEE, 0xBB,
    0xBB, 0xAA, 0xEE, 0xEC, 0xCC, 0xCC, 0xEE, 0xEE, 0xEE, 0xEE, 0xFF, 0xEF, 0xC8, 0x88, 0x88, 0x74,
    0x42, 0x21, 0x11, 0x22, 0x27, 0xFF, 0xEE, 0xFE, 0xCE, 0xEE, 0xBE, 0xFF, 0xFF, 0xFF, 0xEE, 0xBB,
    0xBB, 0xAA, 0xCE, 0xEE, 0xEC, 0xCC, 0xEE, 0xEE, 0xEE, 0xEE, 0xEF, 0xEF, 0xD8, 0x88, 0x87, 0x74,
    0x22, 0x21, 0x11, 0x22, 0x27, 0xFF, 0xFF, 0xFC, 0xEE, 0xEC, 0xCF, 0xFF, 0xFF, 0xFF, 0xEE, 0xBB,
    0xBB, 0xAA, 0xCE, 0xEE, 0xEE, 0xBC, 0xCE, 0xEE, 0xEE, 0xEE, 0xEE, 0xEF, 0xD8, 0x77, 0x87, 0x74,
    0x22, 0x21, 0x12, 0x22, 0x27, 0xEF, 0xFF, 0xEE, 0xFE, 0xCE, 0xCF, 0xFF, 0xFF, 0xFE, 0xEE, 0xBB,
    0xBB, 0xAA, 0xEE, 0xCE, 0xEE, 0xEB, 0xCC, 0xCE, 0xEE, 0xEE, 0xEF, 0xFF, 0xE8, 0x44, 0x77, 0x44,
    0x44, 0x11, 0x12, 0x12, 0x27, 0xEF, 0xFF, 0xEF, 0xEC, 0xCF, 0xCF, 0xFF, 0xFF, 0xFF, 0xEE, 0xBB,
    0xBB, 0xAA, 0xEE, 0xCC, 0xEE, 0xEF, 0xBC, 0xCC, 0xEE, 0xEE, 0xEF, 0xFF, 0xD8, 0x44, 0x77, 0x44,
    0x44, 0x11, 0x11, 0x22, 0x27, 0xDF, 0xFE, 0xFE, 0xCC, 0xFE, 0xCF, 0xFF, 0xFF, 0xFE, 0xEC, 0xBB,
    0xBB, 0xAA, 0xEE, 0xEC, 0xCE, 0xEE, 0xFC, 0xCE, 0xEE, 0xEE, 0xFF, 0xFF, 0xD8, 0x41, 0x47, 0x44,
    0x42, 0x11, 0x11, 0x12, 0x27, 0xDF, 0xEF, 0xFC, 0xCF, 0xEB, 0xCF, 0xFF, 0xFF, 0xFE, 0xEE, 0xCB,
    0xBC, 0xAA, 0xCE, 0xCE, 0xCC, 0xEE, 0xEF, 0xCC, 0xEE, 0xEE, 0xFF, 0xFD, 0xA8, 0x41, 0x24, 0x44,
    0x41, 0x11, 0x11, 0x12, 0x27, 0xDF, 0xEF, 0xEC, 0xFE, 0xCB, 0xEF, 0xFF, 0xFF, 0xEE, 0xEE, 0xCC,
    0xBD, 0xDA, 0xEC, 0xEE, 0xFC, 0xCE, 0xEE, 0xFC, 0xCE, 0xEF, 0xFD, 0xDA, 0xAA, 0x41, 0x14, 0x44,
    0x41, 0x11, 0x11, 0x12, 0x27, 0xDF, 0xFE, 0xCF, 0xFC, 0xCE, 0xEF, 0xFF, 0xFF, 0xEE, 0xEE, 0xCC,
    0xBA, 0xDA, 0xEE, 0xCE, 0xEF, 0xCC, 0xEE, 0xEF, 0xCC, 0xFF, 0xDA, 0xAA, 0xA9, 0x41, 0x12, 0x47,
    0x21, 0x11, 0x11, 0x12, 0x27, 0xDF, 0xFC, 0xEF, 0xCC, 0xFC, 0xEF, 0xFF, 0xFE, 0xEE, 0xEE, 0xCC,
    0xBA, 0xAA, 0xEE, 0xEC, 0xEE, 0xFC, 0xCE, 0xEE, 0xFC, 0xFD, 0xAA, 0xAA, 0xA9, 0x41, 0x12, 0x47,
    0x12, 0x11, 0x11, 0x11, 0x24, 0xDF, 0xEE, 0xFE, 0xCF, 0xEC, 0xFF, 0xEE, 0xEE, 0xEE, 0xEE, 0xCC,
    0xAD, 0xDD, 0xCE, 0xFC, 0xBE, 0xEF, 0xCC, 0xEE, 0xFF, 0xA7, 0x78, 0x87, 0x79, 0x41, 0x12, 0x72,
    0x12, 0x22, 0x11, 0x11, 0x24, 0xDF, 0xEF, 0xEC, 0xEE, 0xCB, 0xFF, 0xFE, 0xEE, 0xEE, 0xEE, 0xCC,
    0x9D, 0xDD, 0xEC, 0xEF, 0xCC, 0xEE, 0xFC, 0xCF, 0xFA, 0x88, 0x74, 0x44, 0x27, 0x41, 0x14, 0x71,
    0x12, 0x34, 0x42, 0x23, 0x34, 0xAF, 0xFF, 0xCE, 0xFC, 0xCB, 0xAD, 0xEF, 0xFE, 0xEE, 0xCE, 0xCB,
    0xBD, 0xDA, 0xEE, 0xCE, 0xFC, 0xCE, 0xEF, 0xBF, 0xD8, 0x87, 0x77, 0x44, 0x24, 0x21, 0x27, 0x41,
    0x11, 0x22, 0x21, 0x11, 0x11, 0xAF, 0xFE, 0xEF, 0xCC, 0xEB, 0x77, 0x77, 0xAE, 0xEE, 0xCC, 0xCB,
    0x9D, 0xDE, 0xCE, 0xCC, 0xEF, 0xCC, 0xEE, 0xFD, 0x87, 0x77, 0x77, 0x44, 0x44, 0x42, 0x44, 0x41,
    0x11, 0x11, 0x11, 0x11, 0x11, 0xAF, 0xFE, 0xFC, 0xCF, 0xC9, 0x77, 0x42, 0x47, 0x9C, 0xCC, 0xCB,
    0x9D, 0xFF, 0xCC, 0xFC, 0xCE, 0xFB, 0xCE, 0xD8, 0x77, 0x77, 0x44, 0x44, 0x74, 0x44, 0x44, 0x42,
    0x11, 0x11, 0x11, 0x11, 0x11, 0x8F, 0xEF, 0xEC, 0xEE, 0xB8, 0x44, 0x44, 0x44, 0x48, 0xCC, 0xCB,
    0x9E, 0xFD, 0xEC, 0xCF, 0xBC, 0xEE, 0xCD, 0x87, 0x77, 0x74, 0x44, 0x44, 0x74, 0x44, 0x44, 0x22,
    0x11, 0x11, 0x11, 0x11, 0x11, 0x7F, 0xFF, 0xCE, 0xEC, 0xC8, 0x44, 0x44, 0x44, 0x77, 0x8C, 0xCB,
    0x9C, 0xFA, 0xCE, 0xBC, 0xEB, 0xCE, 0xEA, 0x77, 0x44, 0x44, 0x44, 0x44, 0x44, 0x44, 0x42, 0x22,
    0x11, 0x11, 0x11, 0x11, 0x11, 0x7D, 0xFE, 0xCF, 0xCC, 0xC7, 0x44, 0x44, 0x44, 0x7C, 0x8A, 0xCB,
    0x9C, 0xDA, 0xCC, 0xEB, 0xEE, 0xBF, 0xA4, 0x44, 0x44, 0x44, 0x44, 0x44, 0x44, 0x22, 0x22, 0x22,
    0x21, 0x11, 0x11, 0x11, 0x11, 0x4D, 0xFE, 0xFC, 0xCE, 0xB5, 0x24, 0x44, 0x44, 0xAE, 0xB8, 0xAB,
    0x9C, 0xDA, 0xEC, 0xEC, 0xBE, 0xEA, 0x44, 0x44, 0x44, 0x44, 0x43, 0x22, 0x22, 0x22, 0x22, 0x22,
    0x21, 0x11, 0x11, 0x11, 0x11, 0x2A, 0xEF, 0xFC, 0xEC, 0xB4, 0x24, 0x44, 0x47, 0xDE, 0xCC, 0x9B,
    0x9C, 0xAA, 0xEE, 0xCE, 0xCC, 0xD7, 0x44, 0x44, 0x44, 0x44, 0x44, 0x22, 0x22, 0x22, 0x22, 0x22,
    0x21, 0x11, 0x11, 0x11, 0x11, 0x18, 0xFF, 0xEC, 0xEC, 0xC4, 0x44, 0x44, 0x47, 0xDE, 0xCC, 0xBB,
};

static const uint8_t* const coup_animdata_contessa[8] = {
    coup_animdata_contessa_f00,
    coup_animdata_contessa_f01,
    coup_animdata_contessa_f02,
    coup_animdata_contessa_f03,
    coup_animdata_contessa_f04,
    coup_animdata_contessa_f05,
    coup_animdata_contessa_f06,
    coup_animdata_contessa_f07,
};

static const uint8_t* const* const coup_animdata_all[5] = {
    coup_animdata_duke,
    coup_animdata_assassin,
    coup_animdata_captain,
    coup_animdata_ambassador,
    coup_animdata_contessa,
};

#endif /* COUP_ANIM_SPRITE_DATA_H */
