/* Generated by convert_backgrounds.py. Do not edit. */
#ifndef COUP_BG_DATA_H
#define COUP_BG_DATA_H

#include <stdint.h>

#define COUP_BG_W 512
#define COUP_BG_H 256
#define COUP_BG_VISIBLE_W 320
#define COUP_BG_VISIBLE_H 224
#define COUP_BG_SIZE 131072
#define COUP_BG_SCENE_COUNT 1

enum {
    COUP_BG_SCENE_GAME = 0,
};

/* --- game --- */
/* Saturn RGB555. Index 0 is transparent and unused. */
static const uint16_t coup_bg_pal_game[256] = {
    0x0000, 0x1D92, 0x1D0B, 0x18CA, 0x1CC8, 0x10A8, 0x14A7, 0x1CA6,
    0x1486, 0x0C87, 0x0C86, 0x1486, 0x1C84, 0x1865, 0x0865, 0x1064,
    0x1864, 0x1464, 0x1863, 0x1863, 0x1863, 0x1863, 0x1463, 0x0844,
    0x0844, 0x1443, 0x0C43, 0x1443, 0x1443, 0x1043, 0x1443, 0x1443,
    0x1443, 0x1443, 0x1043, 0x1442, 0x1442, 0x1442, 0x1042, 0x1442,
    0x1042, 0x1042, 0x1042, 0x1042, 0x0443, 0x0443, 0x0823, 0x1042,
    0x0822, 0x1042, 0x1042, 0x0C42, 0x1042, 0x1042, 0x1042, 0x1042,
    0x0C42, 0x1042, 0x1042, 0x1042, 0x1042, 0x1042, 0x1042, 0x1022,
    0x1042, 0x1042, 0x1042, 0x1042, 0x0C22, 0x0C22, 0x0C22, 0x1042,
    0x1022, 0x0C22, 0x1022, 0x0C22, 0x0C22, 0x0C22, 0x0C21, 0x0C22,
    0x0C22, 0x0C22, 0x0C22, 0x0C21, 0x0C21, 0x0C21, 0x0C22, 0x0422,
    0x0422, 0x0422, 0x0C22, 0x0422, 0x0C21, 0x0C21, 0x0C21, 0x0C21,
    0x0C21, 0x0C21, 0x0421, 0x0C21, 0x0C21, 0x0C21, 0x0C21, 0x0C21,
    0x0C21, 0x0C21, 0x0C21, 0x0C21, 0x0821, 0x0C21, 0x0C21, 0x0C21,
    0x0C21, 0x0C21, 0x0C21, 0x0C21, 0x0821, 0x0821, 0x0821, 0x0821,
    0x0821, 0x0C21, 0x0C21, 0x0821, 0x0821, 0x0C21, 0x0821, 0x0821,
    0x0821, 0x0821, 0x0821, 0x0C21, 0x0821, 0x0821, 0x0821, 0x0821,
    0x0821, 0x0821, 0x0821, 0x0821, 0x0821, 0x0821, 0x0821, 0x0821,
    0x0821, 0x0821, 0x0821, 0x0821, 0x0421, 0x0001, 0x0821, 0x0821,
    0x0821, 0x0801, 0x0821, 0x0421, 0x0401, 0x0821, 0x0821, 0x0821,
    0x0821, 0x0421, 0x0801, 0x0801, 0x0801, 0x0801, 0x0401, 0x0401,
    0x0001, 0x0801, 0x0821, 0x0801, 0x0421, 0x0401, 0x0421, 0x0401,
    0x0401, 0x0801, 0x0401, 0x0401, 0x0401, 0x0400, 0x0400, 0x0400,
    0x0400, 0x0400, 0x0400, 0x0400, 0x0400, 0x0400, 0x0400, 0x0400,
    0x0400, 0x0400, 0x0400, 0x0400, 0x0400, 0x0400, 0x0400, 0x0400,
    0x0400, 0x0400, 0x0000, 0x0400, 0x0400, 0x0400, 0x0400, 0x0400,
    0x0400, 0x0400, 0x0400, 0x0400, 0x0400, 0x0400, 0x0400, 0x0400,
    0x0000, 0x0000, 0x0000, 0x0000, 0x0000, 0x0000, 0x0400, 0x0000,
    0x0000, 0x0000, 0x0000, 0x0000, 0x0000, 0x0000, 0x0000, 0x0000,
    0x0400, 0x0000, 0x0000, 0x0000, 0x0000, 0x0000, 0x0000, 0x0000,
    0x0000, 0x0000, 0x0000, 0x0000, 0x0000, 0x0000, 0x0000, 0x0000,
    0x0000, 0x0000, 0x0000, 0x0000, 0x0000, 0x0000, 0x0000, 0x0000,
};

static const uint8_t coup_bg_tbl_game[131072] = {
    0xFB, 0xFB, 0xFB, 0xFB, 0xFA, 0xFA, 0xFA, 0xFA, 0xFA, 0xFB, 0xFB, 0xFB, 0xFB, 0xFA, 0xFA, 0xF5,
    0xF5, 0xFA, 0xF9, 0xF5, 0xFB, 0xFA, 0xF9, 0xFB, 0xFB, 0xFB, 0xF5, 0xF5, 0xF1, 0xF1, 0xF5, 0xFA,
    0xF5, 0xF5, 0xF5, 0xF1, 0xEF, 0xEF, 0xF1, 0xF0, 0xDD, 0xDB, 0xDD, 0xE6, 0xE6, 0xF3, 0xE6, 0xE3,
    0xDA, 0xD2, 0xDA, 0xEF, 0xF4, 0xDB, 0xE6, 0xE6, 0xD2, 0xD2, 0xDA, 0xD3, 0xDA, 0xD6, 0xC8, 0xD6,
    0xCF, 0xE6, 0xDB, 0xD5, 0xDA, 0xE0, 0xDF, 0xC8, 0xC8, 0xDA, 0xD2, 0xDA, 0xCF, 0xC9, 0xC7, 0xD4,
    0xD6, 0xDA, 0xBC, 0xB0, 0xC9, 0xBC, 0xC7, 0xCF, 0xCF, 0xC8, 0xC7, 0xCF, 0xDA, 0xD2, 0xC3, 0xC5,
    0xBC, 0xC5, 0xC5, 0xC7, 0xC7, 0xC7, 0xB9, 0xB4, 0xBC, 0xB0, 0xC3, 0xB0, 0xA7, 0xC3, 0xAF, 0xC7,
    0xC8, 0xC3, 0xA7, 0xC3, 0xA1, 0xB0, 0xC4, 0xC5, 0xC8, 0xB0, 0xB4, 0xA1, 0xC3, 0xBC, 0xC3, 0xCF,
    0xBC, 0xBC, 0xC8, 0xD2, 0xCC, 0xC6, 0xA1, 0x8B, 0xA7, 0xB0, 0xB0, 0xBC, 0xA7, 0x9B, 0x9B, 0x9A,
    0xB0, 0xC7, 0xB0, 0xC4, 0xA7, 0x93, 0xB0, 0xCF, 0xC9, 0xB4, 0xAF, 0xB0, 0x93, 0x9B, 0xB0, 0xA6,
    0x93, 0xB0, 0xC3, 0xB0, 0xB4, 0xA1, 0xB0, 0xBC, 0xB0, 0xB4, 0xA7, 0xA1, 0xB4, 0xC9, 0xB3, 0xA1,
    0x93, 0xBC, 0x9F, 0xA0, 0xA1, 0xAF, 0xAF, 0xB0, 0xAF, 0xC3, 0xCC, 0xD2, 0xC5, 0xBC, 0xC1, 0xAF,
    0xBC, 0xCF, 0xC3, 0xB0, 0xBC, 0xC5, 0xBC, 0xB0, 0xCF, 0xCE, 0xCC, 0xC5, 0xCF, 0xCF, 0xCF, 0xCF,
    0xCF, 0xCF, 0xC3, 0xCF, 0xBC, 0xC5, 0xC9, 0xC5, 0xBC, 0xC4, 0xC7, 0xC5, 0xDB, 0xD6, 0xCF, 0xD5,
    0xE3, 0xDA, 0xCF, 0xD2, 0xC7, 0xBB, 0xD2, 0xCF, 0xC2, 0xCF, 0xDA, 0xD2, 0xC5, 0xC8, 0xEF, 0xEF,
    0xE3, 0xC9, 0xCA, 0xE2, 0xE2, 0xCF, 0xDA, 0xE3, 0xD2, 0xD2, 0xCF, 0xDA, 0xF2, 0xDB, 0xC8, 0xDA,
    0xDA, 0xDD, 0xEF, 0xE6, 0xE6, 0xE6, 0xDC, 0xE3, 0xEF, 0xF0, 0xF0, 0xDD, 0xD2, 0xDC, 0xDD, 0xEF,
    0xF3, 0xE6, 0xDB, 0xD6, 0xDC, 0xF5, 0xFA, 0xF5, 0xDD, 0xDD, 0xDD, 0xF1, 0xEF, 0xF1, 0xF1, 0xF1,
    0xF1, 0xF1, 0xF5, 0xF5, 0xF0, 0xF1, 0xF4, 0xF0, 0xF1, 0xF4, 0xFA, 0xFA, 0xFA, 0xF9, 0xF0, 0xEF,
    0xF9, 0xFB, 0xFB, 0xFB, 0xFA, 0xFB, 0xFA, 0xFA, 0xF9, 0xF5, 0xF5, 0xF9, 0xF5, 0xFB, 0xFB, 0xFF,
    0x00, 0x00, 0x00, 0x00, 0x00, 0x00, 0x00, 0x00, 0x00, 0x00, 0x00, 0x00, 0x00, 0x00, 0x00, 0x00,
    0x00, 0x00, 0x00, 0x00, 0x00, 0x00, 0x00, 0x00, 0x00, 0x00, 0x00, 0x00, 0x00, 0x00, 0x00, 0x00,
    0x00, 0x00, 0x00, 0x00, 0x00, 0x00, 0x00, 0x00, 0x00, 0x00, 0x00, 0x00, 0x00, 0x00, 0x00, 0x00,
    0x00, 0x00, 0x00, 0x00, 0x00, 0x00, 0x00, 0x00, 0x00, 0x00, 0x00, 0x00, 0x00, 0x00, 0x00, 0x00,
    0x00, 0x00, 0x00, 0x00, 0x00, 0x00, 0x00, 0x00, 0x00, 0x00, 0x00, 0x00, 0x00, 0x00, 0x00, 0x00,
    0x00, 0x00, 0x00, 0x00, 0x00, 0x00, 0x00, 0x00, 0x00, 0x00, 0x00, 0x00, 0x00, 0x00, 0x00, 0x00,
    0x00, 0x00, 0x00, 0x00, 0x00, 0x00, 0x00, 0x00, 0x00, 0x00, 0x00, 0x00, 0x00, 0x00, 0x00, 0x00,
    0x00, 0x00, 0x00, 0x00, 0x00, 0x00, 0x00, 0x00, 0x00, 0x00, 0x00, 0x00, 0x00, 0x00, 0x00, 0x00,
    0x00, 0x00, 0x00, 0x00, 0x00, 0x00, 0x00, 0x00, 0x00, 0x00, 0x00, 0x00, 0x00, 0x00, 0x00, 0x00,
    0x00, 0x00, 0x00, 0x00, 0x00, 0x00, 0x00, 0x00, 0x00, 0x00, 0x00, 0x00, 0x00, 0x00, 0x00, 0x00,
    0x00, 0x00, 0x00, 0x00, 0x00, 0x00, 0x00, 0x00, 0x00, 0x00, 0x00, 0x00, 0x00, 0x00, 0x00, 0x00,
    0x00, 0x00, 0x00, 0x00, 0x00, 0x00, 0x00, 0x00, 0x00, 0x00, 0x00, 0x00, 0x00, 0x00, 0x00, 0x00,
    0xFF, 0xFB, 0xFA, 0xF1, 0xF1, 0xF9, 0xF9, 0xF5, 0xF5, 0xF5, 0xF5, 0xF5, 0xF6, 0xF1, 0xF5, 0xFA,
    0xF5, 0xF5, 0xEF, 0xEF, 0xF1, 0xFA, 0xFB, 0xFA, 0xFA, 0xFB, 0xF4, 0xDB, 0xEF, 0xEF, 0xDD, 0xF5,
    0xF5, 0xEF, 0xF1, 0xF5, 0xEF, 0xDB, 0xDD, 0xD8, 0xDB, 0xE6, 0xF1, 0xDB, 0xCF, 0xDA, 0xDF, 0xDA,
    0xDF, 0xD6, 0xDA, 0xDA, 0xDB, 0xCF, 0xDA, 0xE3, 0xD2, 0xC7, 0xC8, 0xD5, 0xD6, 0xE0, 0xD6, 0xBC,
    0xBC, 0xCF, 0xC8, 0xCF, 0xCF, 0xDA, 0xE2, 0xDA, 0xC7, 0xCC, 0xCF, 0xCF, 0xC3, 0xB4, 0xC7, 0xC7,
    0xC3, 0xC7, 0xBC, 0xB0, 0xB0, 0xAF, 0xC7, 0xD5, 0xE3, 0xD2, 0xC7, 0xC3, 0xC7, 0xC3, 0xAE, 0xA7,
    0xB4, 0xC9, 0xD2, 0xC8, 0xC7, 0xA1, 0x9A, 0x8B, 0xB0, 0xC3, 0xC8, 0xC7, 0xC7, 0xB0, 0x9B, 0xBC,
    0xC3, 0xB4, 0x9B, 0x89, 0x93, 0xCF, 0xD6, 0xC9, 0xC3, 0x8B, 0x8B, 0x93, 0xB0, 0xD2, 0xC7, 0xCF,
    0xBC, 0xA7, 0xC3, 0xC3, 0xA1, 0x8B, 0x9B, 0xB4, 0xC3, 0x9A, 0xA1, 0x9B, 0x93, 0x93, 0x89, 0x89,
    0xA7, 0xD2, 0xB0, 0xAF, 0xA7, 0xC8, 0xC3, 0xB0, 0x93, 0x93, 0xC3, 0xC3, 0x93, 0x8B, 0x74, 0x74,
    0x6C, 0x9B, 0x9A, 0xBB, 0xB0, 0xA0, 0x8B, 0xA1, 0xB0, 0x9B, 0x93, 0xA1, 0xBC, 0x9A, 0x93, 0xAF,
    0x89, 0x89, 0x89, 0x89, 0x8B, 0xBC, 0xC7, 0xB4, 0xA1, 0xC3, 0xB0, 0xB0, 0xBC, 0x93, 0x9B, 0xC5,
    0xC5, 0xBC, 0xB0, 0xA0, 0x92, 0x9A, 0xAF, 0xAF, 0xCE, 0xD6, 0xC5, 0xB0, 0xBC, 0xC7, 0xCF, 0xC3,
    0xA0, 0x93, 0xC3, 0xDA, 0xC7, 0xBC, 0xA1, 0xAD, 0xAE, 0xB0, 0xBC, 0xCF, 0xDA, 0xD2, 0xB4, 0xB4,
    0xCF, 0xCF, 0xB9, 0xB0, 0xB0, 0xC3, 0xD5, 0xE3, 0xD6, 0xBC, 0xC5, 0xBC, 0xC1, 0xC5, 0xC7, 0xDB,
    0xD6, 0xD5, 0xD2, 0xD2, 0xDA, 0xCF, 0xC3, 0xC7, 0xD6, 0xDB, 0xE3, 0xDE, 0xCF, 0xC9, 0xC4, 0xC3,
    0xC7, 0xE6, 0xEA, 0xDC, 0xC8, 0xDF, 0xE6, 0xDC, 0xD8, 0xDA, 0xCF, 0xDB, 0xE6, 0xE6, 0xDD, 0xE6,
    0xD0, 0xCF, 0xD6, 0xE0, 0xE3, 0xEF, 0xE6, 0xDC, 0xD8, 0xF1, 0xF0, 0xDB, 0xDB, 0xEF, 0xF4, 0xDB,
    0xE6, 0xE3, 0xDC, 0xF4, 0xF1, 0xDC, 0xF4, 0xF4, 0xEF, 0xF0, 0xF1, 0xF5, 0xF1, 0xF9, 0xF0, 0xE3,
    0xF4, 0xF5, 0xF5, 0xFA, 0xFB, 0xF9, 0xF5, 0xF5, 0xF9, 0xF3, 0xF4, 0xF4, 0xF0, 0xF9, 0xFA, 0xFF,
    0x00, 0x00, 0x00, 0x00, 0x00, 0x00, 0x00, 0x00, 0x00, 0x00, 0x00, 0x00, 0x00, 0x00, 0x00, 0x00,
    0x00, 0x00, 0x00, 0x00, 0x00, 0x00, 0x00, 0x00, 0x00, 0x00, 0x00, 0x00, 0x00, 0x00, 0x00, 0x00,
    0x00, 0x00, 0x00, 0x00, 0x00, 0x00, 0x00, 0x00, 0x00, 0x00, 0x00, 0x00, 0x00, 0x00, 0x00, 0x00,
    0x00, 0x00, 0x00, 0x00, 0x00, 0x00, 0x00, 0x00, 0x00, 0x00, 0x00, 0x00, 0x00, 0x00, 0x00, 0x00,
    0x00, 0x00, 0x00, 0x00, 0x00, 0x00, 0x00, 0x00, 0x00, 0x00, 0x00, 0x00, 0x00, 0x00, 0x00, 0x00,
    0x00, 0x00, 0x00, 0x00, 0x00, 0x00, 0x00, 0x00, 0x00, 0x00, 0x00, 0x00, 0x00, 0x00, 0x00, 0x00,
    0x00, 0x00, 0x00, 0x00, 0x00, 0x00, 0x00, 0x00, 0x00, 0x00, 0x00, 0x00, 0x00, 0x00, 0x00, 0x00,
    0x00, 0x00, 0x00, 0x00, 0x00, 0x00, 0x00, 0x00, 0x00, 0x00, 0x00, 0x00, 0x00, 0x00, 0x00, 0x00,
    0x00, 0x00, 0x00, 0x00, 0x00, 0x00, 0x00, 0x00, 0x00, 0x00, 0x00, 0x00, 0x00, 0x00, 0x00, 0x00,
    0x00, 0x00, 0x00, 0x00, 0x00, 0x00, 0x00, 0x00, 0x00, 0x00, 0x00, 0x00, 0x00, 0x00, 0x00, 0x00,
    0x00, 0x00, 0x00, 0x00, 0x00, 0x00, 0x00, 0x00, 0x00, 0x00, 0x00, 0x00, 0x00, 0x00, 0x00, 0x00,
    0x00, 0x00, 0x00, 0x00, 0x00, 0x00, 0x00, 0x00, 0x00, 0x00, 0x00, 0x00, 0x00, 0x00, 0x00, 0x00,
    0xFF, 0xFA, 0xF4, 0xF1, 0xF9, 0xFF, 0xFF, 0xFF, 0xFF, 0xFF, 0xFF, 0xFF, 0xFF, 0xFF, 0xFF, 0xFF,
    0xFF, 0xFF, 0xFC, 0xFD, 0xFC, 0xFF, 0xFE, 0xF9, 0xF9, 0xF9, 0xF9, 0xEF, 0xEF, 0xF0, 0xF4, 0xF4,
    0xF2, 0xEF, 0xEF, 0xDB, 0xDB, 0xD8, 0xD8, 0xD8, 0xD8, 0xEF, 0xDB, 0xD2, 0xD2, 0xD9, 0xC9, 0xC8,
    0xDA, 0xE2, 0xCA, 0xD2, 0xD2, 0xDA, 0xD2, 0xD5, 0xD5, 0xC8, 0xD8, 0xD2, 0xC9, 0xD5, 0xD2, 0xB0,
    0xB4, 0xC8, 0xC3, 0xD8, 0xCA, 0xD9, 0xCA, 0xC8, 0xC8, 0xC3, 0xC3, 0xC7, 0xC3, 0xC3, 0xC3, 0xA7,
    0xB4, 0xB4, 0xA7, 0xB4, 0xA7, 0xC6, 0xC3, 0xC8, 0xD2, 0xD9, 0xB4, 0xA7, 0xA1, 0xA7, 0xC3, 0xB0,
    0xB4, 0xB4, 0xC6, 0xC6, 0xB4, 0x93, 0x9B, 0x89, 0x9B, 0xB0, 0xA7, 0xC6, 0xC3, 0x9B, 0xA1, 0x9B,
    0x93, 0xA7, 0x93, 0x93, 0xA7, 0xA1, 0xB4, 0xA7, 0x9B, 0x93, 0x6C, 0x93, 0x89, 0xA7, 0xB4, 0xB4,
    0xA7, 0xB4, 0x9B, 0x89, 0x93, 0x89, 0x93, 0xA7, 0x9B, 0x78, 0x93, 0x8B, 0x6C, 0x6C, 0x78, 0x6C,
    0x78, 0xA7, 0xA7, 0x9B, 0xA7, 0xB4, 0xC4, 0x9B, 0x9B, 0x93, 0x93, 0x93, 0x93, 0x78, 0x56, 0x78,
    0x8B, 0x6C, 0x8B, 0xA7, 0xA7, 0x93, 0x93, 0x78, 0x9B, 0x9B, 0x8B, 0x93, 0x93, 0x9B, 0x93, 0x93,
    0x93, 0x6C, 0x78, 0x78, 0x8B, 0x93, 0xB4, 0xA7, 0x9B, 0xA7, 0x93, 0x8B, 0x93, 0x9B, 0xA7, 0xA7,
    0x8B, 0x9B, 0x93, 0x9B, 0x93, 0x61, 0x93, 0xB4, 0xB4, 0xC6, 0xD2, 0xB4, 0xA7, 0x93, 0xB0, 0xA7,
    0x93, 0xA7, 0xB0, 0xA7, 0xC8, 0xA7, 0x93, 0x9B, 0x9B, 0xA1, 0xB0, 0xD8, 0xD9, 0xC6, 0xA7, 0xB0,
    0x9B, 0xA7, 0xA7, 0x93, 0xB4, 0xC3, 0xC8, 0xE2, 0xCA, 0xB4, 0xB4, 0xA7, 0xC8, 0xA7, 0xA7, 0xD8,
    0xC6, 0xC8, 0xB4, 0xB0, 0xC6, 0xCA, 0xC8, 0xB4, 0xD2, 0xDB, 0xD2, 0xC8, 0xC9, 0xC8, 0xC8, 0xC6,
    0xC8, 0xCF, 0xDC, 0xD2, 0xC8, 0xC8, 0xC3, 0xD2, 0xDB, 0xD8, 0xC8, 0xE5, 0xD8, 0xDB, 0xE6, 0xDA,
    0xD5, 0xD2, 0xD5, 0xD2, 0xD5, 0xE5, 0xC9, 0xC8, 0xDB, 0xDB, 0xDB, 0xDB, 0xDB, 0xEF, 0xEF, 0xDB,
    0xE6, 0xDA, 0xE3, 0xEF, 0xEF, 0xF2, 0xF4, 0xF9, 0xF9, 0xFB, 0xFB, 0xFE, 0xFC, 0xFC, 0xFE, 0xF8,
    0xFC, 0xF8, 0xFD, 0xFE, 0xFE, 0xFF, 0xFF, 0xFF, 0xFE, 0xFE, 0xFE, 0xF4, 0xEB, 0xEB, 0xF0, 0xF9,
    0x00, 0x00, 0x00, 0x00, 0x00, 0x00, 0x00, 0x00, 0x00, 0x00, 0x00, 0x00, 0x00, 0x00, 0x00, 0x00,
    0x00, 0x00, 0x00, 0x00, 0x00, 0x00, 0x00, 0x00, 0x00, 0x00, 0x00, 0x00, 0x00, 0x00, 0x00, 0x00,
    0x00, 0x00, 0x00, 0x00, 0x00, 0x00, 0x00, 0x00, 0x00, 0x00, 0x00, 0x00, 0x00, 0x00, 0x00, 0x00,
    0x00, 0x00, 0x00, 0x00, 0x00, 0x00, 0x00, 0x00, 0x00, 0x00, 0x00, 0x00, 0x00, 0x00, 0x00, 0x00,
    0x00, 0x00, 0x00, 0x00, 0x00, 0x00, 0x00, 0x00, 0x00, 0x00, 0x00, 0x00, 0x00, 0x00, 0x00, 0x00,
    0x00, 0x00, 0x00, 0x00, 0x00, 0x00, 0x00, 0x00, 0x00, 0x00, 0x00, 0x00, 0x00, 0x00, 0x00, 0x00,
    0x00, 0x00, 0x00, 0x00, 0x00, 0x00, 0x00, 0x00, 0x00, 0x00, 0x00, 0x00, 0x00, 0x00, 0x00, 0x00,
    0x00, 0x00, 0x00, 0x00, 0x00, 0x00, 0x00, 0x00, 0x00, 0x00, 0x00, 0x00, 0x00, 0x00, 0x00, 0x00,
    0x00, 0x00, 0x00, 0x00, 0x00, 0x00, 0x00, 0x00, 0x00, 0x00, 0x00, 0x00, 0x00, 0x00, 0x00, 0x00,
    0x00, 0x00, 0x00, 0x00, 0x00, 0x00, 0x00, 0x00, 0x00, 0x00, 0x00, 0x00, 0x00, 0x00, 0x00, 0x00,
    0x00, 0x00, 0x00, 0x00, 0x00, 0x00, 0x00, 0x00, 0x00, 0x00, 0x00, 0x00, 0x00, 0x00, 0x00, 0x00,
    0x00, 0x00, 0x00, 0x00, 0x00, 0x00, 0x00, 0x00, 0x00, 0x00, 0x00, 0x00, 0x00, 0x00, 0x00, 0x00,
    0xFB, 0xF9, 0xF5, 0xF9, 0xFE, 0xA8, 0x62, 0x95, 0x59, 0x58, 0x59, 0x59, 0x59, 0x59, 0x59, 0x59,
    0x59, 0x62, 0x59, 0x57, 0x59, 0x62, 0x95, 0x95, 0x95, 0x95, 0x95, 0xA8, 0xA8, 0xA8, 0xCA, 0xCA,
    0xF4, 0xEF, 0xCA, 0xDB, 0xCA, 0xA8, 0xA8, 0xC8, 0xCA, 0xCA, 0xC8, 0xC8, 0xC6, 0x9C, 0xB4, 0xB4,
    0xB4, 0xB4, 0xB4, 0x9C, 0x9C, 0x9C, 0x9C, 0x94, 0x9C, 0x9C, 0x9C, 0x94, 0x9C, 0x9C, 0x94, 0x94,
    0x94, 0x94, 0x94, 0x94, 0x94, 0x94, 0x94, 0x5B, 0x94, 0x62, 0x5B, 0x5B, 0x5B, 0x94, 0x94, 0x5B,
    0x5B, 0x5B, 0x93, 0x93, 0x93, 0xA7, 0x94, 0x94, 0x93, 0x93, 0x5B, 0x6C, 0x30, 0x59, 0x5B, 0x5B,
    0x94, 0xA7, 0xA7, 0x94, 0x9B, 0x8B, 0x93, 0x6C, 0x78, 0x78, 0x78, 0x93, 0x93, 0x78, 0x93, 0x78,
    0x8B, 0x8B, 0x93, 0x9B, 0xAE, 0xAE, 0xAE, 0xAE, 0xAC, 0xAD, 0x92, 0xAB, 0x8B, 0x93, 0x93, 0x93,
    0x78, 0x9B, 0x93, 0x6C, 0x8B, 0x8B, 0x93, 0x6C, 0x89, 0x93, 0x89, 0x89, 0x89, 0x61, 0x89, 0x6C,
    0x46, 0x46, 0x46, 0x6C, 0x6C, 0x6C, 0x93, 0x93, 0x8B, 0x8B, 0x8B, 0x46, 0x89, 0x9F, 0x84, 0x38,
    0x46, 0x6C, 0x6C, 0x6C, 0x78, 0x6C, 0x6C, 0x46, 0x46, 0x46, 0x46, 0x30, 0x30, 0x6C, 0x6C, 0x6C,
    0x6C, 0x6C, 0x6C, 0x78, 0x78, 0x6C, 0x78, 0x6C, 0x6C, 0x6C, 0x6C, 0x6C, 0x6C, 0x6C, 0x93, 0x89,
    0x89, 0x78, 0x78, 0x78, 0x93, 0x89, 0xA0, 0xAE, 0xA1, 0xB0, 0xCB, 0xBA, 0xB0, 0x93, 0xA1, 0xB0,
    0xB0, 0xBA, 0xD0, 0xB5, 0xBD, 0xA0, 0xA1, 0x9B, 0xAC, 0xB0, 0xB0, 0xB4, 0xC3, 0xB4, 0xA7, 0xB0,
    0x9B, 0xA7, 0x9B, 0x93, 0x93, 0xB4, 0xCC, 0xC7, 0xCB, 0xD0, 0xC3, 0xBD, 0xD0, 0xC5, 0xBD, 0xCC,
    0xC3, 0xB4, 0xA7, 0xB4, 0xB0, 0xC3, 0xC3, 0xC6, 0xC3, 0xB4, 0xC3, 0xB4, 0xB4, 0xA7, 0xB4, 0xA7,
    0xC3, 0xC8, 0xC8, 0xD2, 0xD2, 0xC8, 0xBB, 0xCC, 0xD6, 0xD6, 0xD8, 0xD8, 0xC6, 0xC8, 0xEA, 0xDC,
    0xD6, 0xD3, 0xDA, 0xCC, 0xCE, 0xDC, 0xD2, 0xC6, 0xCA, 0xA8, 0xA8, 0xCA, 0xD8, 0xDD, 0xF7, 0xFD,
    0xCA, 0xCA, 0xCA, 0xDB, 0xA8, 0x95, 0x95, 0x62, 0x95, 0x95, 0x95, 0x62, 0x62, 0x95, 0x95, 0x62,
    0x95, 0x95, 0x95, 0x95, 0x95, 0x95, 0x59, 0x59, 0x95, 0x59, 0x95, 0xF8, 0xF3, 0xEA, 0xF0, 0xFA,
    0x00, 0x00, 0x00, 0x00, 0x00, 0x00, 0x00, 0x00, 0x00, 0x00, 0x00, 0x00, 0x00, 0x00, 0x00, 0x00,
    0x00, 0x00, 0x00, 0x00, 0x00, 0x00, 0x00, 0x00, 0x00, 0x00, 0x00, 0x00, 0x00, 0x00, 0x00, 0x00,
    0x00, 0x00, 0x00, 0x00, 0x00, 0x00, 0x00, 0x00, 0x00, 0x00, 0x00, 0x00, 0x00, 0x00, 0x00, 0x00,
    0x00, 0x00, 0x00, 0x00, 0x00, 0x00, 0x00, 0x00, 0x00, 0x00, 0x00, 0x00, 0x00, 0x00, 0x00, 0x00,
    0x00, 0x00, 0x00, 0x00, 0x00, 0x00, 0x00, 0x00, 0x00, 0x00, 0x00, 0x00, 0x00, 0x00, 0x00, 0x00,
    0x00, 0x00, 0x00, 0x00, 0x00, 0x00, 0x00, 0x00, 0x00, 0x00, 0x00, 0x00, 0x00, 0x00, 0x00, 0x00,
    0x00, 0x00, 0x00, 0x00, 0x00, 0x00, 0x00, 0x00, 0x00, 0x00, 0x00, 0x00, 0x00, 0x00, 0x00, 0x00,
    0x00, 0x00, 0x00, 0x00, 0x00, 0x00, 0x00, 0x00, 0x00, 0x00, 0x00, 0x00, 0x00, 0x00, 0x00, 0x00,
    0x00, 0x00, 0x00, 0x00, 0x00, 0x00, 0x00, 0x00, 0x00, 0x00, 0x00, 0x00, 0x00, 0x00, 0x00, 0x00,
    0x00, 0x00, 0x00, 0x00, 0x00, 0x00, 0x00, 0x00, 0x00, 0x00, 0x00, 0x00, 0x00, 0x00, 0x00, 0x00,
    0x00, 0x00, 0x00, 0x00, 0x00, 0x00, 0x00, 0x00, 0x00, 0x00, 0x00, 0x00, 0x00, 0x00, 0x00, 0x00,
    0x00, 0x00, 0x00, 0x00, 0x00, 0x00, 0x00, 0x00, 0x00, 0x00, 0x00, 0x00, 0x00, 0x00, 0x00, 0x00,
    0xFB, 0xF4, 0xF9, 0xFB, 0xFB, 0x58, 0x95, 0x95, 0xA8, 0xDB, 0x62, 0x59, 0x59, 0x58, 0x62, 0xCA,
    0xA8, 0x62, 0x62, 0xA8, 0x58, 0x57, 0x2C, 0x17, 0x58, 0x2C, 0x17, 0x2C, 0x57, 0xEF, 0xF4, 0x17,
    0x09, 0x2C, 0x58, 0x2C, 0x2D, 0x2C, 0x2C, 0x2C, 0x2C, 0x2C, 0x2C, 0x2C, 0x2C, 0x2C, 0x17, 0x2C,
    0x2C, 0x17, 0x17, 0x17, 0x17, 0x17, 0x17, 0x17, 0x17, 0x17, 0x17, 0x17, 0x17, 0x17, 0x17, 0x17,
    0x17, 0x0E, 0x0E, 0x17, 0x0E, 0x0E, 0x17, 0x17, 0x17, 0x17, 0x17, 0x0E, 0x0E, 0x0E, 0x17, 0x0E,
    0x0E, 0x17, 0x0E, 0x0E, 0x0E, 0x0E, 0x0E, 0x0E, 0x0E, 0x0E, 0x0E, 0x0E, 0x0E, 0x0E, 0x0E, 0x0E,
    0x0E, 0x0E, 0x0E, 0x0E, 0x0E, 0x0E, 0x09, 0x09, 0x0E, 0x09, 0x09, 0x09, 0x09, 0x09, 0x09, 0x0E,
    0x0A, 0x09, 0x09, 0x09, 0x09, 0x0E, 0x09, 0x09, 0x09, 0x09, 0x09, 0x09, 0x09, 0x09, 0x09, 0x09,
    0x09, 0x09, 0x09, 0x09, 0x09, 0x09, 0x09, 0x09, 0x09, 0x09, 0x09, 0x09, 0x09, 0x09, 0x09, 0x09,
    0x09, 0x09, 0x09, 0x09, 0x09, 0x05, 0x09, 0x09, 0x05, 0x09, 0x09, 0x05, 0x05, 0x09, 0x09, 0x05,
    0x09, 0x09, 0x05, 0x09, 0x09, 0x09, 0x09, 0x09, 0x05, 0x05, 0x09, 0x09, 0x09, 0x09, 0x09, 0x09,
    0x05, 0x09, 0x09, 0x09, 0x09, 0x09, 0x09, 0x09, 0x0E, 0x09, 0x09, 0x09, 0x09, 0x09, 0x09, 0x0E,
    0x09, 0x09, 0x0E, 0x09, 0x09, 0x09, 0x09, 0x09, 0x09, 0x09, 0x09, 0x09, 0x09, 0x09, 0x09, 0x09,
    0x09, 0x09, 0x0E, 0x0E, 0x09, 0x09, 0x09, 0x09, 0x09, 0x0E, 0x0E, 0x0E, 0x0E, 0x0E, 0x0E, 0x0E,
    0x0E, 0x0E, 0x0E, 0x0E, 0x0E, 0x0E, 0x0E, 0x0E, 0x0E, 0x0E, 0x0E, 0x09, 0x0E, 0x17, 0x17, 0x0E,
    0x17, 0x17, 0x0E, 0x0E, 0x17, 0x17, 0x17, 0x17, 0x17, 0x17, 0x17, 0x17, 0x17, 0x17, 0x17, 0x17,
    0x17, 0x17, 0x17, 0x17, 0x17, 0x17, 0x17, 0x17, 0x17, 0x17, 0x17, 0x17, 0x17, 0x17, 0x2C, 0x2C,
    0x17, 0x17, 0x17, 0x17, 0x17, 0x2C, 0x2C, 0x2C, 0x2C, 0x2C, 0x2C, 0x2C, 0x2C, 0x2C, 0x2C, 0x02,
    0x17, 0xFB, 0xF1, 0x2D, 0x2C, 0x2C, 0x58, 0x17, 0x0E, 0x17, 0x17, 0x58, 0xEF, 0x95, 0x95, 0xDB,
    0xA8, 0x95, 0x95, 0x95, 0x95, 0x95, 0xCA, 0xA8, 0x95, 0x95, 0x57, 0xFD, 0xF1, 0xE6, 0xF5, 0xFB,
    0x00, 0x00, 0x00, 0x00, 0x00, 0x00, 0x00, 0x00, 0x00, 0x00, 0x00, 0x00, 0x00, 0x00, 0x00, 0x00,
    0x00, 0x00, 0x00, 0x00, 0x00, 0x00, 0x00, 0x00, 0x00, 0x00, 0x00, 0x00, 0x00, 0x00, 0x00, 0x00,
    0x00, 0x00, 0x00, 0x00, 0x00, 0x00, 0x00, 0x00, 0x00, 0x00, 0x00, 0x00, 0x00, 0x00, 0x00, 0x00,
    0x00, 0x00, 0x00, 0x00, 0x00, 0x00, 0x00, 0x00, 0x00, 0x00, 0x00, 0x00, 0x00, 0x00, 0x00, 0x00,
    0x00, 0x00, 0x00, 0x00, 0x00, 0x00, 0x00, 0x00, 0x00, 0x00, 0x00, 0x00, 0x00, 0x00, 0x00, 0x00,
    0x00, 0x00, 0x00, 0x00, 0x00, 0x00, 0x00, 0x00, 0x00, 0x00, 0x00, 0x00, 0x00, 0x00, 0x00, 0x00,
    0x00, 0x00, 0x00, 0x00, 0x00, 0x00, 0x00, 0x00, 0x00, 0x00, 0x00, 0x00, 0x00, 0x00, 0x00, 0x00,
    0x00, 0x00, 0x00, 0x00, 0x00, 0x00, 0x00, 0x00, 0x00, 0x00, 0x00, 0x00, 0x00, 0x00, 0x00, 0x00,
    0x00, 0x00, 0x00, 0x00, 0x00, 0x00, 0x00, 0x00, 0x00, 0x00, 0x00, 0x00, 0x00, 0x00, 0x00, 0x00,
    0x00, 0x00, 0x00, 0x00, 0x00, 0x00, 0x00, 0x00, 0x00, 0x00, 0x00, 0x00, 0x00, 0x00, 0x00, 0x00,
    0x00, 0x00, 0x00, 0x00, 0x00, 0x00, 0x00, 0x00, 0x00, 0x00, 0x00, 0x00, 0x00, 0x00, 0x00, 0x00,
    0x00, 0x00, 0x00, 0x00, 0x00, 0x00, 0x00, 0x00, 0x00, 0x00, 0x00, 0x00, 0x00, 0x00, 0x00, 0x00,
    0xFE, 0xFB, 0xF5, 0xF9, 0xFB, 0x62, 0xA8, 0x09, 0x57, 0x09, 0x0E, 0x2C, 0x17, 0x17, 0x17, 0x17,
    0x2C, 0x57, 0x17, 0x17, 0x2D, 0x57, 0x57, 0x0E, 0x02, 0x0A, 0x95, 0x02, 0x03, 0xFF, 0xEF, 0xA8,
    0x57, 0x95, 0xA8, 0x95, 0x95, 0x95, 0x95, 0x95, 0x95, 0x95, 0x95, 0x95, 0x95, 0x95, 0x62, 0x95,
    0x95, 0x62, 0x62, 0x62, 0x62, 0x5B, 0x62, 0x62, 0x59, 0x62, 0x62, 0x62, 0x62, 0x5B, 0x59, 0x59,
    0x59, 0x58, 0x57, 0x59, 0x58, 0x58, 0x5B, 0x62, 0x58, 0x58, 0x58, 0x58, 0x58, 0x58, 0x58, 0x58,
    0x58, 0x58, 0x58, 0x58, 0x58, 0x58, 0x58, 0x58, 0x58, 0x57, 0x57, 0x58, 0x30, 0x2E, 0x2E, 0x57,
    0x2E, 0x57, 0x2E, 0x2E, 0x2E, 0x2E, 0x30, 0x1A, 0x30, 0x2E, 0x30, 0x2E, 0x2E, 0x30, 0x30, 0x30,
    0x30, 0x18, 0x2D, 0x2E, 0x2D, 0x2E, 0x2E, 0x30, 0x30, 0x30, 0x1A, 0x1A, 0x30, 0x30, 0x30, 0x2D,
    0x2D, 0x1A, 0x2D, 0x30, 0x1A, 0x1A, 0x2D, 0x18, 0x18, 0x18, 0x18, 0x18, 0x18, 0x18, 0x18, 0x18,
    0x1A, 0x18, 0x18, 0x2D, 0x2D, 0x18, 0x2D, 0x2D, 0x18, 0x18, 0x18, 0x18, 0x18, 0x18, 0x18, 0x18,
    0x18, 0x1A, 0x18, 0x1A, 0x30, 0x1A, 0x18, 0x18, 0x18, 0x18, 0x18, 0x2D, 0x18, 0x18, 0x2D, 0x2D,
    0x18, 0x18, 0x18, 0x18, 0x18, 0x1A, 0x2D, 0x2D, 0x2D, 0x1A, 0x1A, 0x2D, 0x30, 0x30, 0x30, 0x2E,
    0x2D, 0x2D, 0x2D, 0x2D, 0x1A, 0x2D, 0x2D, 0x1A, 0x2D, 0x2D, 0x18, 0x18, 0x2E, 0x2D, 0x2D, 0x2D,
    0x2D, 0x2D, 0x2D, 0x2E, 0x2D, 0x2E, 0x2E, 0x2E, 0x18, 0x2E, 0x2E, 0x30, 0x2E, 0x2E, 0x30, 0x2E,
    0x2E, 0x2E, 0x2E, 0x57, 0x57, 0x57, 0x58, 0x59, 0x57, 0x57, 0x58, 0x2E, 0x59, 0x5B, 0x59, 0x58,
    0x58, 0x58, 0x58, 0x58, 0x59, 0x59, 0x58, 0x5B, 0x59, 0x58, 0x58, 0x62, 0x59, 0x5B, 0x59, 0x62,
    0x62, 0x5B, 0x59, 0x59, 0x5B, 0x5B, 0x59, 0x5B, 0x62, 0x62, 0x62, 0x62, 0x62, 0x62, 0x62, 0x62,
    0x95, 0x62, 0x62, 0x62, 0x62, 0x62, 0x95, 0x95, 0x95, 0x95, 0x95, 0x95, 0x95, 0xA8, 0x58, 0x0E,
    0xCA, 0xF0, 0xFE, 0x02, 0x03, 0x95, 0x02, 0x03, 0x17, 0x17, 0x17, 0x2C, 0x17, 0x0E, 0x58, 0x2C,
    0x0E, 0x17, 0x2D, 0x62, 0x2C, 0x17, 0x0E, 0x59, 0x09, 0x95, 0x62, 0xF9, 0xE6, 0xF1, 0xF9, 0xFB,
    0x00, 0x00, 0x00, 0x00, 0x00, 0x00, 0x00, 0x00, 0x00, 0x00, 0x00, 0x00, 0x00, 0x00, 0x00, 0x00,
    0x00, 0x00, 0x00, 0x00, 0x00, 0x00, 0x00, 0x00, 0x00, 0x00, 0x00, 0x00, 0x00, 0x00, 0x00, 0x00,
    0x00, 0x00, 0x00, 0x00, 0x00, 0x00, 0x00, 0x00, 0x00, 0x00, 0x00, 0x00, 0x00, 0x00, 0x00, 0x00,
    0x00, 0x00, 0x00, 0x00, 0x00, 0x00, 0x00, 0x00, 0x00, 0x00, 0x00, 0x00, 0x00, 0x00, 0x00, 0x00,
    0x00, 0x00, 0x00, 0x00, 0x00, 0x00, 0x00, 0x00, 0x00, 0x00, 0x00, 0x00, 0x00, 0x00, 0x00, 0x00,
    0x00, 0x00, 0x00, 0x00, 0x00, 0x00, 0x00, 0x00, 0x00, 0x00, 0x00, 0x00, 0x00, 0x00, 0x00, 0x00,
    0x00, 0x00, 0x00, 0x00, 0x00, 0x00, 0x00, 0x00, 0x00, 0x00, 0x00, 0x00, 0x00, 0x00, 0x00, 0x00,
    0x00, 0x00, 0x00, 0x00, 0x00, 0x00, 0x00, 0x00, 0x00, 0x00, 0x00, 0x00, 0x00, 0x00, 0x00, 0x00,
    0x00, 0x00, 0x00, 0x00, 0x00, 0x00, 0x00, 0x00, 0x00, 0x00, 0x00, 0x00, 0x00, 0x00, 0x00, 0x00,
    0x00, 0x00, 0x00, 0x00, 0x00, 0x00, 0x00, 0x00, 0x00, 0x00, 0x00, 0x00, 0x00, 0x00, 0x00, 0x00,
    0x00, 0x00, 0x00, 0x00, 0x00, 0x00, 0x00, 0x00, 0x00, 0x00, 0x00, 0x00, 0x00, 0x00, 0x00, 0x00,
    0x00, 0x00, 0x00, 0x00, 0x00, 0x00, 0x00, 0x00, 0x00, 0x00, 0x00, 0x00, 0x00, 0x00, 0x00, 0x00,
    0xFE, 0xFB, 0xF9, 0xF9, 0xFB, 0x57, 0xEF, 0x17, 0x03, 0x0E, 0x18, 0x17, 0x18, 0x2C, 0x95, 0x58,
    0x09, 0x2C, 0x95, 0x09, 0x2C, 0x02, 0x02, 0x2C, 0x01, 0x2D, 0xFE, 0x05, 0x62, 0xF8, 0xE6, 0xFD,
    0xFD, 0xDC, 0xFD, 0xFD, 0xEC, 0xEC, 0xFD, 0xFD, 0xFC, 0xF8, 0xE0, 0xE9, 0xEC, 0xE0, 0xD7, 0xED,
    0xE9, 0xE9, 0xE9, 0xFD, 0xD6, 0xD6, 0xFD, 0xE0, 0xDE, 0xE0, 0xEC, 0xFD, 0xE9, 0xD0, 0xD7, 0xE0,
    0xD0, 0xD7, 0xD7, 0xDE, 0xD7, 0xD7, 0xFD, 0xE9, 0xD0, 0xD6, 0xDE, 0xED, 0xD7, 0xD7, 0xED, 0xD7,
    0xCB, 0xD0, 0xDE, 0xD7, 0xCB, 0xCB, 0xCB, 0xB8, 0xE8, 0xE8, 0xD0, 0xB8, 0xD0, 0xD0, 0xCB, 0xD0,
    0xD0, 0xD6, 0xD7, 0xA9, 0xB6, 0xD0, 0xCB, 0xB8, 0xCB, 0xD0, 0xB8, 0xB5, 0xE8, 0xD0, 0xA9, 0xCB,
    0xCB, 0xB8, 0xB8, 0xE8, 0xD7, 0xCB, 0xCB, 0xB6, 0xB6, 0xB8, 0x9D, 0x9D, 0x83, 0xA9, 0xA9, 0xB8,
    0xB8, 0xA9, 0xCB, 0xA9, 0xB8, 0xB5, 0xB5, 0xD0, 0xA9, 0x55, 0xB6, 0xB6, 0x91, 0xA9, 0xA9, 0x9D,
    0x66, 0x82, 0xCB, 0x9D, 0xA9, 0xB6, 0xB8, 0xA9, 0xCB, 0xB6, 0xAB, 0x91, 0x88, 0xAB, 0xB6, 0x91,
    0x91, 0x91, 0x9D, 0xB6, 0xA9, 0xCB, 0x91, 0xB6, 0xB8, 0xA9, 0xB6, 0xA9, 0xD0, 0x7A, 0x82, 0xA9,
    0x82, 0x91, 0x9D, 0xA9, 0x88, 0xA9, 0xAB, 0xCB, 0xB5, 0xB5, 0xB6, 0xB6, 0xB8, 0xCB, 0xB8, 0xCB,
    0xB8, 0x88, 0xB8, 0xD0, 0xB5, 0xB8, 0xCB, 0xA9, 0xA9, 0xD0, 0xCB, 0xA9, 0xB6, 0xD7, 0xB6, 0xB6,
    0xD0, 0xD7, 0xD7, 0xD0, 0xAA, 0xB8, 0xD0, 0xCB, 0xD0, 0xB8, 0xB8, 0xA9, 0xD0, 0xE8, 0xCB, 0xB8,
    0xCB, 0xCB, 0xCB, 0xCB, 0xE8, 0xD7, 0xD0, 0xB8, 0xE8, 0xD0, 0xCB, 0xD0, 0xCB, 0xB8, 0xCB, 0xD7,
    0xD0, 0xCB, 0xD0, 0xDE, 0xD0, 0xD7, 0xD0, 0xD0, 0xEC, 0xD7, 0xB8, 0xBA, 0xDE, 0xD0, 0xDE, 0xD7,
    0xDE, 0xB8, 0xDE, 0xEE, 0xD6, 0xD7, 0xE0, 0xEC, 0xD7, 0xE0, 0xE9, 0xE9, 0xEC, 0xD6, 0xDE, 0xE9,
    0xE9, 0xD7, 0xD7, 0xED, 0xDE, 0xDE, 0xFD, 0xFD, 0xD6, 0xE9, 0xFD, 0xEC, 0xEC, 0xEC, 0xFD, 0xFF,
    0xEC, 0xDB, 0xF3, 0x2D, 0x09, 0xF9, 0x02, 0x01, 0xF6, 0x01, 0x02, 0x2C, 0x0E, 0x95, 0x0E, 0x09,
    0x58, 0x62, 0x2D, 0x17, 0x17, 0x2C, 0x17, 0x05, 0x17, 0xDB, 0x57, 0xFE, 0xF1, 0xF4, 0xF4, 0xFA,
    0x00, 0x00, 0x00, 0x00, 0x00, 0x00, 0x00, 0x00, 0x00, 0x00, 0x00, 0x00, 0x00, 0x00, 0x00, 0x00,
    0x00, 0x00, 0x00, 0x00, 0x00, 0x00, 0x00, 0x00, 0x00, 0x00, 0x00, 0x00, 0x00, 0x00, 0x00, 0x00,
    0x00, 0x00, 0x00, 0x00, 0x00, 0x00, 0x00, 0x00, 0x00, 0x00, 0x00, 0x00, 0x00, 0x00, 0x00, 0x00,
    0x00, 0x00, 0x00, 0x00, 0x00, 0x00, 0x00, 0x00, 0x00, 0x00, 0x00, 0x00, 0x00, 0x00, 0x00, 0x00,
    0x00, 0x00, 0x00, 0x00, 0x00, 0x00, 0x00, 0x00, 0x00, 0x00, 0x00, 0x00, 0x00, 0x00, 0x00, 0x00,
    0x00, 0x00, 0x00, 0x00, 0x00, 0x00, 0x00, 0x00, 0x00, 0x00, 0x00, 0x00, 0x00, 0x00, 0x00, 0x00,
    0x00, 0x00, 0x00, 0x00, 0x00, 0x00, 0x00, 0x00, 0x00, 0x00, 0x00, 0x00, 0x00, 0x00, 0x00, 0x00,
    0x00, 0x00, 0x00, 0x00, 0x00, 0x00, 0x00, 0x00, 0x00, 0x00, 0x00, 0x00, 0x00, 0x00, 0x00, 0x00,
    0x00, 0x00, 0x00, 0x00, 0x00, 0x00, 0x00, 0x00, 0x00, 0x00, 0x00, 0x00, 0x00, 0x00, 0x00, 0x00,
    0x00, 0x00, 0x00, 0x00, 0x00, 0x00, 0x00, 0x00, 0x00, 0x00, 0x00, 0x00, 0x00, 0x00, 0x00, 0x00,
    0x00, 0x00, 0x00, 0x00, 0x00, 0x00, 0x00, 0x00, 0x00, 0x00, 0x00, 0x00, 0x00, 0x00, 0x00, 0x00,
    0x00, 0x00, 0x00, 0x00, 0x00, 0x00, 0x00, 0x00, 0x00, 0x00, 0x00, 0x00, 0x00, 0x00, 0x00, 0x00,
    0xFE, 0xF9, 0xF9, 0xFE, 0xFB, 0x2D, 0xFF, 0x0E, 0x09, 0x5B, 0x17, 0x09, 0x09, 0x57, 0x2C, 0xDD,
    0x57, 0x05, 0x17, 0x59, 0x01, 0x05, 0x17, 0xFE, 0xFF, 0xFF, 0xF8, 0xFF, 0xFD, 0xE6, 0xE3, 0xDC,
    0xEF, 0xD8, 0xD6, 0xDF, 0xDB, 0xDA, 0xE3, 0xEB, 0xE6, 0xE0, 0xC8, 0xE2, 0xDB, 0xC5, 0xBC, 0xDA,
    0xD5, 0xC8, 0xD5, 0xDA, 0xD5, 0xD6, 0xDA, 0xCF, 0xD6, 0xE3, 0xDF, 0xE2, 0xDA, 0xC5, 0xC7, 0xC5,
    0xAF, 0xC3, 0xC3, 0xB0, 0xB9, 0xCF, 0xC7, 0xC7, 0xC7, 0xC4, 0xC7, 0xC5, 0xBC, 0xC4, 0xB9, 0xBC,
    0xAF, 0xB9, 0xC1, 0xBC, 0x8E, 0x9F, 0xC1, 0x9A, 0xAD, 0xB0, 0xAF, 0xAD, 0xB3, 0xAF, 0xB0, 0xBC,
    0xB4, 0xBC, 0xB9, 0xAF, 0xAF, 0x8B, 0x92, 0xA1, 0x9A, 0x8B, 0x9B, 0x92, 0x92, 0xA0, 0x92, 0x8A,
    0x9A, 0x9A, 0x98, 0xAD, 0xA4, 0x9A, 0x87, 0xA2, 0xAD, 0xA4, 0x6B, 0x7C, 0x87, 0x60, 0x6A, 0x98,
    0x9A, 0x80, 0x8D, 0x84, 0xA4, 0xA4, 0xA4, 0x92, 0x7C, 0x6B, 0x61, 0x46, 0x61, 0x6C, 0x61, 0x75,
    0x4F, 0x7C, 0x89, 0x8E, 0x65, 0x84, 0x80, 0x76, 0x92, 0x8A, 0x7C, 0x6A, 0x7C, 0x92, 0x6B, 0x50,
    0x60, 0x8E, 0x8E, 0x76, 0x61, 0x8A, 0x6C, 0x78, 0x89, 0x89, 0xA6, 0xA3, 0xAB, 0x7C, 0x6B, 0x56,
    0x56, 0x61, 0x61, 0x61, 0x6C, 0x6B, 0x76, 0x6C, 0x8B, 0x6C, 0x74, 0x9A, 0x98, 0x80, 0x92, 0x8A,
    0x8A, 0x6F, 0x92, 0xAD, 0x9F, 0x8B, 0x93, 0x8A, 0x76, 0x9A, 0xA0, 0x9A, 0x8E, 0xA4, 0x9A, 0xAD,
    0xA7, 0xB0, 0xA1, 0xA0, 0xA0, 0xA0, 0x8A, 0x93, 0x93, 0x78, 0x89, 0xA0, 0xAD, 0x92, 0xA6, 0x8B,
    0x9A, 0xAF, 0xA7, 0xAF, 0xB9, 0xB9, 0xBA, 0xA0, 0xAD, 0xAF, 0xA6, 0x8E, 0xB7, 0xB7, 0x98, 0xA0,
    0xB9, 0xBC, 0xAF, 0xC4, 0xBC, 0xC7, 0xC7, 0xC7, 0xC7, 0xC7, 0xB0, 0xB0, 0xA1, 0xA1, 0xBC, 0xB0,
    0xC3, 0xBC, 0xCF, 0xC4, 0xD2, 0xC3, 0xC3, 0xD6, 0xCF, 0xCF, 0xCF, 0xD2, 0xCF, 0xCE, 0xCF, 0xE0,
    0xCF, 0xB9, 0xC5, 0xDF, 0xDA, 0xCF, 0xDF, 0xE3, 0xCF, 0xCF, 0xDA, 0xE3, 0xE6, 0xE6, 0xE5, 0xDB,
    0xDA, 0xE3, 0xE3, 0xEE, 0xFE, 0xF8, 0xFF, 0xFF, 0xF5, 0x17, 0x03, 0x01, 0xA8, 0x17, 0x03, 0x17,
    0xDB, 0x2D, 0x17, 0x05, 0x09, 0x2C, 0xA8, 0x0E, 0x0E, 0xFF, 0x57, 0xFF, 0xF5, 0xF0, 0xEF, 0xF5,
    0x00, 0x00, 0x00, 0x00, 0x00, 0x00, 0x00, 0x00, 0x00, 0x00, 0x00, 0x00, 0x00, 0x00, 0x00, 0x00,
    0x00, 0x00, 0x00, 0x00, 0x00, 0x00, 0x00, 0x00, 0x00, 0x00, 0x00, 0x00, 0x00, 0x00, 0x00, 0x00,
    0x00, 0x00, 0x00, 0x00, 0x00, 0x00, 0x00, 0x00, 0x00, 0x00, 0x00, 0x00, 0x00, 0x00, 0x00, 0x00,
    0x00, 0x00, 0x00, 0x00, 0x00, 0x00, 0x00, 0x00, 0x00, 0x00, 0x00, 0x00, 0x00, 0x00, 0x00, 0x00,
    0x00, 0x00, 0x00, 0x00, 0x00, 0x00, 0x00, 0x00, 0x00, 0x00, 0x00, 0x00, 0x00, 0x00, 0x00, 0x00,
    0x00, 0x00, 0x00, 0x00, 0x00, 0x00, 0x00, 0x00, 0x00, 0x00, 0x00, 0x00, 0x00, 0x00, 0x00, 0x00,
    0x00, 0x00, 0x00, 0x00, 0x00, 0x00, 0x00, 0x00, 0x00, 0x00, 0x00, 0x00, 0x00, 0x00, 0x00, 0x00,
    0x00, 0x00, 0x00, 0x00, 0x00, 0x00, 0x00, 0x00, 0x00, 0x00, 0x00, 0x00, 0x00, 0x00, 0x00, 0x00,
    0x00, 0x00, 0x00, 0x00, 0x00, 0x00, 0x00, 0x00, 0x00, 0x00, 0x00, 0x00, 0x00, 0x00, 0x00, 0x00,
    0x00, 0x00, 0x00, 0x00, 0x00, 0x00, 0x00, 0x00, 0x00, 0x00, 0x00, 0x00, 0x00, 0x00, 0x00, 0x00,
    0x00, 0x00, 0x00, 0x00, 0x00, 0x00, 0x00, 0x00, 0x00, 0x00, 0x00, 0x00, 0x00, 0x00, 0x00, 0x00,
    0x00, 0x00, 0x00, 0x00, 0x00, 0x00, 0x00, 0x00, 0x00, 0x00, 0x00, 0x00, 0x00, 0x00, 0x00, 0x00,
    0xFF, 0xFB, 0xF1, 0xF8, 0xFB, 0x57, 0xF5, 0x17, 0x58, 0x57, 0x09, 0x02, 0x02, 0x0E, 0x95, 0x59,
    0xDB, 0x09, 0x05, 0x62, 0x03, 0xFF, 0xFF, 0xD9, 0xDB, 0xF3, 0xE6, 0xDB, 0xDD, 0xDA, 0xEA, 0xE6,
    0xF1, 0xF0, 0xDA, 0xE3, 0xE3, 0xDC, 0xDC, 0xDA, 0xE3, 0xE3, 0xE3, 0xE0, 0xDA, 0xCE, 0xC5, 0xDA,
    0xE3, 0xD6, 0xCF, 0xCF, 0xE3, 0xCF, 0xC7, 0xDA, 0xEB, 0xE9, 0xD6, 0xD6, 0xDA, 0xDC, 0xDC, 0xBC,
    0xB0, 0xAF, 0xAF, 0xAF, 0xB9, 0xC7, 0xCE, 0xCE, 0xCF, 0xC7, 0xCF, 0xB9, 0xB9, 0xBC, 0xAD, 0xC5,
    0xB9, 0xAF, 0xB9, 0xB9, 0x92, 0x9F, 0xB5, 0xC2, 0xBF, 0xB2, 0xC2, 0xC0, 0xAD, 0xA0, 0xC5, 0xB0,
    0xB9, 0xAD, 0xAD, 0xBD, 0xB7, 0x8A, 0x90, 0x7C, 0x8E, 0x8A, 0x8A, 0xA0, 0x90, 0x9F, 0x9A, 0x92,
    0x9F, 0x9A, 0x9F, 0x90, 0x82, 0x96, 0x9D, 0xA9, 0xA9, 0x8F, 0x7F, 0x7A, 0x87, 0x97, 0x87, 0x80,
    0x9E, 0xAB, 0x7E, 0x97, 0xB6, 0xB2, 0x97, 0x87, 0x8A, 0x8B, 0x74, 0x4F, 0x56, 0x4F, 0x60, 0x52,
    0x8D, 0x80, 0x74, 0x90, 0x7F, 0x8D, 0x6B, 0x90, 0x75, 0x67, 0x84, 0x84, 0x8E, 0x84, 0x86, 0x5A,
    0x60, 0x8D, 0x97, 0x87, 0x7E, 0x87, 0x8E, 0x56, 0x6B, 0xA6, 0xB2, 0xA3, 0x8F, 0x75, 0x8B, 0x74,
    0x38, 0x61, 0x56, 0x56, 0x6B, 0x75, 0x84, 0x75, 0x90, 0x98, 0x90, 0x8D, 0x8E, 0x80, 0x75, 0x75,
    0x84, 0x80, 0x9E, 0xA3, 0xA9, 0x6A, 0x7C, 0x9A, 0xA4, 0x9E, 0x87, 0x9F, 0x9E, 0x8F, 0xA4, 0xBF,
    0xAD, 0x9A, 0x9F, 0xA3, 0xB7, 0x8E, 0x6C, 0x6C, 0x61, 0x6C, 0x7C, 0xB7, 0xA0, 0x90, 0xA0, 0xA0,
    0xB0, 0xBC, 0xA0, 0xB7, 0xB6, 0xAB, 0xC0, 0xA9, 0xAB, 0xB7, 0xAD, 0x98, 0xB7, 0xC2, 0xC9, 0xB9,
    0xAF, 0xC9, 0xC5, 0xAF, 0xC5, 0xCF, 0xCF, 0xBD, 0xB0, 0xBC, 0xC5, 0xC3, 0x93, 0x9B, 0x93, 0xB9,
    0xB0, 0xCF, 0xD6, 0xC5, 0xCF, 0xC9, 0xCF, 0xD3, 0xCF, 0xCF, 0xCF, 0xC7, 0xD3, 0xCF, 0xCF, 0xD4,
    0xD4, 0xC5, 0xC7, 0xDA, 0xE0, 0xE3, 0xD6, 0xD6, 0xE3, 0xD6, 0xDA, 0xEB, 0xDC, 0xE7, 0xDF, 0xD6,
    0xD6, 0xE3, 0xE3, 0xE3, 0xD9, 0xD3, 0xD9, 0xDB, 0xDB, 0xFF, 0xDB, 0x02, 0x59, 0x05, 0x09, 0x95,
    0x62, 0x59, 0x05, 0x01, 0x01, 0x0E, 0x62, 0x59, 0x0E, 0xF2, 0x57, 0xFE, 0xEF, 0xE6, 0xF9, 0xFA,
    0x00, 0x00, 0x00, 0x00, 0x00, 0x00, 0x00, 0x00, 0x00, 0x00, 0x00, 0x00, 0x00, 0x00, 0x00, 0x00,
    0x00, 0x00, 0x00, 0x00, 0x00, 0x00, 0x00, 0x00, 0x00, 0x00, 0x00, 0x00, 0x00, 0x00, 0x00, 0x00,
    0x00, 0x00, 0x00, 0x00, 0x00, 0x00, 0x00, 0x00, 0x00, 0x00, 0x00, 0x00, 0x00, 0x00, 0x00, 0x00,
    0x00, 0x00, 0x00, 0x00, 0x00, 0x00, 0x00, 0x00, 0x00, 0x00, 0x00, 0x00, 0x00, 0x00, 0x00, 0x00,
    0x00, 0x00, 0x00, 0x00, 0x00, 0x00, 0x00, 0x00, 0x00, 0x00, 0x00, 0x00, 0x00, 0x00, 0x00, 0x00,
    0x00, 0x00, 0x00, 0x00, 0x00, 0x00, 0x00, 0x00, 0x00, 0x00, 0x00, 0x00, 0x00, 0x00, 0x00, 0x00,
    0x00, 0x00, 0x00, 0x00, 0x00, 0x00, 0x00, 0x00, 0x00, 0x00, 0x00, 0x00, 0x00, 0x00, 0x00, 0x00,
    0x00, 0x00, 0x00, 0x00, 0x00, 0x00, 0x00, 0x00, 0x00, 0x00, 0x00, 0x00, 0x00, 0x00, 0x00, 0x00,
    0x00, 0x00, 0x00, 0x00, 0x00, 0x00, 0x00, 0x00, 0x00, 0x00, 0x00, 0x00, 0x00, 0x00, 0x00, 0x00,
    0x00, 0x00, 0x00, 0x00, 0x00, 0x00, 0x00, 0x00, 0x00, 0x00, 0x00, 0x00, 0x00, 0x00, 0x00, 0x00,
    0x00, 0x00, 0x00, 0x00, 0x00, 0x00, 0x00, 0x00, 0x00, 0x00, 0x00, 0x00, 0x00, 0x00, 0x00, 0x00,
    0x00, 0x00, 0x00, 0x00, 0x00, 0x00, 0x00, 0x00, 0x00, 0x00, 0x00, 0x00, 0x00, 0x00, 0x00, 0x00,
    0xFF, 0xFE, 0xF9, 0xF8, 0xFA, 0x57, 0xDB, 0x0E, 0x57, 0x58, 0x09, 0x02, 0x02, 0x0E, 0x59, 0x62,
    0xEF, 0x2C, 0x01, 0xF2, 0xFF, 0xEF, 0xD9, 0xDA, 0xE6, 0xDB, 0xC8, 0xE3, 0xF8, 0xE6, 0xE6, 0xF0,
    0xF1, 0xE6, 0xE6, 0xD8, 0xDA, 0xDA, 0xCF, 0xD2, 0xDF, 0xEB, 0xEB, 0xD4, 0xCF, 0xCF, 0xCE, 0xC5,
    0xD6, 0xE9, 0xD6, 0xCF, 0xD4, 0xDA, 0xD2, 0xDA, 0xDC, 0xD6, 0xCE, 0xD6, 0xD6, 0xDC, 0xD3, 0xC7,
    0xC5, 0x9B, 0xAF, 0xCF, 0xC5, 0xB9, 0xCF, 0xCF, 0xCE, 0xC3, 0xC3, 0xC2, 0xA6, 0xA0, 0xA0, 0xBC,
    0xCE, 0xC5, 0xAD, 0xA0, 0xA0, 0x92, 0x98, 0xBF, 0xCD, 0xAB, 0xA9, 0xB9, 0xC2, 0xAF, 0xB9, 0xA0,
    0xA0, 0xAF, 0xAF, 0xB9, 0xAD, 0xAD, 0xB7, 0x6B, 0x9A, 0xAD, 0x8A, 0x9F, 0x98, 0xAB, 0x90, 0x80,
    0x8B, 0x92, 0x80, 0x61, 0x72, 0x96, 0xB6, 0xA4, 0x82, 0x7E, 0x72, 0x67, 0x66, 0x8F, 0x97, 0x75,
    0x98, 0x87, 0x87, 0xA3, 0xAB, 0x8E, 0x87, 0x9E, 0x92, 0x8A, 0x80, 0x76, 0x56, 0x37, 0x60, 0x7B,
    0x7C, 0x74, 0x6B, 0x7C, 0xA0, 0x6C, 0x75, 0x80, 0x4F, 0x5D, 0x8A, 0x8E, 0x8E, 0x7E, 0x85, 0x75,
    0x60, 0x51, 0x61, 0x80, 0x77, 0x7F, 0x6F, 0x6C, 0x76, 0x90, 0x8E, 0x8D, 0x90, 0x7C, 0x7C, 0x7C,
    0x6A, 0x4F, 0x33, 0x5A, 0x80, 0x8A, 0x8A, 0x80, 0x84, 0x9A, 0x8B, 0x84, 0x8E, 0x71, 0x50, 0x5E,
    0x8A, 0xB3, 0xB7, 0x9D, 0x8D, 0x75, 0x76, 0x92, 0xAD, 0x9F, 0x87, 0x87, 0x98, 0x92, 0xA4, 0xB7,
    0x8E, 0x8A, 0x9F, 0x9F, 0xAB, 0x8A, 0x80, 0x6B, 0x50, 0x9A, 0x9F, 0x9F, 0xAB, 0x9F, 0xA0, 0xAC,
    0xA1, 0xBC, 0xAF, 0xB2, 0x9E, 0x90, 0xB2, 0xC2, 0xC1, 0x92, 0x98, 0xA0, 0x9F, 0xA9, 0xD0, 0xC5,
    0xAF, 0xB3, 0xBC, 0xA0, 0xC5, 0xD2, 0xC1, 0xB0, 0xBC, 0xC7, 0xD2, 0xC5, 0xCC, 0xAC, 0x8B, 0xC7,
    0xC7, 0xCC, 0xCE, 0xCC, 0xCF, 0xD2, 0xCF, 0xC7, 0xD6, 0xCF, 0xC1, 0xC5, 0xD6, 0xDC, 0xE3, 0xCE,
    0xC9, 0xC7, 0xCF, 0xC7, 0xC8, 0xE4, 0xE0, 0xD6, 0xD6, 0xE3, 0xDA, 0xDC, 0xDA, 0xD6, 0xEB, 0xE3,
    0xE3, 0xE3, 0xD2, 0xE3, 0xC4, 0xBC, 0xD6, 0xE3, 0xDA, 0xDB, 0xFB, 0xFF, 0xCA, 0x02, 0x17, 0xDB,
    0x59, 0x58, 0x05, 0x02, 0x02, 0x0E, 0x62, 0x2E, 0x09, 0xDB, 0x57, 0xFD, 0xE3, 0xE6, 0xF9, 0xFA,
    0x00, 0x00, 0x00, 0x00, 0x00, 0x00, 0x00, 0x00, 0x00, 0x00, 0x00, 0x00, 0x00, 0x00, 0x00, 0x00,
    0x00, 0x00, 0x00, 0x00, 0x00, 0x00, 0x00, 0x00, 0x00, 0x00, 0x00, 0x00, 0x00, 0x00, 0x00, 0x00,
    0x00, 0x00, 0x00, 0x00, 0x00, 0x00, 0x00, 0x00, 0x00, 0x00, 0x00, 0x00, 0x00, 0x00, 0x00, 0x00,
    0x00, 0x00, 0x00, 0x00, 0x00, 0x00, 0x00, 0x00, 0x00, 0x00, 0x00, 0x00, 0x00, 0x00, 0x00, 0x00,
    0x00, 0x00, 0x00, 0x00, 0x00, 0x00, 0x00, 0x00, 0x00, 0x00, 0x00, 0x00, 0x00, 0x00, 0x00, 0x00,
    0x00, 0x00, 0x00, 0x00, 0x00, 0x00, 0x00, 0x00, 0x00, 0x00, 0x00, 0x00, 0x00, 0x00, 0x00, 0x00,
    0x00, 0x00, 0x00, 0x00, 0x00, 0x00, 0x00, 0x00, 0x00, 0x00, 0x00, 0x00, 0x00, 0x00, 0x00, 0x00,
    0x00, 0x00, 0x00, 0x00, 0x00, 0x00, 0x00, 0x00, 0x00, 0x00, 0x00, 0x00, 0x00, 0x00, 0x00, 0x00,
    0x00, 0x00, 0x00, 0x00, 0x00, 0x00, 0x00, 0x00, 0x00, 0x00, 0x00, 0x00, 0x00, 0x00, 0x00, 0x00,
    0x00, 0x00, 0x00, 0x00, 0x00, 0x00, 0x00, 0x00, 0x00, 0x00, 0x00, 0x00, 0x00, 0x00, 0x00, 0x00,
    0x00, 0x00, 0x00, 0x00, 0x00, 0x00, 0x00, 0x00, 0x00, 0x00, 0x00, 0x00, 0x00, 0x00, 0x00, 0x00,
    0x00, 0x00, 0x00, 0x00, 0x00, 0x00, 0x00, 0x00, 0x00, 0x00, 0x00, 0x00, 0x00, 0x00, 0x00, 0x00,
    0xFF, 0xFB, 0xFB, 0xFE, 0xFB, 0x2C, 0xF1, 0x05, 0x17, 0x57, 0x17, 0x05, 0x09, 0x17, 0x58, 0x62,
    0xFF, 0x05, 0x02, 0xFA, 0xDB, 0xF1, 0xF4, 0xE2, 0xE6, 0xD2, 0xC6, 0xDF, 0xEB, 0xE3, 0xEF, 0xE6,
    0xF0, 0xE6, 0xDD, 0xCC, 0xD2, 0xE6, 0xDA, 0xDB, 0xE6, 0xF3, 0xE6, 0xCF, 0xD5, 0xD6, 0xDA, 0xC9,
    0xC7, 0xD6, 0xD6, 0xCF, 0xCE, 0xDA, 0xC7, 0xD6, 0xE0, 0xCF, 0xC5, 0xDA, 0xE0, 0xD6, 0xC5, 0xBC,
    0xAF, 0x9A, 0xAD, 0xC2, 0xC7, 0xCC, 0xCE, 0xCE, 0xAF, 0xA1, 0xAF, 0xB9, 0xB0, 0xA0, 0xB9, 0xC5,
    0xCE, 0xC2, 0x90, 0x9F, 0xA6, 0xA0, 0x9E, 0x9A, 0x9F, 0x9E, 0xA3, 0xB3, 0x9F, 0xA0, 0xAD, 0x92,
    0x8A, 0xB9, 0xC1, 0xB7, 0x8F, 0xB2, 0x8E, 0x61, 0x6F, 0x97, 0x82, 0x9E, 0x8F, 0x9D, 0x7F, 0x6F,
    0x56, 0x6C, 0x6C, 0x56, 0x75, 0x8D, 0xA3, 0x97, 0x70, 0x6A, 0x67, 0x5E, 0x4D, 0x6A, 0x75, 0x6A,
    0x7F, 0x76, 0x6B, 0x84, 0x9E, 0x75, 0x6B, 0x98, 0x92, 0x84, 0x60, 0x72, 0x41, 0x26, 0x43, 0x4B,
    0x69, 0x8E, 0x80, 0x6B, 0x61, 0x5A, 0x6C, 0x61, 0x56, 0x75, 0x7C, 0x92, 0x72, 0x5C, 0x7E, 0x7A,
    0x64, 0x48, 0x4B, 0x60, 0x5A, 0x50, 0x60, 0x61, 0x6B, 0x75, 0x76, 0x56, 0x80, 0x8A, 0x76, 0x52,
    0x5E, 0x41, 0x22, 0x52, 0x5A, 0x75, 0x92, 0x75, 0x90, 0x56, 0x61, 0x80, 0x76, 0x60, 0x5E, 0x72,
    0x8D, 0xB6, 0x9D, 0x72, 0x72, 0x75, 0x75, 0x8F, 0x7F, 0x77, 0x71, 0x90, 0x8C, 0x6C, 0x98, 0x9E,
    0x6F, 0x56, 0xAF, 0xA4, 0x98, 0x72, 0x7F, 0x5A, 0x42, 0x60, 0x8F, 0x9F, 0xA0, 0x92, 0x8B, 0x89,
    0x92, 0x9F, 0xA4, 0xAB, 0x98, 0x8D, 0xAD, 0xCE, 0xB9, 0x9F, 0xA4, 0xAB, 0x98, 0x9E, 0xB7, 0xAA,
    0xB9, 0xB9, 0xA1, 0x9F, 0xB9, 0xC7, 0xBC, 0xA1, 0xC7, 0xC8, 0xC7, 0xB0, 0xC3, 0xA0, 0x8C, 0xAD,
    0xB9, 0xB9, 0xCF, 0xCF, 0xCE, 0xC3, 0xC3, 0xC5, 0xCF, 0xCE, 0xC1, 0xD6, 0xDA, 0xDA, 0xDA, 0xCE,
    0xCE, 0xCF, 0xCE, 0xBC, 0xC5, 0xCF, 0xCF, 0xCF, 0xE0, 0xD6, 0xCF, 0xDA, 0xDA, 0xCC, 0xE3, 0xF3,
    0xF3, 0xE3, 0xDF, 0xDA, 0xB4, 0xC8, 0xD5, 0xE3, 0xEA, 0xE6, 0xDB, 0xCA, 0xF8, 0x03, 0x17, 0xFF,
    0x57, 0x57, 0x0E, 0x05, 0x09, 0x2C, 0x59, 0x17, 0x05, 0xEF, 0x2D, 0xFD, 0xEF, 0xEA, 0xEF, 0xF5,
    0x00, 0x00, 0x00, 0x00, 0x00, 0x00, 0x00, 0x00, 0x00, 0x00, 0x00, 0x00, 0x00, 0x00, 0x00, 0x00,
    0x00, 0x00, 0x00, 0x00, 0x00, 0x00, 0x00, 0x00, 0x00, 0x00, 0x00, 0x00, 0x00, 0x00, 0x00, 0x00,
    0x00, 0x00, 0x00, 0x00, 0x00, 0x00, 0x00, 0x00, 0x00, 0x00, 0x00, 0x00, 0x00, 0x00, 0x00, 0x00,
    0x00, 0x00, 0x00, 0x00, 0x00, 0x00, 0x00, 0x00, 0x00, 0x00, 0x00, 0x00, 0x00, 0x00, 0x00, 0x00,
    0x00, 0x00, 0x00, 0x00, 0x00, 0x00, 0x00, 0x00, 0x00, 0x00, 0x00, 0x00, 0x00, 0x00, 0x00, 0x00,
    0x00, 0x00, 0x00, 0x00, 0x00, 0x00, 0x00, 0x00, 0x00, 0x00, 0x00, 0x00, 0x00, 0x00, 0x00, 0x00,
    0x00, 0x00, 0x00, 0x00, 0x00, 0x00, 0x00, 0x00, 0x00, 0x00, 0x00, 0x00, 0x00, 0x00, 0x00, 0x00,
    0x00, 0x00, 0x00, 0x00, 0x00, 0x00, 0x00, 0x00, 0x00, 0x00, 0x00, 0x00, 0x00, 0x00, 0x00, 0x00,
    0x00, 0x00, 0x00, 0x00, 0x00, 0x00, 0x00, 0x00, 0x00, 0x00, 0x00, 0x00, 0x00, 0x00, 0x00, 0x00,
    0x00, 0x00, 0x00, 0x00, 0x00, 0x00, 0x00, 0x00, 0x00, 0x00, 0x00, 0x00, 0x00, 0x00, 0x00, 0x00,
    0x00, 0x00, 0x00, 0x00, 0x00, 0x00, 0x00, 0x00, 0x00, 0x00, 0x00, 0x00, 0x00, 0x00, 0x00, 0x00,
    0x00, 0x00, 0x00, 0x00, 0x00, 0x00, 0x00, 0x00, 0x00, 0x00, 0x00, 0x00, 0x00, 0x00, 0x00, 0x00,
    0xFF, 0xFB, 0xFB, 0xFA, 0xFA, 0x2D, 0xDB, 0x05, 0x17, 0x2C, 0x57, 0x2C, 0x58, 0x57, 0x57, 0x2D,
    0x01, 0x01, 0x58, 0xF9, 0xDD, 0xF5, 0xF4, 0xE3, 0xE3, 0xE3, 0xD2, 0xE3, 0xE9, 0xE3, 0xF3, 0xF1,
    0xEF, 0xE6, 0xEA, 0xF3, 0xE3, 0xDF, 0xE3, 0xE7, 0xDB, 0xE3, 0xE3, 0xE6, 0xD5, 0xCF, 0xDC, 0xDA,
    0xDA, 0xDA, 0xD3, 0xE3, 0xDA, 0xC9, 0xC7, 0xD8, 0xE3, 0xD3, 0xCE, 0xD2, 0xD6, 0xCF, 0xB9, 0xB3,
    0xB9, 0xAD, 0xC2, 0xB9, 0xC5, 0xD8, 0xC5, 0xBD, 0xB9, 0xC2, 0xC9, 0xBC, 0xB0, 0xBC, 0xB0, 0xAB,
    0x9F, 0xB9, 0xB9, 0xAD, 0xAD, 0xB7, 0xB9, 0xAF, 0x97, 0xB3, 0xC7, 0x9F, 0x8F, 0x9F, 0xAD, 0xA4,
    0x92, 0xA3, 0xB3, 0xAB, 0x97, 0xA2, 0x96, 0x72, 0x8F, 0x84, 0x82, 0xAD, 0xAB, 0x97, 0x7E, 0x8A,
    0x8A, 0x60, 0x76, 0x8A, 0x76, 0x64, 0x63, 0x84, 0x7E, 0x6D, 0x72, 0x72, 0x6E, 0x80, 0x75, 0x8A,
    0x76, 0x76, 0x5A, 0x6B, 0x8E, 0x86, 0x5A, 0x7F, 0x8D, 0x82, 0x5C, 0x5E, 0x42, 0x26, 0x50, 0x51,
    0x6E, 0x90, 0x7B, 0x6A, 0x72, 0x80, 0x5E, 0x50, 0x60, 0x75, 0x51, 0x64, 0x72, 0x6E, 0x66, 0x69,
    0x6A, 0x60, 0x75, 0x6A, 0x7F, 0x8A, 0x61, 0x5A, 0x46, 0x6C, 0x6F, 0x45, 0x5A, 0x8A, 0x6F, 0x4B,
    0x4B, 0x41, 0x26, 0x67, 0x67, 0x6A, 0x92, 0x75, 0x7C, 0x6B, 0x8E, 0x7C, 0x4F, 0x5A, 0x76, 0x75,
    0x51, 0x67, 0x7B, 0x75, 0x7A, 0x87, 0x8D, 0x97, 0x7F, 0x80, 0x97, 0x98, 0x80, 0x6B, 0x80, 0x8F,
    0x80, 0x75, 0x8A, 0x9F, 0x7C, 0x71, 0x73, 0x6A, 0x4C, 0x67, 0x7D, 0x97, 0xA0, 0x8B, 0x8B, 0x90,
    0xB6, 0xB3, 0x9A, 0xA4, 0xAD, 0xA4, 0x98, 0xAD, 0xB3, 0xAD, 0xAB, 0xB3, 0xAF, 0xAF, 0xA0, 0xA4,
    0xCE, 0xAF, 0xA0, 0xAD, 0xC1, 0xBC, 0xBC, 0xAF, 0xC3, 0xC7, 0xC5, 0xB7, 0xB9, 0xAB, 0x9A, 0xC1,
    0xB9, 0xB9, 0xD6, 0xCF, 0xC5, 0xC9, 0xD6, 0xDA, 0xC5, 0xC5, 0xCF, 0xD6, 0xCC, 0xC2, 0xCE, 0xD6,
    0xCF, 0xCF, 0xD6, 0xD3, 0xE0, 0xCF, 0xD6, 0xE0, 0xE3, 0xCF, 0xCF, 0xD6, 0xD6, 0xD5, 0xD6, 0xF3,
    0xF3, 0xDA, 0xD5, 0xDA, 0xD2, 0xCF, 0xD6, 0xDF, 0xF3, 0xF3, 0xE3, 0xD8, 0xF3, 0x59, 0x02, 0x01,
    0x59, 0x17, 0x2D, 0x57, 0x57, 0x62, 0x17, 0x0E, 0x05, 0xDB, 0x2C, 0xFF, 0xF1, 0xF1, 0xF1, 0xFA,
    0x00, 0x00, 0x00, 0x00, 0x00, 0x00, 0x00, 0x00, 0x00, 0x00, 0x00, 0x00, 0x00, 0x00, 0x00, 0x00,
    0x00, 0x00, 0x00, 0x00, 0x00, 0x00, 0x00, 0x00, 0x00, 0x00, 0x00, 0x00, 0x00, 0x00, 0x00, 0x00,
    0x00, 0x00, 0x00, 0x00, 0x00, 0x00, 0x00, 0x00, 0x00, 0x00, 0x00, 0x00, 0x00, 0x00, 0x00, 0x00,
    0x00, 0x00, 0x00, 0x00, 0x00, 0x00, 0x00, 0x00, 0x00, 0x00, 0x00, 0x00, 0x00, 0x00, 0x00, 0x00,
    0x00, 0x00, 0x00, 0x00, 0x00, 0x00, 0x00, 0x00, 0x00, 0x00, 0x00, 0x00, 0x00, 0x00, 0x00, 0x00,
    0x00, 0x00, 0x00, 0x00, 0x00, 0x00, 0x00, 0x00, 0x00, 0x00, 0x00, 0x00, 0x00, 0x00, 0x00, 0x00,
    0x00, 0x00, 0x00, 0x00, 0x00, 0x00, 0x00, 0x00, 0x00, 0x00, 0x00, 0x00, 0x00, 0x00, 0x00, 0x00,
    0x00, 0x00, 0x00, 0x00, 0x00, 0x00, 0x00, 0x00, 0x00, 0x00, 0x00, 0x00, 0x00, 0x00, 0x00, 0x00,
    0x00, 0x00, 0x00, 0x00, 0x00, 0x00, 0x00, 0x00, 0x00, 0x00, 0x00, 0x00, 0x00, 0x00, 0x00, 0x00,
    0x00, 0x00, 0x00, 0x00, 0x00, 0x00, 0x00, 0x00, 0x00, 0x00, 0x00, 0x00, 0x00, 0x00, 0x00, 0x00,
    0x00, 0x00, 0x00, 0x00, 0x00, 0x00, 0x00, 0x00, 0x00, 0x00, 0x00, 0x00, 0x00, 0x00, 0x00, 0x00,
    0x00, 0x00, 0x00, 0x00, 0x00, 0x00, 0x00, 0x00, 0x00, 0x00, 0x00, 0x00, 0x00, 0x00, 0x00, 0x00,
    0xFF, 0xFB, 0xF9, 0xF9, 0xFA, 0x2C, 0xA8, 0x05, 0x95, 0x59, 0x57, 0x2D, 0x17, 0x57, 0xFF, 0xEF,
    0x09, 0x95, 0xFF, 0xEF, 0xE6, 0xDD, 0xD2, 0xE4, 0xE4, 0xEB, 0xE6, 0xEB, 0xE4, 0xE3, 0xE3, 0xEF,
    0xD8, 0xE6, 0xEB, 0xEB, 0xE2, 0xD6, 0xDF, 0xD6, 0xD6, 0xD6, 0xDA, 0xDA, 0xDA, 0xE3, 0xD6, 0xE9,
    0xE9, 0xD3, 0xCF, 0xD5, 0xCF, 0xD4, 0xCF, 0xC5, 0xD6, 0xE3, 0xE0, 0xC5, 0xCF, 0xC5, 0xB9, 0xB9,
    0xCE, 0xC9, 0xC2, 0xB9, 0xC0, 0xC2, 0xC2, 0xAD, 0xC5, 0xC2, 0xCD, 0xBC, 0xA7, 0xB7, 0xA4, 0x98,
    0xA3, 0xB6, 0xBF, 0xB9, 0xBD, 0xB7, 0xAF, 0xB3, 0xA3, 0xAD, 0xA6, 0x98, 0x9A, 0x8A, 0xA0, 0xC2,
    0xB9, 0x92, 0x98, 0x88, 0x9D, 0x9D, 0xA9, 0x96, 0xA9, 0x8F, 0x8F, 0x88, 0x7F, 0x6F, 0x8E, 0x8D,
    0x8D, 0x5E, 0x6A, 0x7B, 0x52, 0x5D, 0x5D, 0x7F, 0x85, 0x72, 0x87, 0x75, 0x8A, 0x76, 0x5F, 0x76,
    0x75, 0x6A, 0x72, 0x5E, 0x6B, 0x8D, 0x8D, 0x50, 0x5E, 0x63, 0x51, 0x51, 0x64, 0x5E, 0x4B, 0x5E,
    0x5D, 0x70, 0x60, 0x60, 0x7F, 0x7C, 0x6A, 0x54, 0x5A, 0x45, 0x5A, 0x51, 0x67, 0x72, 0x5D, 0x77,
    0x6B, 0x80, 0x75, 0x51, 0x6A, 0x80, 0x60, 0x64, 0x4B, 0x56, 0x7F, 0x7F, 0x4F, 0x69, 0x66, 0x4D,
    0x44, 0x52, 0x60, 0x60, 0x6B, 0x66, 0x67, 0x5F, 0x52, 0x7F, 0x72, 0x7F, 0x64, 0x5E, 0x5E, 0x5E,
    0x52, 0x52, 0x84, 0x7F, 0x87, 0x9D, 0x97, 0x8D, 0x77, 0x7F, 0xA3, 0x80, 0x7F, 0x7B, 0x69, 0x8D,
    0xB2, 0x9F, 0x7F, 0x7B, 0x6B, 0x71, 0x7D, 0x9D, 0x88, 0x7B, 0x72, 0x72, 0x84, 0x6B, 0x84, 0xAD,
    0xAD, 0xB7, 0x92, 0x9F, 0x9F, 0x90, 0x87, 0xA2, 0xB9, 0xA9, 0xB7, 0xB7, 0xB7, 0xB7, 0xA4, 0xA4,
    0x9F, 0xA0, 0xAD, 0xAF, 0xAD, 0xC2, 0xCF, 0xC9, 0xA1, 0xB9, 0xC0, 0xB9, 0xB7, 0xC0, 0xC2, 0xB9,
    0xC2, 0xB9, 0xC2, 0xC1, 0xB5, 0xD2, 0xCF, 0xD2, 0xCF, 0xCE, 0xCD, 0xBC, 0xC1, 0xB9, 0xC5, 0xDA,
    0xD6, 0xE0, 0xE3, 0xDA, 0xD6, 0xCF, 0xDA, 0xDC, 0xCF, 0xD6, 0xD2, 0xCF, 0xE3, 0xEB, 0xDA, 0xDB,
    0xDB, 0xD2, 0xD5, 0xE3, 0xE3, 0xE3, 0xDA, 0xE3, 0xDA, 0xE3, 0xE3, 0xEA, 0xE6, 0xFE, 0x95, 0x0E,
    0xFD, 0xFE, 0x2D, 0x2C, 0x2C, 0x17, 0x0E, 0x57, 0x09, 0xA8, 0x2C, 0xFA, 0xEF, 0xF1, 0xF0, 0xF9,
    0x00, 0x00, 0x00, 0x00, 0x00, 0x00, 0x00, 0x00, 0x00, 0x00, 0x00, 0x00, 0x00, 0x00, 0x00, 0x00,
    0x00, 0x00, 0x00, 0x00, 0x00, 0x00, 0x00, 0x00, 0x00, 0x00, 0x00, 0x00, 0x00, 0x00, 0x00, 0x00,
    0x00, 0x00, 0x00, 0x00, 0x00, 0x00, 0x00, 0x00, 0x00, 0x00, 0x00, 0x00, 0x00, 0x00, 0x00, 0x00,
    0x00, 0x00, 0x00, 0x00, 0x00, 0x00, 0x00, 0x00, 0x00, 0x00, 0x00, 0x00, 0x00, 0x00, 0x00, 0x00,
    0x00, 0x00, 0x00, 0x00, 0x00, 0x00, 0x00, 0x00, 0x00, 0x00, 0x00, 0x00, 0x00, 0x00, 0x00, 0x00,
    0x00, 0x00, 0x00, 0x00, 0x00, 0x00, 0x00, 0x00, 0x00, 0x00, 0x00, 0x00, 0x00, 0x00, 0x00, 0x00,
    0x00, 0x00, 0x00, 0x00, 0x00, 0x00, 0x00, 0x00, 0x00, 0x00, 0x00, 0x00, 0x00, 0x00, 0x00, 0x00,
    0x00, 0x00, 0x00, 0x00, 0x00, 0x00, 0x00, 0x00, 0x00, 0x00, 0x00, 0x00, 0x00, 0x00, 0x00, 0x00,
    0x00, 0x00, 0x00, 0x00, 0x00, 0x00, 0x00, 0x00, 0x00, 0x00, 0x00, 0x00, 0x00, 0x00, 0x00, 0x00,
    0x00, 0x00, 0x00, 0x00, 0x00, 0x00, 0x00, 0x00, 0x00, 0x00, 0x00, 0x00, 0x00, 0x00, 0x00, 0x00,
    0x00, 0x00, 0x00, 0x00, 0x00, 0x00, 0x00, 0x00, 0x00, 0x00, 0x00, 0x00, 0x00, 0x00, 0x00, 0x00,
    0x00, 0x00, 0x00, 0x00, 0x00, 0x00, 0x00, 0x00, 0x00, 0x00, 0x00, 0x00, 0x00, 0x00, 0x00, 0x00,
    0xFF, 0xF9, 0xF5, 0xF9, 0xFA, 0x2D, 0xCA, 0x05, 0xF1, 0xFC, 0xDB, 0xFE, 0xFF, 0x05, 0x05, 0xFF,
    0xFF, 0xFE, 0xEF, 0xF5, 0xDB, 0xC8, 0xE6, 0xEB, 0xEB, 0xF3, 0xE3, 0xE9, 0xEB, 0xEB, 0xE3, 0xDB,
    0xE6, 0xF8, 0xEB, 0xDF, 0xE6, 0xD5, 0xE3, 0xE3, 0xD6, 0xE7, 0xDA, 0xD6, 0xE0, 0xDC, 0xD6, 0xE0,
    0xCF, 0xC7, 0xE3, 0xC9, 0xC5, 0xD6, 0xCE, 0xB9, 0xC2, 0xD4, 0xE3, 0xCF, 0xB7, 0xC2, 0xCF, 0xCE,
    0xCE, 0xC2, 0xC1, 0xB9, 0xC2, 0xC2, 0xAF, 0xBC, 0xCE, 0xC5, 0xB7, 0xB9, 0xA4, 0xC0, 0xBA, 0xAD,
    0xBE, 0xAB, 0xA4, 0xAD, 0xAD, 0xA4, 0xB2, 0x98, 0xAD, 0xA4, 0x97, 0x9F, 0x98, 0x6C, 0x92, 0xB7,
    0xC2, 0x9F, 0x6F, 0xAB, 0xA3, 0x9D, 0xA9, 0x9D, 0x9E, 0x96, 0x9D, 0x9E, 0x76, 0x6B, 0xA3, 0x6D,
    0x72, 0x7B, 0x67, 0x87, 0x6D, 0x71, 0x67, 0x40, 0x71, 0x5D, 0x6A, 0x6F, 0x72, 0x51, 0x6F, 0x5E,
    0x4C, 0x64, 0x66, 0x48, 0x54, 0x7B, 0xA9, 0x50, 0x33, 0x65, 0x6F, 0x5E, 0x52, 0x52, 0x51, 0x5E,
    0x6A, 0x56, 0x50, 0x72, 0x72, 0x43, 0x54, 0x63, 0x6A, 0x50, 0x52, 0x6B, 0x49, 0x65, 0x67, 0x51,
    0x52, 0x5A, 0x3C, 0x60, 0x60, 0x31, 0x45, 0x6A, 0x35, 0x41, 0x65, 0x8F, 0x6B, 0x32, 0x66, 0x6A,
    0x5A, 0x5D, 0x5A, 0x61, 0x75, 0x6A, 0x65, 0x50, 0x60, 0x80, 0x60, 0x67, 0x7B, 0x67, 0x6A, 0x5D,
    0x7F, 0x7E, 0x63, 0x7E, 0x7E, 0x82, 0x7B, 0x7F, 0x60, 0x8C, 0x6E, 0x72, 0x7A, 0x72, 0x4F, 0x75,
    0xA9, 0xA4, 0x7C, 0x56, 0x80, 0x90, 0x85, 0x85, 0x88, 0x88, 0x82, 0x8F, 0x90, 0x6C, 0x8E, 0xBF,
    0x9D, 0x8F, 0x98, 0x8F, 0xAA, 0x9E, 0xAD, 0xAB, 0x9F, 0x9F, 0xA3, 0xAD, 0xAD, 0xAD, 0x9F, 0xB9,
    0x8E, 0x8E, 0xAB, 0x9F, 0x90, 0xAB, 0xC9, 0xCE, 0xAF, 0x9A, 0xC0, 0xCE, 0xBD, 0xC2, 0xC2, 0xC2,
    0xC2, 0xCF, 0xC2, 0xB0, 0xC5, 0xD4, 0xBC, 0xC5, 0xD6, 0xC2, 0xD4, 0xC2, 0xC2, 0xCF, 0xD6, 0xCF,
    0xD6, 0xCF, 0xCF, 0xD2, 0xC7, 0xCF, 0xD2, 0xC7, 0xD6, 0xD6, 0xC5, 0xC5, 0xE0, 0xF8, 0xE3, 0xC7,
    0xC8, 0xE2, 0xE3, 0xE9, 0xE0, 0xE0, 0xE0, 0xDA, 0xE9, 0xDA, 0xD2, 0xEB, 0xEA, 0xE5, 0xFD, 0xFF,
    0xF9, 0x03, 0x0E, 0xFF, 0xDD, 0x57, 0xCA, 0x95, 0x05, 0xF2, 0x2C, 0xFE, 0xF1, 0xF1, 0xF0, 0xFB,
    0x00, 0x00, 0x00, 0x00, 0x00, 0x00, 0x00, 0x00, 0x00, 0x00, 0x00, 0x00, 0x00, 0x00, 0x00, 0x00,
    0x00, 0x00, 0x00, 0x00, 0x00, 0x00, 0x00, 0x00, 0x00, 0x00, 0x00, 0x00, 0x00, 0x00, 0x00, 0x00,
    0x00, 0x00, 0x00, 0x00, 0x00, 0x00, 0x00, 0x00, 0x00, 0x00, 0x00, 0x00, 0x00, 0x00, 0x00, 0x00,
    0x00, 0x00, 0x00, 0x00, 0x00, 0x00, 0x00, 0x00, 0x00, 0x00, 0x00, 0x00, 0x00, 0x00, 0x00, 0x00,
    0x00, 0x00, 0x00, 0x00, 0x00, 0x00, 0x00, 0x00, 0x00, 0x00, 0x00, 0x00, 0x00, 0x00, 0x00, 0x00,
    0x00, 0x00, 0x00, 0x00, 0x00, 0x00, 0x00, 0x00, 0x00, 0x00, 0x00, 0x00, 0x00, 0x00, 0x00, 0x00,
    0x00, 0x00, 0x00, 0x00, 0x00, 0x00, 0x00, 0x00, 0x00, 0x00, 0x00, 0x00, 0x00, 0x00, 0x00, 0x00,
    0x00, 0x00, 0x00, 0x00, 0x00, 0x00, 0x00, 0x00, 0x00, 0x00, 0x00, 0x00, 0x00, 0x00, 0x00, 0x00,
    0x00, 0x00, 0x00, 0x00, 0x00, 0x00, 0x00, 0x00, 0x00, 0x00, 0x00, 0x00, 0x00, 0x00, 0x00, 0x00,
    0x00, 0x00, 0x00, 0x00, 0x00, 0x00, 0x00, 0x00, 0x00, 0x00, 0x00, 0x00, 0x00, 0x00, 0x00, 0x00,
    0x00, 0x00, 0x00, 0x00, 0x00, 0x00, 0x00, 0x00, 0x00, 0x00, 0x00, 0x00, 0x00, 0x00, 0x00, 0x00,
    0x00, 0x00, 0x00, 0x00, 0x00, 0x00, 0x00, 0x00, 0x00, 0x00, 0x00, 0x00, 0x00, 0x00, 0x00, 0x00,
    0xFA, 0xF3, 0xF3, 0xF3, 0xFA, 0x2D, 0xF5, 0x09, 0x0E, 0xA8, 0x05, 0x03, 0x09, 0x02, 0x03, 0xFF,
    0xCA, 0xDD, 0xDD, 0xE6, 0xE6, 0xDB, 0xE2, 0xDB, 0xE3, 0xE3, 0xE7, 0xDC, 0xD6, 0xE3, 0xD6, 0xDC,
    0xF8, 0xF3, 0xE9, 0xCF, 0xD6, 0xD6, 0xD6, 0xE6, 0xDC, 0xE3, 0xCE, 0xCF, 0xD6, 0xCE, 0xCC, 0xD5,
    0xC2, 0xB9, 0xD6, 0xCE, 0xCE, 0xCF, 0xC5, 0xCF, 0xC2, 0xC5, 0xCF, 0xDA, 0xCE, 0xC2, 0xD6, 0xC5,
    0xC2, 0xC5, 0xA0, 0xA0, 0xB6, 0xB9, 0xAD, 0xCE, 0xCF, 0xC5, 0x9F, 0xA0, 0xA4, 0xB3, 0xB9, 0xB7,
    0xC0, 0x90, 0x9F, 0xA4, 0x8F, 0x90, 0xAD, 0x71, 0x7E, 0x98, 0x87, 0xAB, 0xB7, 0xA6, 0xAD, 0x92,
    0xAA, 0xB7, 0x98, 0xA0, 0x8D, 0x87, 0x9D, 0xA2, 0x79, 0x7D, 0x85, 0x6E, 0x8E, 0x98, 0x97, 0x6D,
    0x51, 0x7A, 0x66, 0x6D, 0x8F, 0x7D, 0x66, 0x3D, 0x5C, 0x52, 0x45, 0x56, 0x70, 0x36, 0x4B, 0x5A,
    0x44, 0x5F, 0x5F, 0x66, 0x67, 0x5E, 0x72, 0x72, 0x7C, 0x5E, 0x53, 0x54, 0x52, 0x5E, 0x49, 0x40,
    0x4C, 0x43, 0x64, 0x6F, 0x6B, 0x39, 0x43, 0x51, 0x54, 0x6F, 0x45, 0x43, 0x23, 0x35, 0x40, 0x37,
    0x41, 0x45, 0x21, 0x42, 0x52, 0x28, 0x4F, 0x56, 0x42, 0x41, 0x45, 0x6A, 0x7F, 0x75, 0x60, 0x52,
    0x52, 0x5E, 0x52, 0x41, 0x33, 0x50, 0x37, 0x56, 0x7E, 0x7F, 0x50, 0x47, 0x5F, 0x51, 0x7F, 0x67,
    0x6D, 0x5D, 0x48, 0x67, 0x4E, 0x52, 0x6B, 0x6A, 0x43, 0x52, 0x4A, 0x5D, 0x8D, 0x7B, 0x72, 0x7E,
    0x72, 0x90, 0x9F, 0x7F, 0x84, 0x7B, 0x85, 0x7B, 0x88, 0x6D, 0x64, 0x81, 0x7B, 0xA0, 0xA6, 0xA6,
    0x97, 0x79, 0x9F, 0x8F, 0x97, 0x9F, 0xAF, 0xA4, 0x76, 0x98, 0x8F, 0x80, 0x9F, 0x92, 0x6E, 0x9E,
    0x98, 0x8E, 0xB2, 0xAD, 0xA3, 0xB7, 0xAD, 0xB7, 0xC5, 0xBC, 0xC9, 0xC0, 0xB9, 0xBC, 0xBA, 0xB7,
    0xB6, 0xB9, 0xAD, 0xB9, 0xCF, 0xD6, 0xC5, 0xB7, 0xC2, 0xB7, 0xCE, 0xD4, 0xC2, 0xCD, 0xB9, 0xC5,
    0xC9, 0xC1, 0xC5, 0xCF, 0xBD, 0xC5, 0xCE, 0xC5, 0xCF, 0xDA, 0xCE, 0xD6, 0xD6, 0xD6, 0xE6, 0xDA,
    0xD6, 0xE3, 0xD6, 0xE0, 0xDA, 0xD5, 0xCF, 0xCC, 0xDC, 0xDA, 0xE6, 0xEB, 0xDB, 0xDA, 0xE3, 0xCA,
    0xFD, 0x03, 0x05, 0x05, 0x05, 0x0E, 0xF5, 0x09, 0x05, 0xF2, 0x2C, 0xFC, 0xF1, 0xF9, 0xF9, 0xFA,
    0x00, 0x00, 0x00, 0x00, 0x00, 0x00, 0x00, 0x00, 0x00, 0x00, 0x00, 0x00, 0x00, 0x00, 0x00, 0x00,
    0x00, 0x00, 0x00, 0x00, 0x00, 0x00, 0x00, 0x00, 0x00, 0x00, 0x00, 0x00, 0x00, 0x00, 0x00, 0x00,
    0x00, 0x00, 0x00, 0x00, 0x00, 0x00, 0x00, 0x00, 0x00, 0x00, 0x00, 0x00, 0x00, 0x00, 0x00, 0x00,
    0x00, 0x00, 0x00, 0x00, 0x00, 0x00, 0x00, 0x00, 0x00, 0x00, 0x00, 0x00, 0x00, 0x00, 0x00, 0x00,
    0x00, 0x00, 0x00, 0x00, 0x00, 0x00, 0x00, 0x00, 0x00, 0x00, 0x00, 0x00, 0x00, 0x00, 0x00, 0x00,
    0x00, 0x00, 0x00, 0x00, 0x00, 0x00, 0x00, 0x00, 0x00, 0x00, 0x00, 0x00, 0x00, 0x00, 0x00, 0x00,
    0x00, 0x00, 0x00, 0x00, 0x00, 0x00, 0x00, 0x00, 0x00, 0x00, 0x00, 0x00, 0x00, 0x00, 0x00, 0x00,
    0x00, 0x00, 0x00, 0x00, 0x00, 0x00, 0x00, 0x00, 0x00, 0x00, 0x00, 0x00, 0x00, 0x00, 0x00, 0x00,
    0x00, 0x00, 0x00, 0x00, 0x00, 0x00, 0x00, 0x00, 0x00, 0x00, 0x00, 0x00, 0x00, 0x00, 0x00, 0x00,
    0x00, 0x00, 0x00, 0x00, 0x00, 0x00, 0x00, 0x00, 0x00, 0x00, 0x00, 0x00, 0x00, 0x00, 0x00, 0x00,
    0x00, 0x00, 0x00, 0x00, 0x00, 0x00, 0x00, 0x00, 0x00, 0x00, 0x00, 0x00, 0x00, 0x00, 0x00, 0x00,
    0x00, 0x00, 0x00, 0x00, 0x00, 0x00, 0x00, 0x00, 0x00, 0x00, 0x00, 0x00, 0x00, 0x00, 0x00, 0x00,
    0xFB, 0xEB, 0xF8, 0xFB, 0xFA, 0x57, 0xF1, 0x0E, 0x0E, 0x59, 0x57, 0x02, 0x01, 0x09, 0xFF, 0xF1,
    0xF1, 0xEF, 0xDB, 0xD6, 0xDB, 0xE3, 0xE3, 0xE6, 0xE3, 0xD6, 0xDC, 0xDA, 0xE0, 0xD6, 0xDC, 0xD6,
    0xD6, 0xCF, 0xDA, 0xDF, 0xE0, 0xEB, 0xE0, 0xE0, 0xD6, 0xD2, 0xDA, 0xD6, 0xCE, 0xC7, 0xCF, 0xCF,
    0xCF, 0xD2, 0xC9, 0xD6, 0xE3, 0xE3, 0xE3, 0xDA, 0xCE, 0xB9, 0xB7, 0xC5, 0xC9, 0xD6, 0xDA, 0xCD,
    0xC2, 0xAD, 0xA3, 0xAB, 0xB2, 0xC0, 0xB7, 0xB7, 0xA3, 0xA6, 0xAD, 0xB7, 0xCF, 0xB7, 0xB9, 0xAD,
    0x9F, 0x9F, 0xA0, 0x92, 0x9E, 0x9E, 0x87, 0x90, 0x8D, 0x7F, 0xA4, 0xB9, 0xC2, 0xCC, 0xBC, 0x9F,
    0x82, 0x8F, 0xAF, 0x92, 0x97, 0x90, 0x75, 0x84, 0x79, 0x7D, 0x7D, 0x7A, 0x6D, 0x67, 0x5D, 0x7E,
    0x71, 0x7E, 0x8F, 0x6D, 0x79, 0x63, 0x5D, 0x72, 0x4D, 0x4B, 0x45, 0x51, 0x63, 0x66, 0x4B, 0x44,
    0x71, 0x7F, 0x87, 0x9A, 0x75, 0x5E, 0x49, 0x5E, 0x67, 0x60, 0x7B, 0x4B, 0x4B, 0x4F, 0x48, 0x4C,
    0x4C, 0x5C, 0x43, 0x37, 0x33, 0x43, 0x5E, 0x7E, 0x4D, 0x43, 0x41, 0x41, 0x37, 0x43, 0x35, 0x41,
    0x41, 0x41, 0x45, 0x33, 0x2F, 0x45, 0x69, 0x69, 0x7C, 0x56, 0x4B, 0x3C, 0x4A, 0x63, 0x67, 0x6F,
    0x43, 0x45, 0x38, 0x37, 0x37, 0x4D, 0x64, 0x51, 0x43, 0x4F, 0x56, 0x45, 0x8D, 0x6E, 0x4D, 0x72,
    0x6D, 0x53, 0x52, 0x53, 0x51, 0x4F, 0x60, 0x6A, 0x76, 0x41, 0x45, 0x7B, 0x8D, 0x9A, 0xA6, 0x8D,
    0x6E, 0x63, 0x7A, 0x84, 0x91, 0x9E, 0x7D, 0x70, 0x6D, 0x64, 0x7A, 0x82, 0x82, 0x7F, 0x72, 0x72,
    0x97, 0x9D, 0xAD, 0xB3, 0x87, 0x87, 0x8F, 0x97, 0x98, 0x85, 0x82, 0x8D, 0x8E, 0x90, 0x9E, 0x98,
    0x8E, 0xB7, 0xB9, 0xC7, 0xCE, 0xB9, 0x9F, 0x9F, 0xB7, 0xCE, 0xC5, 0xCE, 0xAD, 0xB7, 0xB7, 0xAD,
    0xB6, 0xB7, 0xB9, 0xB9, 0xB5, 0xB9, 0xBC, 0xB7, 0xCE, 0xCF, 0xB9, 0xCD, 0xCE, 0xC5, 0xC2, 0xC9,
    0xC5, 0xC7, 0xC7, 0xCF, 0xC9, 0xC9, 0xCE, 0xD5, 0xDA, 0xDF, 0xE3, 0xE3, 0xD6, 0xC7, 0xD6, 0xDA,
    0xEB, 0xE9, 0xE0, 0xCF, 0xD6, 0xCF, 0xCE, 0xD6, 0xDC, 0xD6, 0xD2, 0xDA, 0xDA, 0xDA, 0xDA, 0xDA,
    0xF4, 0xFF, 0x09, 0x01, 0x03, 0x95, 0x2D, 0x0E, 0x09, 0xFB, 0x2D, 0xFD, 0xEF, 0xEA, 0xF9, 0xFB,
    0x00, 0x00, 0x00, 0x00, 0x00, 0x00, 0x00, 0x00, 0x00, 0x00, 0x00, 0x00, 0x00, 0x00, 0x00, 0x00,
    0x00, 0x00, 0x00, 0x00, 0x00, 0x00, 0x00, 0x00, 0x00, 0x00, 0x00, 0x00, 0x00, 0x00, 0x00, 0x00,
    0x00, 0x00, 0x00, 0x00, 0x00, 0x00, 0x00, 0x00, 0x00, 0x00, 0x00, 0x00, 0x00, 0x00, 0x00, 0x00,
    0x00, 0x00, 0x00, 0x00, 0x00, 0x00, 0x00, 0x00, 0x00, 0x00, 0x00, 0x00, 0x00, 0x00, 0x00, 0x00,
    0x00, 0x00, 0x00, 0x00, 0x00, 0x00, 0x00, 0x00, 0x00, 0x00, 0x00, 0x00, 0x00, 0x00, 0x00, 0x00,
    0x00, 0x00, 0x00, 0x00, 0x00, 0x00, 0x00, 0x00, 0x00, 0x00, 0x00, 0x00, 0x00, 0x00, 0x00, 0x00,
    0x00, 0x00, 0x00, 0x00, 0x00, 0x00, 0x00, 0x00, 0x00, 0x00, 0x00, 0x00, 0x00, 0x00, 0x00, 0x00,
    0x00, 0x00, 0x00, 0x00, 0x00, 0x00, 0x00, 0x00, 0x00, 0x00, 0x00, 0x00, 0x00, 0x00, 0x00, 0x00,
    0x00, 0x00, 0x00, 0x00, 0x00, 0x00, 0x00, 0x00, 0x00, 0x00, 0x00, 0x00, 0x00, 0x00, 0x00, 0x00,
    0x00, 0x00, 0x00, 0x00, 0x00, 0x00, 0x00, 0x00, 0x00, 0x00, 0x00, 0x00, 0x00, 0x00, 0x00, 0x00,
    0x00, 0x00, 0x00, 0x00, 0x00, 0x00, 0x00, 0x00, 0x00, 0x00, 0x00, 0x00, 0x00, 0x00, 0x00, 0x00,
    0x00, 0x00, 0x00, 0x00, 0x00, 0x00, 0x00, 0x00, 0x00, 0x00, 0x00, 0x00, 0x00, 0x00, 0x00, 0x00,
    0xFF, 0xF8, 0xEB, 0xF8, 0xFA, 0x2D, 0xFE, 0x17, 0x09, 0x05, 0xA8, 0xFF, 0xFF, 0xFF, 0xFB, 0xF4,
    0xE6, 0xE6, 0xE6, 0xE3, 0xD5, 0xC8, 0xE2, 0xF8, 0xF3, 0xDF, 0xD6, 0xE9, 0xE0, 0xE0, 0xE9, 0xD6,
    0xC7, 0xD2, 0xDA, 0xE3, 0xDA, 0xE3, 0xE0, 0xD2, 0xC7, 0xCC, 0xD6, 0xCF, 0xCE, 0xD6, 0xD6, 0xCE,
    0xCF, 0xE3, 0xD6, 0xCF, 0xD6, 0xE3, 0xE2, 0xD6, 0xCF, 0xCE, 0xC5, 0xB9, 0xB7, 0xCF, 0xDA, 0xD4,
    0xB7, 0xA4, 0xB9, 0xC2, 0xC2, 0xBA, 0xAD, 0x90, 0xA3, 0xB7, 0xB9, 0xAB, 0xC0, 0xB6, 0x92, 0x8A,
    0x80, 0xA0, 0x92, 0x90, 0xAB, 0x96, 0x7D, 0xA3, 0xB3, 0x7E, 0x80, 0xAF, 0xAF, 0xB0, 0xAF, 0xB9,
    0xA9, 0x82, 0x8A, 0x98, 0xA3, 0x90, 0x7E, 0x7A, 0x9D, 0x88, 0x90, 0x7B, 0x5E, 0x51, 0x6A, 0x88,
    0x8F, 0x72, 0x81, 0x79, 0x52, 0x48, 0x4C, 0x75, 0x5D, 0x5D, 0x6A, 0x52, 0x3B, 0x7C, 0x6C, 0x42,
    0x50, 0x72, 0x7C, 0x7B, 0x75, 0x75, 0x60, 0x4F, 0x42, 0x4D, 0x7B, 0x60, 0x42, 0x37, 0x5E, 0x71,
    0x64, 0x5D, 0x28, 0x32, 0x45, 0x60, 0x5D, 0x5F, 0x51, 0x37, 0x21, 0x21, 0x45, 0x3C, 0x42, 0x45,
    0x2F, 0x19, 0x4F, 0x75, 0x33, 0x2F, 0x38, 0x56, 0x61, 0x56, 0x5A, 0x4F, 0x3C, 0x3C, 0x4B, 0x74,
    0x4F, 0x37, 0x2F, 0x5A, 0x67, 0x6D, 0x5E, 0x35, 0x37, 0x51, 0x6B, 0x60, 0x5D, 0x71, 0x51, 0x42,
    0x2B, 0x4B, 0x64, 0x4D, 0x61, 0x6B, 0x49, 0x4D, 0x82, 0x76, 0x33, 0x50, 0x6F, 0x92, 0x9A, 0x96,
    0x8F, 0x70, 0x63, 0x7A, 0xB5, 0xA9, 0x88, 0x7D, 0x70, 0x87, 0x96, 0x9E, 0x7F, 0x4F, 0x71, 0x87,
    0x9E, 0xB6, 0x8F, 0x8D, 0x84, 0x76, 0x5F, 0x84, 0x9A, 0x8F, 0x8F, 0x9A, 0x7B, 0x7F, 0xC0, 0xB6,
    0x8D, 0x9B, 0xAD, 0xC5, 0xC7, 0xB9, 0xB7, 0x9F, 0x97, 0xAA, 0xCD, 0xCF, 0xCE, 0xAD, 0xB7, 0xC2,
    0xC5, 0xC7, 0xC9, 0xB7, 0xA0, 0xB9, 0xC2, 0xCD, 0xC2, 0xCD, 0xC5, 0xC2, 0xA6, 0xAF, 0xCF, 0xCD,
    0xC5, 0xCF, 0xCC, 0xB0, 0xCF, 0xE3, 0xD6, 0xC7, 0xD5, 0xDA, 0xE3, 0xDA, 0xD6, 0xDA, 0xCF, 0xCF,
    0xE0, 0xEB, 0xE3, 0xD6, 0xCF, 0xD6, 0xE9, 0xDC, 0xE3, 0xD6, 0xC7, 0xCF, 0xE4, 0xE3, 0xDF, 0xE3,
    0xF3, 0xF9, 0xFF, 0xFF, 0xFF, 0x57, 0x09, 0x09, 0x17, 0xF5, 0x2D, 0xFD, 0xE3, 0xD4, 0xE6, 0xFB,
    0x00, 0x00, 0x00, 0x00, 0x00, 0x00, 0x00, 0x00, 0x00, 0x00, 0x00, 0x00, 0x00, 0x00, 0x00, 0x00,
    0x00, 0x00, 0x00, 0x00, 0x00, 0x00, 0x00, 0x00, 0x00, 0x00, 0x00, 0x00, 0x00, 0x00, 0x00, 0x00,
    0x00, 0x00, 0x00, 0x00, 0x00, 0x00, 0x00, 0x00, 0x00, 0x00, 0x00, 0x00, 0x00, 0x00, 0x00, 0x00,
    0x00, 0x00, 0x00, 0x00, 0x00, 0x00, 0x00, 0x00, 0x00, 0x00, 0x00, 0x00, 0x00, 0x00, 0x00, 0x00,
    0x00, 0x00, 0x00, 0x00, 0x00, 0x00, 0x00, 0x00, 0x00, 0x00, 0x00, 0x00, 0x00, 0x00, 0x00, 0x00,
    0x00, 0x00, 0x00, 0x00, 0x00, 0x00, 0x00, 0x00, 0x00, 0x00, 0x00, 0x00, 0x00, 0x00, 0x00, 0x00,
    0x00, 0x00, 0x00, 0x00, 0x00, 0x00, 0x00, 0x00, 0x00, 0x00, 0x00, 0x00, 0x00, 0x00, 0x00, 0x00,
    0x00, 0x00, 0x00, 0x00, 0x00, 0x00, 0x00, 0x00, 0x00, 0x00, 0x00, 0x00, 0x00, 0x00, 0x00, 0x00,
    0x00, 0x00, 0x00, 0x00, 0x00, 0x00, 0x00, 0x00, 0x00, 0x00, 0x00, 0x00, 0x00, 0x00, 0x00, 0x00,
    0x00, 0x00, 0x00, 0x00, 0x00, 0x00, 0x00, 0x00, 0x00, 0x00, 0x00, 0x00, 0x00, 0x00, 0x00, 0x00,
    0x00, 0x00, 0x00, 0x00, 0x00, 0x00, 0x00, 0x00, 0x00, 0x00, 0x00, 0x00, 0x00, 0x00, 0x00, 0x00,
    0x00, 0x00, 0x00, 0x00, 0x00, 0x00, 0x00, 0x00, 0x00, 0x00, 0x00, 0x00, 0x00, 0x00, 0x00, 0x00,
    0xFF, 0xF9, 0xEA, 0xE9, 0xF9, 0x2D, 0xFF, 0x0E, 0x0E, 0x03, 0x05, 0xF5, 0xDB, 0xF5, 0xF0, 0xF0,
    0xEA, 0xDC, 0xE6, 0xDF, 0xDA, 0xD5, 0xDF, 0xEB, 0xE6, 0xEA, 0xE9, 0xE9, 0xE0, 0xCF, 0xCF, 0xCF,
    0xC5, 0xD6, 0xE9, 0xE9, 0xE0, 0xDC, 0xE3, 0xCF, 0xC7, 0xCF, 0xCF, 0xD6, 0xD3, 0xDC, 0xDA, 0xCE,
    0xC1, 0xCF, 0xE0, 0xD3, 0xCF, 0xCF, 0xCE, 0xCF, 0xC7, 0xCE, 0xBD, 0xB9, 0xC0, 0xB9, 0xC2, 0xCD,
    0xD6, 0xC5, 0xC5, 0xB6, 0xA9, 0x9E, 0x97, 0x8F, 0xB6, 0xC2, 0xC2, 0xA4, 0xA4, 0xA4, 0x8D, 0x9F,
    0x9A, 0xA3, 0x9E, 0x9D, 0x82, 0x91, 0x88, 0x7D, 0x96, 0xA2, 0x8D, 0x90, 0x98, 0x9B, 0x98, 0xB3,
    0xB7, 0x9E, 0x8D, 0x8D, 0xA3, 0x9E, 0x9E, 0x8F, 0x90, 0x6D, 0x5E, 0x4A, 0x5D, 0x51, 0x7E, 0x88,
    0x96, 0x72, 0x70, 0x6A, 0x4F, 0x63, 0x48, 0x54, 0x5D, 0x4D, 0x51, 0x4D, 0x40, 0x5E, 0x7B, 0x67,
    0x38, 0x4F, 0x5E, 0x52, 0x5E, 0x64, 0x4A, 0x52, 0x56, 0x40, 0x4B, 0x65, 0x67, 0x52, 0x52, 0x44,
    0x27, 0x29, 0x35, 0x3B, 0x52, 0x5E, 0x5D, 0x3C, 0x44, 0x2F, 0x32, 0x21, 0x43, 0x45, 0x37, 0x2B,
    0x2B, 0x26, 0x2A, 0x56, 0x46, 0x33, 0x38, 0x2F, 0x38, 0x45, 0x5A, 0x44, 0x35, 0x49, 0x3B, 0x4F,
    0x60, 0x67, 0x51, 0x6A, 0x4A, 0x34, 0x34, 0x3E, 0x40, 0x67, 0x6D, 0x65, 0x35, 0x45, 0x45, 0x37,
    0x45, 0x48, 0x6D, 0x4D, 0x5A, 0x6B, 0x52, 0x51, 0x4D, 0x67, 0x5A, 0x45, 0x5A, 0x4F, 0x7F, 0x81,
    0x80, 0x79, 0x66, 0x71, 0x81, 0x81, 0x96, 0xA2, 0x97, 0x85, 0x6D, 0x63, 0x53, 0x4C, 0x6D, 0xA4,
    0xAB, 0xAD, 0x84, 0x80, 0x7C, 0x6B, 0x7B, 0x64, 0x8B, 0x90, 0x97, 0x9F, 0xA3, 0x97, 0xA9, 0xBE,
    0xAB, 0x9A, 0x9A, 0xA7, 0xC5, 0xB2, 0xB2, 0x97, 0x8F, 0xB6, 0xB9, 0xB6, 0xB7, 0xC2, 0xC2, 0xBA,
    0xB7, 0x9F, 0x9E, 0xA9, 0xA9, 0xC0, 0xCD, 0xCF, 0xC1, 0xB9, 0xCF, 0xBC, 0xB3, 0xB9, 0xC5, 0xCF,
    0xCE, 0xD6, 0xD6, 0xCF, 0xD6, 0xCF, 0xD6, 0xD6, 0xCF, 0xCF, 0xCF, 0xDA, 0xCF, 0xD6, 0xD4, 0xCF,
    0xD6, 0xDA, 0xD6, 0xE0, 0xE3, 0xE3, 0xE0, 0xC7, 0xC7, 0xC9, 0xC5, 0xDA, 0xE3, 0xE3, 0xE3, 0xE3,
    0xF3, 0xE3, 0xEF, 0xCA, 0xF6, 0x02, 0x05, 0x17, 0x2C, 0xEF, 0x2D, 0xFD, 0xE6, 0xDB, 0xF0, 0xFA,
    0x00, 0x00, 0x00, 0x00, 0x00, 0x00, 0x00, 0x00, 0x00, 0x00, 0x00, 0x00, 0x00, 0x00, 0x00, 0x00,
    0x00, 0x00, 0x00, 0x00, 0x00, 0x00, 0x00, 0x00, 0x00, 0x00, 0x00, 0x00, 0x00, 0x00, 0x00, 0x00,
    0x00, 0x00, 0x00, 0x00, 0x00, 0x00, 0x00, 0x00, 0x00, 0x00, 0x00, 0x00, 0x00, 0x00, 0x00, 0x00,
    0x00, 0x00, 0x00, 0x00, 0x00, 0x00, 0x00, 0x00, 0x00, 0x00, 0x00, 0x00, 0x00, 0x00, 0x00, 0x00,
    0x00, 0x00, 0x00, 0x00, 0x00, 0x00, 0x00, 0x00, 0x00, 0x00, 0x00, 0x00, 0x00, 0x00, 0x00, 0x00,
    0x00, 0x00, 0x00, 0x00, 0x00, 0x00, 0x00, 0x00, 0x00, 0x00, 0x00, 0x00, 0x00, 0x00, 0x00, 0x00,
    0x00, 0x00, 0x00, 0x00, 0x00, 0x00, 0x00, 0x00, 0x00, 0x00, 0x00, 0x00, 0x00, 0x00, 0x00, 0x00,
    0x00, 0x00, 0x00, 0x00, 0x00, 0x00, 0x00, 0x00, 0x00, 0x00, 0x00, 0x00, 0x00, 0x00, 0x00, 0x00,
    0x00, 0x00, 0x00, 0x00, 0x00, 0x00, 0x00, 0x00, 0x00, 0x00, 0x00, 0x00, 0x00, 0x00, 0x00, 0x00,
    0x00, 0x00, 0x00, 0x00, 0x00, 0x00, 0x00, 0x00, 0x00, 0x00, 0x00, 0x00, 0x00, 0x00, 0x00, 0x00,
    0x00, 0x00, 0x00, 0x00, 0x00, 0x00, 0x00, 0x00, 0x00, 0x00, 0x00, 0x00, 0x00, 0x00, 0x00, 0x00,
    0x00, 0x00, 0x00, 0x00, 0x00, 0x00, 0x00, 0x00, 0x00, 0x00, 0x00, 0x00, 0x00, 0x00, 0x00, 0x00,
    0xFF, 0xF9, 0xF3, 0xF0, 0xF9, 0x57, 0xEF, 0x17, 0x2C, 0x09, 0x0E, 0xFF, 0xEF, 0xF5, 0xDB, 0xDD,
    0xE3, 0xD6, 0xE0, 0xDE, 0xDB, 0xE6, 0xDE, 0xE3, 0xF3, 0xF3, 0xE9, 0xE0, 0xE3, 0xD6, 0xD6, 0xE3,
    0xD6, 0xDA, 0xDC, 0xE3, 0xE3, 0xD2, 0xCE, 0xD5, 0xD6, 0xCE, 0xD4, 0xDA, 0xE3, 0xCF, 0xC8, 0xCF,
    0xD5, 0xCF, 0xDA, 0xD4, 0xC5, 0xC5, 0xCF, 0xD4, 0xCE, 0xCD, 0xC0, 0xC2, 0xCD, 0xB6, 0xC5, 0xD6,
    0xD6, 0xC5, 0xB7, 0xC0, 0xB6, 0xB6, 0xBF, 0xB6, 0xB8, 0xB7, 0xBE, 0xAB, 0x90, 0x84, 0x88, 0x8F,
    0xA3, 0xA3, 0xA9, 0x84, 0x44, 0x67, 0x96, 0x96, 0xA2, 0xA3, 0x97, 0x7F, 0x87, 0xA3, 0x87, 0x97,
    0x9E, 0xB7, 0xA2, 0x7E, 0xA3, 0xB6, 0xB6, 0x88, 0x82, 0x7C, 0x65, 0x67, 0x7E, 0x7A, 0x7A, 0x7E,
    0x81, 0x67, 0x4B, 0x49, 0x49, 0x47, 0x51, 0x4A, 0x4D, 0x4A, 0x2A, 0x37, 0x4A, 0x4C, 0x63, 0x63,
    0x47, 0x37, 0x56, 0x5E, 0x51, 0x5E, 0x5E, 0x54, 0x4F, 0x32, 0x5D, 0x72, 0x72, 0x51, 0x43, 0x45,
    0x37, 0x42, 0x54, 0x43, 0x43, 0x43, 0x3C, 0x2A, 0x1D, 0x22, 0x40, 0x3C, 0x41, 0x2A, 0x35, 0x19,
    0x1F, 0x25, 0x22, 0x2F, 0x42, 0x3C, 0x2F, 0x32, 0x4F, 0x43, 0x4B, 0x52, 0x4B, 0x41, 0x2F, 0x5E,
    0x69, 0x7B, 0x5E, 0x48, 0x50, 0x35, 0x47, 0x63, 0x63, 0x53, 0x52, 0x52, 0x37, 0x37, 0x32, 0x3B,
    0x47, 0x48, 0x66, 0x5D, 0x5E, 0x43, 0x4B, 0x3E, 0x34, 0x51, 0x4A, 0x4B, 0x41, 0x5E, 0x63, 0x71,
    0x7E, 0x66, 0x71, 0x67, 0x5D, 0x97, 0xA3, 0xA3, 0x82, 0x7A, 0x84, 0x5E, 0x71, 0x87, 0x7F, 0x97,
    0xA2, 0xAB, 0x82, 0x56, 0x69, 0x7B, 0x7C, 0x6E, 0x7B, 0x9E, 0x97, 0x77, 0xB6, 0xA9, 0x9D, 0xB6,
    0x9D, 0x90, 0x76, 0xA3, 0xB1, 0xA3, 0xAB, 0x97, 0xA2, 0x9D, 0x9E, 0xC5, 0xCE, 0xCE, 0xB9, 0xB7,
    0xC0, 0xAB, 0xB2, 0xC2, 0xB7, 0xC0, 0xC2, 0xCE, 0xC5, 0xB9, 0xB9, 0xB9, 0xCD, 0xD0, 0xC5, 0xD2,
    0xD6, 0xC8, 0xC5, 0xCE, 0xBD, 0xC9, 0xD4, 0xE3, 0xCF, 0xC3, 0xD3, 0xDA, 0xCF, 0xCD, 0xC9, 0xD2,
    0xCF, 0xD6, 0xE3, 0xEB, 0xE3, 0xD6, 0xE0, 0xDA, 0xD5, 0xE3, 0xDA, 0xE0, 0xD6, 0xDF, 0xE3, 0xDA,
    0xD2, 0xE0, 0xE6, 0xD9, 0xFD, 0x0E, 0x0E, 0x2C, 0x17, 0xA8, 0x57, 0xFE, 0xEF, 0xEF, 0xF1, 0xF4,
    0x00, 0x00, 0x00, 0x00, 0x00, 0x00, 0x00, 0x00, 0x00, 0x00, 0x00, 0x00, 0x00, 0x00, 0x00, 0x00,
    0x00, 0x00, 0x00, 0x00, 0x00, 0x00, 0x00, 0x00, 0x00, 0x00, 0x00, 0x00, 0x00, 0x00, 0x00, 0x00,
    0x00, 0x00, 0x00, 0x00, 0x00, 0x00, 0x00, 0x00, 0x00, 0x00, 0x00, 0x00, 0x00, 0x00, 0x00, 0x00,
    0x00, 0x00, 0x00, 0x00, 0x00, 0x00, 0x00, 0x00, 0x00, 0x00, 0x00, 0x00, 0x00, 0x00, 0x00, 0x00,
    0x00, 0x00, 0x00, 0x00, 0x00, 0x00, 0x00, 0x00, 0x00, 0x00, 0x00, 0x00, 0x00, 0x00, 0x00, 0x00,
    0x00, 0x00, 0x00, 0x00, 0x00, 0x00, 0x00, 0x00, 0x00, 0x00, 0x00, 0x00, 0x00, 0x00, 0x00, 0x00,
    0x00, 0x00, 0x00, 0x00, 0x00, 0x00, 0x00, 0x00, 0x00, 0x00, 0x00, 0x00, 0x00, 0x00, 0x00, 0x00,
    0x00, 0x00, 0x00, 0x00, 0x00, 0x00, 0x00, 0x00, 0x00, 0x00, 0x00, 0x00, 0x00, 0x00, 0x00, 0x00,
    0x00, 0x00, 0x00, 0x00, 0x00, 0x00, 0x00, 0x00, 0x00, 0x00, 0x00, 0x00, 0x00, 0x00, 0x00, 0x00,
    0x00, 0x00, 0x00, 0x00, 0x00, 0x00, 0x00, 0x00, 0x00, 0x00, 0x00, 0x00, 0x00, 0x00, 0x00, 0x00,
    0x00, 0x00, 0x00, 0x00, 0x00, 0x00, 0x00, 0x00, 0x00, 0x00, 0x00, 0x00, 0x00, 0x00, 0x00, 0x00,
    0x00, 0x00, 0x00, 0x00, 0x00, 0x00, 0x00, 0x00, 0x00, 0x00, 0x00, 0x00, 0x00, 0x00, 0x00, 0x00,
    0xFF, 0xFB, 0xF3, 0xF3, 0xF5, 0x57, 0xCA, 0x17, 0x05, 0x01, 0x57, 0xFB, 0xDD, 0xEF, 0xF0, 0xF0,
    0xDA, 0xD4, 0xE0, 0xE6, 0xEF, 0xE6, 0xCF, 0xE3, 0xEB, 0xE3, 0xE0, 0xD6, 0xD6, 0xD2, 0xCF, 0xD4,
    0xE3, 0xE0, 0xE3, 0xD6, 0xD6, 0xCF, 0xCF, 0xDF, 0xE0, 0xE3, 0xEB, 0xCE, 0xCF, 0xBB, 0xB4, 0xE6,
    0xD6, 0xD6, 0xD4, 0xCF, 0xCE, 0xBD, 0xBD, 0xCF, 0xCE, 0xCE, 0xC9, 0xC9, 0xB7, 0xB7, 0xCC, 0xC5,
    0xB9, 0xC0, 0xAB, 0xAB, 0xA9, 0xA9, 0xB6, 0xC0, 0xAB, 0xBE, 0xB1, 0xAB, 0x8D, 0x8A, 0xB2, 0x96,
    0x8D, 0xB6, 0x7C, 0x51, 0x68, 0x67, 0x50, 0x9E, 0xB1, 0x85, 0x8D, 0x98, 0x97, 0xA3, 0x8F, 0x96,
    0x97, 0xAB, 0x97, 0x6D, 0x8F, 0x8F, 0x82, 0x82, 0x5D, 0x67, 0x63, 0x66, 0x71, 0x7A, 0x72, 0x67,
    0x5E, 0x67, 0x49, 0x49, 0x5D, 0x3D, 0x7E, 0x6D, 0x4B, 0x51, 0x2A, 0x26, 0x3A, 0x4C, 0x5D, 0x50,
    0x42, 0x4B, 0x41, 0x4F, 0x60, 0x65, 0x60, 0x4B, 0x32, 0x43, 0x67, 0x41, 0x35, 0x41, 0x32, 0x2A,
    0x44, 0x31, 0x40, 0x42, 0x37, 0x2F, 0x33, 0x22, 0x1D, 0x2F, 0x2F, 0x56, 0x69, 0x26, 0x19, 0x19,
    0x19, 0x19, 0x1D, 0x2F, 0x33, 0x22, 0x33, 0x2F, 0x33, 0x42, 0x43, 0x45, 0x45, 0x41, 0x33, 0x45,
    0x41, 0x45, 0x45, 0x2B, 0x36, 0x40, 0x35, 0x3C, 0x4D, 0x43, 0x45, 0x44, 0x4B, 0x22, 0x37, 0x48,
    0x3B, 0x72, 0x5C, 0x40, 0x37, 0x22, 0x43, 0x3C, 0x5C, 0x7F, 0x44, 0x3C, 0x42, 0x4F, 0x6B, 0x6E,
    0x7B, 0x82, 0x72, 0x5C, 0x5E, 0x8D, 0x7E, 0x84, 0x6E, 0x64, 0x52, 0x66, 0x66, 0x88, 0x88, 0x88,
    0x8F, 0x88, 0x85, 0x60, 0x76, 0x6E, 0x6F, 0x92, 0x91, 0x9D, 0x80, 0x6A, 0x85, 0xB1, 0xB1, 0xB1,
    0x9D, 0x8F, 0x8E, 0x9A, 0xA4, 0xA3, 0xA9, 0xBE, 0xA3, 0x7F, 0x97, 0xC2, 0xB9, 0xB9, 0xAF, 0xAD,
    0xAB, 0xAB, 0xAB, 0xB9, 0xC2, 0xB9, 0xB9, 0xB9, 0xC9, 0xB7, 0xB2, 0xC9, 0xC2, 0xC5, 0xD3, 0xCE,
    0xCF, 0xA7, 0xA6, 0xD6, 0xCC, 0xE3, 0xE3, 0xCE, 0xC7, 0xC7, 0xCF, 0xCF, 0xCE, 0xCF, 0xD6, 0xCF,
    0xC7, 0xD6, 0xDA, 0xD6, 0xDA, 0xCF, 0xCF, 0xCF, 0xCF, 0xD6, 0xE3, 0xE0, 0xDA, 0xD6, 0xDA, 0xD9,
    0xCF, 0xE3, 0xE3, 0xDB, 0xFE, 0x0E, 0x01, 0x0E, 0x0E, 0xA8, 0x57, 0xFC, 0xEF, 0xDD, 0xF0, 0xF9,
    0x00, 0x00, 0x00, 0x00, 0x00, 0x00, 0x00, 0x00, 0x00, 0x00, 0x00, 0x00, 0x00, 0x00, 0x00, 0x00,
    0x00, 0x00, 0x00, 0x00, 0x00, 0x00, 0x00, 0x00, 0x00, 0x00, 0x00, 0x00, 0x00, 0x00, 0x00, 0x00,
    0x00, 0x00, 0x00, 0x00, 0x00, 0x00, 0x00, 0x00, 0x00, 0x00, 0x00, 0x00, 0x00, 0x00, 0x00, 0x00,
    0x00, 0x00, 0x00, 0x00, 0x00, 0x00, 0x00, 0x00, 0x00, 0x00, 0x00, 0x00, 0x00, 0x00, 0x00, 0x00,
    0x00, 0x00, 0x00, 0x00, 0x00, 0x00, 0x00, 0x00, 0x00, 0x00, 0x00, 0x00, 0x00, 0x00, 0x00, 0x00,
    0x00, 0x00, 0x00, 0x00, 0x00, 0x00, 0x00, 0x00, 0x00, 0x00, 0x00, 0x00, 0x00, 0x00, 0x00, 0x00,
    0x00, 0x00, 0x00, 0x00, 0x00, 0x00, 0x00, 0x00, 0x00, 0x00, 0x00, 0x00, 0x00, 0x00, 0x00, 0x00,
    0x00, 0x00, 0x00, 0x00, 0x00, 0x00, 0x00, 0x00, 0x00, 0x00, 0x00, 0x00, 0x00, 0x00, 0x00, 0x00,
    0x00, 0x00, 0x00, 0x00, 0x00, 0x00, 0x00, 0x00, 0x00, 0x00, 0x00, 0x00, 0x00, 0x00, 0x00, 0x00,
    0x00, 0x00, 0x00, 0x00, 0x00, 0x00, 0x00, 0x00, 0x00, 0x00, 0x00, 0x00, 0x00, 0x00, 0x00, 0x00,
    0x00, 0x00, 0x00, 0x00, 0x00, 0x00, 0x00, 0x00, 0x00, 0x00, 0x00, 0x00, 0x00, 0x00, 0x00, 0x00,
    0x00, 0x00, 0x00, 0x00, 0x00, 0x00, 0x00, 0x00, 0x00, 0x00, 0x00, 0x00, 0x00, 0x00, 0x00, 0x00,
    0xFF, 0xF9, 0xEA, 0xF8, 0xF5, 0x57, 0x95, 0x05, 0x58, 0x57, 0xFD, 0xF5, 0xF0, 0xE6, 0xF4, 0xD8,
    0xDF, 0xEB, 0xE0, 0xF3, 0xE3, 0xD6, 0xDA, 0xE3, 0xD6, 0xD4, 0xE3, 0xD6, 0xC7, 0xD5, 0xD6, 0xD4,
    0xCF, 0xC7, 0xE0, 0xE0, 0xE0, 0xCF, 0xCF, 0xE3, 0xE0, 0xD6, 0xD6, 0xC5, 0xCF, 0xC3, 0xC9, 0xCF,
    0xC1, 0xD6, 0xD6, 0xCF, 0xD4, 0xCC, 0xB7, 0xC2, 0xB9, 0xB7, 0xCE, 0xC5, 0xB7, 0xC5, 0xB9, 0xA4,
    0x9F, 0xB7, 0xB2, 0x96, 0xA9, 0xB7, 0xA3, 0xA2, 0x96, 0xA9, 0xB1, 0xB1, 0x97, 0x9E, 0xAB, 0x97,
    0x87, 0x84, 0x75, 0x5C, 0x5F, 0x38, 0x44, 0x6B, 0xB1, 0x85, 0x98, 0xAD, 0x74, 0x7F, 0x85, 0x7D,
    0x96, 0x82, 0x7D, 0x7D, 0x7A, 0x6E, 0x52, 0x6F, 0x54, 0x48, 0x66, 0x79, 0x72, 0x48, 0x4B, 0x6A,
    0x7A, 0x70, 0x39, 0x4D, 0x68, 0x5E, 0x48, 0x3E, 0x35, 0x2B, 0x45, 0x2F, 0x36, 0x4C, 0x66, 0x2F,
    0x40, 0x71, 0x32, 0x41, 0x4A, 0x43, 0x45, 0x45, 0x32, 0x4F, 0x42, 0x26, 0x1F, 0x33, 0x26, 0x21,
    0x50, 0x50, 0x28, 0x1F, 0x2F, 0x33, 0x33, 0x16, 0x1D, 0x52, 0x42, 0x26, 0x26, 0x1D, 0x19, 0x1D,
    0x19, 0x1D, 0x26, 0x22, 0x22, 0x2F, 0x38, 0x33, 0x22, 0x22, 0x1D, 0x1D, 0x37, 0x43, 0x45, 0x2F,
    0x22, 0x26, 0x38, 0x2A, 0x23, 0x48, 0x49, 0x36, 0x25, 0x41, 0x33, 0x5A, 0x45, 0x1D, 0x49, 0x4E,
    0x3B, 0x48, 0x48, 0x37, 0x37, 0x45, 0x37, 0x52, 0x65, 0x69, 0x44, 0x67, 0x4D, 0x2B, 0x4F, 0x3C,
    0x5E, 0x84, 0x63, 0x63, 0x4B, 0x72, 0x5D, 0x64, 0x82, 0x54, 0x47, 0x81, 0x7D, 0x7E, 0x53, 0x6E,
    0x98, 0xAB, 0x82, 0x53, 0x8F, 0x7C, 0x6F, 0x7B, 0x81, 0x67, 0x6A, 0x98, 0x5F, 0x75, 0xB1, 0xB1,
    0x9D, 0x9F, 0xA3, 0x6B, 0x9A, 0x98, 0xA3, 0xB9, 0x97, 0x9D, 0x9F, 0xA4, 0x98, 0xA0, 0xAF, 0x9F,
    0x8D, 0xAD, 0xB7, 0xBE, 0x9D, 0xAD, 0xB7, 0xBD, 0xC5, 0xA6, 0xC2, 0xD6, 0xD6, 0xC7, 0xCF, 0xAE,
    0xC5, 0xB0, 0xA1, 0xCF, 0xDC, 0xCF, 0xDA, 0xD6, 0xCF, 0xC4, 0xBC, 0xBC, 0xCF, 0xE3, 0xDA, 0xC5,
    0xC5, 0xCF, 0xCF, 0xC5, 0xCF, 0xD6, 0xC5, 0xCC, 0xDC, 0xD6, 0xCF, 0xCE, 0xDF, 0xE3, 0xF3, 0xD6,
    0xD6, 0xE3, 0xE3, 0xF3, 0xF1, 0xFE, 0x95, 0x58, 0x05, 0x95, 0x58, 0xFC, 0xEF, 0xE3, 0xE6, 0xF9,
    0x00, 0x00, 0x00, 0x00, 0x00, 0x00, 0x00, 0x00, 0x00, 0x00, 0x00, 0x00, 0x00, 0x00, 0x00, 0x00,
    0x00, 0x00, 0x00, 0x00, 0x00, 0x00, 0x00, 0x00, 0x00, 0x00, 0x00, 0x00, 0x00, 0x00, 0x00, 0x00,
    0x00, 0x00, 0x00, 0x00, 0x00, 0x00, 0x00, 0x00, 0x00, 0x00, 0x00, 0x00, 0x00, 0x00, 0x00, 0x00,
    0x00, 0x00, 0x00, 0x00, 0x00, 0x00, 0x00, 0x00, 0x00, 0x00, 0x00, 0x00, 0x00, 0x00, 0x00, 0x00,
    0x00, 0x00, 0x00, 0x00, 0x00, 0x00, 0x00, 0x00, 0x00, 0x00, 0x00, 0x00, 0x00, 0x00, 0x00, 0x00,
    0x00, 0x00, 0x00, 0x00, 0x00, 0x00, 0x00, 0x00, 0x00, 0x00, 0x00, 0x00, 0x00, 0x00, 0x00, 0x00,
    0x00, 0x00, 0x00, 0x00, 0x00, 0x00, 0x00, 0x00, 0x00, 0x00, 0x00, 0x00, 0x00, 0x00, 0x00, 0x00,
    0x00, 0x00, 0x00, 0x00, 0x00, 0x00, 0x00, 0x00, 0x00, 0x00, 0x00, 0x00, 0x00, 0x00, 0x00, 0x00,
    0x00, 0x00, 0x00, 0x00, 0x00, 0x00, 0x00, 0x00, 0x00, 0x00, 0x00, 0x00, 0x00, 0x00, 0x00, 0x00,
    0x00, 0x00, 0x00, 0x00, 0x00, 0x00, 0x00, 0x00, 0x00, 0x00, 0x00, 0x00, 0x00, 0x00, 0x00, 0x00,
    0x00, 0x00, 0x00, 0x00, 0x00, 0x00, 0x00, 0x00, 0x00, 0x00, 0x00, 0x00, 0x00, 0x00, 0x00, 0x00,
    0x00, 0x00, 0x00, 0x00, 0x00, 0x00, 0x00, 0x00, 0x00, 0x00, 0x00, 0x00, 0x00, 0x00, 0x00, 0x00,
    0xFB, 0xF5, 0xEA, 0xEB, 0xF5, 0x57, 0xA8, 0x09, 0x59, 0x95, 0xFD, 0xF3, 0xF8, 0xEA, 0xF3, 0xDD,
    0xF3, 0xE7, 0xD6, 0xDA, 0xD6, 0xE3, 0xE6, 0xDA, 0xD4, 0xCF, 0xE3, 0xD6, 0xC7, 0xCF, 0xD6, 0xE3,
    0xCE, 0xCF, 0xDA, 0xCF, 0xCF, 0xCF, 0xCF, 0xDA, 0xCE, 0xDA, 0xD6, 0xCE, 0xCF, 0xC5, 0xB0, 0xC5,
    0xD4, 0xCF, 0xDA, 0xC5, 0xCE, 0xD3, 0xC2, 0xB7, 0xB7, 0xB6, 0xC2, 0xB7, 0xCD, 0xCE, 0xB7, 0xAD,
    0x9A, 0xAF, 0xB7, 0xA9, 0xB1, 0xB1, 0xC0, 0x9D, 0xB6, 0xC0, 0x96, 0x96, 0x8F, 0x8F, 0x88, 0xB2,
    0x9F, 0x51, 0x61, 0x6B, 0x5A, 0x46, 0x60, 0x5A, 0x7E, 0x96, 0x7E, 0xA2, 0x6C, 0x75, 0x7E, 0x7A,
    0x97, 0x66, 0x72, 0x7B, 0x82, 0x6E, 0x5E, 0x6F, 0x66, 0x4D, 0x67, 0x66, 0x67, 0x47, 0x5E, 0x6D,
    0x63, 0x6D, 0x49, 0x5C, 0x40, 0x40, 0x5D, 0x41, 0x2A, 0x25, 0x45, 0x42, 0x31, 0x21, 0x48, 0x27,
    0x27, 0x5D, 0x43, 0x3C, 0x34, 0x32, 0x42, 0x37, 0x42, 0x2F, 0x32, 0x37, 0x19, 0x2F, 0x2A, 0x2A,
    0x4D, 0x56, 0x1D, 0x19, 0x45, 0x33, 0x22, 0x2A, 0x22, 0x22, 0x2F, 0x37, 0x19, 0x19, 0x1D, 0x22,
    0x19, 0x19, 0x11, 0x11, 0x1D, 0x19, 0x22, 0x19, 0x1D, 0x37, 0x1D, 0x19, 0x19, 0x37, 0x41, 0x42,
    0x2F, 0x22, 0x33, 0x37, 0x34, 0x4C, 0x3D, 0x2A, 0x1D, 0x5E, 0x38, 0x22, 0x33, 0x1D, 0x32, 0x36,
    0x4F, 0x5E, 0x31, 0x31, 0x37, 0x2A, 0x3C, 0x37, 0x26, 0x4B, 0x49, 0x40, 0x53, 0x4B, 0x49, 0x37,
    0x51, 0x6D, 0x4A, 0x64, 0x66, 0x81, 0x51, 0x67, 0x81, 0x6E, 0x67, 0x81, 0x7E, 0x8E, 0x64, 0x9A,
    0x8F, 0x81, 0x7E, 0x7B, 0x79, 0x7A, 0x8A, 0x7C, 0x7B, 0x5A, 0x72, 0x8D, 0x5D, 0x49, 0x9E, 0xB7,
    0x88, 0x82, 0xAB, 0x8A, 0x97, 0xA3, 0xB7, 0xAB, 0x88, 0xAB, 0xA4, 0xAB, 0x97, 0x8E, 0xB7, 0x9E,
    0x97, 0xA3, 0xC2, 0xBA, 0x9E, 0xB9, 0xC2, 0x9F, 0xB5, 0xAF, 0xB9, 0xCE, 0xCF, 0xDC, 0xCF, 0xAD,
    0xB9, 0xAF, 0xA0, 0xB9, 0xCE, 0xCC, 0xE0, 0xCF, 0xD6, 0xCE, 0xC7, 0xCE, 0xCF, 0xD6, 0xCF, 0xCE,
    0xDF, 0xD4, 0xD6, 0xCE, 0xCF, 0xDA, 0xCE, 0xCF, 0xD6, 0xDA, 0xCF, 0xDA, 0xE3, 0xDA, 0xDF, 0xE0,
    0xDA, 0xE3, 0xF3, 0xF8, 0xF8, 0xFF, 0x95, 0x62, 0x03, 0x95, 0x59, 0xFA, 0xF1, 0xEF, 0xE6, 0xF5,
    0x00, 0x00, 0x00, 0x00, 0x00, 0x00, 0x00, 0x00, 0x00, 0x00, 0x00, 0x00, 0x00, 0x00, 0x00, 0x00,
    0x00, 0x00, 0x00, 0x00, 0x00, 0x00, 0x00, 0x00, 0x00, 0x00, 0x00, 0x00, 0x00, 0x00, 0x00, 0x00,
    0x00, 0x00, 0x00, 0x00, 0x00, 0x00, 0x00, 0x00, 0x00, 0x00, 0x00, 0x00, 0x00, 0x00, 0x00, 0x00,
    0x00, 0x00, 0x00, 0x00, 0x00, 0x00, 0x00, 0x00, 0x00, 0x00, 0x00, 0x00, 0x00, 0x00, 0x00, 0x00,
    0x00, 0x00, 0x00, 0x00, 0x00, 0x00, 0x00, 0x00, 0x00, 0x00, 0x00, 0x00, 0x00, 0x00, 0x00, 0x00,
    0x00, 0x00, 0x00, 0x00, 0x00, 0x00, 0x00, 0x00, 0x00, 0x00, 0x00, 0x00, 0x00, 0x00, 0x00, 0x00,
    0x00, 0x00, 0x00, 0x00, 0x00, 0x00, 0x00, 0x00, 0x00, 0x00, 0x00, 0x00, 0x00, 0x00, 0x00, 0x00,
    0x00, 0x00, 0x00, 0x00, 0x00, 0x00, 0x00, 0x00, 0x00, 0x00, 0x00, 0x00, 0x00, 0x00, 0x00, 0x00,
    0x00, 0x00, 0x00, 0x00, 0x00, 0x00, 0x00, 0x00, 0x00, 0x00, 0x00, 0x00, 0x00, 0x00, 0x00, 0x00,
    0x00, 0x00, 0x00, 0x00, 0x00, 0x00, 0x00, 0x00, 0x00, 0x00, 0x00, 0x00, 0x00, 0x00, 0x00, 0x00,
    0x00, 0x00, 0x00, 0x00, 0x00, 0x00, 0x00, 0x00, 0x00, 0x00, 0x00, 0x00, 0x00, 0x00, 0x00, 0x00,
    0x00, 0x00, 0x00, 0x00, 0x00, 0x00, 0x00, 0x00, 0x00, 0x00, 0x00, 0x00, 0x00, 0x00, 0x00, 0x00,
    0xFA, 0xF0, 0xE3, 0xEB, 0xF4, 0x58, 0xDB, 0x05, 0x09, 0x01, 0x57, 0xF8, 0xDD, 0xF1, 0xF3, 0xF8,
    0xE6, 0xE3, 0xE3, 0xCF, 0xCF, 0xE3, 0xE3, 0xE3, 0xDF, 0xD6, 0xE0, 0xD6, 0xD2, 0xCF, 0xCF, 0xCF,
    0xC5, 0xE3, 0xE0, 0xCC, 0xCF, 0xE3, 0xE0, 0xCE, 0xC5, 0xD4, 0xCE, 0xDC, 0xD6, 0xC1, 0xB0, 0xE0,
    0xDC, 0xD4, 0xCE, 0xCE, 0xCE, 0xCF, 0xCE, 0xC2, 0xCD, 0xCD, 0xC0, 0xAB, 0xB7, 0xAD, 0xCE, 0xC2,
    0xAD, 0xB3, 0xB7, 0xB6, 0xB6, 0xA2, 0xAB, 0xA9, 0xC2, 0xC9, 0xA2, 0xB6, 0xBE, 0xA9, 0x88, 0x97,
    0x4F, 0x50, 0x75, 0x5A, 0x60, 0x76, 0x6A, 0x5E, 0x4D, 0x71, 0x88, 0x8F, 0x90, 0x98, 0x8F, 0x7E,
    0x87, 0x64, 0x6D, 0x64, 0x6F, 0x65, 0x6E, 0x6E, 0x7A, 0x5E, 0x51, 0x71, 0x4B, 0x4B, 0x7F, 0x79,
    0x47, 0x4A, 0x79, 0x63, 0x44, 0x36, 0x37, 0x2A, 0x26, 0x2F, 0x40, 0x32, 0x16, 0x2F, 0x28, 0x28,
    0x31, 0x40, 0x48, 0x40, 0x51, 0x4D, 0x44, 0x21, 0x1D, 0x19, 0x22, 0x2F, 0x22, 0x2A, 0x33, 0x33,
    0x33, 0x33, 0x19, 0x22, 0x33, 0x1D, 0x1D, 0x33, 0x2F, 0x19, 0x1D, 0x22, 0x19, 0x11, 0x11, 0x19,
    0x19, 0x11, 0x11, 0x11, 0x19, 0x11, 0x19, 0x19, 0x1D, 0x1D, 0x22, 0x32, 0x19, 0x19, 0x1D, 0x37,
    0x2F, 0x33, 0x33, 0x38, 0x32, 0x40, 0x2F, 0x1D, 0x33, 0x4F, 0x38, 0x1D, 0x2F, 0x45, 0x44, 0x21,
    0x36, 0x45, 0x2A, 0x21, 0x2A, 0x26, 0x2B, 0x21, 0x26, 0x42, 0x40, 0x3E, 0x40, 0x5C, 0x66, 0x5E,
    0x6E, 0x4E, 0x47, 0x47, 0x53, 0x7E, 0x5E, 0x71, 0x81, 0x79, 0x7D, 0x7E, 0x6E, 0x67, 0x7F, 0xB6,
    0x8F, 0x7D, 0x8F, 0xA9, 0x82, 0x64, 0x72, 0x4D, 0x75, 0x6B, 0x7F, 0x7F, 0x5E, 0x61, 0x75, 0x6E,
    0x82, 0x87, 0x8F, 0x9E, 0x9E, 0x9F, 0xAD, 0xA2, 0x96, 0x9F, 0x90, 0xB5, 0xAD, 0xA6, 0xAD, 0xA3,
    0x9F, 0xA4, 0xB7, 0x9E, 0xAD, 0xD0, 0xCD, 0xAD, 0xB8, 0xCE, 0xCF, 0xC2, 0xB7, 0xC2, 0xB9, 0xCF,
    0xCE, 0xAD, 0xAF, 0xB3, 0xD6, 0xD2, 0xCF, 0xC2, 0xC5, 0xD4, 0xE0, 0xE0, 0xD6, 0xCF, 0xC7, 0xC5,
    0xD6, 0xD6, 0xD6, 0xD6, 0xD6, 0xE0, 0xDA, 0xD6, 0xD6, 0xCF, 0xCE, 0xE7, 0xEB, 0xD6, 0xDF, 0xEB,
    0xEB, 0xE3, 0xE7, 0xDB, 0xFF, 0x17, 0x01, 0x09, 0x02, 0xCA, 0x58, 0xFD, 0xEF, 0xDF, 0xEF, 0xF9,
    0x00, 0x00, 0x00, 0x00, 0x00, 0x00, 0x00, 0x00, 0x00, 0x00, 0x00, 0x00, 0x00, 0x00, 0x00, 0x00,
    0x00, 0x00, 0x00, 0x00, 0x00, 0x00, 0x00, 0x00, 0x00, 0x00, 0x00, 0x00, 0x00, 0x00, 0x00, 0x00,
    0x00, 0x00, 0x00, 0x00, 0x00, 0x00, 0x00, 0x00, 0x00, 0x00, 0x00, 0x00, 0x00, 0x00, 0x00, 0x00,
    0x00, 0x00, 0x00, 0x00, 0x00, 0x00, 0x00, 0x00, 0x00, 0x00, 0x00, 0x00, 0x00, 0x00, 0x00, 0x00,
    0x00, 0x00, 0x00, 0x00, 0x00, 0x00, 0x00, 0x00, 0x00, 0x00, 0x00, 0x00, 0x00, 0x00, 0x00, 0x00,
    0x00, 0x00, 0x00, 0x00, 0x00, 0x00, 0x00, 0x00, 0x00, 0x00, 0x00, 0x00, 0x00, 0x00, 0x00, 0x00,
    0x00, 0x00, 0x00, 0x00, 0x00, 0x00, 0x00, 0x00, 0x00, 0x00, 0x00, 0x00, 0x00, 0x00, 0x00, 0x00,
    0x00, 0x00, 0x00, 0x00, 0x00, 0x00, 0x00, 0x00, 0x00, 0x00, 0x00, 0x00, 0x00, 0x00, 0x00, 0x00,
    0x00, 0x00, 0x00, 0x00, 0x00, 0x00, 0x00, 0x00, 0x00, 0x00, 0x00, 0x00, 0x00, 0x00, 0x00, 0x00,
    0x00, 0x00, 0x00, 0x00, 0x00, 0x00, 0x00, 0x00, 0x00, 0x00, 0x00, 0x00, 0x00, 0x00, 0x00, 0x00,
    0x00, 0x00, 0x00, 0x00, 0x00, 0x00, 0x00, 0x00, 0x00, 0x00, 0x00, 0x00, 0x00, 0x00, 0x00, 0x00,
    0x00, 0x00, 0x00, 0x00, 0x00, 0x00, 0x00, 0x00, 0x00, 0x00, 0x00, 0x00, 0x00, 0x00, 0x00, 0x00,
    0xFA, 0xF9, 0xF3, 0xF8, 0xF5, 0x57, 0xFF, 0x09, 0x09, 0x01, 0x2C, 0xFD, 0xDA, 0xF8, 0xF0, 0xE6,
    0xE3, 0xE3, 0xE3, 0xE3, 0xE3, 0xDA, 0xC8, 0xD5, 0xDC, 0xE0, 0xDC, 0xDC, 0xD6, 0xD4, 0xD6, 0xCE,
    0xD6, 0xD6, 0xCF, 0xDA, 0xDA, 0xDC, 0xDC, 0xD6, 0xD6, 0xD6, 0xCE, 0xD4, 0xD6, 0xB0, 0xBC, 0xE0,
    0xCE, 0xC5, 0xC5, 0xD6, 0xDE, 0xD4, 0xD0, 0xCE, 0xC0, 0xCD, 0xCD, 0xC2, 0xB7, 0x98, 0xAD, 0xB7,
    0xB9, 0xB7, 0xB3, 0xB7, 0xB7, 0xA9, 0xA3, 0xC0, 0xB7, 0xA9, 0xBE, 0xB1, 0xA9, 0xA9, 0xA9, 0x72,
    0x52, 0x6B, 0x60, 0x5F, 0x67, 0x60, 0x56, 0x50, 0x50, 0x4B, 0x8F, 0x8F, 0x84, 0x84, 0x8F, 0x7E,
    0x7E, 0x87, 0x87, 0x63, 0x5D, 0x65, 0x6E, 0x65, 0x54, 0x54, 0x4B, 0x53, 0x53, 0x5E, 0x51, 0x4A,
    0x5D, 0x4C, 0x4C, 0x5C, 0x48, 0x26, 0x26, 0x3E, 0x37, 0x26, 0x1F, 0x26, 0x2F, 0x44, 0x2F, 0x1D,
    0x37, 0x40, 0x3C, 0x4F, 0x42, 0x37, 0x44, 0x32, 0x2B, 0x1D, 0x11, 0x19, 0x2A, 0x1D, 0x19, 0x22,
    0x1D, 0x1D, 0x2A, 0x1D, 0x11, 0x22, 0x22, 0x1D, 0x22, 0x1D, 0x19, 0x11, 0x1D, 0x11, 0x11, 0x11,
    0x11, 0x11, 0x11, 0x11, 0x0D, 0x19, 0x1D, 0x19, 0x2A, 0x19, 0x1D, 0x32, 0x2F, 0x22, 0x11, 0x0F,
    0x1D, 0x26, 0x1D, 0x1D, 0x22, 0x22, 0x19, 0x1D, 0x41, 0x33, 0x33, 0x2F, 0x2F, 0x45, 0x44, 0x31,
    0x1F, 0x22, 0x49, 0x21, 0x2A, 0x2F, 0x2A, 0x1D, 0x42, 0x26, 0x22, 0x47, 0x51, 0x51, 0x67, 0x51,
    0x63, 0x6D, 0x6D, 0x5D, 0x3C, 0x49, 0x65, 0x6E, 0x65, 0x6D, 0x7A, 0x7D, 0x67, 0x64, 0x7F, 0x7A,
    0x87, 0x9D, 0x91, 0x88, 0x82, 0x7D, 0x4D, 0x6B, 0x72, 0x5E, 0x6A, 0x5E, 0x60, 0x6B, 0x77, 0x45,
    0x6E, 0x9F, 0x9D, 0x9E, 0x9F, 0x90, 0x9E, 0xB1, 0xA9, 0xAB, 0x8D, 0x8F, 0x9F, 0xAD, 0xAB, 0x9E,
    0xAD, 0xAD, 0xA3, 0xB5, 0xCB, 0xC0, 0xBF, 0xC2, 0xBE, 0xCE, 0xCE, 0xCE, 0xCD, 0xAD, 0xB9, 0xCF,
    0xC2, 0xAF, 0xAD, 0xAF, 0xDA, 0xCF, 0xC5, 0xCF, 0xCF, 0xD6, 0xD6, 0xDA, 0xD6, 0xD6, 0xCF, 0xCF,
    0xC5, 0xC5, 0xD6, 0xDF, 0xDA, 0xD6, 0xE0, 0xD6, 0xD6, 0xD6, 0xE3, 0xE0, 0xDA, 0xE3, 0xE7, 0xE9,
    0xEB, 0xEB, 0xE3, 0xC8, 0xFE, 0x0E, 0x02, 0x17, 0x09, 0xFE, 0x58, 0xF0, 0xDA, 0xE0, 0xF3, 0xFB,
    0x00, 0x00, 0x00, 0x00, 0x00, 0x00, 0x00, 0x00, 0x00, 0x00, 0x00, 0x00, 0x00, 0x00, 0x00, 0x00,
    0x00, 0x00, 0x00, 0x00, 0x00, 0x00, 0x00, 0x00, 0x00, 0x00, 0x00, 0x00, 0x00, 0x00, 0x00, 0x00,
    0x00, 0x00, 0x00, 0x00, 0x00, 0x00, 0x00, 0x00, 0x00, 0x00, 0x00, 0x00, 0x00, 0x00, 0x00, 0x00,
    0x00, 0x00, 0x00, 0x00, 0x00, 0x00, 0x00, 0x00, 0x00, 0x00, 0x00, 0x00, 0x00, 0x00, 0x00, 0x00,
    0x00, 0x00, 0x00, 0x00, 0x00, 0x00, 0x00, 0x00, 0x00, 0x00, 0x00, 0x00, 0x00, 0x00, 0x00, 0x00,
    0x00, 0x00, 0x00, 0x00, 0x00, 0x00, 0x00, 0x00, 0x00, 0x00, 0x00, 0x00, 0x00, 0x00, 0x00, 0x00,
    0x00, 0x00, 0x00, 0x00, 0x00, 0x00, 0x00, 0x00, 0x00, 0x00, 0x00, 0x00, 0x00, 0x00, 0x00, 0x00,
    0x00, 0x00, 0x00, 0x00, 0x00, 0x00, 0x00, 0x00, 0x00, 0x00, 0x00, 0x00, 0x00, 0x00, 0x00, 0x00,
    0x00, 0x00, 0x00, 0x00, 0x00, 0x00, 0x00, 0x00, 0x00, 0x00, 0x00, 0x00, 0x00, 0x00, 0x00, 0x00,
    0x00, 0x00, 0x00, 0x00, 0x00, 0x00, 0x00, 0x00, 0x00, 0x00, 0x00, 0x00, 0x00, 0x00, 0x00, 0x00,
    0x00, 0x00, 0x00, 0x00, 0x00, 0x00, 0x00, 0x00, 0x00, 0x00, 0x00, 0x00, 0x00, 0x00, 0x00, 0x00,
    0x00, 0x00, 0x00, 0x00, 0x00, 0x00, 0x00, 0x00, 0x00, 0x00, 0x00, 0x00, 0x00, 0x00, 0x00, 0x00,
    0xFE, 0xFE, 0xFA, 0xF4, 0xF4, 0x57, 0xDB, 0x05, 0x02, 0x17, 0xFE, 0xDC, 0xCF, 0xE6, 0xDA, 0xE0,
    0xDE, 0xE0, 0xD6, 0xE3, 0xEB, 0xE3, 0xCF, 0xCF, 0xE0, 0xDF, 0xC3, 0xCF, 0xD4, 0xDA, 0xCF, 0xCE,
    0xD3, 0xC5, 0xCD, 0xD6, 0xCF, 0xCE, 0xCE, 0xE0, 0xEB, 0xE3, 0xDA, 0xC5, 0xC5, 0xB9, 0xBC, 0xCE,
    0xBC, 0xC5, 0xCD, 0xCD, 0xCD, 0xC2, 0xC0, 0xAD, 0xA4, 0xBE, 0xC0, 0xCD, 0xC0, 0xB6, 0xA2, 0xAD,
    0xAD, 0x78, 0xA6, 0xBE, 0xBE, 0xA9, 0xA3, 0xA9, 0x97, 0x9D, 0x96, 0x88, 0x9D, 0x9D, 0x9E, 0x5D,
    0x56, 0x75, 0x4B, 0x61, 0x5E, 0x5A, 0x50, 0x6C, 0x56, 0x22, 0x5E, 0x63, 0x7E, 0x7E, 0x66, 0x6E,
    0x7A, 0xA3, 0x9E, 0x7B, 0x64, 0x7A, 0x6E, 0x26, 0x43, 0x5D, 0x64, 0x4A, 0x4D, 0x4D, 0x3B, 0x48,
    0x47, 0x3D, 0x3D, 0x4A, 0x48, 0x26, 0x21, 0x40, 0x44, 0x26, 0x42, 0x37, 0x1C, 0x1F, 0x1D, 0x19,
    0x31, 0x21, 0x35, 0x1D, 0x11, 0x2F, 0x2F, 0x45, 0x45, 0x26, 0x19, 0x19, 0x19, 0x0B, 0x11, 0x19,
    0x19, 0x11, 0x1D, 0x11, 0x0D, 0x11, 0x19, 0x19, 0x11, 0x19, 0x11, 0x0D, 0x0D, 0x11, 0x11, 0x11,
    0x11, 0x0D, 0x0D, 0x11, 0x0D, 0x11, 0x11, 0x11, 0x19, 0x11, 0x11, 0x16, 0x37, 0x33, 0x1D, 0x19,
    0x1D, 0x19, 0x0D, 0x1D, 0x1D, 0x19, 0x11, 0x1D, 0x21, 0x19, 0x22, 0x21, 0x37, 0x31, 0x28, 0x40,
    0x19, 0x19, 0x2F, 0x21, 0x28, 0x2A, 0x37, 0x37, 0x26, 0x2A, 0x21, 0x39, 0x35, 0x40, 0x3B, 0x3A,
    0x4C, 0x67, 0x9E, 0x7A, 0x49, 0x53, 0x6E, 0x4F, 0x32, 0x67, 0x7A, 0x71, 0x67, 0x6E, 0x66, 0x5C,
    0x7B, 0x6D, 0x54, 0x7A, 0x6D, 0x84, 0x3C, 0x60, 0x6A, 0x5E, 0x60, 0x76, 0x5D, 0x6A, 0x75, 0x50,
    0x42, 0x7A, 0x7B, 0x88, 0x82, 0x7E, 0x85, 0xA2, 0xC0, 0xB6, 0x9D, 0x8F, 0xAB, 0x90, 0x74, 0xAD,
    0xB7, 0xB7, 0x9E, 0xA9, 0xB7, 0x97, 0xA9, 0xA3, 0xB6, 0xBD, 0xBA, 0xCF, 0xCF, 0xC0, 0xC5, 0xAD,
    0xAD, 0xB3, 0xB7, 0xBC, 0xCF, 0xCE, 0xC5, 0xD2, 0xC5, 0xCE, 0xC5, 0xCE, 0xCC, 0xCE, 0xD6, 0xE3,
    0xCF, 0xC5, 0xD6, 0xE0, 0xC7, 0xC7, 0xD6, 0xDA, 0xD6, 0xD4, 0xDA, 0xCF, 0xD6, 0xDA, 0xD6, 0xDA,
    0xDA, 0xEB, 0xE9, 0xDA, 0xEF, 0xFF, 0x57, 0x03, 0x09, 0xDB, 0x62, 0xEA, 0xEF, 0xF4, 0xF9, 0xFE,
    0x00, 0x00, 0x00, 0x00, 0x00, 0x00, 0x00, 0x00, 0x00, 0x00, 0x00, 0x00, 0x00, 0x00, 0x00, 0x00,
    0x00, 0x00, 0x00, 0x00, 0x00, 0x00, 0x00, 0x00, 0x00, 0x00, 0x00, 0x00, 0x00, 0x00, 0x00, 0x00,
    0x00, 0x00, 0x00, 0x00, 0x00, 0x00, 0x00, 0x00, 0x00, 0x00, 0x00, 0x00, 0x00, 0x00, 0x00, 0x00,
    0x00, 0x00, 0x00, 0x00, 0x00, 0x00, 0x00, 0x00, 0x00, 0x00, 0x00, 0x00, 0x00, 0x00, 0x00, 0x00,
    0x00, 0x00, 0x00, 0x00, 0x00, 0x00, 0x00, 0x00, 0x00, 0x00, 0x00, 0x00, 0x00, 0x00, 0x00, 0x00,
    0x00, 0x00, 0x00, 0x00, 0x00, 0x00, 0x00, 0x00, 0x00, 0x00, 0x00, 0x00, 0x00, 0x00, 0x00, 0x00,
    0x00, 0x00, 0x00, 0x00, 0x00, 0x00, 0x00, 0x00, 0x00, 0x00, 0x00, 0x00, 0x00, 0x00, 0x00, 0x00,
    0x00, 0x00, 0x00, 0x00, 0x00, 0x00, 0x00, 0x00, 0x00, 0x00, 0x00, 0x00, 0x00, 0x00, 0x00, 0x00,
    0x00, 0x00, 0x00, 0x00, 0x00, 0x00, 0x00, 0x00, 0x00, 0x00, 0x00, 0x00, 0x00, 0x00, 0x00, 0x00,
    0x00, 0x00, 0x00, 0x00, 0x00, 0x00, 0x00, 0x00, 0x00, 0x00, 0x00, 0x00, 0x00, 0x00, 0x00, 0x00,
    0x00, 0x00, 0x00, 0x00, 0x00, 0x00, 0x00, 0x00, 0x00, 0x00, 0x00, 0x00, 0x00, 0x00, 0x00, 0x00,
    0x00, 0x00, 0x00, 0x00, 0x00, 0x00, 0x00, 0x00, 0x00, 0x00, 0x00, 0x00, 0x00, 0x00, 0x00, 0x00,
    0xFE, 0xFB, 0xF0, 0xE9, 0xEF, 0x95, 0x57, 0x01, 0x05, 0xFF, 0xEF, 0xF0, 0xEA, 0xE6, 0xD5, 0xE3,
    0xEB, 0xDF, 0xDA, 0xD5, 0xCF, 0xE0, 0xD6, 0xDA, 0xDA, 0xDF, 0xC7, 0xD2, 0xE0, 0xD6, 0xDA, 0xCF,
    0xCF, 0xCD, 0xCD, 0xD6, 0xCF, 0xCF, 0xCE, 0xCE, 0xD6, 0xD6, 0xD6, 0xD6, 0xC5, 0xC1, 0xB3, 0xB9,
    0xC5, 0xCF, 0xC5, 0xC2, 0xB7, 0xAD, 0xC2, 0xB7, 0xB9, 0xBF, 0xA9, 0xB2, 0xB1, 0xB1, 0xB7, 0xC0,
    0xB2, 0x8C, 0xA4, 0xB6, 0xA9, 0xB2, 0x9E, 0x97, 0xA2, 0xA9, 0x8F, 0x8D, 0xA9, 0x9D, 0x9E, 0x75,
    0x50, 0x5E, 0x44, 0x56, 0x37, 0x42, 0x45, 0x4B, 0x45, 0x2F, 0x7C, 0x5D, 0x7A, 0x84, 0x71, 0x7E,
    0x7A, 0x7D, 0x82, 0x6E, 0x64, 0x6D, 0x67, 0x41, 0x5D, 0x79, 0x51, 0x53, 0x3E, 0x63, 0x3B, 0x4A,
    0x4A, 0x3E, 0x48, 0x3A, 0x3B, 0x3E, 0x20, 0x21, 0x2A, 0x32, 0x32, 0x21, 0x1C, 0x21, 0x16, 0x20,
    0x28, 0x1D, 0x1D, 0x22, 0x1D, 0x22, 0x1D, 0x26, 0x2A, 0x22, 0x1D, 0x1D, 0x19, 0x0D, 0x19, 0x19,
    0x19, 0x19, 0x11, 0x11, 0x0D, 0x1D, 0x19, 0x11, 0x0D, 0x0D, 0x11, 0x0D, 0x0D, 0x0D, 0x0D, 0x0D,
    0x0D, 0x0D, 0x0D, 0x0D, 0x0D, 0x11, 0x0D, 0x0D, 0x11, 0x0D, 0x11, 0x0D, 0x19, 0x1D, 0x1D, 0x19,
    0x1D, 0x1D, 0x11, 0x1D, 0x22, 0x22, 0x1D, 0x19, 0x1D, 0x16, 0x2F, 0x2A, 0x3C, 0x2B, 0x21, 0x31,
    0x36, 0x37, 0x2F, 0x21, 0x28, 0x16, 0x21, 0x4B, 0x37, 0x32, 0x31, 0x39, 0x25, 0x44, 0x3E, 0x3B,
    0x47, 0x3C, 0x5C, 0x6D, 0x53, 0x64, 0x6D, 0x54, 0x4B, 0x7A, 0x79, 0x7A, 0x7A, 0x55, 0x71, 0x66,
    0x7B, 0x63, 0x53, 0x67, 0x5D, 0x80, 0x50, 0x43, 0x5A, 0x6A, 0x50, 0x51, 0x49, 0x5E, 0x6A, 0x43,
    0x61, 0x8A, 0x6E, 0x88, 0x88, 0x88, 0x96, 0x88, 0x9E, 0xAD, 0x9D, 0x91, 0xA9, 0x9E, 0x8B, 0xB9,
    0xB7, 0xB2, 0xB2, 0xA3, 0xAD, 0x96, 0xAD, 0xB3, 0xC1, 0xB9, 0xAD, 0xB5, 0xCD, 0xBA, 0xB9, 0xA0,
    0xA6, 0xAD, 0xB3, 0xB9, 0xB5, 0xC2, 0xD4, 0xCC, 0xC1, 0xC0, 0xD6, 0xCD, 0xCE, 0xCE, 0xC2, 0xCF,
    0xD6, 0xCE, 0xD6, 0xDC, 0xC8, 0xC8, 0xDA, 0xDA, 0xE0, 0xD6, 0xD6, 0xD4, 0xE0, 0xDA, 0xCF, 0xE0,
    0xDA, 0xE7, 0xE9, 0xD6, 0xF1, 0xF5, 0xF5, 0x03, 0x02, 0x57, 0xA8, 0xF4, 0xF0, 0xF3, 0xF3, 0xFB,
    0x00, 0x00, 0x00, 0x00, 0x00, 0x00, 0x00, 0x00, 0x00, 0x00, 0x00, 0x00, 0x00, 0x00, 0x00, 0x00,
    0x00, 0x00, 0x00, 0x00, 0x00, 0x00, 0x00, 0x00, 0x00, 0x00, 0x00, 0x00, 0x00, 0x00, 0x00, 0x00,
    0x00, 0x00, 0x00, 0x00, 0x00, 0x00, 0x00, 0x00, 0x00, 0x00, 0x00, 0x00, 0x00, 0x00, 0x00, 0x00,
    0x00, 0x00, 0x00, 0x00, 0x00, 0x00, 0x00, 0x00, 0x00, 0x00, 0x00, 0x00, 0x00, 0x00, 0x00, 0x00,
    0x00, 0x00, 0x00, 0x00, 0x00, 0x00, 0x00, 0x00, 0x00, 0x00, 0x00, 0x00, 0x00, 0x00, 0x00, 0x00,
    0x00, 0x00, 0x00, 0x00, 0x00, 0x00, 0x00, 0x00, 0x00, 0x00, 0x00, 0x00, 0x00, 0x00, 0x00, 0x00,
    0x00, 0x00, 0x00, 0x00, 0x00, 0x00, 0x00, 0x00, 0x00, 0x00, 0x00, 0x00, 0x00, 0x00, 0x00, 0x00,
    0x00, 0x00, 0x00, 0x00, 0x00, 0x00, 0x00, 0x00, 0x00, 0x00, 0x00, 0x00, 0x00, 0x00, 0x00, 0x00,
    0x00, 0x00, 0x00, 0x00, 0x00, 0x00, 0x00, 0x00, 0x00, 0x00, 0x00, 0x00, 0x00, 0x00, 0x00, 0x00,
    0x00, 0x00, 0x00, 0x00, 0x00, 0x00, 0x00, 0x00, 0x00, 0x00, 0x00, 0x00, 0x00, 0x00, 0x00, 0x00,
    0x00, 0x00, 0x00, 0x00, 0x00, 0x00, 0x00, 0x00, 0x00, 0x00, 0x00, 0x00, 0x00, 0x00, 0x00, 0x00,
    0x00, 0x00, 0x00, 0x00, 0x00, 0x00, 0x00, 0x00, 0x00, 0x00, 0x00, 0x00, 0x00, 0x00, 0x00, 0x00,
    0xFF, 0xFB, 0xE6, 0xE3, 0xF4, 0x62, 0xF9, 0x17, 0x95, 0xF5, 0xE6, 0xF4, 0xF8, 0xE3, 0xE3, 0xE3,
    0xE3, 0xE3, 0xE0, 0xD2, 0xCF, 0xCF, 0xCF, 0xE3, 0xD6, 0xDA, 0xE0, 0xD6, 0xD6, 0xCF, 0xD6, 0xCF,
    0xD4, 0xD6, 0xD6, 0xD4, 0xC5, 0xCF, 0xDA, 0xC5, 0xC2, 0xCE, 0xC5, 0xD6, 0xB7, 0xC2, 0xA6, 0xB7,
    0xC5, 0xAD, 0xB7, 0xC0, 0xBF, 0xAD, 0xB7, 0xB9, 0xB9, 0xB6, 0xAB, 0x9E, 0x97, 0xA3, 0xBF, 0xB6,
    0xB6, 0xC2, 0xB1, 0xAD, 0xA3, 0xA9, 0xA2, 0xB1, 0xA2, 0x97, 0x7E, 0x98, 0xA3, 0x97, 0x7E, 0x80,
    0x56, 0x61, 0x6B, 0x4F, 0x42, 0x40, 0x43, 0x51, 0x37, 0x50, 0x6E, 0x65, 0x5E, 0x7B, 0x8D, 0x7F,
    0x67, 0x4E, 0x64, 0x53, 0x6D, 0x54, 0x66, 0x73, 0x5C, 0x5C, 0x43, 0x53, 0x4C, 0x63, 0x53, 0x4D,
    0x40, 0x36, 0x3E, 0x44, 0x34, 0x25, 0x29, 0x31, 0x1F, 0x28, 0x2A, 0x16, 0x16, 0x28, 0x20, 0x20,
    0x26, 0x19, 0x19, 0x22, 0x1D, 0x19, 0x1D, 0x16, 0x26, 0x11, 0x19, 0x11, 0x11, 0x19, 0x0D, 0x11,
    0x11, 0x11, 0x11, 0x11, 0x19, 0x19, 0x11, 0x0D, 0x0D, 0x0D, 0x0D, 0x0D, 0x0D, 0x0D, 0x0D, 0x08,
    0x0D, 0x08, 0x0D, 0x11, 0x0D, 0x0D, 0x0D, 0x0D, 0x11, 0x0D, 0x0D, 0x11, 0x0D, 0x11, 0x11, 0x19,
    0x11, 0x19, 0x19, 0x19, 0x11, 0x22, 0x2A, 0x19, 0x2F, 0x22, 0x2A, 0x2F, 0x2F, 0x19, 0x1D, 0x21,
    0x29, 0x25, 0x16, 0x19, 0x21, 0x19, 0x16, 0x1C, 0x26, 0x26, 0x20, 0x29, 0x25, 0x31, 0x37, 0x43,
    0x5D, 0x3B, 0x29, 0x49, 0x5D, 0x64, 0x63, 0x81, 0x7A, 0x6D, 0x7A, 0x6F, 0x6E, 0x53, 0x7E, 0x7D,
    0x64, 0x4E, 0x79, 0x7A, 0x65, 0x54, 0x72, 0x50, 0x5A, 0x6A, 0x60, 0x5E, 0x52, 0x4B, 0x50, 0x50,
    0x7C, 0x7C, 0x6F, 0x81, 0x81, 0x87, 0x87, 0x80, 0x7E, 0x7E, 0x7E, 0x9E, 0xA2, 0xA9, 0xB6, 0x9F,
    0xAB, 0x9E, 0xB7, 0xA3, 0xA9, 0xB6, 0xB2, 0x9E, 0xB5, 0xB7, 0xB7, 0xA9, 0xB7, 0xB9, 0x9F, 0xB9,
    0xA0, 0xB9, 0xC5, 0x90, 0xAB, 0xA0, 0xC7, 0xC5, 0xC1, 0xB9, 0xC9, 0xC5, 0xCE, 0xD4, 0xC2, 0xBC,
    0xC5, 0xCE, 0xCE, 0xD4, 0xE3, 0xD6, 0xD3, 0xD3, 0xDA, 0xD4, 0xDA, 0xE0, 0xD4, 0xCF, 0xE3, 0xE3,
    0xE4, 0xDB, 0xE3, 0xEB, 0xE9, 0xE3, 0xF8, 0x95, 0x57, 0xFA, 0x95, 0xF4, 0xDF, 0xE0, 0xE3, 0xEB,
    0x00, 0x00, 0x00, 0x00, 0x00, 0x00, 0x00, 0x00, 0x00, 0x00, 0x00, 0x00, 0x00, 0x00, 0x00, 0x00,
    0x00, 0x00, 0x00, 0x00, 0x00, 0x00, 0x00, 0x00, 0x00, 0x00, 0x00, 0x00, 0x00, 0x00, 0x00, 0x00,
    0x00, 0x00, 0x00, 0x00, 0x00, 0x00, 0x00, 0x00, 0x00, 0x00, 0x00, 0x00, 0x00, 0x00, 0x00, 0x00,
    0x00, 0x00, 0x00, 0x00, 0x00, 0x00, 0x00, 0x00, 0x00, 0x00, 0x00, 0x00, 0x00, 0x00, 0x00, 0x00,
    0x00, 0x00, 0x00, 0x00, 0x00, 0x00, 0x00, 0x00, 0x00, 0x00, 0x00, 0x00, 0x00, 0x00, 0x00, 0x00,
    0x00, 0x00, 0x00, 0x00, 0x00, 0x00, 0x00, 0x00, 0x00, 0x00, 0x00, 0x00, 0x00, 0x00, 0x00, 0x00,
    0x00, 0x00, 0x00, 0x00, 0x00, 0x00, 0x00, 0x00, 0x00, 0x00, 0x00, 0x00, 0x00, 0x00, 0x00, 0x00,
    0x00, 0x00, 0x00, 0x00, 0x00, 0x00, 0x00, 0x00, 0x00, 0x00, 0x00, 0x00, 0x00, 0x00, 0x00, 0x00,
    0x00, 0x00, 0x00, 0x00, 0x00, 0x00, 0x00, 0x00, 0x00, 0x00, 0x00, 0x00, 0x00, 0x00, 0x00, 0x00,
    0x00, 0x00, 0x00, 0x00, 0x00, 0x00, 0x00, 0x00, 0x00, 0x00, 0x00, 0x00, 0x00, 0x00, 0x00, 0x00,
    0x00, 0x00, 0x00, 0x00, 0x00, 0x00, 0x00, 0x00, 0x00, 0x00, 0x00, 0x00, 0x00, 0x00, 0x00, 0x00,
    0x00, 0x00, 0x00, 0x00, 0x00, 0x00, 0x00, 0x00, 0x00, 0x00, 0x00, 0x00, 0x00, 0x00, 0x00, 0x00,
    0xFF, 0xF4, 0xF4, 0xF8, 0xF5, 0x59, 0xDD, 0xFF, 0xFE, 0xF4, 0xDC, 0xF3, 0xF4, 0xEB, 0xEB, 0xDA,
    0xE0, 0xE3, 0xD6, 0xDA, 0xDA, 0xCF, 0xC9, 0xD6, 0xDA, 0xE3, 0xD6, 0xD6, 0xD6, 0xC5, 0xD4, 0xD4,
    0xD4, 0xD4, 0xDA, 0xCE, 0xD3, 0xD6, 0xD6, 0xC9, 0xC1, 0xC9, 0xCD, 0xC2, 0xA3, 0xCD, 0xB9, 0x9F,
    0xA6, 0x98, 0xBA, 0xCD, 0xCE, 0xB9, 0xAB, 0xC5, 0xB9, 0x9D, 0xAD, 0xA9, 0xA9, 0x9F, 0xB7, 0xA9,
    0xB9, 0xAD, 0x9F, 0xA4, 0x96, 0xA2, 0xA2, 0xA9, 0x96, 0x87, 0x97, 0xA3, 0x87, 0x8D, 0x8D, 0x7E,
    0x61, 0x56, 0x45, 0x45, 0x4F, 0x45, 0x42, 0x2A, 0x43, 0x81, 0x6D, 0x72, 0x6B, 0x72, 0x98, 0x5E,
    0x64, 0x5D, 0x53, 0x64, 0x65, 0x5E, 0x7A, 0x70, 0x5C, 0x3E, 0x4C, 0x66, 0x66, 0x5C, 0x4E, 0x40,
    0x40, 0x52, 0x44, 0x43, 0x36, 0x25, 0x28, 0x31, 0x1C, 0x1F, 0x1F, 0x16, 0x19, 0x1F, 0x34, 0x21,
    0x1F, 0x37, 0x11, 0x1D, 0x1D, 0x19, 0x19, 0x11, 0x11, 0x11, 0x19, 0x11, 0x11, 0x11, 0x11, 0x0D,
    0x0D, 0x11, 0x16, 0x11, 0x19, 0x11, 0x11, 0x0D, 0x0D, 0x0D, 0x07, 0x0D, 0x0D, 0x07, 0x0D, 0x07,
    0x0D, 0x07, 0x07, 0x0D, 0x0D, 0x07, 0x0D, 0x0D, 0x0D, 0x11, 0x11, 0x0D, 0x0D, 0x0D, 0x0D, 0x11,
    0x11, 0x19, 0x0D, 0x11, 0x11, 0x19, 0x2F, 0x2A, 0x37, 0x22, 0x22, 0x42, 0x1D, 0x19, 0x22, 0x21,
    0x13, 0x1C, 0x15, 0x22, 0x11, 0x16, 0x19, 0x19, 0x21, 0x1F, 0x20, 0x29, 0x42, 0x37, 0x43, 0x4B,
    0x40, 0x40, 0x49, 0x49, 0x54, 0x5C, 0x67, 0x81, 0x64, 0x7A, 0x66, 0x63, 0x6E, 0x71, 0x81, 0x70,
    0x63, 0x6D, 0x88, 0x7B, 0x6E, 0x53, 0x6E, 0x7C, 0x51, 0x44, 0x77, 0x75, 0x5A, 0x44, 0x51, 0x67,
    0x82, 0x6F, 0x7C, 0x6D, 0x8D, 0x90, 0x6D, 0x90, 0x81, 0x71, 0x87, 0xA2, 0xA9, 0xB6, 0x9E, 0x9E,
    0x90, 0x8D, 0xB9, 0xA2, 0x9E, 0xC0, 0xA3, 0xB9, 0xB5, 0xC0, 0xC5, 0xB9, 0xAB, 0xB3, 0x8A, 0xA3,
    0xB3, 0xBC, 0xC5, 0x98, 0x9F, 0x9A, 0xB3, 0xC2, 0xC2, 0xCE, 0xC1, 0xD4, 0xCE, 0xC2, 0xD4, 0xCC,
    0xB7, 0xC5, 0xCE, 0xDA, 0xD6, 0xCF, 0xDA, 0xC9, 0xD6, 0xCF, 0xE3, 0xD6, 0xD5, 0xDA, 0xE3, 0xE0,
    0xE3, 0xE3, 0xE4, 0xE9, 0xE0, 0xDC, 0xEA, 0xFD, 0xFF, 0xF2, 0x95, 0xF4, 0xE3, 0xF3, 0xF0, 0xF3,
    0x00, 0x00, 0x00, 0x00, 0x00, 0x00, 0x00, 0x00, 0x00, 0x00, 0x00, 0x00, 0x00, 0x00, 0x00, 0x00,
    0x00, 0x00, 0x00, 0x00, 0x00, 0x00, 0x00, 0x00, 0x00, 0x00, 0x00, 0x00, 0x00, 0x00, 0x00, 0x00,
    0x00, 0x00, 0x00, 0x00, 0x00, 0x00, 0x00, 0x00, 0x00, 0x00, 0x00, 0x00, 0x00, 0x00, 0x00, 0x00,
    0x00, 0x00, 0x00, 0x00, 0x00, 0x00, 0x00, 0x00, 0x00, 0x00, 0x00, 0x00, 0x00, 0x00, 0x00, 0x00,
    0x00, 0x00, 0x00, 0x00, 0x00, 0x00, 0x00, 0x00, 0x00, 0x00, 0x00, 0x00, 0x00, 0x00, 0x00, 0x00,
    0x00, 0x00, 0x00, 0x00, 0x00, 0x00, 0x00, 0x00, 0x00, 0x00, 0x00, 0x00, 0x00, 0x00, 0x00, 0x00,
    0x00, 0x00, 0x00, 0x00, 0x00, 0x00, 0x00, 0x00, 0x00, 0x00, 0x00, 0x00, 0x00, 0x00, 0x00, 0x00,
    0x00, 0x00, 0x00, 0x00, 0x00, 0x00, 0x00, 0x00, 0x00, 0x00, 0x00, 0x00, 0x00, 0x00, 0x00, 0x00,
    0x00, 0x00, 0x00, 0x00, 0x00, 0x00, 0x00, 0x00, 0x00, 0x00, 0x00, 0x00, 0x00, 0x00, 0x00, 0x00,
    0x00, 0x00, 0x00, 0x00, 0x00, 0x00, 0x00, 0x00, 0x00, 0x00, 0x00, 0x00, 0x00, 0x00, 0x00, 0x00,
    0x00, 0x00, 0x00, 0x00, 0x00, 0x00, 0x00, 0x00, 0x00, 0x00, 0x00, 0x00, 0x00, 0x00, 0x00, 0x00,
    0x00, 0x00, 0x00, 0x00, 0x00, 0x00, 0x00, 0x00, 0x00, 0x00, 0x00, 0x00, 0x00, 0x00, 0x00, 0x00,
    0xFA, 0xEB, 0xF3, 0xF9, 0xF1, 0x95, 0x95, 0x59, 0xFB, 0xE6, 0xD6, 0xE6, 0xEF, 0xEB, 0xEB, 0xDF,
    0xE2, 0xDA, 0xD2, 0xCF, 0xD2, 0xDA, 0xE0, 0xE0, 0xE0, 0xDF, 0xD6, 0xCF, 0xD6, 0xDA, 0xDA, 0xD6,
    0xC2, 0xC2, 0xCD, 0xD6, 0xDC, 0xD6, 0xCD, 0xC5, 0xC7, 0xD6, 0xCF, 0xA3, 0xA3, 0xCC, 0xB9, 0x8E,
    0x8A, 0xA6, 0xC5, 0xAD, 0xB9, 0xC5, 0xAF, 0xB7, 0xB3, 0x98, 0x96, 0xA3, 0xAB, 0xB2, 0xAB, 0xA4,
    0xAD, 0xA0, 0x90, 0xA3, 0xB1, 0xA9, 0xB2, 0x7E, 0x7D, 0x96, 0xAB, 0xA5, 0x97, 0x87, 0x82, 0x7A,
    0x84, 0x75, 0x42, 0x37, 0x4F, 0x44, 0x42, 0x4D, 0x82, 0x71, 0x5E, 0x7C, 0x8F, 0x7F, 0x7F, 0x4B,
    0x4E, 0x8F, 0x84, 0x8F, 0x65, 0x5D, 0x63, 0x79, 0x6D, 0x5C, 0x70, 0x7D, 0x66, 0x3D, 0x36, 0x3E,
    0x5F, 0x66, 0x48, 0x40, 0x44, 0x32, 0x43, 0x26, 0x21, 0x26, 0x16, 0x16, 0x26, 0x23, 0x25, 0x1D,
    0x19, 0x32, 0x1D, 0x1D, 0x1D, 0x11, 0x0D, 0x19, 0x19, 0x1D, 0x11, 0x11, 0x11, 0x0D, 0x0D, 0x0D,
    0x0D, 0x0D, 0x0D, 0x11, 0x0D, 0x0D, 0x0D, 0x0D, 0x08, 0x0D, 0x08, 0x0D, 0x0D, 0x07, 0x0D, 0x07,
    0x07, 0x08, 0x07, 0x08, 0x0D, 0x0D, 0x0D, 0x0D, 0x0D, 0x11, 0x0D, 0x07, 0x0D, 0x0D, 0x11, 0x0D,
    0x0D, 0x11, 0x0D, 0x11, 0x11, 0x11, 0x1D, 0x19, 0x22, 0x11, 0x22, 0x37, 0x1D, 0x19, 0x1D, 0x19,
    0x19, 0x31, 0x20, 0x19, 0x19, 0x11, 0x1D, 0x26, 0x1D, 0x26, 0x27, 0x3C, 0x45, 0x32, 0x4D, 0x4B,
    0x29, 0x40, 0x67, 0x7A, 0x7E, 0x5D, 0x5E, 0x54, 0x63, 0x5C, 0x7A, 0x79, 0x81, 0x71, 0x48, 0x4C,
    0x6D, 0xA9, 0x82, 0x7A, 0x72, 0x6E, 0x6A, 0x82, 0x7F, 0x40, 0x5A, 0x76, 0x43, 0x5A, 0x9D, 0x7A,
    0x66, 0x7A, 0x8F, 0x88, 0x8F, 0x7A, 0x6D, 0x81, 0x9D, 0xB6, 0xA2, 0xB1, 0xB1, 0xA3, 0xA3, 0x8D,
    0xB7, 0xAB, 0xB7, 0xB1, 0xA3, 0x97, 0x97, 0xC1, 0xB6, 0xB6, 0xAF, 0xB3, 0xB7, 0xC7, 0xAD, 0x8D,
    0x92, 0xB9, 0xCF, 0xA4, 0x87, 0x92, 0xC9, 0xC2, 0xB9, 0xC5, 0xC9, 0xCF, 0xBD, 0xAD, 0xC5, 0xCE,
    0xCF, 0xCD, 0xD6, 0xD3, 0xCF, 0xD4, 0xD6, 0xDC, 0xD6, 0xE3, 0xCE, 0xC5, 0xD6, 0xEA, 0xEA, 0xDE,
    0xE0, 0xE9, 0xE0, 0xD6, 0xE3, 0xE6, 0xF8, 0xF9, 0xA8, 0xA8, 0x95, 0xF0, 0xF4, 0xF1, 0xF0, 0xF9,
    0x00, 0x00, 0x00, 0x00, 0x00, 0x00, 0x00, 0x00, 0x00, 0x00, 0x00, 0x00, 0x00, 0x00, 0x00, 0x00,
    0x00, 0x00, 0x00, 0x00, 0x00, 0x00, 0x00, 0x00, 0x00, 0x00, 0x00, 0x00, 0x00, 0x00, 0x00, 0x00,
    0x00, 0x00, 0x00, 0x00, 0x00, 0x00, 0x00, 0x00, 0x00, 0x00, 0x00, 0x00, 0x00, 0x00, 0x00, 0x00,
    0x00, 0x00, 0x00, 0x00, 0x00, 0x00, 0x00, 0x00, 0x00, 0x00, 0x00, 0x00, 0x00, 0x00, 0x00, 0x00,
    0x00, 0x00, 0x00, 0x00, 0x00, 0x00, 0x00, 0x00, 0x00, 0x00, 0x00, 0x00, 0x00, 0x00, 0x00, 0x00,
    0x00, 0x00, 0x00, 0x00, 0x00, 0x00, 0x00, 0x00, 0x00, 0x00, 0x00, 0x00, 0x00, 0x00, 0x00, 0x00,
    0x00, 0x00, 0x00, 0x00, 0x00, 0x00, 0x00, 0x00, 0x00, 0x00, 0x00, 0x00, 0x00, 0x00, 0x00, 0x00,
    0x00, 0x00, 0x00, 0x00, 0x00, 0x00, 0x00, 0x00, 0x00, 0x00, 0x00, 0x00, 0x00, 0x00, 0x00, 0x00,
    0x00, 0x00, 0x00, 0x00, 0x00, 0x00, 0x00, 0x00, 0x00, 0x00, 0x00, 0x00, 0x00, 0x00, 0x00, 0x00,
    0x00, 0x00, 0x00, 0x00, 0x00, 0x00, 0x00, 0x00, 0x00, 0x00, 0x00, 0x00, 0x00, 0x00, 0x00, 0x00,
    0x00, 0x00, 0x00, 0x00, 0x00, 0x00, 0x00, 0x00, 0x00, 0x00, 0x00, 0x00, 0x00, 0x00, 0x00, 0x00,
    0x00, 0x00, 0x00, 0x00, 0x00, 0x00, 0x00, 0x00, 0x00, 0x00, 0x00, 0x00, 0x00, 0x00, 0x00, 0x00,
    0xF9, 0xE9, 0xE9, 0xF8, 0xF5, 0x95, 0x95, 0x59, 0xFD, 0xE3, 0xEA, 0xF8, 0xF8, 0xF4, 0xE3, 0xE6,
    0xE3, 0xE3, 0xD2, 0xCF, 0xD2, 0xE3, 0xEB, 0xE9, 0xD6, 0xCF, 0xCF, 0xCF, 0xE0, 0xDA, 0xCF, 0xD6,
    0xD6, 0xD4, 0xC2, 0xCF, 0xCF, 0xE3, 0xCF, 0xD6, 0xDA, 0xDA, 0xC2, 0xA0, 0xC1, 0xB9, 0xAF, 0x9A,
    0x8E, 0x9F, 0xC5, 0xC5, 0xCC, 0xB9, 0xB9, 0xB0, 0xB3, 0xAB, 0xAB, 0xB7, 0xBC, 0xBD, 0xAD, 0x9E,
    0x9D, 0x9E, 0xA2, 0xAB, 0xBA, 0xA3, 0xAD, 0x98, 0x87, 0x82, 0x88, 0xA9, 0xAB, 0x80, 0x8F, 0x87,
    0x74, 0x7B, 0x6A, 0x4B, 0x4B, 0x49, 0x4D, 0x81, 0x88, 0x6E, 0x67, 0x80, 0x75, 0x7F, 0x7F, 0x64,
    0x67, 0x81, 0x82, 0x84, 0x6E, 0x47, 0x40, 0x5D, 0x63, 0x7D, 0x7D, 0x79, 0x79, 0x7E, 0x40, 0x43,
    0x4C, 0x4E, 0x67, 0x42, 0x45, 0x41, 0x2F, 0x1D, 0x19, 0x11, 0x11, 0x11, 0x1D, 0x1D, 0x22, 0x1D,
    0x1D, 0x19, 0x19, 0x22, 0x1D, 0x11, 0x11, 0x1D, 0x22, 0x1D, 0x11, 0x0D, 0x0D, 0x0D, 0x0D, 0x0F,
    0x11, 0x0D, 0x0F, 0x0D, 0x08, 0x0D, 0x0D, 0x0D, 0x06, 0x08, 0x08, 0x0B, 0x08, 0x07, 0x04, 0x04,
    0x04, 0x0B, 0x0B, 0x0B, 0x08, 0x08, 0x08, 0x08, 0x0B, 0x0B, 0x0B, 0x08, 0x0B, 0x0D, 0x0D, 0x0D,
    0x0D, 0x0D, 0x0D, 0x0D, 0x19, 0x19, 0x11, 0x1D, 0x19, 0x16, 0x1D, 0x19, 0x22, 0x22, 0x19, 0x19,
    0x22, 0x2F, 0x19, 0x11, 0x0D, 0x13, 0x11, 0x1D, 0x22, 0x33, 0x2F, 0x2F, 0x2A, 0x42, 0x67, 0x4D,
    0x40, 0x48, 0x67, 0x87, 0x84, 0x54, 0x3C, 0x40, 0x5C, 0x66, 0x85, 0x79, 0x7D, 0x81, 0x81, 0x5C,
    0x63, 0x6E, 0x8F, 0x84, 0x5E, 0x82, 0x7B, 0x6D, 0x7D, 0x7F, 0x5E, 0x6B, 0x56, 0x5E, 0x84, 0x84,
    0x71, 0x82, 0x7B, 0x87, 0x9D, 0x82, 0x82, 0x88, 0x8F, 0xA9, 0xA2, 0xB1, 0x85, 0x8F, 0xA3, 0x90,
    0xBF, 0xBE, 0xB6, 0xB6, 0xB7, 0x97, 0x98, 0xB2, 0xC2, 0xBC, 0xAC, 0xC5, 0xC9, 0xCF, 0xAF, 0x92,
    0x9A, 0xB3, 0xAD, 0xA4, 0xA3, 0xAB, 0xCE, 0xD4, 0xC5, 0xC7, 0xCF, 0xCF, 0xC5, 0xB9, 0xB9, 0xCF,
    0xD6, 0xDA, 0xCF, 0xC2, 0xCD, 0xCF, 0xD6, 0xEB, 0xD6, 0xDF, 0xD6, 0xD6, 0xCF, 0xD6, 0xE3, 0xEB,
    0xDC, 0xE3, 0xEB, 0xEB, 0xF3, 0xF5, 0xF4, 0xFE, 0x95, 0xA8, 0x62, 0xF8, 0xF4, 0xF0, 0xF0, 0xF0,
    0x00, 0x00, 0x00, 0x00, 0x00, 0x00, 0x00, 0x00, 0x00, 0x00, 0x00, 0x00, 0x00, 0x00, 0x00, 0x00,
    0x00, 0x00, 0x00, 0x00, 0x00, 0x00, 0x00, 0x00, 0x00, 0x00, 0x00, 0x00, 0x00, 0x00, 0x00, 0x00,
    0x00, 0x00, 0x00, 0x00, 0x00, 0x00, 0x00, 0x00, 0x00, 0x00, 0x00, 0x00, 0x00, 0x00, 0x00, 0x00,
    0x00, 0x00, 0x00, 0x00, 0x00, 0x00, 0x00, 0x00, 0x00, 0x00, 0x00, 0x00, 0x00, 0x00, 0x00, 0x00,
    0x00, 0x00, 0x00, 0x00, 0x00, 0x00, 0x00, 0x00, 0x00, 0x00, 0x00, 0x00, 0x00, 0x00, 0x00, 0x00,
    0x00, 0x00, 0x00, 0x00, 0x00, 0x00, 0x00, 0x00, 0x00, 0x00, 0x00, 0x00, 0x00, 0x00, 0x00, 0x00,
    0x00, 0x00, 0x00, 0x00, 0x00, 0x00, 0x00, 0x00, 0x00, 0x00, 0x00, 0x00, 0x00, 0x00, 0x00, 0x00,
    0x00, 0x00, 0x00, 0x00, 0x00, 0x00, 0x00, 0x00, 0x00, 0x00, 0x00, 0x00, 0x00, 0x00, 0x00, 0x00,
    0x00, 0x00, 0x00, 0x00, 0x00, 0x00, 0x00, 0x00, 0x00, 0x00, 0x00, 0x00, 0x00, 0x00, 0x00, 0x00,
    0x00, 0x00, 0x00, 0x00, 0x00, 0x00, 0x00, 0x00, 0x00, 0x00, 0x00, 0x00, 0x00, 0x00, 0x00, 0x00,
    0x00, 0x00, 0x00, 0x00, 0x00, 0x00, 0x00, 0x00, 0x00, 0x00, 0x00, 0x00, 0x00, 0x00, 0x00, 0x00,
    0x00, 0x00, 0x00, 0x00, 0x00, 0x00, 0x00, 0x00, 0x00, 0x00, 0x00, 0x00, 0x00, 0x00, 0x00, 0x00,
    0xFF, 0xF8, 0xE3, 0xEB, 0xF1, 0x62, 0x62, 0x59, 0xFE, 0xE6, 0xE3, 0xF2, 0xF4, 0xE6, 0xDB, 0xE3,
    0xD6, 0xD6, 0xDF, 0xE0, 0xD6, 0xDA, 0xDA, 0xDA, 0xD4, 0xD3, 0xD6, 0xDA, 0xDA, 0xD2, 0xCF, 0xD6,
    0xEB, 0xCF, 0xCC, 0xC2, 0xCE, 0xD3, 0xC7, 0xC7, 0xD5, 0xCF, 0xCF, 0xC5, 0xA6, 0x9A, 0x8A, 0x9A,
    0xA0, 0xB7, 0xCC, 0xBC, 0xAF, 0xAF, 0x9F, 0x92, 0xA4, 0xB7, 0xB9, 0x9F, 0xAD, 0x9F, 0xA3, 0x9E,
    0xA9, 0xB5, 0xB6, 0xB9, 0xAC, 0x92, 0x9E, 0xC2, 0x9E, 0x71, 0x6E, 0x7E, 0x8F, 0x80, 0x8A, 0x77,
    0x7C, 0x72, 0x7B, 0x72, 0x32, 0x4B, 0x7E, 0x64, 0x6E, 0x69, 0x75, 0x56, 0x4B, 0x4B, 0x60, 0x7F,
    0x7F, 0x51, 0x5E, 0x64, 0x6D, 0x4E, 0x5D, 0x71, 0x6D, 0x67, 0x5A, 0x4D, 0x66, 0x88, 0x4C, 0x36,
    0x26, 0x45, 0x49, 0x22, 0x1D, 0x22, 0x1D, 0x19, 0x1D, 0x1D, 0x16, 0x1D, 0x1D, 0x19, 0x11, 0x16,
    0x1D, 0x1D, 0x19, 0x19, 0x19, 0x11, 0x19, 0x0D, 0x11, 0x0D, 0x11, 0x0D, 0x0D, 0x0F, 0x11, 0x11,
    0x0D, 0x0D, 0x11, 0x08, 0x08, 0x07, 0x07, 0x08, 0x04, 0x04, 0x04, 0x04, 0x04, 0x07, 0x04, 0x04,
    0x04, 0x06, 0x04, 0x08, 0x06, 0x06, 0x08, 0x07, 0x07, 0x07, 0x06, 0x0B, 0x04, 0x07, 0x07, 0x0D,
    0x07, 0x0D, 0x11, 0x11, 0x11, 0x0D, 0x11, 0x19, 0x19, 0x1D, 0x11, 0x11, 0x19, 0x1D, 0x11, 0x11,
    0x0D, 0x11, 0x11, 0x19, 0x16, 0x10, 0x19, 0x21, 0x19, 0x21, 0x1D, 0x22, 0x26, 0x3C, 0x37, 0x37,
    0x5A, 0x51, 0x35, 0x5E, 0x4B, 0x49, 0x49, 0x51, 0x6D, 0x7D, 0x82, 0x66, 0x6D, 0x81, 0x9D, 0x5C,
    0x48, 0x48, 0x6F, 0x75, 0x4B, 0x64, 0x7A, 0x7A, 0x6D, 0x82, 0x6E, 0x49, 0x96, 0x7A, 0x6D, 0x79,
    0x84, 0x7C, 0x7C, 0x6D, 0x66, 0x84, 0xA2, 0x8F, 0x7E, 0x81, 0xB6, 0xAD, 0x87, 0x9E, 0xB1, 0xB6,
    0xB6, 0xB1, 0x9E, 0xB7, 0xB7, 0xA3, 0x9E, 0x97, 0xB7, 0xC2, 0x9A, 0xB9, 0xC2, 0xB9, 0xB9, 0xA0,
    0x9A, 0x98, 0x9A, 0xA0, 0xA6, 0xC0, 0xC2, 0xC0, 0xBC, 0xC4, 0xB5, 0xB9, 0xC5, 0xD3, 0xCF, 0xC5,
    0xC7, 0xDA, 0xCE, 0xCE, 0xD4, 0xD6, 0xE0, 0xDC, 0xD6, 0xD6, 0xE3, 0xDA, 0xC9, 0xCF, 0xDA, 0xE3,
    0xE3, 0xDA, 0xE9, 0xF3, 0xE6, 0xEA, 0xEF, 0xFE, 0x95, 0xA8, 0x62, 0xF0, 0xF0, 0xF4, 0xF9, 0xF9,
    0x00, 0x00, 0x00, 0x00, 0x00, 0x00, 0x00, 0x00, 0x00, 0x00, 0x00, 0x00, 0x00, 0x00, 0x00, 0x00,
    0x00, 0x00, 0x00, 0x00, 0x00, 0x00, 0x00, 0x00, 0x00, 0x00, 0x00, 0x00, 0x00, 0x00, 0x00, 0x00,
    0x00, 0x00, 0x00, 0x00, 0x00, 0x00, 0x00, 0x00, 0x00, 0x00, 0x00, 0x00, 0x00, 0x00, 0x00, 0x00,
    0x00, 0x00, 0x00, 0x00, 0x00, 0x00, 0x00, 0x00, 0x00, 0x00, 0x00, 0x00, 0x00, 0x00, 0x00, 0x00,
    0x00, 0x00, 0x00, 0x00, 0x00, 0x00, 0x00, 0x00, 0x00, 0x00, 0x00, 0x00, 0x00, 0x00, 0x00, 0x00,
    0x00, 0x00, 0x00, 0x00, 0x00, 0x00, 0x00, 0x00, 0x00, 0x00, 0x00, 0x00, 0x00, 0x00, 0x00, 0x00,
    0x00, 0x00, 0x00, 0x00, 0x00, 0x00, 0x00, 0x00, 0x00, 0x00, 0x00, 0x00, 0x00, 0x00, 0x00, 0x00,
    0x00, 0x00, 0x00, 0x00, 0x00, 0x00, 0x00, 0x00, 0x00, 0x00, 0x00, 0x00, 0x00, 0x00, 0x00, 0x00,
    0x00, 0x00, 0x00, 0x00, 0x00, 0x00, 0x00, 0x00, 0x00, 0x00, 0x00, 0x00, 0x00, 0x00, 0x00, 0x00,
    0x00, 0x00, 0x00, 0x00, 0x00, 0x00, 0x00, 0x00, 0x00, 0x00, 0x00, 0x00, 0x00, 0x00, 0x00, 0x00,
    0x00, 0x00, 0x00, 0x00, 0x00, 0x00, 0x00, 0x00, 0x00, 0x00, 0x00, 0x00, 0x00, 0x00, 0x00, 0x00,
    0x00, 0x00, 0x00, 0x00, 0x00, 0x00, 0x00, 0x00, 0x00, 0x00, 0x00, 0x00, 0x00, 0x00, 0x00, 0x00,
    0xFF, 0xFB, 0xEB, 0xE9, 0xEF, 0x62, 0x62, 0x59, 0xFF, 0xF1, 0xDA, 0xE0, 0xE6, 0xD2, 0xE6, 0xD2,
    0xC7, 0xE0, 0xE6, 0xEB, 0xEB, 0xDC, 0xC8, 0xCF, 0xDE, 0xDC, 0xDC, 0xDA, 0xC5, 0xC5, 0xCF, 0xE3,
    0xE0, 0xD3, 0xDA, 0xC5, 0xC5, 0xCF, 0xD2, 0xC3, 0xCF, 0xCD, 0xC2, 0xC2, 0xC5, 0xBC, 0xC5, 0xCE,
    0xAB, 0xA9, 0xB7, 0xB7, 0xA0, 0xB9, 0x9E, 0x90, 0xB9, 0xBC, 0xC2, 0xB7, 0xB7, 0x8F, 0x87, 0xA3,
    0xB7, 0xC0, 0xB7, 0x9E, 0x72, 0x7B, 0x9E, 0xA9, 0x9D, 0x92, 0x7B, 0x7A, 0x97, 0x9E, 0x5E, 0x7E,
    0x9D, 0x7B, 0x63, 0x6A, 0x72, 0x6E, 0x84, 0x6E, 0x67, 0x6E, 0x65, 0x52, 0x40, 0x3C, 0x72, 0x9E,
    0x7B, 0x72, 0x4B, 0x3B, 0x4A, 0x6F, 0x82, 0x7F, 0x5E, 0x3A, 0x34, 0x4C, 0x71, 0x51, 0x51, 0x44,
    0x26, 0x2F, 0x42, 0x2F, 0x19, 0x1F, 0x1F, 0x16, 0x1F, 0x1D, 0x22, 0x2F, 0x19, 0x13, 0x13, 0x0D,
    0x11, 0x19, 0x11, 0x0D, 0x19, 0x1D, 0x11, 0x0D, 0x0D, 0x0D, 0x0D, 0x0D, 0x11, 0x0D, 0x0D, 0x07,
    0x07, 0x0D, 0x08, 0x08, 0x08, 0x04, 0x04, 0x08, 0x08, 0x04, 0x04, 0x04, 0x04, 0x04, 0x04, 0x03,
    0x04, 0x04, 0x02, 0x04, 0x06, 0x02, 0x04, 0x07, 0x04, 0x07, 0x07, 0x08, 0x04, 0x07, 0x07, 0x07,
    0x0D, 0x11, 0x0D, 0x0D, 0x0D, 0x0C, 0x0C, 0x0D, 0x11, 0x11, 0x11, 0x0D, 0x19, 0x22, 0x11, 0x0D,
    0x0D, 0x0D, 0x10, 0x15, 0x21, 0x1D, 0x1D, 0x16, 0x16, 0x1C, 0x1C, 0x19, 0x2B, 0x23, 0x26, 0x50,
    0x60, 0x67, 0x5D, 0x3E, 0x2A, 0x40, 0x64, 0x7A, 0x7B, 0x70, 0x48, 0x48, 0x63, 0x82, 0x70, 0x71,
    0x6D, 0x48, 0x66, 0x7E, 0x63, 0x48, 0x82, 0x7E, 0x6D, 0x71, 0x7E, 0x7A, 0x88, 0x82, 0x6E, 0x6E,
    0x6D, 0x69, 0x7C, 0x6D, 0x66, 0xB6, 0xB7, 0xAB, 0x87, 0x7A, 0x8F, 0x98, 0xAD, 0xB9, 0xB7, 0xA9,
    0x82, 0x9D, 0x97, 0xB2, 0xB7, 0xAB, 0xAB, 0x97, 0xAD, 0xC7, 0xC5, 0xAD, 0xB0, 0xC5, 0xB9, 0xAD,
    0xC5, 0xC7, 0xCC, 0xC7, 0xAF, 0xB5, 0xBF, 0xB9, 0xB9, 0xC2, 0xB2, 0xC2, 0xCF, 0xCF, 0xDA, 0xD6,
    0xC2, 0xC5, 0xCE, 0xD4, 0xDA, 0xD6, 0xCE, 0xBA, 0xCE, 0xE0, 0xDA, 0xD6, 0xE0, 0xCF, 0xCF, 0xE3,
    0xF3, 0xDA, 0xD6, 0xE6, 0xD6, 0xE0, 0xE6, 0xFD, 0x62, 0x95, 0x62, 0xF4, 0xEF, 0xF0, 0xF9, 0xFB,
    0x00, 0x00, 0x00, 0x00, 0x00, 0x00, 0x00, 0x00, 0x00, 0x00, 0x00, 0x00, 0x00, 0x00, 0x00, 0x00,
    0x00, 0x00, 0x00, 0x00, 0x00, 0x00, 0x00, 0x00, 0x00, 0x00, 0x00, 0x00, 0x00, 0x00, 0x00, 0x00,
    0x00, 0x00, 0x00, 0x00, 0x00, 0x00, 0x00, 0x00, 0x00, 0x00, 0x00, 0x00, 0x00, 0x00, 0x00, 0x00,
    0x00, 0x00, 0x00, 0x00, 0x00, 0x00, 0x00, 0x00, 0x00, 0x00, 0x00, 0x00, 0x00, 0x00, 0x00, 0x00,
    0x00, 0x00, 0x00, 0x00, 0x00, 0x00, 0x00, 0x00, 0x00, 0x00, 0x00, 0x00, 0x00, 0x00, 0x00, 0x00,
    0x00, 0x00, 0x00, 0x00, 0x00, 0x00, 0x00, 0x00, 0x00, 0x00, 0x00, 0x00, 0x00, 0x00, 0x00, 0x00,
    0x00, 0x00, 0x00, 0x00, 0x00, 0x00, 0x00, 0x00, 0x00, 0x00, 0x00, 0x00, 0x00, 0x00, 0x00, 0x00,
    0x00, 0x00, 0x00, 0x00, 0x00, 0x00, 0x00, 0x00, 0x00, 0x00, 0x00, 0x00, 0x00, 0x00, 0x00, 0x00,
    0x00, 0x00, 0x00, 0x00, 0x00, 0x00, 0x00, 0x00, 0x00, 0x00, 0x00, 0x00, 0x00, 0x00, 0x00, 0x00,
    0x00, 0x00, 0x00, 0x00, 0x00, 0x00, 0x00, 0x00, 0x00, 0x00, 0x00, 0x00, 0x00, 0x00, 0x00, 0x00,
    0x00, 0x00, 0x00, 0x00, 0x00, 0x00, 0x00, 0x00, 0x00, 0x00, 0x00, 0x00, 0x00, 0x00, 0x00, 0x00,
    0x00, 0x00, 0x00, 0x00, 0x00, 0x00, 0x00, 0x00, 0x00, 0x00, 0x00, 0x00, 0x00, 0x00, 0x00, 0x00,
    0xFB, 0xFB, 0xF4, 0xDD, 0xEF, 0x95, 0x95, 0x59, 0xFE, 0xDD, 0xDC, 0xD6, 0xE3, 0xE3, 0xEB, 0xD5,
    0xE3, 0xE2, 0xE3, 0xE3, 0xEA, 0xEB, 0xDA, 0xDA, 0xE3, 0xD6, 0xC5, 0xC7, 0xDC, 0xE0, 0xDC, 0xDA,
    0xCE, 0xCF, 0xDC, 0xDC, 0xCE, 0xC5, 0xD3, 0xD2, 0xBC, 0xCF, 0xCF, 0xC5, 0xC2, 0xC2, 0xC5, 0xCE,
    0xC2, 0xC2, 0xC5, 0xAD, 0xB7, 0xC2, 0x8F, 0xB3, 0xC2, 0xB3, 0xC0, 0xB7, 0xC5, 0xB6, 0xAB, 0xBF,
    0xB7, 0xAB, 0x7C, 0x97, 0x98, 0x96, 0xB1, 0x96, 0x97, 0xA9, 0xA9, 0x96, 0x8D, 0x97, 0x9D, 0x74,
    0x8A, 0x9D, 0x7F, 0x75, 0x6E, 0x6E, 0x6F, 0x7B, 0x87, 0x82, 0x6A, 0x6E, 0x6F, 0x74, 0x5E, 0x5E,
    0x7F, 0x67, 0x67, 0x6E, 0x5D, 0x84, 0x7E, 0x51, 0x5E, 0x72, 0x63, 0x64, 0x7A, 0x44, 0x44, 0x50,
    0x44, 0x22, 0x22, 0x41, 0x2F, 0x19, 0x2A, 0x1D, 0x1D, 0x1F, 0x19, 0x19, 0x19, 0x19, 0x19, 0x11,
    0x11, 0x19, 0x11, 0x11, 0x11, 0x0D, 0x11, 0x11, 0x0F, 0x0D, 0x0D, 0x0D, 0x0D, 0x07, 0x0D, 0x0D,
    0x0D, 0x0D, 0x08, 0x07, 0x08, 0x06, 0x04, 0x04, 0x04, 0x04, 0x04, 0x02, 0x02, 0x02, 0x02, 0x02,
    0x02, 0x02, 0x02, 0x02, 0x02, 0x02, 0x04, 0x04, 0x04, 0x04, 0x04, 0x04, 0x04, 0x08, 0x08, 0x07,
    0x08, 0x08, 0x07, 0x0D, 0x11, 0x0D, 0x11, 0x0D, 0x0D, 0x11, 0x11, 0x11, 0x0D, 0x11, 0x19, 0x0D,
    0x11, 0x11, 0x13, 0x13, 0x16, 0x1D, 0x19, 0x19, 0x22, 0x1D, 0x1D, 0x21, 0x29, 0x1B, 0x32, 0x4B,
    0x43, 0x5E, 0x66, 0x50, 0x44, 0x53, 0x71, 0x63, 0x48, 0x4D, 0x70, 0x6D, 0x6D, 0x6F, 0x54, 0x87,
    0x85, 0x79, 0x63, 0x63, 0x81, 0x66, 0x45, 0x7F, 0x7E, 0x67, 0x6E, 0x79, 0x7E, 0x7A, 0x7F, 0x90,
    0x72, 0x69, 0x7E, 0x79, 0x9D, 0x98, 0xA9, 0xA3, 0xB2, 0xB2, 0x98, 0xAB, 0xB7, 0x9F, 0x98, 0xA9,
    0xB2, 0xA9, 0xB1, 0xB7, 0x9E, 0xA4, 0xB7, 0xC1, 0xB1, 0xB6, 0xC5, 0xB9, 0xAB, 0xC5, 0xCC, 0xB9,
    0xB7, 0xBC, 0xC2, 0xB9, 0xBC, 0xC5, 0xCF, 0xB9, 0xCD, 0xCD, 0xC2, 0xCF, 0xCE, 0xCE, 0xD6, 0xE0,
    0xCE, 0xCE, 0xD6, 0xDA, 0xCE, 0xC2, 0xCF, 0xCF, 0xD6, 0xD6, 0xD4, 0xDA, 0xE3, 0xDA, 0xD2, 0xD6,
    0xD6, 0xE3, 0xD6, 0xDF, 0xDF, 0xE3, 0xE6, 0xFD, 0x62, 0x95, 0x95, 0xF4, 0xE6, 0xE0, 0xF0, 0xFB,
    0x00, 0x00, 0x00, 0x00, 0x00, 0x00, 0x00, 0x00, 0x00, 0x00, 0x00, 0x00, 0x00, 0x00, 0x00, 0x00,
    0x00, 0x00, 0x00, 0x00, 0x00, 0x00, 0x00, 0x00, 0x00, 0x00, 0x00, 0x00, 0x00, 0x00, 0x00, 0x00,
    0x00, 0x00, 0x00, 0x00, 0x00, 0x00, 0x00, 0x00, 0x00, 0x00, 0x00, 0x00, 0x00, 0x00, 0x00, 0x00,
    0x00, 0x00, 0x00, 0x00, 0x00, 0x00, 0x00, 0x00, 0x00, 0x00, 0x00, 0x00, 0x00, 0x00, 0x00, 0x00,
    0x00, 0x00, 0x00, 0x00, 0x00, 0x00, 0x00, 0x00, 0x00, 0x00, 0x00, 0x00, 0x00, 0x00, 0x00, 0x00,
    0x00, 0x00, 0x00, 0x00, 0x00, 0x00, 0x00, 0x00, 0x00, 0x00, 0x00, 0x00, 0x00, 0x00, 0x00, 0x00,
    0x00, 0x00, 0x00, 0x00, 0x00, 0x00, 0x00, 0x00, 0x00, 0x00, 0x00, 0x00, 0x00, 0x00, 0x00, 0x00,
    0x00, 0x00, 0x00, 0x00, 0x00, 0x00, 0x00, 0x00, 0x00, 0x00, 0x00, 0x00, 0x00, 0x00, 0x00, 0x00,
    0x00, 0x00, 0x00, 0x00, 0x00, 0x00, 0x00, 0x00, 0x00, 0x00, 0x00, 0x00, 0x00, 0x00, 0x00, 0x00,
    0x00, 0x00, 0x00, 0x00, 0x00, 0x00, 0x00, 0x00, 0x00, 0x00, 0x00, 0x00, 0x00, 0x00, 0x00, 0x00,
    0x00, 0x00, 0x00, 0x00, 0x00, 0x00, 0x00, 0x00, 0x00, 0x00, 0x00, 0x00, 0x00, 0x00, 0x00, 0x00,
    0x00, 0x00, 0x00, 0x00, 0x00, 0x00, 0x00, 0x00, 0x00, 0x00, 0x00, 0x00, 0x00, 0x00, 0x00, 0x00,
    0xFE, 0xF9, 0xF4, 0xF1, 0xEF, 0x59, 0x62, 0x59, 0xFE, 0xDB, 0xDC, 0xDC, 0xF3, 0xF8, 0xF3, 0xDA,
    0xE3, 0xE3, 0xDF, 0xE3, 0xD6, 0xE0, 0xDF, 0xE0, 0xD6, 0xCF, 0xC5, 0xCE, 0xDC, 0xE3, 0xCF, 0xC2,
    0xC5, 0xDA, 0xDC, 0xB9, 0xCC, 0xC5, 0xCF, 0xE3, 0xCE, 0xD6, 0xE3, 0xD4, 0xC2, 0xC2, 0xC5, 0xB5,
    0xB9, 0xC2, 0xBC, 0xC5, 0xCF, 0xC2, 0x9D, 0xA3, 0xC2, 0xB3, 0xAD, 0x98, 0x9F, 0xA4, 0xBF, 0xB1,
    0xB7, 0x98, 0x7E, 0x8D, 0xAD, 0x97, 0x7D, 0x96, 0xB9, 0x9F, 0x81, 0x97, 0x85, 0x8F, 0xB6, 0x87,
    0x75, 0x98, 0x8F, 0x6E, 0x69, 0x6A, 0x51, 0x67, 0x7F, 0x7B, 0x82, 0x8F, 0x7E, 0x5E, 0x51, 0x4D,
    0x80, 0x67, 0x5C, 0x5D, 0x7B, 0x5C, 0x66, 0x4B, 0x52, 0x6B, 0x6A, 0x40, 0x36, 0x45, 0x56, 0x33,
    0x1D, 0x33, 0x22, 0x2A, 0x33, 0x2F, 0x1D, 0x2F, 0x22, 0x11, 0x19, 0x11, 0x11, 0x19, 0x19, 0x11,
    0x1D, 0x22, 0x11, 0x11, 0x0D, 0x0D, 0x11, 0x11, 0x0D, 0x0D, 0x0D, 0x0D, 0x07, 0x07, 0x07, 0x0D,
    0x07, 0x04, 0x04, 0x07, 0x08, 0x04, 0x04, 0x03, 0x02, 0x02, 0x02, 0x02, 0x02, 0x02, 0x02, 0x01,
    0x01, 0x01, 0x01, 0x01, 0x01, 0x02, 0x02, 0x03, 0x03, 0x04, 0x04, 0x04, 0x04, 0x04, 0x04, 0x07,
    0x07, 0x07, 0x07, 0x0D, 0x0D, 0x0D, 0x0D, 0x0D, 0x0D, 0x1D, 0x0D, 0x0D, 0x0D, 0x0D, 0x11, 0x19,
    0x0D, 0x0F, 0x19, 0x11, 0x0D, 0x11, 0x11, 0x11, 0x19, 0x1D, 0x1D, 0x37, 0x40, 0x21, 0x35, 0x40,
    0x43, 0x49, 0x34, 0x3E, 0x4D, 0x5D, 0x44, 0x43, 0x40, 0x49, 0x67, 0x67, 0x51, 0x40, 0x67, 0x9E,
    0x4E, 0x4C, 0x6D, 0x53, 0x84, 0x82, 0x5E, 0x84, 0x7A, 0x6E, 0x63, 0x66, 0x5C, 0x53, 0x67, 0x7B,
    0x80, 0x97, 0x90, 0x7A, 0x97, 0x82, 0x87, 0x96, 0x97, 0x9E, 0x97, 0xAB, 0x8F, 0x92, 0x8D, 0x9E,
    0xC0, 0xB3, 0x8E, 0x90, 0x9E, 0xC5, 0xAD, 0x8D, 0xA4, 0xA3, 0xB7, 0xCF, 0xB9, 0xAD, 0xC5, 0xB7,
    0xB9, 0xB9, 0xAF, 0xAD, 0xB9, 0xB9, 0xC5, 0xCE, 0xD4, 0xD4, 0xBF, 0xB9, 0xCF, 0xCE, 0xC5, 0xC5,
    0xCC, 0xD3, 0xCF, 0xD6, 0xC7, 0xC5, 0xD6, 0xDA, 0xD2, 0xC5, 0xCF, 0xE6, 0xCF, 0xCE, 0xDA, 0xD6,
    0xD6, 0xF3, 0xF3, 0xE3, 0xE6, 0xF4, 0xF1, 0xFE, 0x58, 0x95, 0x95, 0xEF, 0xE6, 0xEB, 0xF3, 0xFE,
    0x00, 0x00, 0x00, 0x00, 0x00, 0x00, 0x00, 0x00, 0x00, 0x00, 0x00, 0x00, 0x00, 0x00, 0x00, 0x00,
    0x00, 0x00, 0x00, 0x00, 0x00, 0x00, 0x00, 0x00, 0x00, 0x00, 0x00, 0x00, 0x00, 0x00, 0x00, 0x00,
    0x00, 0x00, 0x00, 0x00, 0x00, 0x00, 0x00, 0x00, 0x00, 0x00, 0x00, 0x00, 0x00, 0x00, 0x00, 0x00,
    0x00, 0x00, 0x00, 0x00, 0x00, 0x00, 0x00, 0x00, 0x00, 0x00, 0x00, 0x00, 0x00, 0x00, 0x00, 0x00,
    0x00, 0x00, 0x00, 0x00, 0x00, 0x00, 0x00, 0x00, 0x00, 0x00, 0x00, 0x00, 0x00, 0x00, 0x00, 0x00,
    0x00, 0x00, 0x00, 0x00, 0x00, 0x00, 0x00, 0x00, 0x00, 0x00, 0x00, 0x00, 0x00, 0x00, 0x00, 0x00,
    0x00, 0x00, 0x00, 0x00, 0x00, 0x00, 0x00, 0x00, 0x00, 0x00, 0x00, 0x00, 0x00, 0x00, 0x00, 0x00,
    0x00, 0x00, 0x00, 0x00, 0x00, 0x00, 0x00, 0x00, 0x00, 0x00, 0x00, 0x00, 0x00, 0x00, 0x00, 0x00,
    0x00, 0x00, 0x00, 0x00, 0x00, 0x00, 0x00, 0x00, 0x00, 0x00, 0x00, 0x00, 0x00, 0x00, 0x00, 0x00,
    0x00, 0x00, 0x00, 0x00, 0x00, 0x00, 0x00, 0x00, 0x00, 0x00, 0x00, 0x00, 0x00, 0x00, 0x00, 0x00,
    0x00, 0x00, 0x00, 0x00, 0x00, 0x00, 0x00, 0x00, 0x00, 0x00, 0x00, 0x00, 0x00, 0x00, 0x00, 0x00,
    0x00, 0x00, 0x00, 0x00, 0x00, 0x00, 0x00, 0x00, 0x00, 0x00, 0x00, 0x00, 0x00, 0x00, 0x00, 0x00,
    0xFF, 0xF0, 0xE6, 0xF8, 0xEF, 0x57, 0x59, 0x59, 0xFF, 0xF4, 0xF8, 0xF8, 0xE6, 0xF3, 0xF3, 0xE3,
    0xE3, 0xE3, 0xE3, 0xD2, 0xCF, 0xC7, 0xC5, 0xD6, 0xC7, 0xCF, 0xCF, 0xD2, 0xCC, 0xC5, 0xC7, 0xB7,
    0xB7, 0xDC, 0xCE, 0xB7, 0xCF, 0xC5, 0xC7, 0xCE, 0xE3, 0xE0, 0xCE, 0xD0, 0xC5, 0xC2, 0xC2, 0xB9,
    0xCF, 0xD3, 0xCC, 0xCE, 0xBC, 0xAD, 0xC1, 0xB0, 0xB0, 0xAF, 0x98, 0x87, 0x7F, 0x8A, 0xA3, 0xA3,
    0x98, 0x9A, 0x9F, 0x80, 0x6A, 0x75, 0x6B, 0x80, 0x9F, 0x7F, 0x72, 0x8D, 0x84, 0x92, 0x9D, 0x88,
    0xAB, 0x98, 0x82, 0x88, 0x69, 0x6A, 0x7F, 0x8D, 0x98, 0x82, 0x82, 0x98, 0x67, 0x5E, 0x60, 0x77,
    0x60, 0x75, 0x40, 0x27, 0x69, 0x51, 0x48, 0x60, 0x44, 0x31, 0x31, 0x36, 0x20, 0x2F, 0x56, 0x22,
    0x1D, 0x2F, 0x1F, 0x22, 0x22, 0x33, 0x33, 0x33, 0x1D, 0x19, 0x19, 0x11, 0x19, 0x2F, 0x33, 0x19,
    0x19, 0x19, 0x19, 0x11, 0x0D, 0x0D, 0x11, 0x11, 0x07, 0x07, 0x0D, 0x07, 0x07, 0x0D, 0x07, 0x04,
    0x04, 0x04, 0x04, 0x04, 0x04, 0x03, 0x02, 0x02, 0x02, 0x02, 0x02, 0x02, 0x01, 0x01, 0x01, 0x01,
    0x01, 0x01, 0x01, 0x01, 0x01, 0x01, 0x02, 0x02, 0x02, 0x04, 0x04, 0x04, 0x04, 0x04, 0x04, 0x04,
    0x04, 0x04, 0x08, 0x08, 0x07, 0x07, 0x07, 0x07, 0x0D, 0x0D, 0x0D, 0x0D, 0x0F, 0x0D, 0x11, 0x11,
    0x11, 0x1D, 0x19, 0x11, 0x11, 0x11, 0x11, 0x1D, 0x22, 0x22, 0x19, 0x2A, 0x33, 0x22, 0x50, 0x37,
    0x46, 0x28, 0x25, 0x1F, 0x21, 0x4D, 0x31, 0x45, 0x5A, 0x4F, 0x2B, 0x39, 0x40, 0x34, 0x5E, 0x67,
    0x4A, 0x47, 0x5E, 0x4B, 0x6E, 0x71, 0x8F, 0x87, 0x87, 0x64, 0x5D, 0x66, 0x6D, 0x6F, 0x90, 0x98,
    0x90, 0x8F, 0x8F, 0x90, 0x8F, 0x8F, 0x82, 0x87, 0x7E, 0x5C, 0x7E, 0x97, 0x7C, 0x7C, 0x9E, 0x9D,
    0x87, 0x97, 0x77, 0x7E, 0x9F, 0xAD, 0x90, 0x87, 0xB3, 0x8E, 0x9E, 0xBD, 0xBC, 0xBC, 0xC5, 0xC5,
    0xB9, 0xB0, 0xB0, 0xB7, 0xCE, 0xCF, 0xCD, 0xCD, 0xD4, 0xCF, 0xC2, 0xC5, 0xCF, 0xCF, 0xB9, 0xB7,
    0xAD, 0xC5, 0xCE, 0xC5, 0xD6, 0xD3, 0xCF, 0xB5, 0xBC, 0xBC, 0xC5, 0xCF, 0xCF, 0xCF, 0xE3, 0xD5,
    0xDA, 0xE6, 0xF3, 0xFB, 0xEF, 0xDC, 0xEF, 0xFF, 0x58, 0x95, 0x59, 0xF0, 0xF5, 0xF9, 0xF3, 0xFB,
    0x00, 0x00, 0x00, 0x00, 0x00, 0x00, 0x00, 0x00, 0x00, 0x00, 0x00, 0x00, 0x00, 0x00, 0x00, 0x00,
    0x00, 0x00, 0x00, 0x00, 0x00, 0x00, 0x00, 0x00, 0x00, 0x00, 0x00, 0x00, 0x00, 0x00, 0x00, 0x00,
    0x00, 0x00, 0x00, 0x00, 0x00, 0x00, 0x00, 0x00, 0x00, 0x00, 0x00, 0x00, 0x00, 0x00, 0x00, 0x00,
    0x00, 0x00, 0x00, 0x00, 0x00, 0x00, 0x00, 0x00, 0x00, 0x00, 0x00, 0x00, 0x00, 0x00, 0x00, 0x00,
    0x00, 0x00, 0x00, 0x00, 0x00, 0x00, 0x00, 0x00, 0x00, 0x00, 0x00, 0x00, 0x00, 0x00, 0x00, 0x00,
    0x00, 0x00, 0x00, 0x00, 0x00, 0x00, 0x00, 0x00, 0x00, 0x00, 0x00, 0x00, 0x00, 0x00, 0x00, 0x00,
    0x00, 0x00, 0x00, 0x00, 0x00, 0x00, 0x00, 0x00, 0x00, 0x00, 0x00, 0x00, 0x00, 0x00, 0x00, 0x00,
    0x00, 0x00, 0x00, 0x00, 0x00, 0x00, 0x00, 0x00, 0x00, 0x00, 0x00, 0x00, 0x00, 0x00, 0x00, 0x00,
    0x00, 0x00, 0x00, 0x00, 0x00, 0x00, 0x00, 0x00, 0x00, 0x00, 0x00, 0x00, 0x00, 0x00, 0x00, 0x00,
    0x00, 0x00, 0x00, 0x00, 0x00, 0x00, 0x00, 0x00, 0x00, 0x00, 0x00, 0x00, 0x00, 0x00, 0x00, 0x00,
    0x00, 0x00, 0x00, 0x00, 0x00, 0x00, 0x00, 0x00, 0x00, 0x00, 0x00, 0x00, 0x00, 0x00, 0x00, 0x00,
    0x00, 0x00, 0x00, 0x00, 0x00, 0x00, 0x00, 0x00, 0x00, 0x00, 0x00, 0x00, 0x00, 0x00, 0x00, 0x00,
    0xFB, 0xEA, 0xE0, 0xEB, 0xEF, 0x59, 0x95, 0x59, 0xFE, 0xF1, 0xF0, 0xF0, 0xDB, 0xE3, 0xE3, 0xEB,
    0xF8, 0xE3, 0xE3, 0xDB, 0xCF, 0xCE, 0xC5, 0xDA, 0xE3, 0xCC, 0xCF, 0xCF, 0xCF, 0xC5, 0xC5, 0xC2,
    0xD6, 0xCF, 0xC5, 0xDA, 0xD3, 0xC5, 0xDA, 0xCF, 0xCF, 0xC2, 0xB7, 0xD4, 0xCE, 0xD6, 0xD6, 0xCF,
    0xD6, 0xC2, 0xCE, 0xC5, 0xA0, 0x9F, 0xC5, 0xC1, 0xA4, 0xB3, 0xAD, 0x9F, 0x90, 0x84, 0x98, 0xC4,
    0x98, 0x92, 0x92, 0x76, 0x6D, 0x6E, 0x92, 0x9B, 0x7F, 0x81, 0x9E, 0x7E, 0x7F, 0xA3, 0x84, 0x98,
    0x9E, 0x7F, 0x85, 0xA9, 0x9F, 0x82, 0x8D, 0x7B, 0x75, 0x72, 0x7A, 0x5E, 0x5E, 0x7B, 0x72, 0x52,
    0x6B, 0x75, 0x5E, 0x35, 0x60, 0x7C, 0x4F, 0x4F, 0x42, 0x36, 0x1C, 0x36, 0x40, 0x4F, 0x2F, 0x2A,
    0x5A, 0x37, 0x1D, 0x1D, 0x22, 0x2F, 0x19, 0x19, 0x2F, 0x1D, 0x22, 0x11, 0x11, 0x19, 0x1D, 0x19,
    0x0D, 0x0D, 0x11, 0x11, 0x11, 0x0D, 0x11, 0x0D, 0x0D, 0x07, 0x07, 0x08, 0x07, 0x07, 0x07, 0x04,
    0x04, 0x04, 0x04, 0x04, 0x02, 0x02, 0x02, 0x02, 0x02, 0x01, 0x01, 0x01, 0x01, 0x01, 0x01, 0x01,
    0x01, 0x01, 0x01, 0x01, 0x01, 0x02, 0x02, 0x02, 0x03, 0x02, 0x02, 0x02, 0x04, 0x04, 0x04, 0x04,
    0x04, 0x04, 0x04, 0x07, 0x07, 0x04, 0x07, 0x07, 0x0D, 0x07, 0x0D, 0x11, 0x0B, 0x0D, 0x11, 0x0D,
    0x0F, 0x19, 0x11, 0x11, 0x19, 0x22, 0x19, 0x19, 0x1D, 0x22, 0x19, 0x19, 0x1D, 0x33, 0x56, 0x42,
    0x37, 0x42, 0x43, 0x32, 0x1F, 0x42, 0x5A, 0x42, 0x50, 0x42, 0x40, 0x24, 0x4C, 0x66, 0x7F, 0x47,
    0x6A, 0x7F, 0x54, 0x67, 0x72, 0x72, 0x6A, 0x4D, 0x7F, 0x9E, 0x9D, 0x9D, 0x8F, 0x7C, 0x92, 0x7F,
    0x84, 0x75, 0x7C, 0x90, 0x9E, 0x9E, 0x6D, 0x87, 0x8A, 0x66, 0x6D, 0x98, 0x90, 0x90, 0x9F, 0x98,
    0x8D, 0x7E, 0x98, 0x97, 0xA3, 0x92, 0x98, 0xA3, 0xB3, 0xA1, 0xB3, 0xAF, 0xAD, 0xC5, 0xC5, 0xCC,
    0xBC, 0xC7, 0xC7, 0xC5, 0xC5, 0xCF, 0xB9, 0xCE, 0xCE, 0xC1, 0xCF, 0xC9, 0xC2, 0xC7, 0xC5, 0xC1,
    0xB9, 0xC5, 0xDA, 0xCE, 0xDA, 0xD2, 0xC8, 0xB9, 0xC2, 0xC8, 0xCF, 0xCF, 0xDA, 0xEB, 0xE9, 0xE3,
    0xE6, 0xEA, 0xEB, 0xF3, 0xF4, 0xEA, 0xEA, 0xFE, 0x58, 0x95, 0x59, 0xEF, 0xF5, 0xF1, 0xDC, 0xF3,
    0x00, 0x00, 0x00, 0x00, 0x00, 0x00, 0x00, 0x00, 0x00, 0x00, 0x00, 0x00, 0x00, 0x00, 0x00, 0x00,
    0x00, 0x00, 0x00, 0x00, 0x00, 0x00, 0x00, 0x00, 0x00, 0x00, 0x00, 0x00, 0x00, 0x00, 0x00, 0x00,
    0x00, 0x00, 0x00, 0x00, 0x00, 0x00, 0x00, 0x00, 0x00, 0x00, 0x00, 0x00, 0x00, 0x00, 0x00, 0x00,
    0x00, 0x00, 0x00, 0x00, 0x00, 0x00, 0x00, 0x00, 0x00, 0x00, 0x00, 0x00, 0x00, 0x00, 0x00, 0x00,
    0x00, 0x00, 0x00, 0x00, 0x00, 0x00, 0x00, 0x00, 0x00, 0x00, 0x00, 0x00, 0x00, 0x00, 0x00, 0x00,
    0x00, 0x00, 0x00, 0x00, 0x00, 0x00, 0x00, 0x00, 0x00, 0x00, 0x00, 0x00, 0x00, 0x00, 0x00, 0x00,
    0x00, 0x00, 0x00, 0x00, 0x00, 0x00, 0x00, 0x00, 0x00, 0x00, 0x00, 0x00, 0x00, 0x00, 0x00, 0x00,
    0x00, 0x00, 0x00, 0x00, 0x00, 0x00, 0x00, 0x00, 0x00, 0x00, 0x00, 0x00, 0x00, 0x00, 0x00, 0x00,
    0x00, 0x00, 0x00, 0x00, 0x00, 0x00, 0x00, 0x00, 0x00, 0x00, 0x00, 0x00, 0x00, 0x00, 0x00, 0x00,
    0x00, 0x00, 0x00, 0x00, 0x00, 0x00, 0x00, 0x00, 0x00, 0x00, 0x00, 0x00, 0x00, 0x00, 0x00, 0x00,
    0x00, 0x00, 0x00, 0x00, 0x00, 0x00, 0x00, 0x00, 0x00, 0x00, 0x00, 0x00, 0x00, 0x00, 0x00, 0x00,
    0x00, 0x00, 0x00, 0x00, 0x00, 0x00, 0x00, 0x00, 0x00, 0x00, 0x00, 0x00, 0x00, 0x00, 0x00, 0x00,
    0xFA, 0xF3, 0xEB, 0xF8, 0xEF, 0x59, 0x95, 0x59, 0xFF, 0xEF, 0xE6, 0xEF, 0xEF, 0xDB, 0xE2, 0xEF,
    0xE6, 0xE2, 0xE6, 0xD9, 0xCA, 0xD2, 0xCA, 0xD9, 0xD2, 0xC8, 0xB0, 0xC7, 0xD2, 0xD2, 0xD5, 0xC8,
    0xD2, 0xC4, 0xC8, 0xD9, 0xC7, 0xD5, 0xDA, 0xC4, 0xC7, 0xC6, 0xC4, 0xD5, 0xC7, 0xC7, 0xC7, 0xC7,
    0xCF, 0xBC, 0xB0, 0xC8, 0xB4, 0xB0, 0xB4, 0x92, 0x93, 0xB0, 0xA7, 0xA7, 0x92, 0x80, 0xB3, 0xA6,
    0x92, 0x6C, 0x6C, 0x8E, 0x8C, 0x8C, 0x6C, 0x93, 0x78, 0x78, 0x80, 0x8E, 0x98, 0x9A, 0x78, 0x9A,
    0x76, 0x80, 0x98, 0x6C, 0x6C, 0x78, 0x6C, 0x6C, 0x61, 0x6C, 0x61, 0x56, 0x61, 0x61, 0x45, 0x60,
    0x45, 0x61, 0x56, 0x33, 0x46, 0x56, 0x2F, 0x19, 0x33, 0x45, 0x2A, 0x2A, 0x38, 0x2F, 0x22, 0x33,
    0x33, 0x22, 0x33, 0x22, 0x19, 0x22, 0x11, 0x19, 0x22, 0x11, 0x0D, 0x11, 0x19, 0x19, 0x11, 0x11,
    0x11, 0x11, 0x11, 0x11, 0x11, 0x0D, 0x0D, 0x0D, 0x11, 0x07, 0x07, 0x08, 0x07, 0x04, 0x04, 0x04,
    0x02, 0x04, 0x04, 0x02, 0x02, 0x02, 0x01, 0x01, 0x01, 0x01, 0x01, 0x01, 0x01, 0x01, 0x01, 0x01,
    0x02, 0x03, 0x03, 0x05, 0x05, 0x05, 0x02, 0x02, 0x02, 0x02, 0x02, 0x02, 0x02, 0x04, 0x02, 0x02,
    0x02, 0x04, 0x04, 0x07, 0x07, 0x04, 0x08, 0x07, 0x07, 0x0D, 0x0D, 0x0D, 0x08, 0x0D, 0x0D, 0x0D,
    0x0F, 0x0D, 0x0F, 0x0F, 0x0D, 0x0D, 0x11, 0x19, 0x22, 0x22, 0x22, 0x19, 0x22, 0x33, 0x19, 0x22,
    0x33, 0x2F, 0x33, 0x2F, 0x22, 0x33, 0x38, 0x2F, 0x1D, 0x33, 0x45, 0x33, 0x45, 0x5A, 0x46, 0x44,
    0x61, 0x61, 0x5A, 0x75, 0x6C, 0x61, 0x5A, 0x56, 0x78, 0x6C, 0x61, 0x56, 0x6C, 0x6C, 0x8C, 0x6C,
    0x76, 0x8C, 0x8A, 0x6B, 0x98, 0x80, 0x6B, 0x76, 0x92, 0x75, 0x80, 0x9B, 0x93, 0x6C, 0x6C, 0x93,
    0x9A, 0x8E, 0xB0, 0x92, 0x6C, 0x9B, 0xA6, 0x61, 0x93, 0xB4, 0xA7, 0x9B, 0xB4, 0xA7, 0xA7, 0xC4,
    0xB4, 0xC3, 0xC4, 0xC6, 0xB4, 0xC3, 0xC3, 0xC4, 0xBC, 0xC4, 0xC9, 0xB0, 0xC4, 0xC8, 0xC3, 0xC6,
    0xC3, 0xD2, 0xD9, 0xC8, 0xB4, 0xC3, 0xD2, 0xD2, 0xCA, 0xCF, 0xD2, 0xDA, 0xD2, 0xE6, 0xDF, 0xD9,
    0xE6, 0xE6, 0xDA, 0xD9, 0xF0, 0xF4, 0xF2, 0xFE, 0x58, 0x95, 0x62, 0xF0, 0xEF, 0xEF, 0xDD, 0xF4,
    0x00, 0x00, 0x00, 0x00, 0x00, 0x00, 0x00, 0x00, 0x00, 0x00, 0x00, 0x00, 0x00, 0x00, 0x00, 0x00,
    0x00, 0x00, 0x00, 0x00, 0x00, 0x00, 0x00, 0x00, 0x00, 0x00, 0x00, 0x00, 0x00, 0x00, 0x00, 0x00,
    0x00, 0x00, 0x00, 0x00, 0x00, 0x00, 0x00, 0x00, 0x00, 0x00, 0x00, 0x00, 0x00, 0x00, 0x00, 0x00,
    0x00, 0x00, 0x00, 0x00, 0x00, 0x00, 0x00, 0x00, 0x00, 0x00, 0x00, 0x00, 0x00, 0x00, 0x00, 0x00,
    0x00, 0x00, 0x00, 0x00, 0x00, 0x00, 0x00, 0x00, 0x00, 0x00, 0x00, 0x00, 0x00, 0x00, 0x00, 0x00,
    0x00, 0x00, 0x00, 0x00, 0x00, 0x00, 0x00, 0x00, 0x00, 0x00, 0x00, 0x00, 0x00, 0x00, 0x00, 0x00,
    0x00, 0x00, 0x00, 0x00, 0x00, 0x00, 0x00, 0x00, 0x00, 0x00, 0x00, 0x00, 0x00, 0x00, 0x00, 0x00,
    0x00, 0x00, 0x00, 0x00, 0x00, 0x00, 0x00, 0x00, 0x00, 0x00, 0x00, 0x00, 0x00, 0x00, 0x00, 0x00,
    0x00, 0x00, 0x00, 0x00, 0x00, 0x00, 0x00, 0x00, 0x00, 0x00, 0x00, 0x00, 0x00, 0x00, 0x00, 0x00,
    0x00, 0x00, 0x00, 0x00, 0x00, 0x00, 0x00, 0x00, 0x00, 0x00, 0x00, 0x00, 0x00, 0x00, 0x00, 0x00,
    0x00, 0x00, 0x00, 0x00, 0x00, 0x00, 0x00, 0x00, 0x00, 0x00, 0x00, 0x00, 0x00, 0x00, 0x00, 0x00,
    0x00, 0x00, 0x00, 0x00, 0x00, 0x00, 0x00, 0x00, 0x00, 0x00, 0x00, 0x00, 0x00, 0x00, 0x00, 0x00,
    0xF9, 0xF4, 0xF9, 0xF9, 0xEF, 0x57, 0x59, 0x58, 0xFE, 0xDB, 0xEF, 0xD9, 0xDB, 0xDB, 0xD8, 0xD9,
    0xCA, 0xD9, 0xCA, 0xCA, 0xD9, 0xC8, 0xB4, 0xC6, 0xC6, 0xC8, 0xA7, 0xC3, 0xB4, 0xC3, 0xC8, 0xB4,
    0xC6, 0xC6, 0xC6, 0x9C, 0xC6, 0xC8, 0xC8, 0xB4, 0xC6, 0xA7, 0xB4, 0xB4, 0xB4, 0xA7, 0x9B, 0xB4,
    0xB4, 0x9B, 0xA7, 0xB4, 0x9B, 0x9B, 0x93, 0x78, 0x93, 0x9B, 0x9B, 0x93, 0x78, 0x6C, 0x78, 0x78,
    0x78, 0x61, 0x78, 0x6C, 0x61, 0x6C, 0x6C, 0x78, 0x46, 0x46, 0x61, 0x61, 0x6C, 0x78, 0x6C, 0x6C,
    0x46, 0x46, 0x6C, 0x6C, 0x38, 0x61, 0x46, 0x46, 0x38, 0x38, 0x46, 0x38, 0x38, 0x33, 0x33, 0x38,
    0x33, 0x33, 0x33, 0x1D, 0x22, 0x22, 0x1D, 0x11, 0x1D, 0x19, 0x19, 0x11, 0x19, 0x1D, 0x19, 0x19,
    0x19, 0x11, 0x0F, 0x0F, 0x0F, 0x0F, 0x0D, 0x0F, 0x0D, 0x0D, 0x0B, 0x0F, 0x0F, 0x0F, 0x0B, 0x0D,
    0x0B, 0x08, 0x08, 0x08, 0x08, 0x08, 0x08, 0x08, 0x08, 0x06, 0x04, 0x08, 0x08, 0x04, 0x02, 0x02,
    0x02, 0x02, 0x02, 0x02, 0x02, 0x01, 0x01, 0x01, 0x01, 0x01, 0x02, 0x01, 0x01, 0x01, 0x01, 0x01,
    0x01, 0x05, 0x09, 0x09, 0x05, 0x01, 0x01, 0x01, 0x01, 0x01, 0x02, 0x02, 0x02, 0x02, 0x02, 0x02,
    0x01, 0x01, 0x07, 0x08, 0x04, 0x04, 0x04, 0x06, 0x06, 0x06, 0x08, 0x06, 0x08, 0x08, 0x08, 0x08,
    0x0B, 0x08, 0x0D, 0x0D, 0x0B, 0x08, 0x0D, 0x0D, 0x0F, 0x0F, 0x0F, 0x0F, 0x0F, 0x19, 0x11, 0x1D,
    0x1D, 0x1A, 0x33, 0x19, 0x19, 0x1D, 0x1D, 0x19, 0x0F, 0x22, 0x1D, 0x22, 0x22, 0x33, 0x33, 0x33,
    0x33, 0x22, 0x33, 0x38, 0x46, 0x38, 0x46, 0x33, 0x38, 0x46, 0x38, 0x33, 0x46, 0x46, 0x46, 0x46,
    0x46, 0x61, 0x46, 0x46, 0x61, 0x46, 0x46, 0x46, 0x6C, 0x46, 0x46, 0x78, 0x61, 0x46, 0x46, 0x6C,
    0x61, 0x61, 0x6C, 0x78, 0x6C, 0x78, 0x78, 0x6C, 0x93, 0x78, 0x93, 0x93, 0xA7, 0x6C, 0x78, 0xA7,
    0x9B, 0x9B, 0xB4, 0xA7, 0x9B, 0xA7, 0xB4, 0xA7, 0xB4, 0xB4, 0xA7, 0xA7, 0xB4, 0xB4, 0xB4, 0xC8,
    0xA7, 0xC6, 0xC8, 0xC8, 0xA7, 0xB4, 0xC7, 0xC6, 0xC8, 0xC8, 0xCA, 0xC8, 0xC8, 0xC8, 0xC6, 0xC8,
    0xDB, 0xCA, 0xCA, 0xDB, 0xDB, 0xEF, 0xDB, 0xFF, 0x57, 0x95, 0x59, 0xE3, 0xE3, 0xEF, 0xF1, 0xF9,
    0x00, 0x00, 0x00, 0x00, 0x00, 0x00, 0x00, 0x00, 0x00, 0x00, 0x00, 0x00, 0x00, 0x00, 0x00, 0x00,
    0x00, 0x00, 0x00, 0x00, 0x00, 0x00, 0x00, 0x00, 0x00, 0x00, 0x00, 0x00, 0x00, 0x00, 0x00, 0x00,
    0x00, 0x00, 0x00, 0x00, 0x00, 0x00, 0x00, 0x00, 0x00, 0x00, 0x00, 0x00, 0x00, 0x00, 0x00, 0x00,
    0x00, 0x00, 0x00, 0x00, 0x00, 0x00, 0x00, 0x00, 0x00, 0x00, 0x00, 0x00, 0x00, 0x00, 0x00, 0x00,
    0x00, 0x00, 0x00, 0x00, 0x00, 0x00, 0x00, 0x00, 0x00, 0x00, 0x00, 0x00, 0x00, 0x00, 0x00, 0x00,
    0x00, 0x00, 0x00, 0x00, 0x00, 0x00, 0x00, 0x00, 0x00, 0x00, 0x00, 0x00, 0x00, 0x00, 0x00, 0x00,
    0x00, 0x00, 0x00, 0x00, 0x00, 0x00, 0x00, 0x00, 0x00, 0x00, 0x00, 0x00, 0x00, 0x00, 0x00, 0x00,
    0x00, 0x00, 0x00, 0x00, 0x00, 0x00, 0x00, 0x00, 0x00, 0x00, 0x00, 0x00, 0x00, 0x00, 0x00, 0x00,
    0x00, 0x00, 0x00, 0x00, 0x00, 0x00, 0x00, 0x00, 0x00, 0x00, 0x00, 0x00, 0x00, 0x00, 0x00, 0x00,
    0x00, 0x00, 0x00, 0x00, 0x00, 0x00, 0x00, 0x00, 0x00, 0x00, 0x00, 0x00, 0x00, 0x00, 0x00, 0x00,
    0x00, 0x00, 0x00, 0x00, 0x00, 0x00, 0x00, 0x00, 0x00, 0x00, 0x00, 0x00, 0x00, 0x00, 0x00, 0x00,
    0x00, 0x00, 0x00, 0x00, 0x00, 0x00, 0x00, 0x00, 0x00, 0x00, 0x00, 0x00, 0x00, 0x00, 0x00, 0x00,
    0xFB, 0xFB, 0xFB, 0xFB, 0xEF, 0x58, 0x62, 0x59, 0xFE, 0xE6, 0xF0, 0xEA, 0xEA, 0xEA, 0xE0, 0xE3,
    0xEB, 0xE9, 0xDC, 0xE3, 0xE4, 0xCF, 0xCE, 0xD6, 0xCF, 0xCF, 0xCE, 0xCF, 0xC2, 0xC5, 0xC5, 0xC0,
    0xD6, 0xD4, 0xCE, 0xCF, 0xDC, 0xD0, 0xCE, 0xE3, 0xD4, 0xC2, 0xCC, 0xCF, 0xCF, 0xB9, 0xB6, 0xC2,
    0xCB, 0xB5, 0xC2, 0xBA, 0xC2, 0xB6, 0xAB, 0xBC, 0xC5, 0xB6, 0xB7, 0xB9, 0xAB, 0x8F, 0x82, 0x97,
    0x9D, 0x82, 0x9E, 0x81, 0x6D, 0x7A, 0x88, 0xAD, 0xB6, 0xA2, 0x7E, 0x7A, 0x87, 0x90, 0x9D, 0x9E,
    0x7C, 0x72, 0x71, 0x85, 0x79, 0x70, 0x88, 0x81, 0x7A, 0x53, 0x88, 0x6D, 0x63, 0x71, 0x7B, 0x69,
    0x76, 0x69, 0x43, 0x3B, 0x4E, 0x4A, 0x48, 0x48, 0x31, 0x1C, 0x20, 0x21, 0x1F, 0x42, 0x50, 0x21,
    0x21, 0x2A, 0x21, 0x37, 0x33, 0x1D, 0x19, 0x1D, 0x16, 0x16, 0x19, 0x1D, 0x0D, 0x11, 0x11, 0x16,
    0x19, 0x11, 0x0D, 0x0D, 0x0D, 0x0D, 0x0D, 0x0D, 0x0C, 0x0D, 0x0D, 0x03, 0x01, 0x02, 0x02, 0x02,
    0x01, 0x02, 0x02, 0x04, 0x04, 0x01, 0x01, 0x01, 0x01, 0x01, 0x01, 0x02, 0x01, 0x01, 0x01, 0x01,
    0x02, 0x09, 0x17, 0x01, 0x01, 0x01, 0x01, 0x01, 0x01, 0x01, 0x04, 0x02, 0x04, 0x04, 0x02, 0x02,
    0x04, 0x02, 0x02, 0x02, 0x07, 0x07, 0x0D, 0x0D, 0x0D, 0x0D, 0x0D, 0x0D, 0x0D, 0x0D, 0x11, 0x11,
    0x19, 0x0D, 0x0D, 0x11, 0x13, 0x11, 0x11, 0x16, 0x27, 0x1C, 0x2F, 0x37, 0x1F, 0x28, 0x44, 0x3A,
    0x3E, 0x60, 0x4B, 0x31, 0x34, 0x3C, 0x39, 0x3B, 0x3A, 0x39, 0x24, 0x34, 0x47, 0x4E, 0x63, 0x48,
    0x4E, 0x6E, 0x7F, 0x67, 0x81, 0x7B, 0x84, 0x5D, 0x4C, 0x63, 0x63, 0x54, 0x6E, 0x6D, 0x82, 0x88,
    0x88, 0x88, 0x7A, 0x6D, 0xAB, 0x97, 0x80, 0x81, 0x6E, 0x7E, 0x8F, 0x8D, 0x82, 0x7A, 0x98, 0x79,
    0x68, 0x70, 0x79, 0x97, 0xC2, 0x88, 0x88, 0xC2, 0xB7, 0xA0, 0xB9, 0xB7, 0xB5, 0x91, 0x92, 0x9F,
    0xB0, 0xB9, 0xB7, 0xC2, 0xB7, 0xCD, 0xCB, 0xCD, 0xD6, 0xC2, 0xB5, 0xCD, 0xC5, 0xCE, 0xD4, 0xCD,
    0xBD, 0xC5, 0xC5, 0xCC, 0xBC, 0xCC, 0xC5, 0xC2, 0xC5, 0xCE, 0xE3, 0xDC, 0xD2, 0xCF, 0xDC, 0xDA,
    0xDC, 0xDA, 0xCF, 0xD6, 0xE3, 0xF9, 0xF1, 0xFF, 0x57, 0x62, 0x59, 0xDD, 0xF4, 0xF9, 0xF9, 0xFB,
    0x00, 0x00, 0x00, 0x00, 0x00, 0x00, 0x00, 0x00, 0x00, 0x00, 0x00, 0x00, 0x00, 0x00, 0x00, 0x00,
    0x00, 0x00, 0x00, 0x00, 0x00, 0x00, 0x00, 0x00, 0x00, 0x00, 0x00, 0x00, 0x00, 0x00, 0x00, 0x00,
    0x00, 0x00, 0x00, 0x00, 0x00, 0x00, 0x00, 0x00, 0x00, 0x00, 0x00, 0x00, 0x00, 0x00, 0x00, 0x00,
    0x00, 0x00, 0x00, 0x00, 0x00, 0x00, 0x00, 0x00, 0x00, 0x00, 0x00, 0x00, 0x00, 0x00, 0x00, 0x00,
    0x00, 0x00, 0x00, 0x00, 0x00, 0x00, 0x00, 0x00, 0x00, 0x00, 0x00, 0x00, 0x00, 0x00, 0x00, 0x00,
    0x00, 0x00, 0x00, 0x00, 0x00, 0x00, 0x00, 0x00, 0x00, 0x00, 0x00, 0x00, 0x00, 0x00, 0x00, 0x00,
    0x00, 0x00, 0x00, 0x00, 0x00, 0x00, 0x00, 0x00, 0x00, 0x00, 0x00, 0x00, 0x00, 0x00, 0x00, 0x00,
    0x00, 0x00, 0x00, 0x00, 0x00, 0x00, 0x00, 0x00, 0x00, 0x00, 0x00, 0x00, 0x00, 0x00, 0x00, 0x00,
    0x00, 0x00, 0x00, 0x00, 0x00, 0x00, 0x00, 0x00, 0x00, 0x00, 0x00, 0x00, 0x00, 0x00, 0x00, 0x00,
    0x00, 0x00, 0x00, 0x00, 0x00, 0x00, 0x00, 0x00, 0x00, 0x00, 0x00, 0x00, 0x00, 0x00, 0x00, 0x00,
    0x00, 0x00, 0x00, 0x00, 0x00, 0x00, 0x00, 0x00, 0x00, 0x00, 0x00, 0x00, 0x00, 0x00, 0x00, 0x00,
    0x00, 0x00, 0x00, 0x00, 0x00, 0x00, 0x00, 0x00, 0x00, 0x00, 0x00, 0x00, 0x00, 0x00, 0x00, 0x00,
    0xFB, 0xFB, 0xFB, 0xF8, 0xEF, 0x62, 0x62, 0x58, 0xFE, 0xE6, 0xF0, 0xF3, 0xE3, 0xD6, 0xF8, 0xF3,
    0xEB, 0xE3, 0xE3, 0xE0, 0xD6, 0xE3, 0xEB, 0xE9, 0xD4, 0xCE, 0xCC, 0xCF, 0xD6, 0xC5, 0xCF, 0xDA,
    0xE3, 0xE0, 0xD6, 0xE3, 0xD3, 0xC7, 0xCF, 0xCF, 0xCF, 0xDC, 0xE3, 0xD6, 0xC2, 0xC2, 0xC2, 0xC5,
    0xCE, 0xC2, 0xC2, 0xAD, 0xC5, 0xB9, 0xC0, 0xCF, 0xB0, 0xBA, 0xBA, 0xB7, 0xAB, 0xB2, 0xBE, 0x9E,
    0x91, 0xA2, 0xA2, 0xA9, 0x88, 0xA9, 0xA9, 0xB6, 0xB3, 0xA9, 0x9D, 0x85, 0x9E, 0x98, 0x82, 0x84,
    0x84, 0x9D, 0x85, 0x70, 0x7D, 0x85, 0xA9, 0x7E, 0xB1, 0x9D, 0x82, 0x96, 0x7D, 0x97, 0x82, 0x4E,
    0x53, 0x5D, 0x51, 0x5D, 0x88, 0x79, 0x48, 0x48, 0x3B, 0x29, 0x48, 0x52, 0x44, 0x5D, 0x41, 0x29,
    0x40, 0x22, 0x22, 0x37, 0x33, 0x2F, 0x37, 0x45, 0x42, 0x19, 0x1D, 0x16, 0x1D, 0x22, 0x1D, 0x16,
    0x1D, 0x19, 0x0D, 0x0D, 0x0D, 0x0D, 0x0D, 0x07, 0x06, 0x03, 0x02, 0x01, 0x01, 0x02, 0x06, 0x08,
    0x03, 0x02, 0x01, 0x02, 0x02, 0x02, 0x01, 0x01, 0x01, 0x01, 0x01, 0x02, 0x05, 0x05, 0x03, 0x05,
    0x05, 0x02, 0x02, 0x01, 0x01, 0x01, 0x01, 0x01, 0x01, 0x09, 0x04, 0x02, 0x02, 0x02, 0x02, 0x08,
    0x07, 0x04, 0x02, 0x01, 0x02, 0x02, 0x04, 0x07, 0x0D, 0x0D, 0x07, 0x0D, 0x07, 0x0D, 0x0D, 0x0D,
    0x0D, 0x11, 0x19, 0x11, 0x10, 0x11, 0x19, 0x37, 0x2F, 0x42, 0x50, 0x32, 0x21, 0x21, 0x5A, 0x40,
    0x44, 0x50, 0x36, 0x4C, 0x7E, 0x65, 0x3B, 0x34, 0x3A, 0x63, 0x66, 0x55, 0x7A, 0x53, 0x88, 0x4A,
    0x47, 0x72, 0x84, 0x7B, 0x6A, 0x7B, 0x7C, 0x88, 0x7F, 0x64, 0x66, 0x79, 0x81, 0x79, 0xA9, 0xB2,
    0xAB, 0x9D, 0xA9, 0x8D, 0xAB, 0xA9, 0x81, 0x88, 0xA9, 0xAD, 0xBA, 0x88, 0x81, 0x88, 0x90, 0x91,
    0x85, 0x85, 0xB6, 0xC0, 0xC5, 0x9D, 0xA2, 0xC2, 0xB7, 0x9F, 0x9F, 0xB7, 0xBE, 0xC5, 0xC5, 0xAD,
    0xAA, 0xAC, 0xB9, 0xCE, 0xCE, 0xD7, 0xCD, 0xCE, 0xCF, 0xBD, 0xCE, 0xCF, 0xCC, 0xCF, 0xC5, 0xC5,
    0xD6, 0xDC, 0xCF, 0xC5, 0xBC, 0xC5, 0xE3, 0xCE, 0xCF, 0xD6, 0xE3, 0xEB, 0xCF, 0xDC, 0xEB, 0xE3,
    0xD6, 0xE3, 0xE0, 0xE3, 0xEA, 0xF8, 0xF4, 0xFF, 0x57, 0x62, 0x59, 0xEF, 0xF4, 0xF4, 0xF5, 0xFA,
    0x00, 0x00, 0x00, 0x00, 0x00, 0x00, 0x00, 0x00, 0x00, 0x00, 0x00, 0x00, 0x00, 0x00, 0x00, 0x00,
    0x00, 0x00, 0x00, 0x00, 0x00, 0x00, 0x00, 0x00, 0x00, 0x00, 0x00, 0x00, 0x00, 0x00, 0x00, 0x00,
    0x00, 0x00, 0x00, 0x00, 0x00, 0x00, 0x00, 0x00, 0x00, 0x00, 0x00, 0x00, 0x00, 0x00, 0x00, 0x00,
    0x00, 0x00, 0x00, 0x00, 0x00, 0x00, 0x00, 0x00, 0x00, 0x00, 0x00, 0x00, 0x00, 0x00, 0x00, 0x00,
    0x00, 0x00, 0x00, 0x00, 0x00, 0x00, 0x00, 0x00, 0x00, 0x00, 0x00, 0x00, 0x00, 0x00, 0x00, 0x00,
    0x00, 0x00, 0x00, 0x00, 0x00, 0x00, 0x00, 0x00, 0x00, 0x00, 0x00, 0x00, 0x00, 0x00, 0x00, 0x00,
    0x00, 0x00, 0x00, 0x00, 0x00, 0x00, 0x00, 0x00, 0x00, 0x00, 0x00, 0x00, 0x00, 0x00, 0x00, 0x00,
    0x00, 0x00, 0x00, 0x00, 0x00, 0x00, 0x00, 0x00, 0x00, 0x00, 0x00, 0x00, 0x00, 0x00, 0x00, 0x00,
    0x00, 0x00, 0x00, 0x00, 0x00, 0x00, 0x00, 0x00, 0x00, 0x00, 0x00, 0x00, 0x00, 0x00, 0x00, 0x00,
    0x00, 0x00, 0x00, 0x00, 0x00, 0x00, 0x00, 0x00, 0x00, 0x00, 0x00, 0x00, 0x00, 0x00, 0x00, 0x00,
    0x00, 0x00, 0x00, 0x00, 0x00, 0x00, 0x00, 0x00, 0x00, 0x00, 0x00, 0x00, 0x00, 0x00, 0x00, 0x00,
    0x00, 0x00, 0x00, 0x00, 0x00, 0x00, 0x00, 0x00, 0x00, 0x00, 0x00, 0x00, 0x00, 0x00, 0x00, 0x00,
    0xFF, 0xFB, 0xF1, 0xEA, 0xEF, 0x95, 0x59, 0x58, 0xFE, 0xEF, 0xEF, 0xEF, 0xEF, 0xDB, 0xEF, 0xDD,
    0xDB, 0xE2, 0xE6, 0xE2, 0xD9, 0xE5, 0xE6, 0xDB, 0xD9, 0xD9, 0xCA, 0xD9, 0xDB, 0xCA, 0xD9, 0xD9,
    0xCA, 0xCA, 0xCA, 0xD9, 0xC8, 0xC6, 0xD9, 0xC8, 0xB4, 0xCA, 0xCA, 0xCA, 0xC8, 0xC8, 0xC8, 0xC8,
    0xC8, 0xC8, 0xB4, 0xB4, 0xC6, 0x9B, 0xA7, 0xB4, 0x9B, 0x9B, 0xA7, 0x93, 0x8B, 0x9B, 0xB4, 0x93,
    0x8B, 0x93, 0x93, 0x78, 0xA7, 0x9C, 0x9B, 0x93, 0x93, 0x6C, 0x93, 0x9B, 0x78, 0x6C, 0x78, 0x6C,
    0x61, 0x78, 0x78, 0x6C, 0x78, 0x78, 0x6C, 0x6C, 0x78, 0x78, 0x6C, 0x61, 0x61, 0x46, 0x61, 0x38,
    0x38, 0x33, 0x46, 0x46, 0x46, 0x38, 0x38, 0x22, 0x38, 0x38, 0x33, 0x33, 0x38, 0x22, 0x1D, 0x22,
    0x33, 0x19, 0x1D, 0x1D, 0x0F, 0x22, 0x33, 0x1A, 0x1A, 0x22, 0x0F, 0x0F, 0x0F, 0x0F, 0x0F, 0x0D,
    0x0F, 0x0B, 0x0B, 0x08, 0x08, 0x08, 0x04, 0x06, 0x04, 0x04, 0x04, 0x04, 0x08, 0x07, 0x02, 0x02,
    0x04, 0x04, 0x04, 0x02, 0x02, 0x05, 0x03, 0x02, 0x02, 0x02, 0x03, 0x05, 0x17, 0x09, 0x02, 0x01,
    0x01, 0x01, 0x01, 0x05, 0x05, 0x05, 0x05, 0x09, 0x0E, 0x05, 0x02, 0x02, 0x02, 0x04, 0x04, 0x03,
    0x02, 0x03, 0x0D, 0x07, 0x07, 0x08, 0x04, 0x04, 0x04, 0x06, 0x08, 0x08, 0x0B, 0x0B, 0x0B, 0x11,
    0x0B, 0x0F, 0x0F, 0x0F, 0x0F, 0x0F, 0x19, 0x19, 0x0F, 0x33, 0x33, 0x1D, 0x1D, 0x1D, 0x22, 0x1D,
    0x33, 0x22, 0x38, 0x46, 0x38, 0x1A, 0x33, 0x22, 0x33, 0x38, 0x46, 0x38, 0x46, 0x38, 0x38, 0x33,
    0x38, 0x46, 0x38, 0x46, 0x61, 0x46, 0x46, 0x6C, 0x5B, 0x30, 0x61, 0x78, 0x78, 0x78, 0x6C, 0x93,
    0x78, 0x8B, 0x78, 0x61, 0x61, 0x78, 0x6C, 0x78, 0xA7, 0x93, 0x93, 0x78, 0x78, 0x78, 0x78, 0xA6,
    0xA7, 0x93, 0xA7, 0xA7, 0x78, 0xA4, 0xA6, 0x78, 0x9B, 0xA7, 0x93, 0x9B, 0xB4, 0xB4, 0xB4, 0xB4,
    0xA7, 0x9B, 0xB4, 0xCA, 0xC8, 0xCF, 0xD5, 0xCA, 0xC7, 0xD2, 0xD9, 0xC7, 0xC6, 0xC8, 0xC8, 0xC8,
    0xC8, 0xCA, 0xCA, 0xD2, 0xD2, 0xCA, 0xDA, 0xC8, 0xD9, 0xE2, 0xD9, 0xCA, 0xD2, 0xDA, 0xD9, 0xCA,
    0xDB, 0xEF, 0xE5, 0xEF, 0xDB, 0xDB, 0xDB, 0xFF, 0x57, 0x95, 0x59, 0xF5, 0xE6, 0xDA, 0xF1, 0xFB,
    0x00, 0x00, 0x00, 0x00, 0x00, 0x00, 0x00, 0x00, 0x00, 0x00, 0x00, 0x00, 0x00, 0x00, 0x00, 0x00,
    0x00, 0x00, 0x00, 0x00, 0x00, 0x00, 0x00, 0x00, 0x00, 0x00, 0x00, 0x00, 0x00, 0x00, 0x00, 0x00,
    0x00, 0x00, 0x00, 0x00, 0x00, 0x00, 0x00, 0x00, 0x00, 0x00, 0x00, 0x00, 0x00, 0x00, 0x00, 0x00,
    0x00, 0x00, 0x00, 0x00, 0x00, 0x00, 0x00, 0x00, 0x00, 0x00, 0x00, 0x00, 0x00, 0x00, 0x00, 0x00,
    0x00, 0x00, 0x00, 0x00, 0x00, 0x00, 0x00, 0x00, 0x00, 0x00, 0x00, 0x00, 0x00, 0x00, 0x00, 0x00,
    0x00, 0x00, 0x00, 0x00, 0x00, 0x00, 0x00, 0x00, 0x00, 0x00, 0x00, 0x00, 0x00, 0x00, 0x00, 0x00,
    0x00, 0x00, 0x00, 0x00, 0x00, 0x00, 0x00, 0x00, 0x00, 0x00, 0x00, 0x00, 0x00, 0x00, 0x00, 0x00,
    0x00, 0x00, 0x00, 0x00, 0x00, 0x00, 0x00, 0x00, 0x00, 0x00, 0x00, 0x00, 0x00, 0x00, 0x00, 0x00,
    0x00, 0x00, 0x00, 0x00, 0x00, 0x00, 0x00, 0x00, 0x00, 0x00, 0x00, 0x00, 0x00, 0x00, 0x00, 0x00,
    0x00, 0x00, 0x00, 0x00, 0x00, 0x00, 0x00, 0x00, 0x00, 0x00, 0x00, 0x00, 0x00, 0x00, 0x00, 0x00,
    0x00, 0x00, 0x00, 0x00, 0x00, 0x00, 0x00, 0x00, 0x00, 0x00, 0x00, 0x00, 0x00, 0x00, 0x00, 0x00,
    0x00, 0x00, 0x00, 0x00, 0x00, 0x00, 0x00, 0x00, 0x00, 0x00, 0x00, 0x00, 0x00, 0x00, 0x00, 0x00,
    0xFB, 0xF4, 0xE6, 0xF8, 0xEF, 0x58, 0x59, 0x58, 0xFD, 0xCA, 0xCA, 0xCA, 0xDB, 0xD9, 0xCA, 0xCA,
    0xCA, 0xCA, 0xCA, 0xCA, 0xCA, 0xC8, 0xC6, 0x9C, 0xA8, 0xC6, 0x9C, 0x9C, 0x9C, 0x9C, 0x9C, 0x9C,
    0x94, 0x9C, 0x9C, 0x9B, 0x94, 0x9C, 0x9C, 0x94, 0x94, 0x94, 0x94, 0x5B, 0x94, 0x5B, 0x5B, 0x78,
    0x78, 0x6C, 0x5B, 0x5B, 0x5B, 0x78, 0x6C, 0x6C, 0x78, 0x30, 0x6C, 0x30, 0x6C, 0x46, 0x30, 0x30,
    0x30, 0x30, 0x30, 0x30, 0x46, 0x30, 0x30, 0x30, 0x30, 0x46, 0x38, 0x46, 0x1A, 0x1A, 0x1A, 0x1A,
    0x1A, 0x1A, 0x1A, 0x1A, 0x1A, 0x18, 0x1A, 0x1A, 0x1A, 0x1A, 0x1A, 0x18, 0x1A, 0x0F, 0x1A, 0x0F,
    0x1A, 0x0F, 0x0F, 0x0F, 0x0F, 0x0F, 0x0F, 0x0B, 0x0F, 0x0F, 0x0B, 0x0B, 0x0B, 0x0B, 0x0F, 0x0F,
    0x0B, 0x0B, 0x0F, 0x0B, 0x0B, 0x08, 0x08, 0x08, 0x08, 0x0B, 0x08, 0x08, 0x06, 0x04, 0x04, 0x06,
    0x06, 0x06, 0x04, 0x04, 0x04, 0x04, 0x08, 0x07, 0x04, 0x04, 0x04, 0x04, 0x04, 0x04, 0x04, 0x02,
    0x02, 0x04, 0x02, 0x02, 0x04, 0x04, 0x06, 0x05, 0x05, 0x05, 0x09, 0x0A, 0x03, 0x02, 0x02, 0x01,
    0x01, 0x02, 0x05, 0x0A, 0x09, 0x09, 0x0A, 0x0A, 0x06, 0x04, 0x02, 0x04, 0x03, 0x02, 0x02, 0x03,
    0x03, 0x04, 0x04, 0x04, 0x04, 0x04, 0x07, 0x04, 0x07, 0x04, 0x04, 0x08, 0x06, 0x06, 0x04, 0x06,
    0x06, 0x06, 0x06, 0x06, 0x08, 0x06, 0x08, 0x08, 0x06, 0x08, 0x0B, 0x08, 0x0B, 0x0B, 0x0B, 0x0B,
    0x0B, 0x0F, 0x0F, 0x0F, 0x0F, 0x0B, 0x0B, 0x0F, 0x0B, 0x0B, 0x0F, 0x0F, 0x0F, 0x0F, 0x0F, 0x0F,
    0x0F, 0x0F, 0x1A, 0x1A, 0x1A, 0x0F, 0x18, 0x0F, 0x0F, 0x0F, 0x18, 0x1A, 0x1A, 0x1A, 0x0F, 0x1A,
    0x1A, 0x38, 0x1A, 0x1A, 0x1A, 0x1A, 0x1A, 0x30, 0x38, 0x30, 0x1A, 0x38, 0x30, 0x30, 0x30, 0x30,
    0x30, 0x46, 0x30, 0x30, 0x30, 0x78, 0x6C, 0x46, 0x6C, 0x5B, 0x78, 0x30, 0x5B, 0x5B, 0x30, 0x30,
    0x5B, 0x78, 0x78, 0x5B, 0x5B, 0x94, 0x94, 0x9C, 0x94, 0xB4, 0x93, 0x9B, 0x94, 0x94, 0x9C, 0xA7,
    0x94, 0x94, 0x94, 0x9C, 0x9C, 0x94, 0x9C, 0xB4, 0x9C, 0xC6, 0x9C, 0x9C, 0xC6, 0xC6, 0xA8, 0xA8,
    0xCA, 0xCA, 0xCA, 0xA8, 0xA8, 0xA8, 0xCA, 0xFE, 0x2D, 0x62, 0x57, 0xDD, 0xF0, 0xF3, 0xFA, 0xFB,
    0x00, 0x00, 0x00, 0x00, 0x00, 0x00, 0x00, 0x00, 0x00, 0x00, 0x00, 0x00, 0x00, 0x00, 0x00, 0x00,
    0x00, 0x00, 0x00, 0x00, 0x00, 0x00, 0x00, 0x00, 0x00, 0x00, 0x00, 0x00, 0x00, 0x00, 0x00, 0x00,
    0x00, 0x00, 0x00, 0x00, 0x00, 0x00, 0x00, 0x00, 0x00, 0x00, 0x00, 0x00, 0x00, 0x00, 0x00, 0x00,
    0x00, 0x00, 0x00, 0x00, 0x00, 0x00, 0x00, 0x00, 0x00, 0x00, 0x00, 0x00, 0x00, 0x00, 0x00, 0x00,
    0x00, 0x00, 0x00, 0x00, 0x00, 0x00, 0x00, 0x00, 0x00, 0x00, 0x00, 0x00, 0x00, 0x00, 0x00, 0x00,
    0x00, 0x00, 0x00, 0x00, 0x00, 0x00, 0x00, 0x00, 0x00, 0x00, 0x00, 0x00, 0x00, 0x00, 0x00, 0x00,
    0x00, 0x00, 0x00, 0x00, 0x00, 0x00, 0x00, 0x00, 0x00, 0x00, 0x00, 0x00, 0x00, 0x00, 0x00, 0x00,
    0x00, 0x00, 0x00, 0x00, 0x00, 0x00, 0x00, 0x00, 0x00, 0x00, 0x00, 0x00, 0x00, 0x00, 0x00, 0x00,
    0x00, 0x00, 0x00, 0x00, 0x00, 0x00, 0x00, 0x00, 0x00, 0x00, 0x00, 0x00, 0x00, 0x00, 0x00, 0x00,
    0x00, 0x00, 0x00, 0x00, 0x00, 0x00, 0x00, 0x00, 0x00, 0x00, 0x00, 0x00, 0x00, 0x00, 0x00, 0x00,
    0x00, 0x00, 0x00, 0x00, 0x00, 0x00, 0x00, 0x00, 0x00, 0x00, 0x00, 0x00, 0x00, 0x00, 0x00, 0x00,
    0x00, 0x00, 0x00, 0x00, 0x00, 0x00, 0x00, 0x00, 0x00, 0x00, 0x00, 0x00, 0x00, 0x00, 0x00, 0x00,
    0xF9, 0xEF, 0xDA, 0xEA, 0xE6, 0x58, 0x95, 0x59, 0xFE, 0xDD, 0xDC, 0xE6, 0xF0, 0xF0, 0xF0, 0xF3,
    0xE3, 0xE9, 0xE3, 0xE9, 0xEB, 0xE3, 0xE9, 0xDA, 0xEB, 0xE9, 0xD6, 0xD3, 0xCE, 0xCE, 0xCE, 0xCF,
    0xCF, 0xD4, 0xDA, 0xCD, 0xD0, 0xD6, 0xD7, 0xD0, 0xD6, 0xD4, 0xC5, 0xCE, 0xCC, 0xC5, 0xC5, 0xC2,
    0xB5, 0xB7, 0xCD, 0xBA, 0xB9, 0xC5, 0xC2, 0xC2, 0xCD, 0xB7, 0xCB, 0xD0, 0xCB, 0xB6, 0x9F, 0xCB,
    0xB6, 0xB7, 0xB6, 0xA9, 0x91, 0xA9, 0xA2, 0x9D, 0xA2, 0x9D, 0x88, 0x91, 0xC0, 0x9E, 0x84, 0xB6,
    0xAB, 0x7E, 0x81, 0x88, 0x96, 0xA9, 0x8F, 0x60, 0x72, 0xA9, 0x81, 0x7D, 0x81, 0x81, 0x7A, 0x6D,
    0x91, 0x83, 0x9D, 0x88, 0x53, 0x82, 0x7A, 0x6D, 0x6D, 0x47, 0x3C, 0x26, 0x32, 0x43, 0x4C, 0x37,
    0x42, 0x42, 0x4F, 0x38, 0x22, 0x22, 0x1D, 0x11, 0x11, 0x1D, 0x1D, 0x19, 0x11, 0x11, 0x11, 0x11,
    0x0D, 0x11, 0x0D, 0x0D, 0x0D, 0x0D, 0x08, 0x07, 0x08, 0x07, 0x04, 0x07, 0x04, 0x04, 0x04, 0x04,
    0x02, 0x04, 0x02, 0x02, 0x02, 0x02, 0x04, 0x04, 0x04, 0x04, 0x04, 0x04, 0x03, 0x02, 0x04, 0x02,
    0x03, 0x04, 0x04, 0x04, 0x06, 0x06, 0x04, 0x04, 0x04, 0x04, 0x02, 0x02, 0x04, 0x04, 0x04, 0x02,
    0x04, 0x04, 0x04, 0x07, 0x07, 0x04, 0x07, 0x0D, 0x07, 0x0D, 0x0D, 0x0D, 0x11, 0x11, 0x0D, 0x0B,
    0x19, 0x19, 0x0D, 0x0D, 0x11, 0x19, 0x19, 0x11, 0x11, 0x19, 0x47, 0x22, 0x19, 0x41, 0x38, 0x38,
    0x33, 0x45, 0x50, 0x60, 0x5C, 0x49, 0x84, 0x6E, 0x55, 0x64, 0x4E, 0x4A, 0x4E, 0x4E, 0x63, 0x7A,
    0x64, 0x6D, 0x6F, 0x84, 0x7C, 0x84, 0xA9, 0x7B, 0x4F, 0x7B, 0x7B, 0x6F, 0x88, 0x81, 0x63, 0x88,
    0xA9, 0x82, 0x88, 0xA9, 0x88, 0xB6, 0xA9, 0xA9, 0xA9, 0xA9, 0x82, 0x9D, 0xC0, 0xB1, 0xA9, 0xB6,
    0xA9, 0x88, 0xB6, 0xC0, 0xB6, 0xB6, 0xA9, 0xA9, 0xB6, 0xD7, 0xCD, 0xB6, 0xD0, 0xE0, 0xBA, 0x9F,
    0xB8, 0xC0, 0xC2, 0xC5, 0xC2, 0xB9, 0xCE, 0xCE, 0xCE, 0xC5, 0xCB, 0xC2, 0xCD, 0xD0, 0xD6, 0xDF,
    0xE0, 0xCE, 0xD4, 0xDC, 0xD6, 0xD6, 0xD6, 0xCF, 0xDC, 0xD6, 0xDA, 0xDC, 0xE9, 0xD6, 0xCF, 0xE3,
    0xE3, 0xE3, 0xE9, 0xE9, 0xDA, 0xE9, 0xE3, 0xFD, 0x57, 0x62, 0x58, 0xDD, 0xE6, 0xF0, 0xFA, 0xFB,
    0x00, 0x00, 0x00, 0x00, 0x00, 0x00, 0x00, 0x00, 0x00, 0x00, 0x00, 0x00, 0x00, 0x00, 0x00, 0x00,
    0x00, 0x00, 0x00, 0x00, 0x00, 0x00, 0x00, 0x00, 0x00, 0x00, 0x00, 0x00, 0x00, 0x00, 0x00, 0x00,
    0x00, 0x00, 0x00, 0x00, 0x00, 0x00, 0x00, 0x00, 0x00, 0x00, 0x00, 0x00, 0x00, 0x00, 0x00, 0x00,
    0x00, 0x00, 0x00, 0x00, 0x00, 0x00, 0x00, 0x00, 0x00, 0x00, 0x00, 0x00, 0x00, 0x00, 0x00, 0x00,
    0x00, 0x00, 0x00, 0x00, 0x00, 0x00, 0x00, 0x00, 0x00, 0x00, 0x00, 0x00, 0x00, 0x00, 0x00, 0x00,
    0x00, 0x00, 0x00, 0x00, 0x00, 0x00, 0x00, 0x00, 0x00, 0x00, 0x00, 0x00, 0x00, 0x00, 0x00, 0x00,
    0x00, 0x00, 0x00, 0x00, 0x00, 0x00, 0x00, 0x00, 0x00, 0x00, 0x00, 0x00, 0x00, 0x00, 0x00, 0x00,
    0x00, 0x00, 0x00, 0x00, 0x00, 0x00, 0x00, 0x00, 0x00, 0x00, 0x00, 0x00, 0x00, 0x00, 0x00, 0x00,
    0x00, 0x00, 0x00, 0x00, 0x00, 0x00, 0x00, 0x00, 0x00, 0x00, 0x00, 0x00, 0x00, 0x00, 0x00, 0x00,
    0x00, 0x00, 0x00, 0x00, 0x00, 0x00, 0x00, 0x00, 0x00, 0x00, 0x00, 0x00, 0x00, 0x00, 0x00, 0x00,
    0x00, 0x00, 0x00, 0x00, 0x00, 0x00, 0x00, 0x00, 0x00, 0x00, 0x00, 0x00, 0x00, 0x00, 0x00, 0x00,
    0x00, 0x00, 0x00, 0x00, 0x00, 0x00, 0x00, 0x00, 0x00, 0x00, 0x00, 0x00, 0x00, 0x00, 0x00, 0x00,
    0xEF, 0xF0, 0xF9, 0xF9, 0xF1, 0x59, 0x95, 0x59, 0xFF, 0xEF, 0xF4, 0xF1, 0xF1, 0xDB, 0xF0, 0xF4,
    0xF3, 0xE9, 0xEB, 0xDA, 0xE3, 0xEB, 0xDA, 0xE3, 0xDA, 0xDA, 0xD3, 0xCF, 0xDA, 0xC8, 0xD2, 0xD4,
    0xCF, 0xC5, 0xCF, 0xDA, 0xDC, 0xCF, 0xCF, 0xCF, 0xC5, 0xC7, 0xD2, 0xD6, 0xCE, 0xC4, 0xC3, 0xC5,
    0xCF, 0xD2, 0xC9, 0xC5, 0xC4, 0xC4, 0xC9, 0xC2, 0xC0, 0xC2, 0xC2, 0xC0, 0xAD, 0xAD, 0xB9, 0xAD,
    0x9A, 0x9A, 0xA1, 0xB3, 0x98, 0x9F, 0x90, 0x9E, 0x90, 0x85, 0x97, 0xAD, 0x9A, 0x8E, 0x8C, 0x80,
    0x8E, 0xA4, 0xAD, 0x9A, 0x8E, 0x8D, 0x8D, 0xA4, 0xA0, 0x89, 0x61, 0x77, 0x75, 0x75, 0x7F, 0x72,
    0x71, 0x84, 0x6F, 0x52, 0x6B, 0x52, 0x50, 0x52, 0x60, 0x5A, 0x32, 0x2A, 0x26, 0x41, 0x2A, 0x33,
    0x50, 0x33, 0x2F, 0x1D, 0x19, 0x11, 0x19, 0x19, 0x1D, 0x19, 0x0F, 0x19, 0x19, 0x1D, 0x11, 0x11,
    0x0D, 0x0D, 0x0D, 0x0D, 0x0D, 0x08, 0x08, 0x07, 0x07, 0x07, 0x07, 0x07, 0x07, 0x04, 0x07, 0x04,
    0x04, 0x04, 0x04, 0x02, 0x02, 0x02, 0x02, 0x02, 0x02, 0x02, 0x02, 0x02, 0x02, 0x02, 0x02, 0x02,
    0x02, 0x02, 0x02, 0x02, 0x04, 0x04, 0x02, 0x02, 0x02, 0x02, 0x04, 0x04, 0x04, 0x04, 0x04, 0x04,
    0x04, 0x07, 0x07, 0x07, 0x07, 0x07, 0x07, 0x07, 0x08, 0x0D, 0x0D, 0x0D, 0x0B, 0x08, 0x0B, 0x08,
    0x0D, 0x0F, 0x0F, 0x11, 0x11, 0x11, 0x11, 0x19, 0x1A, 0x22, 0x1D, 0x19, 0x22, 0x22, 0x2F, 0x33,
    0x45, 0x42, 0x45, 0x45, 0x40, 0x5A, 0x42, 0x4B, 0x52, 0x56, 0x6B, 0x43, 0x50, 0x51, 0x4D, 0x40,
    0x69, 0x7C, 0x76, 0x61, 0x61, 0x69, 0x61, 0x80, 0x92, 0x78, 0x61, 0x6B, 0x76, 0x80, 0x9A, 0x9F,
    0x8D, 0x8D, 0x98, 0x8D, 0x80, 0x8E, 0x97, 0x97, 0x9A, 0x9E, 0x98, 0x97, 0x87, 0x97, 0x8E, 0xA4,
    0xB9, 0x9F, 0x8D, 0x98, 0xAF, 0x90, 0x97, 0xB3, 0xB7, 0xB9, 0xB2, 0xB3, 0xAD, 0xB9, 0xC4, 0xBC,
    0xB9, 0xBC, 0xB9, 0xCE, 0xCE, 0xCF, 0xC7, 0xBC, 0xC4, 0xCE, 0xCF, 0xC5, 0xCF, 0xCE, 0xD4, 0xD6,
    0xCF, 0xDA, 0xCF, 0xC7, 0xC7, 0xD2, 0xDA, 0xD3, 0xD2, 0xDA, 0xD6, 0xD2, 0xCF, 0xD6, 0xDA, 0xDF,
    0xE3, 0xE7, 0xD6, 0xDA, 0xE6, 0xF4, 0xE6, 0xFE, 0x57, 0x62, 0x57, 0xF1, 0xF0, 0xE3, 0xF3, 0xFB,
    0x00, 0x00, 0x00, 0x00, 0x00, 0x00, 0x00, 0x00, 0x00, 0x00, 0x00, 0x00, 0x00, 0x00, 0x00, 0x00,
    0x00, 0x00, 0x00, 0x00, 0x00, 0x00, 0x00, 0x00, 0x00, 0x00, 0x00, 0x00, 0x00, 0x00, 0x00, 0x00,
    0x00, 0x00, 0x00, 0x00, 0x00, 0x00, 0x00, 0x00, 0x00, 0x00, 0x00, 0x00, 0x00, 0x00, 0x00, 0x00,
    0x00, 0x00, 0x00, 0x00, 0x00, 0x00, 0x00, 0x00, 0x00, 0x00, 0x00, 0x00, 0x00, 0x00, 0x00, 0x00,
    0x00, 0x00, 0x00, 0x00, 0x00, 0x00, 0x00, 0x00, 0x00, 0x00, 0x00, 0x00, 0x00, 0x00, 0x00, 0x00,
    0x00, 0x00, 0x00, 0x00, 0x00, 0x00, 0x00, 0x00, 0x00, 0x00, 0x00, 0x00, 0x00, 0x00, 0x00, 0x00,
    0x00, 0x00, 0x00, 0x00, 0x00, 0x00, 0x00, 0x00, 0x00, 0x00, 0x00, 0x00, 0x00, 0x00, 0x00, 0x00,
    0x00, 0x00, 0x00, 0x00, 0x00, 0x00, 0x00, 0x00, 0x00, 0x00, 0x00, 0x00, 0x00, 0x00, 0x00, 0x00,
    0x00, 0x00, 0x00, 0x00, 0x00, 0x00, 0x00, 0x00, 0x00, 0x00, 0x00, 0x00, 0x00, 0x00, 0x00, 0x00,
    0x00, 0x00, 0x00, 0x00, 0x00, 0x00, 0x00, 0x00, 0x00, 0x00, 0x00, 0x00, 0x00, 0x00, 0x00, 0x00,
    0x00, 0x00, 0x00, 0x00, 0x00, 0x00, 0x00, 0x00, 0x00, 0x00, 0x00, 0x00, 0x00, 0x00, 0x00, 0x00,
    0x00, 0x00, 0x00, 0x00, 0x00, 0x00, 0x00, 0x00, 0x00, 0x00, 0x00, 0x00, 0x00, 0x00, 0x00, 0x00,
    0xF8, 0xF8, 0xF9, 0xF8, 0xF2, 0x57, 0x62, 0x57, 0xFE, 0xEF, 0xF4, 0xF4, 0xEF, 0xF0, 0xF0, 0xF0,
    0xF0, 0xEB, 0xEB, 0xE3, 0xDA, 0xD2, 0xCF, 0xE0, 0xE3, 0xE0, 0xE3, 0xD5, 0xD5, 0xD2, 0xE3, 0xD6,
    0xCE, 0xCE, 0xCF, 0xDC, 0xD6, 0xCE, 0xCF, 0xCF, 0xC7, 0xD2, 0xDA, 0xDC, 0xD6, 0xD6, 0xC5, 0xBC,
    0xCF, 0xC5, 0xC2, 0xB9, 0xC9, 0xCE, 0xCE, 0xC5, 0xC0, 0xC0, 0xC5, 0xB5, 0x9A, 0xAD, 0xC3, 0xAD,
    0xB7, 0xAD, 0xA9, 0xA9, 0xB7, 0xB9, 0x92, 0x97, 0xA3, 0xA9, 0xAD, 0xAB, 0x8D, 0x8D, 0x98, 0xA3,
    0xA9, 0xAF, 0xB5, 0xB7, 0x8F, 0x97, 0xAB, 0xA4, 0x9B, 0x6B, 0x5A, 0x7F, 0x92, 0x82, 0x85, 0x90,
    0x7B, 0x5E, 0x4B, 0x5E, 0x84, 0x67, 0x75, 0x6B, 0x51, 0x56, 0x56, 0x4F, 0x2A, 0x22, 0x41, 0x49,
    0x45, 0x41, 0x22, 0x1D, 0x22, 0x1D, 0x22, 0x33, 0x42, 0x22, 0x1D, 0x19, 0x1D, 0x19, 0x11, 0x0D,
    0x0D, 0x0D, 0x0D, 0x0D, 0x0D, 0x07, 0x07, 0x04, 0x07, 0x07, 0x08, 0x07, 0x08, 0x07, 0x04, 0x07,
    0x07, 0x04, 0x02, 0x02, 0x04, 0x04, 0x04, 0x02, 0x02, 0x02, 0x02, 0x03, 0x03, 0x02, 0x02, 0x02,
    0x02, 0x02, 0x02, 0x02, 0x02, 0x02, 0x04, 0x02, 0x04, 0x04, 0x04, 0x04, 0x04, 0x04, 0x04, 0x07,
    0x07, 0x07, 0x07, 0x07, 0x07, 0x0D, 0x0D, 0x07, 0x07, 0x0D, 0x0D, 0x0D, 0x0D, 0x07, 0x0D, 0x0D,
    0x0D, 0x19, 0x22, 0x22, 0x1D, 0x11, 0x19, 0x37, 0x33, 0x22, 0x11, 0x11, 0x2F, 0x33, 0x37, 0x3C,
    0x49, 0x44, 0x37, 0x28, 0x4C, 0x67, 0x5C, 0x7B, 0x7C, 0x52, 0x60, 0x76, 0x6B, 0x6B, 0x51, 0x51,
    0x76, 0x90, 0x84, 0x69, 0x69, 0x8A, 0x7B, 0x9F, 0x9F, 0x98, 0x8B, 0x7C, 0x80, 0x9F, 0xAD, 0xA4,
    0x7F, 0x80, 0x98, 0x90, 0x97, 0xA2, 0xB6, 0x9E, 0x7B, 0x75, 0x90, 0x9D, 0xA2, 0xB2, 0xAF, 0x9F,
    0xA9, 0xBD, 0xAF, 0x92, 0x9A, 0xAB, 0xB7, 0xC1, 0xB7, 0xAB, 0xB6, 0xB9, 0xAD, 0xAD, 0xC9, 0xCE,
    0xC9, 0xC5, 0xB9, 0xC2, 0xC5, 0xC7, 0xC7, 0xB7, 0xC2, 0xCF, 0xCF, 0xCF, 0xD6, 0xD6, 0xCE, 0xC5,
    0xC4, 0xD6, 0xD4, 0xD6, 0xDC, 0xCF, 0xD6, 0xE3, 0xDA, 0xCF, 0xD6, 0xD6, 0xCF, 0xE3, 0xE4, 0xDA,
    0xE0, 0xE3, 0xE6, 0xF0, 0xF8, 0xF4, 0xF1, 0xFF, 0x57, 0x95, 0x59, 0xF1, 0xF8, 0xEB, 0xE3, 0xFB,
    0x00, 0x00, 0x00, 0x00, 0x00, 0x00, 0x00, 0x00, 0x00, 0x00, 0x00, 0x00, 0x00, 0x00, 0x00, 0x00,
    0x00, 0x00, 0x00, 0x00, 0x00, 0x00, 0x00, 0x00, 0x00, 0x00, 0x00, 0x00, 0x00, 0x00, 0x00, 0x00,
    0x00, 0x00, 0x00, 0x00, 0x00, 0x00, 0x00, 0x00, 0x00, 0x00, 0x00, 0x00, 0x00, 0x00, 0x00, 0x00,
    0x00, 0x00, 0x00, 0x00, 0x00, 0x00, 0x00, 0x00, 0x00, 0x00, 0x00, 0x00, 0x00, 0x00, 0x00, 0x00,
    0x00, 0x00, 0x00, 0x00, 0x00, 0x00, 0x00, 0x00, 0x00, 0x00, 0x00, 0x00, 0x00, 0x00, 0x00, 0x00,
    0x00, 0x00, 0x00, 0x00, 0x00, 0x00, 0x00, 0x00, 0x00, 0x00, 0x00, 0x00, 0x00, 0x00, 0x00, 0x00,
    0x00, 0x00, 0x00, 0x00, 0x00, 0x00, 0x00, 0x00, 0x00, 0x00, 0x00, 0x00, 0x00, 0x00, 0x00, 0x00,
    0x00, 0x00, 0x00, 0x00, 0x00, 0x00, 0x00, 0x00, 0x00, 0x00, 0x00, 0x00, 0x00, 0x00, 0x00, 0x00,
    0x00, 0x00, 0x00, 0x00, 0x00, 0x00, 0x00, 0x00, 0x00, 0x00, 0x00, 0x00, 0x00, 0x00, 0x00, 0x00,
    0x00, 0x00, 0x00, 0x00, 0x00, 0x00, 0x00, 0x00, 0x00, 0x00, 0x00, 0x00, 0x00, 0x00, 0x00, 0x00,
    0x00, 0x00, 0x00, 0x00, 0x00, 0x00, 0x00, 0x00, 0x00, 0x00, 0x00, 0x00, 0x00, 0x00, 0x00, 0x00,
    0x00, 0x00, 0x00, 0x00, 0x00, 0x00, 0x00, 0x00, 0x00, 0x00, 0x00, 0x00, 0x00, 0x00, 0x00, 0x00,
    0xFB, 0xF9, 0xF8, 0xF8, 0xDB, 0x58, 0x59, 0x57, 0xFE, 0xE6, 0xE3, 0xE0, 0xDA, 0xE6, 0xF0, 0xE6,
    0xEA, 0xEB, 0xE9, 0xE7, 0xCF, 0xCF, 0xCE, 0xE0, 0xE3, 0xE9, 0xDC, 0xDF, 0xCF, 0xD2, 0xD3, 0xCE,
    0xC5, 0xD2, 0xD6, 0xD3, 0xCF, 0xCE, 0xCF, 0xCD, 0xCF, 0xCF, 0xC5, 0xD4, 0xDA, 0xC5, 0xCC, 0xCF,
    0xCF, 0xC5, 0xB9, 0xB2, 0xC5, 0xCF, 0xC7, 0xC5, 0xCD, 0xB9, 0xB7, 0xA1, 0xA0, 0xA3, 0xB6, 0xB7,
    0xAD, 0xB9, 0xA9, 0x96, 0xAB, 0xAD, 0x92, 0x97, 0xA3, 0xB2, 0xA9, 0xA2, 0x96, 0x97, 0x96, 0xA3,
    0x9E, 0xB2, 0xAD, 0x9D, 0x9E, 0xA3, 0xA2, 0x8F, 0x87, 0x7E, 0x75, 0x8E, 0x8A, 0x8D, 0x75, 0x8D,
    0x74, 0x47, 0x4A, 0x4E, 0x8D, 0x6F, 0x7B, 0x5E, 0x52, 0x43, 0x56, 0x33, 0x1D, 0x1D, 0x44, 0x32,
    0x37, 0x2A, 0x26, 0x2F, 0x37, 0x2F, 0x1D, 0x1D, 0x37, 0x22, 0x1D, 0x22, 0x1D, 0x11, 0x0D, 0x0D,
    0x0D, 0x11, 0x11, 0x0D, 0x0D, 0x0D, 0x0D, 0x07, 0x07, 0x07, 0x07, 0x0D, 0x07, 0x07, 0x07, 0x04,
    0x04, 0x04, 0x04, 0x04, 0x04, 0x04, 0x04, 0x04, 0x04, 0x02, 0x02, 0x04, 0x04, 0x04, 0x02, 0x02,
    0x02, 0x02, 0x02, 0x02, 0x02, 0x02, 0x04, 0x04, 0x04, 0x04, 0x04, 0x04, 0x04, 0x04, 0x04, 0x07,
    0x07, 0x0D, 0x07, 0x07, 0x07, 0x07, 0x0D, 0x07, 0x07, 0x0D, 0x0D, 0x0D, 0x0D, 0x0D, 0x11, 0x11,
    0x11, 0x11, 0x26, 0x2A, 0x19, 0x1D, 0x2F, 0x1D, 0x2F, 0x25, 0x19, 0x26, 0x42, 0x2F, 0x42, 0x2F,
    0x33, 0x38, 0x22, 0x31, 0x3D, 0x66, 0x6E, 0x72, 0x67, 0x5E, 0x52, 0x74, 0x6B, 0x5E, 0x56, 0x6B,
    0x60, 0x7B, 0x6A, 0x6F, 0x7B, 0x7E, 0x87, 0x80, 0xAD, 0x92, 0x7E, 0x8A, 0x92, 0x9F, 0x9D, 0x82,
    0x67, 0x8D, 0x9F, 0x9E, 0x98, 0x88, 0xA9, 0x8F, 0x72, 0x6B, 0x7F, 0x9D, 0xB2, 0xAD, 0xB0, 0x92,
    0x9E, 0xAD, 0xB7, 0x8B, 0x92, 0xBC, 0xB9, 0xB9, 0xAF, 0xAD, 0xB7, 0xB9, 0xB9, 0xC5, 0xCD, 0xCE,
    0xC2, 0xBD, 0xCF, 0xC2, 0xCC, 0xC2, 0xB9, 0xB9, 0xD4, 0xD6, 0xCE, 0xD2, 0xC9, 0xD6, 0xC5, 0xC5,
    0xBC, 0xCF, 0xD6, 0xE0, 0xDA, 0xD6, 0xCF, 0xDA, 0xE3, 0xCC, 0xD2, 0xDA, 0xDA, 0xDF, 0xDA, 0xCF,
    0xD6, 0xEB, 0xF1, 0xF1, 0xEA, 0xE9, 0xF0, 0xFF, 0x2D, 0x59, 0x57, 0xF0, 0xE1, 0xEB, 0xF3, 0xFA,
    0x00, 0x00, 0x00, 0x00, 0x00, 0x00, 0x00, 0x00, 0x00, 0x00, 0x00, 0x00, 0x00, 0x00, 0x00, 0x00,
    0x00, 0x00, 0x00, 0x00, 0x00, 0x00, 0x00, 0x00, 0x00, 0x00, 0x00, 0x00, 0x00, 0x00, 0x00, 0x00,
    0x00, 0x00, 0x00, 0x00, 0x00, 0x00, 0x00, 0x00, 0x00, 0x00, 0x00, 0x00, 0x00, 0x00, 0x00, 0x00,
    0x00, 0x00, 0x00, 0x00, 0x00, 0x00, 0x00, 0x00, 0x00, 0x00, 0x00, 0x00, 0x00, 0x00, 0x00, 0x00,
    0x00, 0x00, 0x00, 0x00, 0x00, 0x00, 0x00, 0x00, 0x00, 0x00, 0x00, 0x00, 0x00, 0x00, 0x00, 0x00,
    0x00, 0x00, 0x00, 0x00, 0x00, 0x00, 0x00, 0x00, 0x00, 0x00, 0x00, 0x00, 0x00, 0x00, 0x00, 0x00,
    0x00, 0x00, 0x00, 0x00, 0x00, 0x00, 0x00, 0x00, 0x00, 0x00, 0x00, 0x00, 0x00, 0x00, 0x00, 0x00,
    0x00, 0x00, 0x00, 0x00, 0x00, 0x00, 0x00, 0x00, 0x00, 0x00, 0x00, 0x00, 0x00, 0x00, 0x00, 0x00,
    0x00, 0x00, 0x00, 0x00, 0x00, 0x00, 0x00, 0x00, 0x00, 0x00, 0x00, 0x00, 0x00, 0x00, 0x00, 0x00,
    0x00, 0x00, 0x00, 0x00, 0x00, 0x00, 0x00, 0x00, 0x00, 0x00, 0x00, 0x00, 0x00, 0x00, 0x00, 0x00,
    0x00, 0x00, 0x00, 0x00, 0x00, 0x00, 0x00, 0x00, 0x00, 0x00, 0x00, 0x00, 0x00, 0x00, 0x00, 0x00,
    0x00, 0x00, 0x00, 0x00, 0x00, 0x00, 0x00, 0x00, 0x00, 0x00, 0x00, 0x00, 0x00, 0x00, 0x00, 0x00,
    0xFB, 0xF4, 0xF0, 0xEA, 0xDB, 0x59, 0x62, 0x57, 0xFE, 0xEF, 0xE3, 0xE4, 0xF4, 0xF3, 0xEF, 0xE6,
    0xE6, 0xE3, 0xDC, 0xD6, 0xDF, 0xD6, 0xC7, 0xD2, 0xCF, 0xD6, 0xDA, 0xD6, 0xCE, 0xC7, 0xCF, 0xC2,
    0xC2, 0xC2, 0xCE, 0xCE, 0xCE, 0xDA, 0xCE, 0xCE, 0xCF, 0xC7, 0xC5, 0xCE, 0xC7, 0xCF, 0xCC, 0xC2,
    0xBC, 0xC5, 0xC9, 0xCF, 0xC5, 0xC5, 0xCD, 0xC5, 0xB9, 0xB7, 0xA3, 0xC0, 0xBE, 0x9E, 0xA9, 0xB1,
    0xA3, 0x92, 0x97, 0x87, 0x82, 0xA3, 0xB2, 0x87, 0x76, 0x97, 0x97, 0x96, 0x97, 0x96, 0x9F, 0xAB,
    0x87, 0x8F, 0x9F, 0xA3, 0x98, 0x9F, 0x7F, 0x84, 0x97, 0xAD, 0x84, 0x7C, 0x7C, 0x80, 0x6B, 0x60,
    0x52, 0x66, 0x63, 0x4A, 0x64, 0x47, 0x4B, 0x4B, 0x3C, 0x28, 0x35, 0x48, 0x39, 0x25, 0x21, 0x35,
    0x25, 0x37, 0x3E, 0x27, 0x40, 0x2F, 0x1D, 0x19, 0x22, 0x33, 0x22, 0x19, 0x11, 0x11, 0x11, 0x11,
    0x0D, 0x11, 0x11, 0x11, 0x08, 0x07, 0x07, 0x07, 0x0D, 0x07, 0x07, 0x0D, 0x07, 0x07, 0x07, 0x07,
    0x04, 0x07, 0x07, 0x04, 0x04, 0x04, 0x04, 0x04, 0x04, 0x04, 0x04, 0x04, 0x02, 0x04, 0x04, 0x04,
    0x02, 0x02, 0x04, 0x02, 0x04, 0x04, 0x04, 0x04, 0x04, 0x04, 0x04, 0x04, 0x04, 0x07, 0x04, 0x07,
    0x07, 0x07, 0x07, 0x07, 0x07, 0x07, 0x0D, 0x0D, 0x0D, 0x0D, 0x0D, 0x0D, 0x0D, 0x0D, 0x11, 0x19,
    0x1D, 0x19, 0x19, 0x1D, 0x1D, 0x2F, 0x22, 0x1D, 0x22, 0x33, 0x5A, 0x37, 0x41, 0x37, 0x44, 0x2F,
    0x22, 0x26, 0x42, 0x3B, 0x29, 0x49, 0x3C, 0x52, 0x54, 0x40, 0x3C, 0x4B, 0x60, 0x60, 0x4B, 0x49,
    0x75, 0x6D, 0x7A, 0x7B, 0x7D, 0x9D, 0x97, 0x7B, 0x84, 0x90, 0x8D, 0x8A, 0x7C, 0x82, 0x97, 0x9E,
    0xA3, 0x8D, 0x90, 0x8A, 0x9A, 0x7E, 0x72, 0x75, 0x87, 0x81, 0x7D, 0x96, 0x7F, 0x92, 0x92, 0x84,
    0x87, 0x88, 0xA3, 0xB6, 0xAD, 0x9A, 0x9F, 0xAD, 0xAD, 0xBF, 0xB7, 0xB7, 0xC5, 0xB7, 0xB9, 0xC5,
    0xC5, 0xC5, 0xC7, 0xC5, 0xC2, 0xC5, 0xCF, 0xD6, 0xCE, 0xCE, 0xCF, 0xD2, 0xCE, 0xC5, 0xC5, 0xCE,
    0xC5, 0xC4, 0xC5, 0xCE, 0xD6, 0xD3, 0xC5, 0xCE, 0xD6, 0xD6, 0xD6, 0xC8, 0xD5, 0xCF, 0xD5, 0xE3,
    0xE0, 0xF3, 0xF0, 0xEF, 0xE6, 0xD4, 0xE6, 0xFF, 0x2D, 0x59, 0x57, 0xF1, 0xF0, 0xEA, 0xFA, 0xFB,
    0x00, 0x00, 0x00, 0x00, 0x00, 0x00, 0x00, 0x00, 0x00, 0x00, 0x00, 0x00, 0x00, 0x00, 0x00, 0x00,
    0x00, 0x00, 0x00, 0x00, 0x00, 0x00, 0x00, 0x00, 0x00, 0x00, 0x00, 0x00, 0x00, 0x00, 0x00, 0x00,
    0x00, 0x00, 0x00, 0x00, 0x00, 0x00, 0x00, 0x00, 0x00, 0x00, 0x00, 0x00, 0x00, 0x00, 0x00, 0x00,
    0x00, 0x00, 0x00, 0x00, 0x00, 0x00, 0x00, 0x00, 0x00, 0x00, 0x00, 0x00, 0x00, 0x00, 0x00, 0x00,
    0x00, 0x00, 0x00, 0x00, 0x00, 0x00, 0x00, 0x00, 0x00, 0x00, 0x00, 0x00, 0x00, 0x00, 0x00, 0x00,
    0x00, 0x00, 0x00, 0x00, 0x00, 0x00, 0x00, 0x00, 0x00, 0x00, 0x00, 0x00, 0x00, 0x00, 0x00, 0x00,
    0x00, 0x00, 0x00, 0x00, 0x00, 0x00, 0x00, 0x00, 0x00, 0x00, 0x00, 0x00, 0x00, 0x00, 0x00, 0x00,
    0x00, 0x00, 0x00, 0x00, 0x00, 0x00, 0x00, 0x00, 0x00, 0x00, 0x00, 0x00, 0x00, 0x00, 0x00, 0x00,
    0x00, 0x00, 0x00, 0x00, 0x00, 0x00, 0x00, 0x00, 0x00, 0x00, 0x00, 0x00, 0x00, 0x00, 0x00, 0x00,
    0x00, 0x00, 0x00, 0x00, 0x00, 0x00, 0x00, 0x00, 0x00, 0x00, 0x00, 0x00, 0x00, 0x00, 0x00, 0x00,
    0x00, 0x00, 0x00, 0x00, 0x00, 0x00, 0x00, 0x00, 0x00, 0x00, 0x00, 0x00, 0x00, 0x00, 0x00, 0x00,
    0x00, 0x00, 0x00, 0x00, 0x00, 0x00, 0x00, 0x00, 0x00, 0x00, 0x00, 0x00, 0x00, 0x00, 0x00, 0x00,
    0xFF, 0xF9, 0xE6, 0xE9, 0xDB, 0x59, 0x58, 0x57, 0xFE, 0xDA, 0xDE, 0xEB, 0xF4, 0xF3, 0xDA, 0xDB,
    0xEF, 0xEA, 0xDA, 0xD6, 0xD6, 0xE0, 0xDA, 0xDA, 0xD6, 0xCF, 0xAE, 0xC5, 0xCF, 0xCF, 0xCF, 0xB9,
    0xC5, 0xC5, 0xB9, 0xD5, 0xD6, 0xD4, 0xD6, 0xD2, 0xC7, 0xCF, 0xC8, 0xC7, 0xBC, 0xC9, 0xCE, 0xBD,
    0xC5, 0xCE, 0xC2, 0xC2, 0xB0, 0xB7, 0xC5, 0xC2, 0xB7, 0x92, 0xAD, 0xBE, 0xB1, 0xA2, 0xBF, 0xB1,
    0x8D, 0x5A, 0x7F, 0x97, 0x9D, 0xA9, 0x87, 0x72, 0x80, 0x80, 0xB1, 0xA9, 0xA9, 0xA3, 0xAB, 0x9E,
    0x90, 0x98, 0x8D, 0x90, 0x9F, 0x84, 0x6A, 0x8D, 0x90, 0x90, 0x75, 0x56, 0x74, 0x84, 0x7F, 0x4F,
    0x5D, 0x4D, 0x66, 0x66, 0x67, 0x4D, 0x26, 0x16, 0x2B, 0x40, 0x47, 0x3C, 0x25, 0x21, 0x1F, 0x26,
    0x3E, 0x2F, 0x42, 0x42, 0x37, 0x2F, 0x2F, 0x22, 0x22, 0x22, 0x1D, 0x11, 0x0D, 0x19, 0x19, 0x16,
    0x0D, 0x0D, 0x11, 0x0D, 0x0D, 0x07, 0x07, 0x07, 0x0D, 0x0D, 0x07, 0x07, 0x07, 0x04, 0x07, 0x07,
    0x07, 0x07, 0x07, 0x04, 0x04, 0x04, 0x04, 0x04, 0x04, 0x04, 0x04, 0x04, 0x04, 0x04, 0x04, 0x04,
    0x04, 0x04, 0x04, 0x04, 0x04, 0x04, 0x04, 0x04, 0x04, 0x04, 0x04, 0x04, 0x04, 0x07, 0x07, 0x07,
    0x07, 0x07, 0x04, 0x07, 0x0D, 0x0D, 0x0C, 0x0C, 0x0D, 0x0D, 0x0D, 0x11, 0x11, 0x11, 0x19, 0x1D,
    0x19, 0x1D, 0x1D, 0x19, 0x1D, 0x1D, 0x19, 0x21, 0x2F, 0x31, 0x3A, 0x28, 0x21, 0x36, 0x4D, 0x37,
    0x19, 0x2F, 0x28, 0x3C, 0x54, 0x4B, 0x37, 0x21, 0x16, 0x3B, 0x4A, 0x53, 0x53, 0x44, 0x40, 0x4F,
    0x52, 0x7F, 0x7F, 0x7B, 0x98, 0x8D, 0x87, 0x84, 0x84, 0x6F, 0x8A, 0x8A, 0x75, 0x7F, 0xA3, 0x88,
    0x87, 0x72, 0x6B, 0x8D, 0x97, 0x8A, 0x69, 0x80, 0x96, 0x85, 0x7A, 0x88, 0x82, 0x6E, 0x4B, 0x8E,
    0x8F, 0x90, 0x97, 0xAB, 0xA4, 0x8E, 0x9B, 0xB9, 0xB7, 0xB9, 0xB9, 0xBC, 0xC2, 0xB3, 0xAB, 0xC1,
    0xC2, 0xC5, 0xB9, 0xB7, 0xC0, 0xCE, 0xC2, 0xCD, 0xB9, 0xC2, 0xCF, 0xD3, 0xC5, 0xC5, 0xC9, 0xB9,
    0xBD, 0xCE, 0xCE, 0xCE, 0xAF, 0xB0, 0xD4, 0xDA, 0xDA, 0xD6, 0xCF, 0xCF, 0xCF, 0xDA, 0xE3, 0xDA,
    0xE6, 0xEB, 0xE9, 0xE3, 0xF0, 0xDD, 0xEF, 0xFF, 0x2D, 0x59, 0x58, 0xEF, 0xFA, 0xF4, 0xFA, 0xFB,
    0x00, 0x00, 0x00, 0x00, 0x00, 0x00, 0x00, 0x00, 0x00, 0x00, 0x00, 0x00, 0x00, 0x00, 0x00, 0x00,
    0x00, 0x00, 0x00, 0x00, 0x00, 0x00, 0x00, 0x00, 0x00, 0x00, 0x00, 0x00, 0x00, 0x00, 0x00, 0x00,
    0x00, 0x00, 0x00, 0x00, 0x00, 0x00, 0x00, 0x00, 0x00, 0x00, 0x00, 0x00, 0x00, 0x00, 0x00, 0x00,
    0x00, 0x00, 0x00, 0x00, 0x00, 0x00, 0x00, 0x00, 0x00, 0x00, 0x00, 0x00, 0x00, 0x00, 0x00, 0x00,
    0x00, 0x00, 0x00, 0x00, 0x00, 0x00, 0x00, 0x00, 0x00, 0x00, 0x00, 0x00, 0x00, 0x00, 0x00, 0x00,
    0x00, 0x00, 0x00, 0x00, 0x00, 0x00, 0x00, 0x00, 0x00, 0x00, 0x00, 0x00, 0x00, 0x00, 0x00, 0x00,
    0x00, 0x00, 0x00, 0x00, 0x00, 0x00, 0x00, 0x00, 0x00, 0x00, 0x00, 0x00, 0x00, 0x00, 0x00, 0x00,
    0x00, 0x00, 0x00, 0x00, 0x00, 0x00, 0x00, 0x00, 0x00, 0x00, 0x00, 0x00, 0x00, 0x00, 0x00, 0x00,
    0x00, 0x00, 0x00, 0x00, 0x00, 0x00, 0x00, 0x00, 0x00, 0x00, 0x00, 0x00, 0x00, 0x00, 0x00, 0x00,
    0x00, 0x00, 0x00, 0x00, 0x00, 0x00, 0x00, 0x00, 0x00, 0x00, 0x00, 0x00, 0x00, 0x00, 0x00, 0x00,
    0x00, 0x00, 0x00, 0x00, 0x00, 0x00, 0x00, 0x00, 0x00, 0x00, 0x00, 0x00, 0x00, 0x00, 0x00, 0x00,
    0x00, 0x00, 0x00, 0x00, 0x00, 0x00, 0x00, 0x00, 0x00, 0x00, 0x00, 0x00, 0x00, 0x00, 0x00, 0x00,
    0xFF, 0xF9, 0xE9, 0xE0, 0xD9, 0x57, 0x57, 0x2D, 0xFD, 0xD4, 0xE0, 0xF8, 0xF8, 0xE0, 0xE0, 0xD6,
    0xE6, 0xF3, 0xDA, 0xEB, 0xD6, 0xD4, 0xD4, 0xD6, 0xD6, 0xE3, 0xC3, 0xC5, 0xCF, 0xCE, 0xDA, 0xC2,
    0xCD, 0xDC, 0xBD, 0xCE, 0xCE, 0xCF, 0xE3, 0xCC, 0xCF, 0xC5, 0xC7, 0xD6, 0xCF, 0xCC, 0xCF, 0xC9,
    0xCE, 0xDA, 0xCE, 0xAD, 0xA0, 0xB9, 0xC2, 0xC2, 0xC2, 0x98, 0xB3, 0xB7, 0xB1, 0xA9, 0xA3, 0xB3,
    0xA4, 0x72, 0x8E, 0x84, 0x9D, 0xBE, 0x82, 0x90, 0x92, 0x92, 0xB2, 0xA2, 0xA9, 0xB3, 0x96, 0x96,
    0xAD, 0xB2, 0xAD, 0x90, 0xA0, 0x8D, 0x72, 0x90, 0x98, 0x7E, 0x6A, 0x6B, 0x6A, 0x72, 0x6E, 0x54,
    0x7F, 0x5E, 0x4B, 0x47, 0x3E, 0x4F, 0x37, 0x1D, 0x2A, 0x35, 0x3C, 0x3C, 0x25, 0x40, 0x35, 0x25,
    0x3B, 0x21, 0x37, 0x5A, 0x37, 0x42, 0x2F, 0x41, 0x1D, 0x11, 0x19, 0x11, 0x11, 0x21, 0x1D, 0x11,
    0x0D, 0x0D, 0x0D, 0x11, 0x0D, 0x0C, 0x0D, 0x07, 0x07, 0x0D, 0x07, 0x07, 0x07, 0x04, 0x07, 0x0D,
    0x0D, 0x0D, 0x07, 0x07, 0x07, 0x07, 0x04, 0x04, 0x07, 0x07, 0x04, 0x04, 0x04, 0x04, 0x04, 0x04,
    0x04, 0x02, 0x04, 0x07, 0x04, 0x04, 0x04, 0x07, 0x07, 0x07, 0x04, 0x07, 0x07, 0x07, 0x07, 0x07,
    0x07, 0x07, 0x04, 0x0C, 0x0C, 0x0D, 0x0D, 0x0C, 0x0D, 0x11, 0x0D, 0x19, 0x0D, 0x19, 0x19, 0x11,
    0x16, 0x22, 0x2F, 0x2F, 0x22, 0x1D, 0x19, 0x1F, 0x33, 0x45, 0x27, 0x1C, 0x28, 0x27, 0x42, 0x3E,
    0x28, 0x51, 0x3B, 0x29, 0x4B, 0x36, 0x28, 0x41, 0x1F, 0x32, 0x40, 0x54, 0x5D, 0x34, 0x64, 0x84,
    0x6F, 0x52, 0x5E, 0x84, 0x84, 0x87, 0x96, 0x9F, 0xAB, 0x90, 0x90, 0x90, 0x7F, 0x8A, 0x9E, 0xA9,
    0x6E, 0x6A, 0x6F, 0x7F, 0x87, 0x9F, 0x8D, 0x9F, 0x96, 0x81, 0x87, 0x75, 0x9E, 0x8C, 0x5A, 0x6B,
    0x98, 0xB9, 0xB5, 0x9F, 0xA4, 0xB3, 0x9A, 0xBA, 0xAD, 0xC2, 0xC5, 0xBA, 0xB7, 0xC1, 0xC7, 0xC5,
    0xC5, 0xC5, 0xC5, 0xAD, 0xCE, 0xCF, 0xCE, 0xB7, 0xB9, 0xC2, 0xC5, 0xCF, 0xC2, 0xCE, 0xD6, 0xC5,
    0xB9, 0xC2, 0xB9, 0xC7, 0xC3, 0xBC, 0xD6, 0xCF, 0xDF, 0xCF, 0xD6, 0xE3, 0xCF, 0xD6, 0xD6, 0xE3,
    0xF4, 0xF0, 0xEB, 0xEB, 0xE3, 0xE6, 0xDB, 0xFE, 0x2C, 0x59, 0x57, 0xEF, 0xF9, 0xF0, 0xF8, 0xFB,
    0x00, 0x00, 0x00, 0x00, 0x00, 0x00, 0x00, 0x00, 0x00, 0x00, 0x00, 0x00, 0x00, 0x00, 0x00, 0x00,
    0x00, 0x00, 0x00, 0x00, 0x00, 0x00, 0x00, 0x00, 0x00, 0x00, 0x00, 0x00, 0x00, 0x00, 0x00, 0x00,
    0x00, 0x00, 0x00, 0x00, 0x00, 0x00, 0x00, 0x00, 0x00, 0x00, 0x00, 0x00, 0x00, 0x00, 0x00, 0x00,
    0x00, 0x00, 0x00, 0x00, 0x00, 0x00, 0x00, 0x00, 0x00, 0x00, 0x00, 0x00, 0x00, 0x00, 0x00, 0x00,
    0x00, 0x00, 0x00, 0x00, 0x00, 0x00, 0x00, 0x00, 0x00, 0x00, 0x00, 0x00, 0x00, 0x00, 0x00, 0x00,
    0x00, 0x00, 0x00, 0x00, 0x00, 0x00, 0x00, 0x00, 0x00, 0x00, 0x00, 0x00, 0x00, 0x00, 0x00, 0x00,
    0x00, 0x00, 0x00, 0x00, 0x00, 0x00, 0x00, 0x00, 0x00, 0x00, 0x00, 0x00, 0x00, 0x00, 0x00, 0x00,
    0x00, 0x00, 0x00, 0x00, 0x00, 0x00, 0x00, 0x00, 0x00, 0x00, 0x00, 0x00, 0x00, 0x00, 0x00, 0x00,
    0x00, 0x00, 0x00, 0x00, 0x00, 0x00, 0x00, 0x00, 0x00, 0x00, 0x00, 0x00, 0x00, 0x00, 0x00, 0x00,
    0x00, 0x00, 0x00, 0x00, 0x00, 0x00, 0x00, 0x00, 0x00, 0x00, 0x00, 0x00, 0x00, 0x00, 0x00, 0x00,
    0x00, 0x00, 0x00, 0x00, 0x00, 0x00, 0x00, 0x00, 0x00, 0x00, 0x00, 0x00, 0x00, 0x00, 0x00, 0x00,
    0x00, 0x00, 0x00, 0x00, 0x00, 0x00, 0x00, 0x00, 0x00, 0x00, 0x00, 0x00, 0x00, 0x00, 0x00, 0x00,
    0xFB, 0xE6, 0xE3, 0xE9, 0xDB, 0x2E, 0x58, 0x57, 0xFE, 0xDB, 0xE2, 0xE6, 0xF8, 0xD4, 0xEA, 0xF8,
    0xF0, 0xE6, 0xD5, 0xE3, 0xE0, 0xDA, 0xD5, 0xDF, 0xDF, 0xE0, 0xCC, 0xD2, 0xDA, 0xCD, 0xCE, 0xC2,
    0xC5, 0xCE, 0xC2, 0xC2, 0xC5, 0xCF, 0xCF, 0xC5, 0xCC, 0xCE, 0xC5, 0xC7, 0xCF, 0xCE, 0xCF, 0xCF,
    0xCE, 0xC7, 0xCD, 0xAD, 0xA0, 0xCC, 0xB7, 0xA3, 0xB6, 0xAB, 0xA4, 0x9D, 0xB6, 0xB1, 0x97, 0x97,
    0x9E, 0x98, 0x97, 0x87, 0x8F, 0x9E, 0x7F, 0x84, 0x9F, 0x80, 0x87, 0x96, 0xA2, 0x9D, 0x85, 0xA2,
    0xB2, 0xA9, 0xA3, 0x8E, 0x8E, 0x9A, 0x80, 0x8D, 0x87, 0x5C, 0x51, 0x97, 0x7C, 0x60, 0x52, 0x3C,
    0x5D, 0x51, 0x4F, 0x4D, 0x32, 0x50, 0x4F, 0x2F, 0x45, 0x31, 0x25, 0x3E, 0x23, 0x36, 0x36, 0x21,
    0x25, 0x31, 0x35, 0x31, 0x21, 0x2F, 0x2F, 0x1D, 0x26, 0x19, 0x19, 0x19, 0x19, 0x2A, 0x19, 0x16,
    0x0D, 0x19, 0x11, 0x0D, 0x0D, 0x0D, 0x0D, 0x0D, 0x0D, 0x0D, 0x07, 0x07, 0x07, 0x07, 0x07, 0x07,
    0x07, 0x0D, 0x07, 0x07, 0x07, 0x04, 0x04, 0x04, 0x07, 0x04, 0x04, 0x04, 0x04, 0x04, 0x04, 0x04,
    0x04, 0x04, 0x07, 0x04, 0x04, 0x04, 0x04, 0x07, 0x07, 0x04, 0x04, 0x07, 0x07, 0x07, 0x0C, 0x07,
    0x07, 0x0D, 0x0D, 0x0D, 0x07, 0x0C, 0x0D, 0x0D, 0x0D, 0x11, 0x11, 0x0D, 0x0D, 0x11, 0x11, 0x11,
    0x19, 0x1D, 0x22, 0x44, 0x22, 0x1D, 0x32, 0x2A, 0x2F, 0x22, 0x21, 0x1C, 0x5D, 0x42, 0x2F, 0x31,
    0x28, 0x3E, 0x31, 0x40, 0x36, 0x27, 0x3B, 0x51, 0x2F, 0x44, 0x4D, 0x3D, 0x43, 0x27, 0x44, 0x7F,
    0x52, 0x52, 0x60, 0x8A, 0x66, 0x7E, 0xA2, 0x7E, 0x88, 0x90, 0x90, 0x92, 0x8E, 0x8D, 0x97, 0x87,
    0x5E, 0x65, 0x9A, 0x98, 0x88, 0x7A, 0x7F, 0x82, 0x8D, 0x9E, 0x98, 0x7B, 0x7D, 0x80, 0x87, 0x90,
    0xA4, 0x8E, 0xAF, 0xA0, 0xAD, 0xA6, 0x92, 0x9F, 0x98, 0xB9, 0xBD, 0xB2, 0xC0, 0xCE, 0xC2, 0xCD,
    0xC5, 0xBC, 0xC5, 0xC2, 0xCE, 0xC5, 0xC2, 0xAF, 0xC5, 0xD6, 0xC1, 0xCD, 0xBD, 0xC5, 0xC5, 0xCE,
    0xCF, 0xC7, 0xC5, 0xB9, 0xCA, 0xC7, 0xDA, 0xCE, 0xCF, 0xCC, 0xCF, 0xDA, 0xD6, 0xCF, 0xC5, 0xDA,
    0xF0, 0xE6, 0xE3, 0xF0, 0xF0, 0xE3, 0xE6, 0xFF, 0x2C, 0x58, 0x57, 0xEF, 0xF4, 0xF3, 0xF0, 0xFB,
    0x00, 0x00, 0x00, 0x00, 0x00, 0x00, 0x00, 0x00, 0x00, 0x00, 0x00, 0x00, 0x00, 0x00, 0x00, 0x00,
    0x00, 0x00, 0x00, 0x00, 0x00, 0x00, 0x00, 0x00, 0x00, 0x00, 0x00, 0x00, 0x00, 0x00, 0x00, 0x00,
    0x00, 0x00, 0x00, 0x00, 0x00, 0x00, 0x00, 0x00, 0x00, 0x00, 0x00, 0x00, 0x00, 0x00, 0x00, 0x00,
    0x00, 0x00, 0x00, 0x00, 0x00, 0x00, 0x00, 0x00, 0x00, 0x00, 0x00, 0x00, 0x00, 0x00, 0x00, 0x00,
    0x00, 0x00, 0x00, 0x00, 0x00, 0x00, 0x00, 0x00, 0x00, 0x00, 0x00, 0x00, 0x00, 0x00, 0x00, 0x00,
    0x00, 0x00, 0x00, 0x00, 0x00, 0x00, 0x00, 0x00, 0x00, 0x00, 0x00, 0x00, 0x00, 0x00, 0x00, 0x00,
    0x00, 0x00, 0x00, 0x00, 0x00, 0x00, 0x00, 0x00, 0x00, 0x00, 0x00, 0x00, 0x00, 0x00, 0x00, 0x00,
    0x00, 0x00, 0x00, 0x00, 0x00, 0x00, 0x00, 0x00, 0x00, 0x00, 0x00, 0x00, 0x00, 0x00, 0x00, 0x00,
    0x00, 0x00, 0x00, 0x00, 0x00, 0x00, 0x00, 0x00, 0x00, 0x00, 0x00, 0x00, 0x00, 0x00, 0x00, 0x00,
    0x00, 0x00, 0x00, 0x00, 0x00, 0x00, 0x00, 0x00, 0x00, 0x00, 0x00, 0x00, 0x00, 0x00, 0x00, 0x00,
    0x00, 0x00, 0x00, 0x00, 0x00, 0x00, 0x00, 0x00, 0x00, 0x00, 0x00, 0x00, 0x00, 0x00, 0x00, 0x00,
    0x00, 0x00, 0x00, 0x00, 0x00, 0x00, 0x00, 0x00, 0x00, 0x00, 0x00, 0x00, 0x00, 0x00, 0x00, 0x00,
    0xF4, 0xEF, 0xF4, 0xF3, 0xDB, 0x57, 0x58, 0x57, 0xFF, 0xEF, 0xDA, 0xE3, 0xF4, 0xF0, 0xF1, 0xF0,
    0xDA, 0xE3, 0xEB, 0xE6, 0xDA, 0xD3, 0xD2, 0xDA, 0xDA, 0xE3, 0xD8, 0xDA, 0xC9, 0xC2, 0xB7, 0xB9,
    0xCF, 0xD6, 0xD0, 0xD4, 0xD4, 0xD2, 0xC7, 0xC7, 0xC5, 0xCF, 0xCF, 0xCF, 0xCF, 0xCF, 0xCF, 0xCE,
    0xCF, 0xCF, 0xC2, 0xBA, 0xC5, 0xCE, 0xB9, 0xAB, 0xB6, 0xB7, 0xAD, 0x98, 0x8D, 0x86, 0x7F, 0x77,
    0xA4, 0xB3, 0x98, 0x98, 0x72, 0x5F, 0x6A, 0x90, 0x9F, 0x97, 0xA2, 0xA9, 0xB1, 0xA9, 0x81, 0x96,
    0x88, 0xA3, 0xA3, 0x9A, 0x98, 0x90, 0x7E, 0x82, 0x8F, 0x6A, 0x72, 0x90, 0x7C, 0x4B, 0x75, 0x75,
    0x5D, 0x51, 0x43, 0x42, 0x41, 0x32, 0x56, 0x50, 0x32, 0x21, 0x21, 0x16, 0x21, 0x48, 0x3E, 0x36,
    0x35, 0x39, 0x4A, 0x3E, 0x26, 0x21, 0x2A, 0x22, 0x1D, 0x1D, 0x1D, 0x21, 0x21, 0x1D, 0x19, 0x11,
    0x19, 0x22, 0x19, 0x0D, 0x11, 0x11, 0x0D, 0x07, 0x07, 0x07, 0x07, 0x07, 0x07, 0x07, 0x07, 0x07,
    0x07, 0x07, 0x07, 0x07, 0x07, 0x07, 0x0D, 0x07, 0x07, 0x04, 0x04, 0x07, 0x04, 0x07, 0x04, 0x07,
    0x07, 0x07, 0x07, 0x04, 0x04, 0x04, 0x07, 0x07, 0x07, 0x07, 0x0C, 0x07, 0x07, 0x07, 0x07, 0x07,
    0x07, 0x0D, 0x0D, 0x0C, 0x0C, 0x0D, 0x0C, 0x0D, 0x11, 0x11, 0x11, 0x11, 0x16, 0x19, 0x1D, 0x11,
    0x11, 0x19, 0x22, 0x33, 0x22, 0x2F, 0x33, 0x22, 0x2F, 0x22, 0x22, 0x42, 0x47, 0x35, 0x28, 0x4D,
    0x4D, 0x49, 0x36, 0x21, 0x1F, 0x1F, 0x21, 0x4B, 0x45, 0x42, 0x21, 0x28, 0x1C, 0x44, 0x67, 0x6E,
    0x5E, 0x7C, 0x7C, 0x7C, 0x84, 0x72, 0x88, 0x87, 0x9E, 0x9E, 0x9D, 0x98, 0x98, 0x82, 0x9E, 0x87,
    0x71, 0x75, 0x98, 0x8F, 0x81, 0xA2, 0xA9, 0x8F, 0x75, 0x6A, 0x6A, 0x7F, 0x87, 0x97, 0x9F, 0x98,
    0x6B, 0x6B, 0x76, 0x90, 0xAD, 0xB7, 0xB3, 0xB7, 0xB3, 0xB2, 0xC2, 0xB6, 0xB7, 0xBE, 0xC0, 0xC2,
    0xC5, 0xC7, 0xC5, 0xC2, 0xBC, 0xCE, 0xB0, 0xC5, 0xCF, 0xCF, 0xB7, 0xC2, 0xD4, 0xD4, 0xC7, 0xC1,
    0xBC, 0xCF, 0xC7, 0xCF, 0xC8, 0xD2, 0xD2, 0xC7, 0xC5, 0xBC, 0xCF, 0xDA, 0xDC, 0xDA, 0xE3, 0xE3,
    0xF0, 0xF0, 0xDA, 0xDC, 0xF1, 0xF4, 0xF1, 0xFF, 0x2D, 0x59, 0x57, 0xEF, 0xF4, 0xF3, 0xF8, 0xFB,
    0x00, 0x00, 0x00, 0x00, 0x00, 0x00, 0x00, 0x00, 0x00, 0x00, 0x00, 0x00, 0x00, 0x00, 0x00, 0x00,
    0x00, 0x00, 0x00, 0x00, 0x00, 0x00, 0x00, 0x00, 0x00, 0x00, 0x00, 0x00, 0x00, 0x00, 0x00, 0x00,
    0x00, 0x00, 0x00, 0x00, 0x00, 0x00, 0x00, 0x00, 0x00, 0x00, 0x00, 0x00, 0x00, 0x00, 0x00, 0x00,
    0x00, 0x00, 0x00, 0x00, 0x00, 0x00, 0x00, 0x00, 0x00, 0x00, 0x00, 0x00, 0x00, 0x00, 0x00, 0x00,
    0x00, 0x00, 0x00, 0x00, 0x00, 0x00, 0x00, 0x00, 0x00, 0x00, 0x00, 0x00, 0x00, 0x00, 0x00, 0x00,
    0x00, 0x00, 0x00, 0x00, 0x00, 0x00, 0x00, 0x00, 0x00, 0x00, 0x00, 0x00, 0x00, 0x00, 0x00, 0x00,
    0x00, 0x00, 0x00, 0x00, 0x00, 0x00, 0x00, 0x00, 0x00, 0x00, 0x00, 0x00, 0x00, 0x00, 0x00, 0x00,
    0x00, 0x00, 0x00, 0x00, 0x00, 0x00, 0x00, 0x00, 0x00, 0x00, 0x00, 0x00, 0x00, 0x00, 0x00, 0x00,
    0x00, 0x00, 0x00, 0x00, 0x00, 0x00, 0x00, 0x00, 0x00, 0x00, 0x00, 0x00, 0x00, 0x00, 0x00, 0x00,
    0x00, 0x00, 0x00, 0x00, 0x00, 0x00, 0x00, 0x00, 0x00, 0x00, 0x00, 0x00, 0x00, 0x00, 0x00, 0x00,
    0x00, 0x00, 0x00, 0x00, 0x00, 0x00, 0x00, 0x00, 0x00, 0x00, 0x00, 0x00, 0x00, 0x00, 0x00, 0x00,
    0x00, 0x00, 0x00, 0x00, 0x00, 0x00, 0x00, 0x00, 0x00, 0x00, 0x00, 0x00, 0x00, 0x00, 0x00, 0x00,
    0xFB, 0xF1, 0xF8, 0xFD, 0xDB, 0x2D, 0x58, 0x57, 0xFE, 0xDA, 0xD6, 0xE3, 0xF1, 0xF4, 0xE6, 0xE6,
    0xE6, 0xE6, 0xF3, 0xE6, 0xEF, 0xC8, 0xCF, 0xF0, 0xE6, 0xD3, 0xC8, 0xC8, 0xC7, 0xE0, 0xC2, 0xB0,
    0xD3, 0xDA, 0xE3, 0xD6, 0xD6, 0xCF, 0xD6, 0xD3, 0xCF, 0xCF, 0xCC, 0xCE, 0xCE, 0xCF, 0xCF, 0xCE,
    0xCC, 0xC2, 0xBF, 0xC5, 0xC5, 0xAD, 0xC0, 0xBF, 0xC5, 0xB9, 0xB7, 0xB9, 0x75, 0x8E, 0xB9, 0x9F,
    0x8E, 0x75, 0x80, 0x90, 0xA4, 0x77, 0x7F, 0xAB, 0x9F, 0xB6, 0xA9, 0xB3, 0xB1, 0xB6, 0xB1, 0x9D,
    0x81, 0x7E, 0x87, 0x8E, 0x8A, 0x7B, 0x6A, 0x6F, 0x6E, 0x67, 0x8A, 0x6A, 0x6E, 0x7F, 0x6A, 0x72,
    0x6A, 0x5E, 0x2A, 0x50, 0x6B, 0x45, 0x42, 0x32, 0x32, 0x45, 0x45, 0x19, 0x28, 0x4C, 0x4A, 0x53,
    0x43, 0x4B, 0x47, 0x4E, 0x43, 0x39, 0x25, 0x21, 0x1D, 0x21, 0x19, 0x19, 0x1F, 0x21, 0x19, 0x19,
    0x1F, 0x11, 0x11, 0x19, 0x19, 0x11, 0x11, 0x0D, 0x07, 0x0D, 0x11, 0x0D, 0x07, 0x07, 0x07, 0x0D,
    0x0D, 0x07, 0x07, 0x0D, 0x0D, 0x07, 0x07, 0x0D, 0x0D, 0x07, 0x07, 0x07, 0x04, 0x07, 0x07, 0x07,
    0x07, 0x07, 0x07, 0x04, 0x07, 0x07, 0x07, 0x07, 0x07, 0x0C, 0x07, 0x07, 0x0C, 0x07, 0x07, 0x11,
    0x0D, 0x07, 0x07, 0x0C, 0x0D, 0x13, 0x07, 0x11, 0x2A, 0x19, 0x19, 0x19, 0x19, 0x1D, 0x28, 0x21,
    0x21, 0x19, 0x1D, 0x1D, 0x2A, 0x22, 0x21, 0x21, 0x22, 0x26, 0x2A, 0x43, 0x29, 0x40, 0x5C, 0x4D,
    0x4A, 0x4C, 0x4D, 0x13, 0x21, 0x51, 0x32, 0x26, 0x21, 0x28, 0x2F, 0x6A, 0x20, 0x3C, 0x7E, 0x7B,
    0x84, 0x80, 0x84, 0x82, 0x91, 0x96, 0x88, 0x81, 0x96, 0xA9, 0x9D, 0x8A, 0x87, 0x81, 0x87, 0x7E,
    0x87, 0x8E, 0x72, 0x7A, 0x84, 0xA2, 0x9D, 0x97, 0x97, 0x5A, 0x92, 0xA4, 0x90, 0x77, 0x75, 0x74,
    0x8B, 0xA7, 0x60, 0x84, 0xC2, 0xC2, 0xC5, 0xC2, 0xC2, 0xC2, 0xCD, 0xCD, 0xCB, 0xB6, 0xAD, 0xB9,
    0xC5, 0xCC, 0xC3, 0xBC, 0xB9, 0xC1, 0xB9, 0xC5, 0xC5, 0xB9, 0xC9, 0xCE, 0xCF, 0xD4, 0xCF, 0xC5,
    0xB7, 0xE0, 0xD2, 0xC7, 0xB0, 0xC5, 0xC8, 0xE3, 0xDB, 0xBC, 0xDA, 0xE0, 0xE0, 0xE3, 0xEB, 0xF3,
    0xF1, 0xF0, 0xF0, 0xF0, 0xF1, 0xDD, 0xDD, 0xFF, 0x2D, 0x59, 0x57, 0xEF, 0xEA, 0xE9, 0xF9, 0xFA,
    0x00, 0x00, 0x00, 0x00, 0x00, 0x00, 0x00, 0x00, 0x00, 0x00, 0x00, 0x00, 0x00, 0x00, 0x00, 0x00,
    0x00, 0x00, 0x00, 0x00, 0x00, 0x00, 0x00, 0x00, 0x00, 0x00, 0x00, 0x00, 0x00, 0x00, 0x00, 0x00,
    0x00, 0x00, 0x00, 0x00, 0x00, 0x00, 0x00, 0x00, 0x00, 0x00, 0x00, 0x00, 0x00, 0x00, 0x00, 0x00,
    0x00, 0x00, 0x00, 0x00, 0x00, 0x00, 0x00, 0x00, 0x00, 0x00, 0x00, 0x00, 0x00, 0x00, 0x00, 0x00,
    0x00, 0x00, 0x00, 0x00, 0x00, 0x00, 0x00, 0x00, 0x00, 0x00, 0x00, 0x00, 0x00, 0x00, 0x00, 0x00,
    0x00, 0x00, 0x00, 0x00, 0x00, 0x00, 0x00, 0x00, 0x00, 0x00, 0x00, 0x00, 0x00, 0x00, 0x00, 0x00,
    0x00, 0x00, 0x00, 0x00, 0x00, 0x00, 0x00, 0x00, 0x00, 0x00, 0x00, 0x00, 0x00, 0x00, 0x00, 0x00,
    0x00, 0x00, 0x00, 0x00, 0x00, 0x00, 0x00, 0x00, 0x00, 0x00, 0x00, 0x00, 0x00, 0x00, 0x00, 0x00,
    0x00, 0x00, 0x00, 0x00, 0x00, 0x00, 0x00, 0x00, 0x00, 0x00, 0x00, 0x00, 0x00, 0x00, 0x00, 0x00,
    0x00, 0x00, 0x00, 0x00, 0x00, 0x00, 0x00, 0x00, 0x00, 0x00, 0x00, 0x00, 0x00, 0x00, 0x00, 0x00,
    0x00, 0x00, 0x00, 0x00, 0x00, 0x00, 0x00, 0x00, 0x00, 0x00, 0x00, 0x00, 0x00, 0x00, 0x00, 0x00,
    0x00, 0x00, 0x00, 0x00, 0x00, 0x00, 0x00, 0x00, 0x00, 0x00, 0x00, 0x00, 0x00, 0x00, 0x00, 0x00,
    0xFB, 0xFA, 0xF0, 0xF8, 0xDB, 0x2D, 0x58, 0x57, 0xFD, 0xDA, 0xE0, 0xEB, 0xF3, 0xF0, 0xD3, 0xE6,
    0xEA, 0xDB, 0xDD, 0xDC, 0xF3, 0xDA, 0xD2, 0xE6, 0xDB, 0xDA, 0xDA, 0xD2, 0xDB, 0xCF, 0xB0, 0xC7,
    0xCF, 0xC7, 0xCF, 0xC9, 0xCF, 0xD4, 0xD6, 0xE0, 0xE0, 0xD6, 0xCF, 0xC5, 0xC7, 0xA7, 0xB0, 0xCE,
    0xC5, 0xB7, 0xC1, 0xC5, 0xAB, 0x9F, 0xB9, 0xC0, 0xAB, 0xA0, 0xB2, 0xC0, 0x8F, 0x6B, 0xAF, 0xAD,
    0x9A, 0x9A, 0x8E, 0x9A, 0x8E, 0x75, 0x9F, 0x8F, 0x82, 0xA3, 0x9D, 0x9D, 0x9D, 0x9D, 0xB6, 0xB7,
    0x8F, 0x96, 0x9D, 0x7B, 0x33, 0x69, 0x7F, 0x72, 0x65, 0x6E, 0x6E, 0x49, 0x72, 0x72, 0x51, 0x6A,
    0x6A, 0x72, 0x2F, 0x42, 0x56, 0x37, 0x44, 0x4D, 0x37, 0x26, 0x42, 0x16, 0x3C, 0x3E, 0x3B, 0x40,
    0x3C, 0x3C, 0x3B, 0x4A, 0x5D, 0x63, 0x39, 0x2A, 0x26, 0x21, 0x0D, 0x16, 0x1F, 0x16, 0x16, 0x1F,
    0x13, 0x10, 0x15, 0x12, 0x0D, 0x11, 0x11, 0x15, 0x07, 0x07, 0x0D, 0x0D, 0x0C, 0x0C, 0x0C, 0x07,
    0x07, 0x07, 0x0C, 0x07, 0x07, 0x07, 0x0C, 0x07, 0x07, 0x07, 0x0D, 0x07, 0x07, 0x07, 0x07, 0x04,
    0x07, 0x07, 0x07, 0x07, 0x07, 0x07, 0x07, 0x07, 0x0C, 0x07, 0x07, 0x07, 0x10, 0x07, 0x07, 0x0D,
    0x0D, 0x0D, 0x0C, 0x12, 0x0C, 0x07, 0x07, 0x13, 0x16, 0x15, 0x15, 0x15, 0x19, 0x16, 0x21, 0x37,
    0x42, 0x26, 0x37, 0x22, 0x1D, 0x11, 0x25, 0x35, 0x2A, 0x31, 0x3C, 0x29, 0x24, 0x40, 0x44, 0x3C,
    0x40, 0x49, 0x4E, 0x20, 0x16, 0x45, 0x37, 0x37, 0x42, 0x32, 0x42, 0x40, 0x27, 0x66, 0x66, 0x64,
    0x7A, 0x69, 0x75, 0x7F, 0x9D, 0xA9, 0x9D, 0x8F, 0x97, 0x9D, 0x6B, 0x33, 0x82, 0x88, 0x7D, 0x7F,
    0x87, 0x72, 0x65, 0x7F, 0x87, 0x6E, 0x87, 0x9D, 0xA3, 0x6B, 0x75, 0x9F, 0x8E, 0x8E, 0x80, 0x92,
    0x8A, 0x89, 0x69, 0x9F, 0xAD, 0xB7, 0xB5, 0xBA, 0xC5, 0xBA, 0xC2, 0xDC, 0xCF, 0xC2, 0xC5, 0xC9,
    0xC2, 0x93, 0xA7, 0xC2, 0xC5, 0xC2, 0xC2, 0xC5, 0xAD, 0xB9, 0xCE, 0xC0, 0xC2, 0xC5, 0xD4, 0xCF,
    0xB0, 0xCF, 0xE2, 0xD2, 0xCC, 0xD2, 0xDA, 0xD3, 0xC7, 0xC7, 0xE3, 0xDA, 0xDF, 0xD6, 0xDF, 0xE6,
    0xF0, 0xF8, 0xF4, 0xF9, 0xEA, 0xE9, 0xF0, 0xFF, 0x2C, 0x58, 0x57, 0xDD, 0xE3, 0xEA, 0xF9, 0xFA,
    0x00, 0x00, 0x00, 0x00, 0x00, 0x00, 0x00, 0x00, 0x00, 0x00, 0x00, 0x00, 0x00, 0x00, 0x00, 0x00,
    0x00, 0x00, 0x00, 0x00, 0x00, 0x00, 0x00, 0x00, 0x00, 0x00, 0x00, 0x00, 0x00, 0x00, 0x00, 0x00,
    0x00, 0x00, 0x00, 0x00, 0x00, 0x00, 0x00, 0x00, 0x00, 0x00, 0x00, 0x00, 0x00, 0x00, 0x00, 0x00,
    0x00, 0x00, 0x00, 0x00, 0x00, 0x00, 0x00, 0x00, 0x00, 0x00, 0x00, 0x00, 0x00, 0x00, 0x00, 0x00,
    0x00, 0x00, 0x00, 0x00, 0x00, 0x00, 0x00, 0x00, 0x00, 0x00, 0x00, 0x00, 0x00, 0x00, 0x00, 0x00,
    0x00, 0x00, 0x00, 0x00, 0x00, 0x00, 0x00, 0x00, 0x00, 0x00, 0x00, 0x00, 0x00, 0x00, 0x00, 0x00,
    0x00, 0x00, 0x00, 0x00, 0x00, 0x00, 0x00, 0x00, 0x00, 0x00, 0x00, 0x00, 0x00, 0x00, 0x00, 0x00,
    0x00, 0x00, 0x00, 0x00, 0x00, 0x00, 0x00, 0x00, 0x00, 0x00, 0x00, 0x00, 0x00, 0x00, 0x00, 0x00,
    0x00, 0x00, 0x00, 0x00, 0x00, 0x00, 0x00, 0x00, 0x00, 0x00, 0x00, 0x00, 0x00, 0x00, 0x00, 0x00,
    0x00, 0x00, 0x00, 0x00, 0x00, 0x00, 0x00, 0x00, 0x00, 0x00, 0x00, 0x00, 0x00, 0x00, 0x00, 0x00,
    0x00, 0x00, 0x00, 0x00, 0x00, 0x00, 0x00, 0x00, 0x00, 0x00, 0x00, 0x00, 0x00, 0x00, 0x00, 0x00,
    0x00, 0x00, 0x00, 0x00, 0x00, 0x00, 0x00, 0x00, 0x00, 0x00, 0x00, 0x00, 0x00, 0x00, 0x00, 0x00,
    0xFF, 0xFA, 0xDC, 0xDE, 0xD9, 0x58, 0x59, 0x57, 0xFE, 0xDB, 0xDA, 0xEB, 0xEA, 0xEF, 0xDA, 0xE6,
    0xEA, 0xEA, 0xE0, 0xD4, 0xE0, 0xE3, 0xD5, 0xD5, 0xC8, 0xD5, 0xCC, 0xC8, 0xD6, 0xC3, 0xD5, 0xCF,
    0xCF, 0xC7, 0xC5, 0xD6, 0xCF, 0xD4, 0xCF, 0xCF, 0xDA, 0xDC, 0xD4, 0xD3, 0xCF, 0xB4, 0xBC, 0xCE,
    0xC2, 0xC5, 0xC7, 0xC2, 0xC0, 0xB5, 0xB9, 0xC2, 0xAB, 0xA4, 0xA3, 0xAB, 0xB1, 0x9A, 0x75, 0x6C,
    0x8E, 0x86, 0x8E, 0x98, 0x5E, 0x98, 0x9E, 0x9E, 0x7B, 0x90, 0xA2, 0x88, 0x9E, 0x84, 0x88, 0x8F,
    0x7B, 0x82, 0x96, 0x7F, 0x38, 0x7F, 0x84, 0x7A, 0x8A, 0x72, 0x7C, 0x5D, 0x7B, 0x72, 0x7F, 0x72,
    0x5D, 0x6D, 0x51, 0x26, 0x45, 0x28, 0x42, 0x36, 0x28, 0x21, 0x2B, 0x31, 0x3E, 0x4B, 0x28, 0x39,
    0x54, 0x35, 0x35, 0x3A, 0x3E, 0x40, 0x40, 0x2B, 0x2A, 0x26, 0x11, 0x16, 0x21, 0x1C, 0x16, 0x16,
    0x16, 0x13, 0x15, 0x13, 0x11, 0x11, 0x0D, 0x0C, 0x10, 0x07, 0x07, 0x0C, 0x0C, 0x07, 0x0D, 0x07,
    0x07, 0x0C, 0x0D, 0x07, 0x07, 0x0D, 0x0D, 0x07, 0x07, 0x07, 0x07, 0x07, 0x07, 0x07, 0x07, 0x07,
    0x07, 0x0C, 0x07, 0x07, 0x07, 0x07, 0x07, 0x07, 0x0D, 0x07, 0x07, 0x07, 0x0C, 0x0C, 0x07, 0x07,
    0x0C, 0x0C, 0x0C, 0x13, 0x10, 0x0C, 0x0D, 0x11, 0x13, 0x0C, 0x16, 0x1F, 0x16, 0x16, 0x16, 0x32,
    0x35, 0x27, 0x2A, 0x35, 0x31, 0x19, 0x35, 0x47, 0x36, 0x37, 0x48, 0x48, 0x29, 0x4D, 0x53, 0x40,
    0x43, 0x35, 0x3A, 0x36, 0x37, 0x21, 0x16, 0x37, 0x21, 0x3E, 0x64, 0x43, 0x4A, 0x4A, 0x5C, 0x47,
    0x6B, 0x7C, 0x69, 0x60, 0x7E, 0x90, 0x97, 0x84, 0x90, 0x9D, 0x7A, 0x56, 0x9D, 0x8F, 0x7F, 0x87,
    0x7F, 0x7E, 0x6A, 0x90, 0x90, 0x8F, 0x8F, 0x87, 0xA9, 0xA2, 0x5A, 0x8A, 0x8A, 0x75, 0x6C, 0x8D,
    0x4B, 0x69, 0x98, 0x9F, 0xB5, 0x92, 0xAF, 0xC5, 0xBA, 0xB9, 0xB9, 0xB9, 0xC5, 0xC9, 0xCD, 0xC5,
    0xCE, 0xB0, 0xB0, 0xCE, 0xCE, 0xCE, 0xCD, 0xCF, 0xC5, 0xC1, 0xCF, 0xD6, 0xCE, 0xC2, 0xC9, 0xCE,
    0xCE, 0xCE, 0xC8, 0xC8, 0xD3, 0xC8, 0xC7, 0xC3, 0xD5, 0xD2, 0xE3, 0xD6, 0xDA, 0xE3, 0xD6, 0xDA,
    0xDE, 0xE9, 0xF8, 0xF0, 0xE0, 0xD6, 0xF1, 0xFF, 0x2C, 0x58, 0x57, 0xEF, 0xF1, 0xF5, 0xF4, 0xF8,
    0x00, 0x00, 0x00, 0x00, 0x00, 0x00, 0x00, 0x00, 0x00, 0x00, 0x00, 0x00, 0x00, 0x00, 0x00, 0x00,
    0x00, 0x00, 0x00, 0x00, 0x00, 0x00, 0x00, 0x00, 0x00, 0x00, 0x00, 0x00, 0x00, 0x00, 0x00, 0x00,
    0x00, 0x00, 0x00, 0x00, 0x00, 0x00, 0x00, 0x00, 0x00, 0x00, 0x00, 0x00, 0x00, 0x00, 0x00, 0x00,
    0x00, 0x00, 0x00, 0x00, 0x00, 0x00, 0x00, 0x00, 0x00, 0x00, 0x00, 0x00, 0x00, 0x00, 0x00, 0x00,
    0x00, 0x00, 0x00, 0x00, 0x00, 0x00, 0x00, 0x00, 0x00, 0x00, 0x00, 0x00, 0x00, 0x00, 0x00, 0x00,
    0x00, 0x00, 0x00, 0x00, 0x00, 0x00, 0x00, 0x00, 0x00, 0x00, 0x00, 0x00, 0x00, 0x00, 0x00, 0x00,
    0x00, 0x00, 0x00, 0x00, 0x00, 0x00, 0x00, 0x00, 0x00, 0x00, 0x00, 0x00, 0x00, 0x00, 0x00, 0x00,
    0x00, 0x00, 0x00, 0x00, 0x00, 0x00, 0x00, 0x00, 0x00, 0x00, 0x00, 0x00, 0x00, 0x00, 0x00, 0x00,
    0x00, 0x00, 0x00, 0x00, 0x00, 0x00, 0x00, 0x00, 0x00, 0x00, 0x00, 0x00, 0x00, 0x00, 0x00, 0x00,
    0x00, 0x00, 0x00, 0x00, 0x00, 0x00, 0x00, 0x00, 0x00, 0x00, 0x00, 0x00, 0x00, 0x00, 0x00, 0x00,
    0x00, 0x00, 0x00, 0x00, 0x00, 0x00, 0x00, 0x00, 0x00, 0x00, 0x00, 0x00, 0x00, 0x00, 0x00, 0x00,
    0x00, 0x00, 0x00, 0x00, 0x00, 0x00, 0x00, 0x00, 0x00, 0x00, 0x00, 0x00, 0x00, 0x00, 0x00, 0x00,
    0xFA, 0xF9, 0xEA, 0xE0, 0xD9, 0x59, 0x59, 0x57, 0xFE, 0xE2, 0xC2, 0xE3, 0xEA, 0xF8, 0xF1, 0xE6,
    0xE0, 0xE3, 0xE3, 0xDA, 0xDA, 0xE3, 0xE3, 0xC8, 0xC3, 0xD5, 0xC7, 0xC7, 0xBC, 0xC7, 0xD6, 0xC5,
    0xC7, 0xCF, 0xC7, 0xD6, 0xCF, 0xCF, 0xCF, 0xC5, 0xD2, 0xD2, 0xCD, 0xCD, 0xC5, 0xD6, 0xCC, 0xC2,
    0xC2, 0xBD, 0xC2, 0xCD, 0xCE, 0xB9, 0xB9, 0xA4, 0xB7, 0xC2, 0x9E, 0xA2, 0x98, 0xA4, 0x69, 0x6B,
    0x8E, 0x6B, 0x61, 0x60, 0x64, 0x9D, 0x7F, 0xA0, 0x9F, 0x87, 0xA2, 0x9E, 0x97, 0x8F, 0x71, 0x72,
    0x7F, 0x72, 0x71, 0x7F, 0x84, 0x7B, 0x6A, 0x6A, 0x7F, 0x7E, 0xA9, 0x82, 0x67, 0x6A, 0x97, 0x6E,
    0x64, 0x5C, 0x4C, 0x6D, 0x36, 0x27, 0x44, 0x3E, 0x28, 0x21, 0x31, 0x48, 0x37, 0x45, 0x37, 0x43,
    0x49, 0x26, 0x3C, 0x36, 0x1C, 0x25, 0x3B, 0x34, 0x25, 0x21, 0x2B, 0x1C, 0x1C, 0x1C, 0x15, 0x16,
    0x26, 0x1C, 0x13, 0x0D, 0x16, 0x16, 0x0D, 0x0C, 0x0D, 0x11, 0x07, 0x07, 0x07, 0x07, 0x07, 0x0C,
    0x0D, 0x0C, 0x07, 0x0D, 0x07, 0x0D, 0x07, 0x07, 0x07, 0x07, 0x07, 0x0C, 0x07, 0x07, 0x07, 0x0C,
    0x07, 0x07, 0x07, 0x07, 0x07, 0x0C, 0x0C, 0x07, 0x0C, 0x0C, 0x0C, 0x0C, 0x07, 0x07, 0x0D, 0x07,
    0x07, 0x0C, 0x0C, 0x07, 0x0C, 0x0D, 0x11, 0x0D, 0x0D, 0x10, 0x10, 0x16, 0x16, 0x1C, 0x1B, 0x1B,
    0x1F, 0x21, 0x21, 0x31, 0x39, 0x3B, 0x25, 0x25, 0x27, 0x32, 0x40, 0x67, 0x4C, 0x40, 0x36, 0x52,
    0x45, 0x25, 0x29, 0x25, 0x48, 0x1C, 0x16, 0x37, 0x21, 0x21, 0x1F, 0x35, 0x4D, 0x48, 0x64, 0x4D,
    0x6A, 0x56, 0x65, 0x72, 0x71, 0x64, 0x82, 0x6E, 0x84, 0x70, 0x82, 0x9D, 0x85, 0x7D, 0x85, 0x79,
    0x7F, 0xA3, 0x97, 0x72, 0x7C, 0xAB, 0x97, 0x96, 0x82, 0x88, 0x76, 0x50, 0x4F, 0x6C, 0x6B, 0x75,
    0x4B, 0x80, 0xA4, 0x98, 0xA0, 0x8E, 0x98, 0xA3, 0xAD, 0xC2, 0xB6, 0x9F, 0xB7, 0xBA, 0xB2, 0xBD,
    0xC0, 0xCF, 0xC7, 0xC2, 0xC2, 0xC2, 0xC9, 0xDA, 0xD6, 0xCC, 0xC4, 0xCF, 0xD6, 0xCF, 0xC5, 0xCE,
    0xCE, 0xD4, 0xB9, 0xCF, 0xCF, 0xC8, 0xB0, 0xC5, 0xE3, 0xD5, 0xD2, 0xCF, 0xD6, 0xE3, 0xE0, 0xD6,
    0xE0, 0xEB, 0xE9, 0xD6, 0xEA, 0xF1, 0xEF, 0xFF, 0x2D, 0x59, 0x57, 0xE2, 0xDA, 0xF0, 0xF4, 0xF9,
    0x00, 0x00, 0x00, 0x00, 0x00, 0x00, 0x00, 0x00, 0x00, 0x00, 0x00, 0x00, 0x00, 0x00, 0x00, 0x00,
    0x00, 0x00, 0x00, 0x00, 0x00, 0x00, 0x00, 0x00, 0x00, 0x00, 0x00, 0x00, 0x00, 0x00, 0x00, 0x00,
    0x00, 0x00, 0x00, 0x00, 0x00, 0x00, 0x00, 0x00, 0x00, 0x00, 0x00, 0x00, 0x00, 0x00, 0x00, 0x00,
    0x00, 0x00, 0x00, 0x00, 0x00, 0x00, 0x00, 0x00, 0x00, 0x00, 0x00, 0x00, 0x00, 0x00, 0x00, 0x00,
    0x00, 0x00, 0x00, 0x00, 0x00, 0x00, 0x00, 0x00, 0x00, 0x00, 0x00, 0x00, 0x00, 0x00, 0x00, 0x00,
    0x00, 0x00, 0x00, 0x00, 0x00, 0x00, 0x00, 0x00, 0x00, 0x00, 0x00, 0x00, 0x00, 0x00, 0x00, 0x00,
    0x00, 0x00, 0x00, 0x00, 0x00, 0x00, 0x00, 0x00, 0x00, 0x00, 0x00, 0x00, 0x00, 0x00, 0x00, 0x00,
    0x00, 0x00, 0x00, 0x00, 0x00, 0x00, 0x00, 0x00, 0x00, 0x00, 0x00, 0x00, 0x00, 0x00, 0x00, 0x00,
    0x00, 0x00, 0x00, 0x00, 0x00, 0x00, 0x00, 0x00, 0x00, 0x00, 0x00, 0x00, 0x00, 0x00, 0x00, 0x00,
    0x00, 0x00, 0x00, 0x00, 0x00, 0x00, 0x00, 0x00, 0x00, 0x00, 0x00, 0x00, 0x00, 0x00, 0x00, 0x00,
    0x00, 0x00, 0x00, 0x00, 0x00, 0x00, 0x00, 0x00, 0x00, 0x00, 0x00, 0x00, 0x00, 0x00, 0x00, 0x00,
    0x00, 0x00, 0x00, 0x00, 0x00, 0x00, 0x00, 0x00, 0x00, 0x00, 0x00, 0x00, 0x00, 0x00, 0x00, 0x00,
    0xFA, 0xE6, 0xF3, 0xF8, 0xEF, 0x57, 0x59, 0x2E, 0xFD, 0xDB, 0xD6, 0xEA, 0xE6, 0xF8, 0xF0, 0xF0,
    0xDA, 0xE0, 0xDA, 0xD8, 0xEB, 0xE3, 0xDA, 0xDA, 0xDA, 0xD2, 0xC7, 0xCF, 0xDA, 0xD5, 0xD6, 0xC7,
    0xD2, 0xDA, 0xD6, 0xCF, 0xCF, 0xCF, 0xCE, 0xCF, 0xD6, 0xCE, 0xCE, 0xC0, 0xC7, 0xC7, 0xBD, 0xC1,
    0xCC, 0xC2, 0xBF, 0xCE, 0xC9, 0xBF, 0xCE, 0xC9, 0xC2, 0xB3, 0xA0, 0xA4, 0x8E, 0x90, 0xA4, 0x9A,
    0x6C, 0x76, 0x6B, 0x80, 0x8D, 0x9D, 0x90, 0xAB, 0xAB, 0x96, 0xA3, 0x98, 0x8E, 0x8F, 0x81, 0x7E,
    0x7F, 0x72, 0x7F, 0x8D, 0x6A, 0x56, 0x6A, 0x87, 0x8D, 0xA2, 0xAD, 0xA9, 0x76, 0x75, 0x88, 0x6E,
    0x6E, 0x6D, 0x40, 0x5C, 0x54, 0x37, 0x3E, 0x36, 0x37, 0x44, 0x49, 0x43, 0x37, 0x45, 0x51, 0x4B,
    0x3C, 0x37, 0x43, 0x32, 0x26, 0x37, 0x31, 0x34, 0x23, 0x37, 0x1F, 0x1C, 0x1C, 0x25, 0x1C, 0x1C,
    0x26, 0x1F, 0x16, 0x16, 0x26, 0x16, 0x11, 0x13, 0x0D, 0x12, 0x10, 0x0C, 0x07, 0x07, 0x07, 0x07,
    0x07, 0x07, 0x0D, 0x0D, 0x0D, 0x0C, 0x0C, 0x0D, 0x07, 0x07, 0x07, 0x07, 0x07, 0x07, 0x0C, 0x07,
    0x07, 0x07, 0x0C, 0x07, 0x07, 0x0C, 0x0C, 0x0C, 0x0C, 0x0D, 0x12, 0x0C, 0x07, 0x0C, 0x0C, 0x0D,
    0x0C, 0x0C, 0x0C, 0x07, 0x0C, 0x0C, 0x0C, 0x11, 0x11, 0x16, 0x15, 0x16, 0x16, 0x1B, 0x15, 0x15,
    0x1C, 0x27, 0x36, 0x28, 0x3C, 0x29, 0x25, 0x20, 0x48, 0x43, 0x5A, 0x6E, 0x5D, 0x40, 0x42, 0x4F,
    0x32, 0x21, 0x29, 0x20, 0x3B, 0x3E, 0x28, 0x21, 0x26, 0x37, 0x3D, 0x4D, 0x40, 0x3E, 0x64, 0x5E,
    0x4F, 0x69, 0x6A, 0x84, 0x7B, 0x7B, 0x82, 0x7F, 0x82, 0x81, 0x8A, 0x72, 0x73, 0x87, 0xA2, 0x7E,
    0xA3, 0xAD, 0xA4, 0x80, 0x89, 0xBD, 0xA6, 0x8A, 0x8D, 0x7E, 0x75, 0x8A, 0x75, 0x5A, 0x5A, 0x72,
    0x98, 0x90, 0x8D, 0x97, 0x98, 0xA4, 0xB9, 0xB7, 0xB9, 0xB7, 0xB3, 0xC5, 0xBD, 0xB9, 0xB9, 0xC5,
    0xCE, 0xC5, 0xB9, 0xB9, 0xC2, 0xD4, 0xCF, 0xE0, 0xD6, 0xD2, 0xC9, 0xCF, 0xDA, 0xC7, 0xCF, 0xC5,
    0xC5, 0xD6, 0xCF, 0xC7, 0xC5, 0xC7, 0xC8, 0xCF, 0xDA, 0xCF, 0xCF, 0xE2, 0xD2, 0xE0, 0xEA, 0xD6,
    0xE3, 0xF3, 0xE9, 0xE0, 0xEA, 0xF0, 0xDD, 0xFF, 0x2C, 0x58, 0x58, 0xD9, 0xE3, 0xF5, 0xF0, 0xF9,
    0x00, 0x00, 0x00, 0x00, 0x00, 0x00, 0x00, 0x00, 0x00, 0x00, 0x00, 0x00, 0x00, 0x00, 0x00, 0x00,
    0x00, 0x00, 0x00, 0x00, 0x00, 0x00, 0x00, 0x00, 0x00, 0x00, 0x00, 0x00, 0x00, 0x00, 0x00, 0x00,
    0x00, 0x00, 0x00, 0x00, 0x00, 0x00, 0x00, 0x00, 0x00, 0x00, 0x00, 0x00, 0x00, 0x00, 0x00, 0x00,
    0x00, 0x00, 0x00, 0x00, 0x00, 0x00, 0x00, 0x00, 0x00, 0x00, 0x00, 0x00, 0x00, 0x00, 0x00, 0x00,
    0x00, 0x00, 0x00, 0x00, 0x00, 0x00, 0x00, 0x00, 0x00, 0x00, 0x00, 0x00, 0x00, 0x00, 0x00, 0x00,
    0x00, 0x00, 0x00, 0x00, 0x00, 0x00, 0x00, 0x00, 0x00, 0x00, 0x00, 0x00, 0x00, 0x00, 0x00, 0x00,
    0x00, 0x00, 0x00, 0x00, 0x00, 0x00, 0x00, 0x00, 0x00, 0x00, 0x00, 0x00, 0x00, 0x00, 0x00, 0x00,
    0x00, 0x00, 0x00, 0x00, 0x00, 0x00, 0x00, 0x00, 0x00, 0x00, 0x00, 0x00, 0x00, 0x00, 0x00, 0x00,
    0x00, 0x00, 0x00, 0x00, 0x00, 0x00, 0x00, 0x00, 0x00, 0x00, 0x00, 0x00, 0x00, 0x00, 0x00, 0x00,
    0x00, 0x00, 0x00, 0x00, 0x00, 0x00, 0x00, 0x00, 0x00, 0x00, 0x00, 0x00, 0x00, 0x00, 0x00, 0x00,
    0x00, 0x00, 0x00, 0x00, 0x00, 0x00, 0x00, 0x00, 0x00, 0x00, 0x00, 0x00, 0x00, 0x00, 0x00, 0x00,
    0x00, 0x00, 0x00, 0x00, 0x00, 0x00, 0x00, 0x00, 0x00, 0x00, 0x00, 0x00, 0x00, 0x00, 0x00, 0x00,
    0xF9, 0xE3, 0xE3, 0xF8, 0xEF, 0x57, 0x59, 0x57, 0xFD, 0xD8, 0xF1, 0xF3, 0xD6, 0xEA, 0xDC, 0xE6,
    0xF0, 0xDC, 0xD8, 0xE6, 0xEB, 0xE0, 0xDA, 0xE3, 0xE6, 0xCF, 0xC9, 0xD6, 0xE3, 0xD4, 0xD6, 0xC9,
    0xCF, 0xDB, 0xDA, 0xC5, 0xC7, 0xD6, 0xBC, 0xC5, 0xE0, 0xE0, 0xE0, 0xCE, 0xCE, 0xB9, 0xC1, 0xC2,
    0xC9, 0xCF, 0xCF, 0xAB, 0xA3, 0xB9, 0xCF, 0xCF, 0xC2, 0xA0, 0xAF, 0xA4, 0x98, 0xA3, 0xB3, 0xAB,
    0x92, 0x6B, 0x8E, 0x99, 0x7E, 0x96, 0x9E, 0xAB, 0xB9, 0xAD, 0x85, 0x7F, 0x97, 0x82, 0x87, 0xA2,
    0x98, 0x90, 0x7B, 0x75, 0x75, 0x82, 0x7A, 0x9D, 0xAB, 0x8F, 0x8D, 0x98, 0x8A, 0x84, 0x7B, 0x52,
    0x6D, 0x5D, 0x4F, 0x51, 0x5E, 0x4F, 0x31, 0x36, 0x3E, 0x53, 0x40, 0x3C, 0x37, 0x60, 0x54, 0x42,
    0x3C, 0x49, 0x37, 0x26, 0x40, 0x3C, 0x4A, 0x40, 0x3B, 0x2B, 0x19, 0x21, 0x20, 0x31, 0x40, 0x16,
    0x12, 0x1B, 0x26, 0x32, 0x11, 0x0D, 0x11, 0x1C, 0x13, 0x13, 0x11, 0x11, 0x0C, 0x0C, 0x11, 0x0D,
    0x07, 0x07, 0x0C, 0x0D, 0x0D, 0x0C, 0x0C, 0x0D, 0x07, 0x0C, 0x0D, 0x0D, 0x0C, 0x0C, 0x0C, 0x07,
    0x0C, 0x0C, 0x0D, 0x11, 0x0C, 0x07, 0x07, 0x0D, 0x16, 0x11, 0x0C, 0x0D, 0x0D, 0x0D, 0x0D, 0x11,
    0x0C, 0x0C, 0x0C, 0x10, 0x12, 0x0C, 0x0C, 0x10, 0x16, 0x19, 0x19, 0x16, 0x16, 0x11, 0x13, 0x1F,
    0x32, 0x40, 0x40, 0x26, 0x26, 0x37, 0x3C, 0x34, 0x5E, 0x56, 0x42, 0x37, 0x4F, 0x52, 0x6F, 0x3C,
    0x2A, 0x37, 0x3B, 0x34, 0x4C, 0x48, 0x44, 0x21, 0x25, 0x48, 0x4C, 0x4E, 0x3E, 0x47, 0x79, 0x6B,
    0x6B, 0x69, 0x7F, 0x80, 0x61, 0x8F, 0x9E, 0xB6, 0x8D, 0x7F, 0x7F, 0x7A, 0x7D, 0x7E, 0xA3, 0xB2,
    0x7E, 0x7F, 0x80, 0xAF, 0xAF, 0x76, 0x6B, 0x8A, 0x98, 0x9E, 0xA0, 0xAD, 0x9A, 0x52, 0x60, 0x7F,
    0xAB, 0x84, 0x8D, 0x87, 0xAB, 0xC2, 0xA0, 0xAF, 0xC1, 0xAD, 0xB7, 0xD3, 0xD6, 0xCF, 0xD6, 0xC5,
    0xCD, 0xC2, 0xC5, 0xB7, 0xCD, 0xD6, 0xCF, 0xC5, 0xD6, 0xCF, 0xDA, 0xDA, 0xCE, 0xC7, 0xDA, 0xD6,
    0xCF, 0xD6, 0xC9, 0xD5, 0xC7, 0xCF, 0xE3, 0xCF, 0xCF, 0xD6, 0xE3, 0xE3, 0xDA, 0xD5, 0xDD, 0xE6,
    0xDA, 0xE3, 0xEB, 0xF8, 0xF0, 0xD6, 0xDB, 0xFF, 0x2C, 0x59, 0x57, 0xE6, 0xEB, 0xE0, 0xF4, 0xFA,
    0x00, 0x00, 0x00, 0x00, 0x00, 0x00, 0x00, 0x00, 0x00, 0x00, 0x00, 0x00, 0x00, 0x00, 0x00, 0x00,
    0x00, 0x00, 0x00, 0x00, 0x00, 0x00, 0x00, 0x00, 0x00, 0x00, 0x00, 0x00, 0x00, 0x00, 0x00, 0x00,
    0x00, 0x00, 0x00, 0x00, 0x00, 0x00, 0x00, 0x00, 0x00, 0x00, 0x00, 0x00, 0x00, 0x00, 0x00, 0x00,
    0x00, 0x00, 0x00, 0x00, 0x00, 0x00, 0x00, 0x00, 0x00, 0x00, 0x00, 0x00, 0x00, 0x00, 0x00, 0x00,
    0x00, 0x00, 0x00, 0x00, 0x00, 0x00, 0x00, 0x00, 0x00, 0x00, 0x00, 0x00, 0x00, 0x00, 0x00, 0x00,
    0x00, 0x00, 0x00, 0x00, 0x00, 0x00, 0x00, 0x00, 0x00, 0x00, 0x00, 0x00, 0x00, 0x00, 0x00, 0x00,
    0x00, 0x00, 0x00, 0x00, 0x00, 0x00, 0x00, 0x00, 0x00, 0x00, 0x00, 0x00, 0x00, 0x00, 0x00, 0x00,
    0x00, 0x00, 0x00, 0x00, 0x00, 0x00, 0x00, 0x00, 0x00, 0x00, 0x00, 0x00, 0x00, 0x00, 0x00, 0x00,
    0x00, 0x00, 0x00, 0x00, 0x00, 0x00, 0x00, 0x00, 0x00, 0x00, 0x00, 0x00, 0x00, 0x00, 0x00, 0x00,
    0x00, 0x00, 0x00, 0x00, 0x00, 0x00, 0x00, 0x00, 0x00, 0x00, 0x00, 0x00, 0x00, 0x00, 0x00, 0x00,
    0x00, 0x00, 0x00, 0x00, 0x00, 0x00, 0x00, 0x00, 0x00, 0x00, 0x00, 0x00, 0x00, 0x00, 0x00, 0x00,
    0x00, 0x00, 0x00, 0x00, 0x00, 0x00, 0x00, 0x00, 0x00, 0x00, 0x00, 0x00, 0x00, 0x00, 0x00, 0x00,
    0xF4, 0xE3, 0xEB, 0xFD, 0xEF, 0x57, 0x58, 0x57, 0xFD, 0xDB, 0xDC, 0xF3, 0xE6, 0xE6, 0xDA, 0xDD,
    0xE3, 0xE6, 0xDB, 0xDC, 0xEB, 0xE7, 0xEB, 0xE3, 0xD6, 0xDF, 0xC5, 0xD6, 0xE3, 0xD6, 0xE3, 0xE3,
    0xE3, 0xDA, 0xCF, 0xDA, 0xD6, 0xD6, 0xCF, 0xD6, 0xE3, 0xE0, 0xE0, 0xC5, 0xC2, 0xB9, 0xB5, 0xB7,
    0xC2, 0xCE, 0xCF, 0xB9, 0xBC, 0xBC, 0xAD, 0xC1, 0xB9, 0xB3, 0xA0, 0xB9, 0xB2, 0xB7, 0xA4, 0x9A,
    0x6C, 0x60, 0x7F, 0x96, 0x96, 0xBE, 0x9E, 0xA2, 0x90, 0x8D, 0xA4, 0xA3, 0x97, 0x98, 0xB1, 0xBE,
    0xAF, 0x9E, 0x6A, 0x7F, 0x84, 0x7A, 0x7A, 0x96, 0xA9, 0x9E, 0x98, 0x72, 0x65, 0x6F, 0x8E, 0x6A,
    0x53, 0x7A, 0x72, 0x76, 0x43, 0x48, 0x48, 0x20, 0x50, 0x53, 0x3E, 0x66, 0x49, 0x5E, 0x44, 0x40,
    0x43, 0x40, 0x2F, 0x22, 0x47, 0x4B, 0x54, 0x42, 0x29, 0x23, 0x21, 0x1C, 0x25, 0x31, 0x28, 0x26,
    0x1C, 0x20, 0x13, 0x16, 0x1D, 0x16, 0x16, 0x1F, 0x20, 0x1C, 0x13, 0x10, 0x0D, 0x0C, 0x13, 0x0C,
    0x10, 0x13, 0x0D, 0x0D, 0x0D, 0x0C, 0x10, 0x0D, 0x07, 0x0C, 0x13, 0x13, 0x10, 0x0C, 0x07, 0x07,
    0x07, 0x0C, 0x0C, 0x0D, 0x10, 0x0C, 0x0D, 0x0D, 0x0D, 0x11, 0x11, 0x0D, 0x11, 0x16, 0x16, 0x13,
    0x10, 0x0C, 0x07, 0x15, 0x10, 0x12, 0x1D, 0x15, 0x1C, 0x19, 0x21, 0x16, 0x21, 0x13, 0x13, 0x2B,
    0x45, 0x45, 0x41, 0x3C, 0x3C, 0x35, 0x34, 0x3A, 0x4D, 0x5E, 0x4F, 0x4B, 0x40, 0x45, 0x4F, 0x56,
    0x43, 0x43, 0x49, 0x4B, 0x54, 0x35, 0x35, 0x2A, 0x1B, 0x31, 0x4A, 0x63, 0x7A, 0x5C, 0x5C, 0x54,
    0x69, 0x69, 0x8D, 0x6E, 0x80, 0xB5, 0xAB, 0x9D, 0x6E, 0x6E, 0x7B, 0x7B, 0x7B, 0x7A, 0x97, 0xA2,
    0x9F, 0x8D, 0x71, 0x7E, 0x8E, 0xA1, 0x80, 0x9A, 0xAD, 0xB7, 0xAC, 0x84, 0x80, 0x75, 0x4B, 0x7F,
    0x90, 0xAB, 0xAD, 0xA4, 0xAB, 0xA4, 0xA0, 0xA1, 0xB0, 0xC9, 0xBC, 0xCE, 0xCF, 0xD6, 0xCC, 0xBA,
    0xBA, 0xBD, 0xBD, 0xB7, 0xB9, 0xC9, 0xD5, 0xCE, 0xCC, 0xBC, 0xC7, 0xD6, 0xD6, 0xCF, 0xDA, 0xDA,
    0xE0, 0xDA, 0xC7, 0xD2, 0xAF, 0xC5, 0xE0, 0xDA, 0xE3, 0xDA, 0xDF, 0xD6, 0xDA, 0xDA, 0xDA, 0xE3,
    0xE6, 0xF3, 0xF8, 0xEB, 0xF3, 0xE3, 0xE6, 0xFF, 0x57, 0x62, 0x57, 0xEF, 0xF4, 0xE6, 0xF1, 0xF9,
    0x00, 0x00, 0x00, 0x00, 0x00, 0x00, 0x00, 0x00, 0x00, 0x00, 0x00, 0x00, 0x00, 0x00, 0x00, 0x00,
    0x00, 0x00, 0x00, 0x00, 0x00, 0x00, 0x00, 0x00, 0x00, 0x00, 0x00, 0x00, 0x00, 0x00, 0x00, 0x00,
    0x00, 0x00, 0x00, 0x00, 0x00, 0x00, 0x00, 0x00, 0x00, 0x00, 0x00, 0x00, 0x00, 0x00, 0x00, 0x00,
    0x00, 0x00, 0x00, 0x00, 0x00, 0x00, 0x00, 0x00, 0x00, 0x00, 0x00, 0x00, 0x00, 0x00, 0x00, 0x00,
    0x00, 0x00, 0x00, 0x00, 0x00, 0x00, 0x00, 0x00, 0x00, 0x00, 0x00, 0x00, 0x00, 0x00, 0x00, 0x00,
    0x00, 0x00, 0x00, 0x00, 0x00, 0x00, 0x00, 0x00, 0x00, 0x00, 0x00, 0x00, 0x00, 0x00, 0x00, 0x00,
    0x00, 0x00, 0x00, 0x00, 0x00, 0x00, 0x00, 0x00, 0x00, 0x00, 0x00, 0x00, 0x00, 0x00, 0x00, 0x00,
    0x00, 0x00, 0x00, 0x00, 0x00, 0x00, 0x00, 0x00, 0x00, 0x00, 0x00, 0x00, 0x00, 0x00, 0x00, 0x00,
    0x00, 0x00, 0x00, 0x00, 0x00, 0x00, 0x00, 0x00, 0x00, 0x00, 0x00, 0x00, 0x00, 0x00, 0x00, 0x00,
    0x00, 0x00, 0x00, 0x00, 0x00, 0x00, 0x00, 0x00, 0x00, 0x00, 0x00, 0x00, 0x00, 0x00, 0x00, 0x00,
    0x00, 0x00, 0x00, 0x00, 0x00, 0x00, 0x00, 0x00, 0x00, 0x00, 0x00, 0x00, 0x00, 0x00, 0x00, 0x00,
    0x00, 0x00, 0x00, 0x00, 0x00, 0x00, 0x00, 0x00, 0x00, 0x00, 0x00, 0x00, 0x00, 0x00, 0x00, 0x00,
    0xFB, 0xE9, 0xEB, 0xF8, 0xF2, 0x2D, 0x57, 0x2D, 0xFF, 0xE3, 0xE0, 0xF4, 0xFA, 0xEF, 0xDC, 0xE6,
    0xDA, 0xE6, 0xE6, 0xD1, 0xDF, 0xEB, 0xE0, 0xD4, 0xE0, 0xDF, 0xCF, 0xE0, 0xE7, 0xDE, 0xE3, 0xEB,
    0xE3, 0xD6, 0xDF, 0xE3, 0xD6, 0xC7, 0xCF, 0xD6, 0xD6, 0xD6, 0xD6, 0xC2, 0xB9, 0xBC, 0xC5, 0xCD,
    0xCF, 0xC0, 0xC2, 0xD2, 0xCE, 0xB7, 0xAB, 0xB7, 0xC1, 0xB3, 0x89, 0x9A, 0xC2, 0xB9, 0x97, 0x8E,
    0x8C, 0x6A, 0x96, 0x98, 0x96, 0xB3, 0xBF, 0xA3, 0x98, 0xAB, 0xB2, 0xB6, 0x9E, 0x9E, 0xA3, 0x90,
    0x81, 0x8A, 0x8B, 0x7C, 0x90, 0x9F, 0xA4, 0xA2, 0x85, 0xB6, 0xA3, 0x7A, 0x7F, 0x76, 0x7B, 0x7E,
    0x4B, 0x5D, 0x7B, 0x4B, 0x3C, 0x54, 0x44, 0x1F, 0x52, 0x5D, 0x4A, 0x7A, 0x66, 0x5A, 0x48, 0x48,
    0x51, 0x36, 0x35, 0x4B, 0x43, 0x4B, 0x47, 0x40, 0x31, 0x25, 0x27, 0x31, 0x3C, 0x35, 0x1F, 0x2A,
    0x37, 0x15, 0x10, 0x16, 0x21, 0x25, 0x11, 0x11, 0x1C, 0x1C, 0x10, 0x12, 0x0C, 0x0C, 0x10, 0x10,
    0x13, 0x15, 0x12, 0x0C, 0x10, 0x10, 0x0C, 0x0C, 0x0C, 0x0C, 0x07, 0x0C, 0x0C, 0x0C, 0x07, 0x0C,
    0x0C, 0x12, 0x12, 0x0C, 0x0C, 0x19, 0x0C, 0x0C, 0x0D, 0x11, 0x13, 0x0C, 0x0D, 0x16, 0x16, 0x12,
    0x10, 0x10, 0x07, 0x13, 0x13, 0x15, 0x1C, 0x1F, 0x16, 0x16, 0x1F, 0x1C, 0x1B, 0x15, 0x19, 0x21,
    0x21, 0x32, 0x1F, 0x36, 0x3E, 0x43, 0x4F, 0x6E, 0x51, 0x51, 0x80, 0x5E, 0x37, 0x33, 0x56, 0x60,
    0x4B, 0x25, 0x4D, 0x60, 0x31, 0x25, 0x35, 0x27, 0x1C, 0x40, 0x4D, 0x4D, 0x84, 0x6D, 0x5C, 0x5D,
    0x6B, 0x7C, 0x6E, 0x7F, 0x8F, 0xAB, 0x9E, 0x7E, 0x82, 0x71, 0x7C, 0x9F, 0x98, 0x9F, 0x8D, 0x7E,
    0xA6, 0x92, 0x8D, 0x72, 0x8A, 0xAB, 0x9F, 0x76, 0x9A, 0xAF, 0x98, 0x7B, 0x8D, 0x6F, 0x52, 0x82,
    0x85, 0x9F, 0xB9, 0xB6, 0xAD, 0xA0, 0xBC, 0xB9, 0xB9, 0xBA, 0xC7, 0xC2, 0xCE, 0xC2, 0xB9, 0xB9,
    0xBF, 0xC2, 0xC5, 0xC2, 0xCC, 0xC5, 0xCF, 0xDA, 0xC5, 0xC7, 0xCE, 0xD6, 0xD2, 0xC7, 0xC7, 0xE3,
    0xD5, 0xC6, 0xD3, 0xD2, 0xB7, 0xCE, 0xE3, 0xD3, 0xEB, 0xEB, 0xE0, 0xD2, 0xDA, 0xD6, 0xE7, 0xE3,
    0xF0, 0xF4, 0xE6, 0xDA, 0xEB, 0xF9, 0xF5, 0xFF, 0x2C, 0x59, 0x58, 0xE2, 0xF0, 0xF9, 0xF0, 0xF0,
    0x00, 0x00, 0x00, 0x00, 0x00, 0x00, 0x00, 0x00, 0x00, 0x00, 0x00, 0x00, 0x00, 0x00, 0x00, 0x00,
    0x00, 0x00, 0x00, 0x00, 0x00, 0x00, 0x00, 0x00, 0x00, 0x00, 0x00, 0x00, 0x00, 0x00, 0x00, 0x00,
    0x00, 0x00, 0x00, 0x00, 0x00, 0x00, 0x00, 0x00, 0x00, 0x00, 0x00, 0x00, 0x00, 0x00, 0x00, 0x00,
    0x00, 0x00, 0x00, 0x00, 0x00, 0x00, 0x00, 0x00, 0x00, 0x00, 0x00, 0x00, 0x00, 0x00, 0x00, 0x00,
    0x00, 0x00, 0x00, 0x00, 0x00, 0x00, 0x00, 0x00, 0x00, 0x00, 0x00, 0x00, 0x00, 0x00, 0x00, 0x00,
    0x00, 0x00, 0x00, 0x00, 0x00, 0x00, 0x00, 0x00, 0x00, 0x00, 0x00, 0x00, 0x00, 0x00, 0x00, 0x00,
    0x00, 0x00, 0x00, 0x00, 0x00, 0x00, 0x00, 0x00, 0x00, 0x00, 0x00, 0x00, 0x00, 0x00, 0x00, 0x00,
    0x00, 0x00, 0x00, 0x00, 0x00, 0x00, 0x00, 0x00, 0x00, 0x00, 0x00, 0x00, 0x00, 0x00, 0x00, 0x00,
    0x00, 0x00, 0x00, 0x00, 0x00, 0x00, 0x00, 0x00, 0x00, 0x00, 0x00, 0x00, 0x00, 0x00, 0x00, 0x00,
    0x00, 0x00, 0x00, 0x00, 0x00, 0x00, 0x00, 0x00, 0x00, 0x00, 0x00, 0x00, 0x00, 0x00, 0x00, 0x00,
    0x00, 0x00, 0x00, 0x00, 0x00, 0x00, 0x00, 0x00, 0x00, 0x00, 0x00, 0x00, 0x00, 0x00, 0x00, 0x00,
    0x00, 0x00, 0x00, 0x00, 0x00, 0x00, 0x00, 0x00, 0x00, 0x00, 0x00, 0x00, 0x00, 0x00, 0x00, 0x00,
    0xFB, 0xF9, 0xE6, 0xEA, 0xDB, 0x57, 0x58, 0x57, 0xFE, 0xE6, 0xE3, 0xF1, 0xF8, 0xE6, 0xEF, 0xE3,
    0xDA, 0xE6, 0xF3, 0xF0, 0xD2, 0xE3, 0xD4, 0xD6, 0xDA, 0xE0, 0xE3, 0xE3, 0xD6, 0xCF, 0xCF, 0xE0,
    0xCF, 0xD6, 0xE9, 0xD6, 0xDA, 0xD6, 0xD2, 0xCF, 0xC5, 0xC2, 0xC2, 0xCF, 0xCC, 0xCE, 0xCE, 0xDC,
    0xCF, 0xB9, 0xC1, 0xC5, 0xC2, 0xCD, 0xB7, 0xB1, 0xC2, 0xC7, 0xA7, 0x8D, 0xBE, 0xA9, 0x97, 0x84,
    0x9F, 0xAD, 0xA9, 0x96, 0x97, 0x97, 0xA3, 0x97, 0xAD, 0xAD, 0xAB, 0xB6, 0xB7, 0xB7, 0x90, 0x6D,
    0x7A, 0x97, 0xA0, 0xA0, 0xA3, 0xAD, 0xB9, 0xB2, 0x8F, 0x8F, 0x88, 0x9D, 0x84, 0x7B, 0x90, 0xA9,
    0x80, 0x42, 0x4B, 0x47, 0x3E, 0x4A, 0x64, 0x64, 0x53, 0x49, 0x47, 0x4A, 0x4C, 0x3E, 0x53, 0x5C,
    0x4D, 0x43, 0x31, 0x49, 0x47, 0x29, 0x25, 0x29, 0x27, 0x31, 0x31, 0x3B, 0x48, 0x29, 0x20, 0x21,
    0x21, 0x1F, 0x1C, 0x16, 0x2A, 0x32, 0x1C, 0x10, 0x16, 0x12, 0x0C, 0x0C, 0x14, 0x15, 0x12, 0x10,
    0x0C, 0x10, 0x0C, 0x10, 0x15, 0x11, 0x13, 0x0C, 0x0D, 0x0D, 0x07, 0x07, 0x0C, 0x0C, 0x0C, 0x0C,
    0x12, 0x11, 0x10, 0x0C, 0x10, 0x0C, 0x13, 0x13, 0x0D, 0x0D, 0x16, 0x11, 0x0C, 0x12, 0x10, 0x0C,
    0x10, 0x15, 0x15, 0x15, 0x13, 0x13, 0x10, 0x12, 0x13, 0x16, 0x20, 0x27, 0x1F, 0x1C, 0x28, 0x1C,
    0x1B, 0x1F, 0x31, 0x34, 0x44, 0x4B, 0x60, 0x52, 0x4B, 0x3C, 0x4F, 0x4F, 0x60, 0x45, 0x43, 0x6A,
    0x6F, 0x47, 0x34, 0x3D, 0x25, 0x25, 0x29, 0x54, 0x67, 0x4C, 0x48, 0x40, 0x4E, 0x66, 0x5D, 0x7F,
    0x7C, 0x8D, 0x8A, 0x7C, 0x90, 0x82, 0x7B, 0x7E, 0x90, 0x8E, 0x9F, 0x97, 0xAD, 0xAD, 0x8E, 0x7B,
    0x84, 0x90, 0x9E, 0x8D, 0x8D, 0xAD, 0xC2, 0x92, 0x80, 0x9F, 0x7E, 0x7F, 0x81, 0x8F, 0x90, 0x96,
    0x90, 0x7E, 0x9E, 0xA4, 0x92, 0xB9, 0xC5, 0xC2, 0xC2, 0xAD, 0xC5, 0xC2, 0xB9, 0xAD, 0xBF, 0xC5,
    0xCD, 0xC7, 0xCC, 0xCF, 0xC9, 0xC5, 0xC5, 0xC5, 0xC7, 0xD2, 0xCC, 0xCF, 0xDC, 0xDB, 0xC3, 0xD2,
    0xC9, 0xBC, 0xC7, 0xD3, 0xE3, 0xE3, 0xDA, 0xCF, 0xCF, 0xEB, 0xDA, 0xE6, 0xEB, 0xE0, 0xEB, 0xF4,
    0xF0, 0xDD, 0xDC, 0xF0, 0xE3, 0xEF, 0xF1, 0xFF, 0x2C, 0x57, 0x58, 0xE6, 0xEA, 0xF3, 0xF4, 0xF4,
    0x00, 0x00, 0x00, 0x00, 0x00, 0x00, 0x00, 0x00, 0x00, 0x00, 0x00, 0x00, 0x00, 0x00, 0x00, 0x00,
    0x00, 0x00, 0x00, 0x00, 0x00, 0x00, 0x00, 0x00, 0x00, 0x00, 0x00, 0x00, 0x00, 0x00, 0x00, 0x00,
    0x00, 0x00, 0x00, 0x00, 0x00, 0x00, 0x00, 0x00, 0x00, 0x00, 0x00, 0x00, 0x00, 0x00, 0x00, 0x00,
    0x00, 0x00, 0x00, 0x00, 0x00, 0x00, 0x00, 0x00, 0x00, 0x00, 0x00, 0x00, 0x00, 0x00, 0x00, 0x00,
    0x00, 0x00, 0x00, 0x00, 0x00, 0x00, 0x00, 0x00, 0x00, 0x00, 0x00, 0x00, 0x00, 0x00, 0x00, 0x00,
    0x00, 0x00, 0x00, 0x00, 0x00, 0x00, 0x00, 0x00, 0x00, 0x00, 0x00, 0x00, 0x00, 0x00, 0x00, 0x00,
    0x00, 0x00, 0x00, 0x00, 0x00, 0x00, 0x00, 0x00, 0x00, 0x00, 0x00, 0x00, 0x00, 0x00, 0x00, 0x00,
    0x00, 0x00, 0x00, 0x00, 0x00, 0x00, 0x00, 0x00, 0x00, 0x00, 0x00, 0x00, 0x00, 0x00, 0x00, 0x00,
    0x00, 0x00, 0x00, 0x00, 0x00, 0x00, 0x00, 0x00, 0x00, 0x00, 0x00, 0x00, 0x00, 0x00, 0x00, 0x00,
    0x00, 0x00, 0x00, 0x00, 0x00, 0x00, 0x00, 0x00, 0x00, 0x00, 0x00, 0x00, 0x00, 0x00, 0x00, 0x00,
    0x00, 0x00, 0x00, 0x00, 0x00, 0x00, 0x00, 0x00, 0x00, 0x00, 0x00, 0x00, 0x00, 0x00, 0x00, 0x00,
    0x00, 0x00, 0x00, 0x00, 0x00, 0x00, 0x00, 0x00, 0x00, 0x00, 0x00, 0x00, 0x00, 0x00, 0x00, 0x00,
    0xFB, 0xF9, 0xE3, 0xE0, 0xDB, 0x58, 0x58, 0x57, 0xFE, 0xE6, 0xDE, 0xE0, 0xEA, 0xE3, 0xF1, 0xE3,
    0xD6, 0xE0, 0xF8, 0xF8, 0xE6, 0xD8, 0xE7, 0xE6, 0xD6, 0xDE, 0xDA, 0xD6, 0xCF, 0xE2, 0xE3, 0xDA,
    0xD2, 0xE0, 0xDC, 0xCE, 0xD2, 0xD3, 0xD2, 0xCF, 0xB9, 0xC5, 0xC4, 0xC5, 0xC5, 0xC5, 0xC5, 0xCE,
    0xC5, 0xB9, 0xC5, 0xB2, 0xB7, 0xC2, 0xB6, 0xB2, 0xB2, 0xCD, 0xCF, 0xB2, 0x8D, 0xA9, 0xB2, 0x98,
    0x98, 0xAB, 0xA3, 0x9E, 0xB7, 0xC2, 0xAB, 0x98, 0xAF, 0x9F, 0x8F, 0xA3, 0x87, 0x97, 0x90, 0x7E,
    0x8F, 0x8F, 0x8D, 0x8F, 0x98, 0x8D, 0xAB, 0x88, 0xAB, 0x7F, 0x79, 0x9D, 0x79, 0x6E, 0x8F, 0xB6,
    0x9F, 0x45, 0x41, 0x7B, 0x6E, 0x4E, 0x63, 0x64, 0x4B, 0x47, 0x64, 0x4C, 0x44, 0x4D, 0x6E, 0x3E,
    0x29, 0x43, 0x36, 0x3A, 0x29, 0x23, 0x25, 0x15, 0x21, 0x20, 0x29, 0x25, 0x31, 0x25, 0x25, 0x15,
    0x14, 0x20, 0x13, 0x12, 0x1C, 0x26, 0x25, 0x13, 0x10, 0x1B, 0x16, 0x13, 0x15, 0x15, 0x10, 0x12,
    0x10, 0x13, 0x13, 0x1B, 0x15, 0x10, 0x13, 0x10, 0x0D, 0x10, 0x0C, 0x0C, 0x0C, 0x10, 0x10, 0x0C,
    0x0D, 0x12, 0x0C, 0x10, 0x0C, 0x07, 0x10, 0x10, 0x07, 0x0C, 0x16, 0x19, 0x13, 0x0C, 0x12, 0x12,
    0x13, 0x13, 0x16, 0x13, 0x15, 0x21, 0x21, 0x15, 0x1B, 0x25, 0x1B, 0x1E, 0x1E, 0x1B, 0x25, 0x15,
    0x1B, 0x1F, 0x20, 0x28, 0x2B, 0x40, 0x37, 0x37, 0x3C, 0x4B, 0x28, 0x35, 0x51, 0x49, 0x3C, 0x60,
    0x74, 0x76, 0x3C, 0x2B, 0x5E, 0x49, 0x3B, 0x4B, 0x6E, 0x5C, 0x4C, 0x6E, 0x6A, 0x5D, 0x7E, 0x90,
    0x7A, 0x66, 0x7E, 0x5E, 0x80, 0x7A, 0x7C, 0x7E, 0x6A, 0x7F, 0x97, 0x8F, 0x90, 0x84, 0x7B, 0x90,
    0x6D, 0x70, 0x85, 0x81, 0x7D, 0x9D, 0xB7, 0xB7, 0x7C, 0x7B, 0xAD, 0xAB, 0x9D, 0x9D, 0xA3, 0x97,
    0x8E, 0x9F, 0xA4, 0xA6, 0xB2, 0xCD, 0xB7, 0xB5, 0xC2, 0xB6, 0xBE, 0xAF, 0x98, 0xB7, 0xC5, 0xC5,
    0xC2, 0xBC, 0xB9, 0xC5, 0xC0, 0xC5, 0xC5, 0xB3, 0xB7, 0xC9, 0xC0, 0xC9, 0xDC, 0xE6, 0xDA, 0xBC,
    0xCF, 0xDF, 0xDA, 0xDA, 0xDA, 0xDA, 0xDC, 0xE3, 0xDA, 0xDA, 0xE6, 0xF4, 0xEB, 0xDF, 0xD6, 0xDB,
    0xEF, 0xEF, 0xE3, 0xDD, 0xF0, 0xF4, 0xF1, 0xFF, 0x2C, 0x58, 0x57, 0xEF, 0xF0, 0xE0, 0xF4, 0xFB,
    0x00, 0x00, 0x00, 0x00, 0x00, 0x00, 0x00, 0x00, 0x00, 0x00, 0x00, 0x00, 0x00, 0x00, 0x00, 0x00,
    0x00, 0x00, 0x00, 0x00, 0x00, 0x00, 0x00, 0x00, 0x00, 0x00, 0x00, 0x00, 0x00, 0x00, 0x00, 0x00,
    0x00, 0x00, 0x00, 0x00, 0x00, 0x00, 0x00, 0x00, 0x00, 0x00, 0x00, 0x00, 0x00, 0x00, 0x00, 0x00,
    0x00, 0x00, 0x00, 0x00, 0x00, 0x00, 0x00, 0x00, 0x00, 0x00, 0x00, 0x00, 0x00, 0x00, 0x00, 0x00,
    0x00, 0x00, 0x00, 0x00, 0x00, 0x00, 0x00, 0x00, 0x00, 0x00, 0x00, 0x00, 0x00, 0x00, 0x00, 0x00,
    0x00, 0x00, 0x00, 0x00, 0x00, 0x00, 0x00, 0x00, 0x00, 0x00, 0x00, 0x00, 0x00, 0x00, 0x00, 0x00,
    0x00, 0x00, 0x00, 0x00, 0x00, 0x00, 0x00, 0x00, 0x00, 0x00, 0x00, 0x00, 0x00, 0x00, 0x00, 0x00,
    0x00, 0x00, 0x00, 0x00, 0x00, 0x00, 0x00, 0x00, 0x00, 0x00, 0x00, 0x00, 0x00, 0x00, 0x00, 0x00,
    0x00, 0x00, 0x00, 0x00, 0x00, 0x00, 0x00, 0x00, 0x00, 0x00, 0x00, 0x00, 0x00, 0x00, 0x00, 0x00,
    0x00, 0x00, 0x00, 0x00, 0x00, 0x00, 0x00, 0x00, 0x00, 0x00, 0x00, 0x00, 0x00, 0x00, 0x00, 0x00,
    0x00, 0x00, 0x00, 0x00, 0x00, 0x00, 0x00, 0x00, 0x00, 0x00, 0x00, 0x00, 0x00, 0x00, 0x00, 0x00,
    0x00, 0x00, 0x00, 0x00, 0x00, 0x00, 0x00, 0x00, 0x00, 0x00, 0x00, 0x00, 0x00, 0x00, 0x00, 0x00,
    0xF9, 0xE3, 0xDF, 0xE9, 0xDB, 0x57, 0x57, 0x2D, 0xFE, 0xDB, 0xDC, 0xD6, 0xE3, 0xDA, 0xE6, 0xEA,
    0xE3, 0xDF, 0xD6, 0xE3, 0xEB, 0xE6, 0xE6, 0xDB, 0xDA, 0xE3, 0xD2, 0xC8, 0xC6, 0xC7, 0xCF, 0xCF,
    0xE3, 0xDE, 0xD6, 0xCF, 0xC3, 0xCF, 0xCF, 0xC5, 0xBC, 0xDA, 0xBC, 0xB9, 0xBD, 0xAF, 0xAF, 0xC1,
    0xA0, 0x9A, 0xC2, 0xB7, 0xB7, 0xB9, 0xB7, 0xC5, 0xB2, 0xA3, 0xAB, 0xC2, 0xB7, 0xC0, 0xB6, 0xAB,
    0xAD, 0xA4, 0x9A, 0x84, 0x98, 0xAB, 0x9F, 0xB6, 0x9F, 0x90, 0x7A, 0x85, 0x7B, 0x7F, 0x90, 0x9F,
    0xAB, 0x6E, 0x6F, 0x80, 0x6B, 0x8D, 0x97, 0x6D, 0x7E, 0x7E, 0x6D, 0x88, 0x96, 0x88, 0x7E, 0x67,
    0x72, 0x75, 0x61, 0x6B, 0x60, 0x64, 0x54, 0x51, 0x45, 0x37, 0x4B, 0x5C, 0x42, 0x4D, 0x4A, 0x3B,
    0x1E, 0x29, 0x4D, 0x34, 0x1E, 0x25, 0x20, 0x14, 0x25, 0x1F, 0x16, 0x1F, 0x25, 0x14, 0x1B, 0x14,
    0x13, 0x1E, 0x14, 0x23, 0x1F, 0x14, 0x16, 0x15, 0x13, 0x1E, 0x1C, 0x16, 0x16, 0x13, 0x0C, 0x0D,
    0x10, 0x0C, 0x10, 0x14, 0x13, 0x0C, 0x0C, 0x13, 0x0C, 0x0C, 0x0C, 0x10, 0x0C, 0x0C, 0x0C, 0x07,
    0x0C, 0x10, 0x07, 0x0C, 0x0C, 0x0C, 0x0C, 0x10, 0x10, 0x13, 0x10, 0x10, 0x15, 0x10, 0x16, 0x15,
    0x15, 0x15, 0x13, 0x0C, 0x13, 0x12, 0x10, 0x13, 0x20, 0x21, 0x13, 0x12, 0x1C, 0x15, 0x1B, 0x1C,
    0x21, 0x1B, 0x14, 0x25, 0x1C, 0x19, 0x2A, 0x29, 0x1B, 0x3C, 0x37, 0x25, 0x47, 0x4B, 0x4B, 0x45,
    0x45, 0x56, 0x69, 0x56, 0x52, 0x4B, 0x51, 0x53, 0x54, 0x51, 0x4D, 0x64, 0x67, 0x71, 0x81, 0x84,
    0x6E, 0x44, 0x64, 0x75, 0x8D, 0x64, 0x75, 0x84, 0x52, 0x6E, 0x6F, 0x6A, 0x7B, 0x72, 0x4C, 0x7B,
    0x7E, 0x66, 0x8D, 0x88, 0x96, 0xAB, 0x96, 0x8E, 0xA0, 0x8D, 0xA9, 0x9E, 0x9E, 0xAD, 0x9A, 0x8E,
    0x8A, 0x8A, 0x90, 0xA9, 0xC2, 0xC9, 0xAB, 0x96, 0xAD, 0xAB, 0xB1, 0xB7, 0xA2, 0xBF, 0xAB, 0xAD,
    0xB9, 0xA1, 0xAF, 0xBC, 0xAD, 0xAB, 0xB9, 0xAB, 0xAB, 0xCE, 0xC2, 0xCE, 0xBC, 0xC5, 0xDF, 0xD2,
    0xDA, 0xDA, 0xD3, 0xE3, 0xD2, 0xCC, 0xCF, 0xDA, 0xDF, 0xDA, 0xF4, 0xEF, 0xF0, 0xD6, 0xD2, 0xD8,
    0xDB, 0xF0, 0xDC, 0xDA, 0xF4, 0xF4, 0xDD, 0xFF, 0x2C, 0x59, 0x58, 0xE6, 0xEA, 0xE0, 0xE6, 0xFB,
    0x00, 0x00, 0x00, 0x00, 0x00, 0x00, 0x00, 0x00, 0x00, 0x00, 0x00, 0x00, 0x00, 0x00, 0x00, 0x00,
    0x00, 0x00, 0x00, 0x00, 0x00, 0x00, 0x00, 0x00, 0x00, 0x00, 0x00, 0x00, 0x00, 0x00, 0x00, 0x00,
    0x00, 0x00, 0x00, 0x00, 0x00, 0x00, 0x00, 0x00, 0x00, 0x00, 0x00, 0x00, 0x00, 0x00, 0x00, 0x00,
    0x00, 0x00, 0x00, 0x00, 0x00, 0x00, 0x00, 0x00, 0x00, 0x00, 0x00, 0x00, 0x00, 0x00, 0x00, 0x00,
    0x00, 0x00, 0x00, 0x00, 0x00, 0x00, 0x00, 0x00, 0x00, 0x00, 0x00, 0x00, 0x00, 0x00, 0x00, 0x00,
    0x00, 0x00, 0x00, 0x00, 0x00, 0x00, 0x00, 0x00, 0x00, 0x00, 0x00, 0x00, 0x00, 0x00, 0x00, 0x00,
    0x00, 0x00, 0x00, 0x00, 0x00, 0x00, 0x00, 0x00, 0x00, 0x00, 0x00, 0x00, 0x00, 0x00, 0x00, 0x00,
    0x00, 0x00, 0x00, 0x00, 0x00, 0x00, 0x00, 0x00, 0x00, 0x00, 0x00, 0x00, 0x00, 0x00, 0x00, 0x00,
    0x00, 0x00, 0x00, 0x00, 0x00, 0x00, 0x00, 0x00, 0x00, 0x00, 0x00, 0x00, 0x00, 0x00, 0x00, 0x00,
    0x00, 0x00, 0x00, 0x00, 0x00, 0x00, 0x00, 0x00, 0x00, 0x00, 0x00, 0x00, 0x00, 0x00, 0x00, 0x00,
    0x00, 0x00, 0x00, 0x00, 0x00, 0x00, 0x00, 0x00, 0x00, 0x00, 0x00, 0x00, 0x00, 0x00, 0x00, 0x00,
    0x00, 0x00, 0x00, 0x00, 0x00, 0x00, 0x00, 0x00, 0x00, 0x00, 0x00, 0x00, 0x00, 0x00, 0x00, 0x00,
    0xF9, 0xDA, 0xDF, 0xF8, 0xDB, 0x57, 0x57, 0x2D, 0xFF, 0xDB, 0xDD, 0xF0, 0xF3, 0xEA, 0xE6, 0xF4,
    0xF3, 0xE3, 0xD6, 0xDF, 0xEB, 0xE0, 0xE3, 0xE6, 0xE3, 0xD2, 0xCC, 0xC3, 0xC5, 0xCF, 0xD4, 0xE0,
    0xD0, 0xC2, 0xCE, 0xCF, 0xC7, 0xD6, 0xDA, 0xCF, 0xCE, 0xC5, 0xC5, 0xB9, 0xB9, 0xBC, 0xB0, 0xB7,
    0xB9, 0xAF, 0xA0, 0xB3, 0xC5, 0xCC, 0xD2, 0xCE, 0xAB, 0x9E, 0xAB, 0xB6, 0xB9, 0xCE, 0xB6, 0x9E,
    0x92, 0x8E, 0x75, 0x67, 0x8D, 0xAB, 0xA3, 0x85, 0x6E, 0x84, 0x8D, 0x97, 0xA4, 0x84, 0x8E, 0x9A,
    0x90, 0x84, 0x7F, 0x76, 0x74, 0x75, 0x8C, 0x98, 0x7B, 0x51, 0x7D, 0x9D, 0xBF, 0xA0, 0x82, 0x51,
    0x49, 0x65, 0x6F, 0x80, 0x6E, 0x5C, 0x4D, 0x43, 0x26, 0x28, 0x4C, 0x63, 0x4C, 0x29, 0x23, 0x29,
    0x3C, 0x3B, 0x4A, 0x47, 0x31, 0x1E, 0x1E, 0x27, 0x20, 0x21, 0x19, 0x26, 0x21, 0x25, 0x16, 0x10,
    0x1B, 0x23, 0x3C, 0x25, 0x1B, 0x14, 0x13, 0x12, 0x13, 0x20, 0x25, 0x13, 0x0C, 0x0C, 0x0C, 0x0C,
    0x12, 0x13, 0x0C, 0x0C, 0x0C, 0x10, 0x0C, 0x12, 0x13, 0x0C, 0x10, 0x0C, 0x0C, 0x10, 0x0C, 0x0D,
    0x0C, 0x10, 0x12, 0x0C, 0x0C, 0x0C, 0x13, 0x16, 0x21, 0x15, 0x0C, 0x0C, 0x0C, 0x10, 0x1C, 0x1C,
    0x10, 0x10, 0x0D, 0x0C, 0x11, 0x16, 0x1B, 0x14, 0x12, 0x10, 0x13, 0x12, 0x1F, 0x32, 0x15, 0x1E,
    0x1C, 0x1F, 0x25, 0x1E, 0x1C, 0x19, 0x1F, 0x35, 0x3C, 0x21, 0x21, 0x43, 0x6B, 0x8A, 0x8B, 0x56,
    0x2A, 0x2A, 0x5E, 0x60, 0x74, 0x65, 0x47, 0x45, 0x45, 0x39, 0x4A, 0x72, 0x7A, 0x6D, 0x5C, 0x4A,
    0x6E, 0x60, 0x6A, 0x72, 0x7B, 0x90, 0x7F, 0x67, 0x72, 0x6E, 0x6A, 0x76, 0x72, 0x80, 0x90, 0x52,
    0x45, 0x8D, 0x9E, 0xC0, 0xC5, 0x9F, 0x80, 0x7F, 0x92, 0xAD, 0xC0, 0xB5, 0x90, 0x8A, 0x76, 0x6F,
    0x87, 0x9E, 0xB2, 0xA2, 0xB1, 0x96, 0xA3, 0x90, 0xB7, 0xC5, 0xA9, 0xB1, 0xB1, 0xAD, 0xAD, 0xB9,
    0xAD, 0xB9, 0xB0, 0xB7, 0xAD, 0xB9, 0xAF, 0xBF, 0xC5, 0xCF, 0xDC, 0xD2, 0xB9, 0xB9, 0xC5, 0xDC,
    0xE3, 0xDA, 0xD6, 0xCF, 0xCC, 0xC7, 0xC5, 0xD2, 0xE3, 0xE3, 0xDB, 0xC8, 0xDF, 0xD6, 0xDF, 0xE3,
    0xE3, 0xF1, 0xF4, 0xF8, 0xF4, 0xE6, 0xDD, 0xFF, 0x2C, 0x57, 0x58, 0xE2, 0xE3, 0xF0, 0xF9, 0xFB,
    0x00, 0x00, 0x00, 0x00, 0x00, 0x00, 0x00, 0x00, 0x00, 0x00, 0x00, 0x00, 0x00, 0x00, 0x00, 0x00,
    0x00, 0x00, 0x00, 0x00, 0x00, 0x00, 0x00, 0x00, 0x00, 0x00, 0x00, 0x00, 0x00, 0x00, 0x00, 0x00,
    0x00, 0x00, 0x00, 0x00, 0x00, 0x00, 0x00, 0x00, 0x00, 0x00, 0x00, 0x00, 0x00, 0x00, 0x00, 0x00,
    0x00, 0x00, 0x00, 0x00, 0x00, 0x00, 0x00, 0x00, 0x00, 0x00, 0x00, 0x00, 0x00, 0x00, 0x00, 0x00,
    0x00, 0x00, 0x00, 0x00, 0x00, 0x00, 0x00, 0x00, 0x00, 0x00, 0x00, 0x00, 0x00, 0x00, 0x00, 0x00,
    0x00, 0x00, 0x00, 0x00, 0x00, 0x00, 0x00, 0x00, 0x00, 0x00, 0x00, 0x00, 0x00, 0x00, 0x00, 0x00,
    0x00, 0x00, 0x00, 0x00, 0x00, 0x00, 0x00, 0x00, 0x00, 0x00, 0x00, 0x00, 0x00, 0x00, 0x00, 0x00,
    0x00, 0x00, 0x00, 0x00, 0x00, 0x00, 0x00, 0x00, 0x00, 0x00, 0x00, 0x00, 0x00, 0x00, 0x00, 0x00,
    0x00, 0x00, 0x00, 0x00, 0x00, 0x00, 0x00, 0x00, 0x00, 0x00, 0x00, 0x00, 0x00, 0x00, 0x00, 0x00,
    0x00, 0x00, 0x00, 0x00, 0x00, 0x00, 0x00, 0x00, 0x00, 0x00, 0x00, 0x00, 0x00, 0x00, 0x00, 0x00,
    0x00, 0x00, 0x00, 0x00, 0x00, 0x00, 0x00, 0x00, 0x00, 0x00, 0x00, 0x00, 0x00, 0x00, 0x00, 0x00,
    0x00, 0x00, 0x00, 0x00, 0x00, 0x00, 0x00, 0x00, 0x00, 0x00, 0x00, 0x00, 0x00, 0x00, 0x00, 0x00,
    0xFA, 0xE6, 0xDF, 0xF3, 0xDB, 0x57, 0x58, 0x2D, 0xFD, 0xEF, 0xF1, 0xF0, 0xE6, 0xE6, 0xF8, 0xF3,
    0xEF, 0xF0, 0xEF, 0xE3, 0xE3, 0xD4, 0xE3, 0xF3, 0xEB, 0xD6, 0xCE, 0xD2, 0xDF, 0xD6, 0xDA, 0xCF,
    0xC5, 0xCE, 0xCF, 0xD6, 0xD6, 0xDC, 0xC9, 0xC3, 0xC1, 0xBA, 0xCD, 0xCF, 0xB9, 0xB9, 0xBC, 0xAF,
    0xC3, 0xD3, 0xB9, 0xAA, 0xAF, 0xC5, 0xCC, 0xB7, 0xB6, 0xB7, 0xA9, 0xA2, 0xA3, 0xAB, 0xC2, 0xB9,
    0x98, 0x7F, 0x8A, 0x9D, 0xA2, 0xA3, 0x7E, 0x70, 0x85, 0xA3, 0xA0, 0x87, 0xA3, 0x9F, 0x76, 0x6B,
    0x7B, 0x87, 0xAD, 0x7E, 0x75, 0x64, 0x72, 0x98, 0xA3, 0x52, 0x5A, 0xA2, 0x9E, 0x90, 0x6F, 0x7A,
    0x5E, 0x47, 0x48, 0x8F, 0x8F, 0x65, 0x3B, 0x2B, 0x51, 0x64, 0x66, 0x4C, 0x35, 0x23, 0x2B, 0x3C,
    0x47, 0x48, 0x34, 0x34, 0x25, 0x1C, 0x24, 0x48, 0x23, 0x23, 0x1C, 0x1F, 0x1B, 0x3E, 0x31, 0x10,
    0x13, 0x21, 0x25, 0x16, 0x14, 0x1B, 0x13, 0x10, 0x10, 0x24, 0x29, 0x1C, 0x10, 0x0C, 0x15, 0x15,
    0x15, 0x10, 0x0C, 0x10, 0x12, 0x13, 0x12, 0x10, 0x10, 0x10, 0x0C, 0x0C, 0x10, 0x15, 0x0C, 0x10,
    0x0C, 0x10, 0x1C, 0x16, 0x12, 0x0C, 0x10, 0x16, 0x16, 0x10, 0x12, 0x10, 0x0C, 0x10, 0x20, 0x25,
    0x1B, 0x10, 0x10, 0x15, 0x20, 0x24, 0x15, 0x10, 0x10, 0x13, 0x1F, 0x15, 0x14, 0x20, 0x21, 0x15,
    0x10, 0x15, 0x31, 0x27, 0x21, 0x1C, 0x1B, 0x35, 0x4F, 0x41, 0x1F, 0x2B, 0x6B, 0x84, 0x7C, 0x52,
    0x4F, 0x43, 0x3C, 0x43, 0x8A, 0x84, 0x67, 0x4B, 0x41, 0x66, 0x7E, 0x7E, 0x63, 0x3E, 0x48, 0x67,
    0x7B, 0x72, 0x7F, 0x7E, 0x5D, 0x52, 0x5D, 0x70, 0x8F, 0x87, 0x84, 0x76, 0x6A, 0x87, 0xAB, 0xA0,
    0x56, 0x84, 0x9E, 0xC5, 0xC5, 0x98, 0x9E, 0x8A, 0x7E, 0x8F, 0xBE, 0xB9, 0xAB, 0x80, 0x80, 0xA9,
    0xB7, 0xB2, 0xB7, 0x9A, 0x87, 0x97, 0xAD, 0xB7, 0xA9, 0xB6, 0xB2, 0xAB, 0x98, 0x8D, 0xC2, 0xB9,
    0xB6, 0xBA, 0xAD, 0xB7, 0xCE, 0xCE, 0xBC, 0x9A, 0xC5, 0xCF, 0xD6, 0xCF, 0xCE, 0xCE, 0xC5, 0xC1,
    0xD4, 0xE7, 0xE3, 0xD3, 0xCC, 0xD6, 0xE0, 0xE3, 0xE3, 0xDA, 0xC5, 0xD6, 0xEA, 0xEA, 0xE0, 0xE9,
    0xE3, 0xE3, 0xDD, 0xF4, 0xE0, 0xE3, 0xE7, 0xFF, 0x2C, 0x57, 0x2E, 0xDB, 0xDC, 0xF4, 0xF4, 0xFA,
    0x00, 0x00, 0x00, 0x00, 0x00, 0x00, 0x00, 0x00, 0x00, 0x00, 0x00, 0x00, 0x00, 0x00, 0x00, 0x00,
    0x00, 0x00, 0x00, 0x00, 0x00, 0x00, 0x00, 0x00, 0x00, 0x00, 0x00, 0x00, 0x00, 0x00, 0x00, 0x00,
    0x00, 0x00, 0x00, 0x00, 0x00, 0x00, 0x00, 0x00, 0x00, 0x00, 0x00, 0x00, 0x00, 0x00, 0x00, 0x00,
    0x00, 0x00, 0x00, 0x00, 0x00, 0x00, 0x00, 0x00, 0x00, 0x00, 0x00, 0x00, 0x00, 0x00, 0x00, 0x00,
    0x00, 0x00, 0x00, 0x00, 0x00, 0x00, 0x00, 0x00, 0x00, 0x00, 0x00, 0x00, 0x00, 0x00, 0x00, 0x00,
    0x00, 0x00, 0x00, 0x00, 0x00, 0x00, 0x00, 0x00, 0x00, 0x00, 0x00, 0x00, 0x00, 0x00, 0x00, 0x00,
    0x00, 0x00, 0x00, 0x00, 0x00, 0x00, 0x00, 0x00, 0x00, 0x00, 0x00, 0x00, 0x00, 0x00, 0x00, 0x00,
    0x00, 0x00, 0x00, 0x00, 0x00, 0x00, 0x00, 0x00, 0x00, 0x00, 0x00, 0x00, 0x00, 0x00, 0x00, 0x00,
    0x00, 0x00, 0x00, 0x00, 0x00, 0x00, 0x00, 0x00, 0x00, 0x00, 0x00, 0x00, 0x00, 0x00, 0x00, 0x00,
    0x00, 0x00, 0x00, 0x00, 0x00, 0x00, 0x00, 0x00, 0x00, 0x00, 0x00, 0x00, 0x00, 0x00, 0x00, 0x00,
    0x00, 0x00, 0x00, 0x00, 0x00, 0x00, 0x00, 0x00, 0x00, 0x00, 0x00, 0x00, 0x00, 0x00, 0x00, 0x00,
    0x00, 0x00, 0x00, 0x00, 0x00, 0x00, 0x00, 0x00, 0x00, 0x00, 0x00, 0x00, 0x00, 0x00, 0x00, 0x00,
    0xF9, 0xF1, 0xF4, 0xF8, 0xEF, 0x58, 0x58, 0x2D, 0xFD, 0xDB, 0xE6, 0xE6, 0xDB, 0xDB, 0xE6, 0xE6,
    0xE3, 0xEA, 0xE9, 0xDF, 0xDE, 0xDF, 0xE3, 0xE3, 0xDF, 0xE9, 0xE3, 0xE0, 0xE0, 0xCC, 0xCC, 0xCE,
    0xC2, 0xCF, 0xD5, 0xD6, 0xC7, 0xCE, 0xD4, 0xBC, 0xC2, 0xB7, 0xC0, 0xC2, 0xBF, 0xC5, 0xC5, 0xB9,
    0xB3, 0xB9, 0xB9, 0xB9, 0xA1, 0xB3, 0xB9, 0xA3, 0xB6, 0xAD, 0xA2, 0xA9, 0xA3, 0x98, 0xA3, 0xAB,
    0xB6, 0xAD, 0xAB, 0x99, 0x7E, 0x75, 0x7D, 0x73, 0x9D, 0xB1, 0xB2, 0x8F, 0x82, 0x98, 0x84, 0x7E,
    0x67, 0x7B, 0x8D, 0x84, 0x84, 0x8A, 0x7F, 0x72, 0x7C, 0x6F, 0x6A, 0x77, 0x72, 0x7A, 0x5E, 0x63,
    0x4A, 0x49, 0x49, 0x64, 0x64, 0x4B, 0x5E, 0x65, 0x66, 0x4D, 0x3A, 0x29, 0x27, 0x29, 0x47, 0x44,
    0x3C, 0x34, 0x34, 0x34, 0x20, 0x27, 0x20, 0x34, 0x23, 0x1E, 0x28, 0x31, 0x1B, 0x20, 0x1E, 0x15,
    0x13, 0x15, 0x15, 0x14, 0x13, 0x14, 0x12, 0x12, 0x15, 0x12, 0x13, 0x14, 0x1B, 0x1B, 0x1B, 0x13,
    0x0C, 0x0C, 0x0C, 0x10, 0x15, 0x12, 0x13, 0x10, 0x12, 0x0C, 0x10, 0x10, 0x12, 0x13, 0x10, 0x14,
    0x14, 0x10, 0x10, 0x15, 0x10, 0x0C, 0x10, 0x13, 0x10, 0x10, 0x12, 0x10, 0x10, 0x14, 0x10, 0x13,
    0x14, 0x20, 0x1E, 0x27, 0x1B, 0x10, 0x10, 0x0C, 0x12, 0x20, 0x1C, 0x21, 0x15, 0x14, 0x15, 0x13,
    0x14, 0x14, 0x24, 0x20, 0x29, 0x25, 0x21, 0x20, 0x23, 0x25, 0x1F, 0x21, 0x45, 0x4F, 0x43, 0x2B,
    0x4F, 0x43, 0x49, 0x49, 0x4D, 0x63, 0x66, 0x7A, 0x7A, 0x79, 0x66, 0x3B, 0x3D, 0x40, 0x4D, 0x72,
    0x6E, 0x82, 0x65, 0x6E, 0x75, 0x65, 0x4E, 0x53, 0x84, 0x79, 0x90, 0x8D, 0x84, 0x7E, 0x82, 0x90,
    0x86, 0x8D, 0x98, 0xAD, 0x97, 0x82, 0x8F, 0x81, 0x88, 0x9F, 0x9E, 0x9F, 0xA2, 0xAD, 0xAF, 0xB1,
    0xA9, 0x96, 0x88, 0x96, 0x87, 0xB2, 0xA4, 0xAF, 0xB2, 0x9E, 0x9F, 0x98, 0xB1, 0xA9, 0xB6, 0xB3,
    0xC2, 0xC2, 0xC2, 0xC9, 0xB7, 0xC0, 0xB9, 0xA4, 0xB9, 0xBC, 0xB9, 0xC2, 0xCF, 0xC9, 0xC2, 0xC1,
    0xCF, 0xCF, 0xCF, 0xDA, 0xE0, 0xE0, 0xE0, 0xD4, 0xC9, 0xCF, 0xD6, 0xDC, 0xEA, 0xF3, 0xE6, 0xE6,
    0xE6, 0xE6, 0xE6, 0xF0, 0xE6, 0xF3, 0xEA, 0xFE, 0x2C, 0x58, 0x2E, 0xDB, 0xEF, 0xE0, 0xE3, 0xF4,
    0x00, 0x00, 0x00, 0x00, 0x00, 0x00, 0x00, 0x00, 0x00, 0x00, 0x00, 0x00, 0x00, 0x00, 0x00, 0x00,
    0x00, 0x00, 0x00, 0x00, 0x00, 0x00, 0x00, 0x00, 0x00, 0x00, 0x00, 0x00, 0x00, 0x00, 0x00, 0x00,
    0x00, 0x00, 0x00, 0x00, 0x00, 0x00, 0x00, 0x00, 0x00, 0x00, 0x00, 0x00, 0x00, 0x00, 0x00, 0x00,
    0x00, 0x00, 0x00, 0x00, 0x00, 0x00, 0x00, 0x00, 0x00, 0x00, 0x00, 0x00, 0x00, 0x00, 0x00, 0x00,
    0x00, 0x00, 0x00, 0x00, 0x00, 0x00, 0x00, 0x00, 0x00, 0x00, 0x00, 0x00, 0x00, 0x00, 0x00, 0x00,
    0x00, 0x00, 0x00, 0x00, 0x00, 0x00, 0x00, 0x00, 0x00, 0x00, 0x00, 0x00, 0x00, 0x00, 0x00, 0x00,
    0x00, 0x00, 0x00, 0x00, 0x00, 0x00, 0x00, 0x00, 0x00, 0x00, 0x00, 0x00, 0x00, 0x00, 0x00, 0x00,
    0x00, 0x00, 0x00, 0x00, 0x00, 0x00, 0x00, 0x00, 0x00, 0x00, 0x00, 0x00, 0x00, 0x00, 0x00, 0x00,
    0x00, 0x00, 0x00, 0x00, 0x00, 0x00, 0x00, 0x00, 0x00, 0x00, 0x00, 0x00, 0x00, 0x00, 0x00, 0x00,
    0x00, 0x00, 0x00, 0x00, 0x00, 0x00, 0x00, 0x00, 0x00, 0x00, 0x00, 0x00, 0x00, 0x00, 0x00, 0x00,
    0x00, 0x00, 0x00, 0x00, 0x00, 0x00, 0x00, 0x00, 0x00, 0x00, 0x00, 0x00, 0x00, 0x00, 0x00, 0x00,
    0x00, 0x00, 0x00, 0x00, 0x00, 0x00, 0x00, 0x00, 0x00, 0x00, 0x00, 0x00, 0x00, 0x00, 0x00, 0x00,
    0xFA, 0xEF, 0xEA, 0xFC, 0xDB, 0x57, 0x57, 0x2D, 0xFD, 0xB4, 0xD4, 0xEA, 0xEB, 0xE6, 0xCA, 0xE2,
    0xE0, 0xDE, 0xE4, 0xE0, 0xE3, 0xF3, 0xDA, 0xE3, 0xEB, 0xEB, 0xE3, 0xCF, 0xDA, 0xD4, 0xCE, 0xD6,
    0xCE, 0xCF, 0xC7, 0xCF, 0xC7, 0xBA, 0xB9, 0xC1, 0xB7, 0xB7, 0xB9, 0xC0, 0xBF, 0xB3, 0xB9, 0xB9,
    0xB9, 0xAF, 0xC0, 0xC0, 0xA0, 0x9A, 0xB3, 0xB9, 0xAF, 0xB6, 0xBF, 0xB2, 0xA3, 0x90, 0xA4, 0xC2,
    0xC2, 0xB7, 0x9D, 0x9E, 0x8D, 0x87, 0xA4, 0xA3, 0xA2, 0xB1, 0xA9, 0x87, 0x6A, 0x75, 0x7F, 0x70,
    0x6E, 0x75, 0x67, 0x7B, 0x6B, 0x84, 0x7B, 0x5A, 0x5E, 0x80, 0x8E, 0x45, 0x52, 0x7B, 0x64, 0x65,
    0x54, 0x7A, 0x51, 0x3B, 0x6F, 0x7B, 0x6E, 0x5D, 0x63, 0x54, 0x39, 0x3A, 0x49, 0x3D, 0x40, 0x3A,
    0x44, 0x34, 0x25, 0x1C, 0x24, 0x34, 0x24, 0x1B, 0x20, 0x1C, 0x15, 0x20, 0x20, 0x1B, 0x13, 0x1B,
    0x14, 0x0C, 0x13, 0x1E, 0x1B, 0x14, 0x15, 0x1C, 0x14, 0x10, 0x15, 0x27, 0x20, 0x14, 0x13, 0x13,
    0x0C, 0x13, 0x1E, 0x12, 0x12, 0x12, 0x10, 0x0C, 0x0C, 0x0C, 0x10, 0x10, 0x10, 0x10, 0x12, 0x0C,
    0x0C, 0x0C, 0x0C, 0x10, 0x10, 0x14, 0x10, 0x0C, 0x12, 0x14, 0x14, 0x14, 0x14, 0x12, 0x10, 0x20,
    0x31, 0x29, 0x1E, 0x1B, 0x1E, 0x14, 0x14, 0x1E, 0x1B, 0x1B, 0x1B, 0x16, 0x13, 0x0D, 0x12, 0x14,
    0x15, 0x1B, 0x27, 0x1E, 0x24, 0x21, 0x1E, 0x14, 0x14, 0x15, 0x1B, 0x25, 0x19, 0x32, 0x3B, 0x35,
    0x41, 0x43, 0x6A, 0x4B, 0x3C, 0x85, 0x82, 0x7B, 0x79, 0x6D, 0x72, 0x49, 0x4D, 0x7E, 0x72, 0x7A,
    0x7B, 0x75, 0x51, 0x52, 0x50, 0x5D, 0x4B, 0x4B, 0x5D, 0x7A, 0x84, 0x7F, 0xA3, 0x7A, 0x66, 0x8D,
    0x98, 0x7F, 0x5A, 0x8C, 0x8E, 0x90, 0x87, 0x9E, 0xB2, 0x88, 0x82, 0xB7, 0xC1, 0xB9, 0xAB, 0xA9,
    0xBE, 0xA2, 0xA9, 0xC2, 0xB6, 0xAB, 0xA3, 0xA9, 0xA3, 0x8E, 0x8A, 0x90, 0xA9, 0xA9, 0xA9, 0xB2,
    0xB3, 0x8C, 0x9A, 0xBF, 0x98, 0xA3, 0xB2, 0xC0, 0xAD, 0x9B, 0xC2, 0xC1, 0xCE, 0xCE, 0xCE, 0xCF,
    0xBC, 0xCE, 0xE3, 0xE3, 0xE3, 0xDE, 0xE0, 0xE0, 0xD6, 0xE3, 0xE7, 0xE3, 0xE4, 0xEA, 0xE6, 0xD8,
    0xD2, 0xDA, 0xF8, 0xF8, 0xF0, 0xDA, 0xE6, 0xFE, 0x2C, 0x58, 0x2E, 0xDB, 0xE3, 0xD6, 0xD6, 0xF4,
    0x00, 0x00, 0x00, 0x00, 0x00, 0x00, 0x00, 0x00, 0x00, 0x00, 0x00, 0x00, 0x00, 0x00, 0x00, 0x00,
    0x00, 0x00, 0x00, 0x00, 0x00, 0x00, 0x00, 0x00, 0x00, 0x00, 0x00, 0x00, 0x00, 0x00, 0x00, 0x00,
    0x00, 0x00, 0x00, 0x00, 0x00, 0x00, 0x00, 0x00, 0x00, 0x00, 0x00, 0x00, 0x00, 0x00, 0x00, 0x00,
    0x00, 0x00, 0x00, 0x00, 0x00, 0x00, 0x00, 0x00, 0x00, 0x00, 0x00, 0x00, 0x00, 0x00, 0x00, 0x00,
    0x00, 0x00, 0x00, 0x00, 0x00, 0x00, 0x00, 0x00, 0x00, 0x00, 0x00, 0x00, 0x00, 0x00, 0x00, 0x00,
    0x00, 0x00, 0x00, 0x00, 0x00, 0x00, 0x00, 0x00, 0x00, 0x00, 0x00, 0x00, 0x00, 0x00, 0x00, 0x00,
    0x00, 0x00, 0x00, 0x00, 0x00, 0x00, 0x00, 0x00, 0x00, 0x00, 0x00, 0x00, 0x00, 0x00, 0x00, 0x00,
    0x00, 0x00, 0x00, 0x00, 0x00, 0x00, 0x00, 0x00, 0x00, 0x00, 0x00, 0x00, 0x00, 0x00, 0x00, 0x00,
    0x00, 0x00, 0x00, 0x00, 0x00, 0x00, 0x00, 0x00, 0x00, 0x00, 0x00, 0x00, 0x00, 0x00, 0x00, 0x00,
    0x00, 0x00, 0x00, 0x00, 0x00, 0x00, 0x00, 0x00, 0x00, 0x00, 0x00, 0x00, 0x00, 0x00, 0x00, 0x00,
    0x00, 0x00, 0x00, 0x00, 0x00, 0x00, 0x00, 0x00, 0x00, 0x00, 0x00, 0x00, 0x00, 0x00, 0x00, 0x00,
    0x00, 0x00, 0x00, 0x00, 0x00, 0x00, 0x00, 0x00, 0x00, 0x00, 0x00, 0x00, 0x00, 0x00, 0x00, 0x00,
    0xFF, 0xF1, 0xE3, 0xEA, 0xDB, 0x2D, 0x58, 0x2E, 0xFD, 0xD9, 0xDA, 0xEF, 0xDD, 0xDB, 0xE6, 0xDA,
    0xE0, 0xDC, 0xF0, 0xE6, 0xF3, 0xE3, 0xCE, 0xDC, 0xEB, 0xEA, 0xDC, 0xCF, 0xCE, 0xC2, 0xCD, 0xCF,
    0xCF, 0xCF, 0xCE, 0xBC, 0xCC, 0xC7, 0xB9, 0xC5, 0xB9, 0xAD, 0xC2, 0xA4, 0xA4, 0xA6, 0x8E, 0xB3,
    0xA4, 0xB9, 0xC0, 0xA3, 0xB9, 0xB3, 0xA4, 0xB9, 0xB7, 0xB9, 0xCE, 0xB9, 0xA4, 0x8E, 0x9E, 0xB7,
    0xB6, 0xAB, 0xA2, 0x96, 0x7F, 0x85, 0x8D, 0xA3, 0x85, 0x9D, 0x88, 0x96, 0x8D, 0x72, 0x88, 0x96,
    0x90, 0x84, 0x92, 0x74, 0x31, 0x5E, 0x8F, 0x72, 0x80, 0x97, 0x72, 0x6A, 0x6F, 0x7B, 0x67, 0x7B,
    0x8F, 0x7B, 0x49, 0x3E, 0x4B, 0x60, 0x6F, 0x5E, 0x49, 0x3A, 0x3A, 0x34, 0x4C, 0x4C, 0x40, 0x31,
    0x31, 0x3D, 0x26, 0x28, 0x3D, 0x24, 0x20, 0x25, 0x31, 0x1C, 0x15, 0x15, 0x36, 0x27, 0x1E, 0x1B,
    0x1B, 0x15, 0x15, 0x1E, 0x1B, 0x1E, 0x25, 0x1C, 0x12, 0x12, 0x14, 0x15, 0x1B, 0x1B, 0x12, 0x0C,
    0x12, 0x10, 0x1C, 0x12, 0x10, 0x10, 0x10, 0x0C, 0x0C, 0x13, 0x12, 0x10, 0x12, 0x0C, 0x0C, 0x0C,
    0x0C, 0x10, 0x10, 0x0C, 0x13, 0x1C, 0x12, 0x10, 0x1C, 0x15, 0x1C, 0x25, 0x1B, 0x10, 0x13, 0x1B,
    0x1E, 0x1E, 0x1E, 0x13, 0x12, 0x12, 0x10, 0x1B, 0x20, 0x15, 0x14, 0x15, 0x1B, 0x13, 0x15, 0x20,
    0x1B, 0x25, 0x29, 0x3D, 0x25, 0x10, 0x21, 0x25, 0x23, 0x24, 0x40, 0x48, 0x1C, 0x31, 0x40, 0x43,
    0x4F, 0x56, 0x6A, 0x43, 0x4B, 0x7B, 0x7A, 0x6E, 0x6D, 0x5D, 0x40, 0x51, 0x4A, 0x66, 0x6F, 0x72,
    0x75, 0x64, 0x67, 0x43, 0x4F, 0x71, 0x5E, 0x5E, 0x7B, 0x51, 0x43, 0x2F, 0x80, 0x8F, 0x82, 0x84,
    0x7A, 0x71, 0x75, 0x86, 0x8D, 0x98, 0xAD, 0xBD, 0xB1, 0x82, 0x8F, 0xB6, 0xAD, 0xAD, 0xAD, 0xAB,
    0xA2, 0x9E, 0x96, 0xAB, 0xB2, 0x9D, 0x96, 0xA2, 0x97, 0x8E, 0x8B, 0xAD, 0x9E, 0xAB, 0xC0, 0xC1,
    0x8E, 0x86, 0x9A, 0xA4, 0xC9, 0xB3, 0xB7, 0xBF, 0xAD, 0xB3, 0xC2, 0xC5, 0xCE, 0xD6, 0xE0, 0xCE,
    0xB9, 0xC5, 0xE0, 0xE0, 0xD6, 0xE0, 0xE0, 0xCF, 0xCF, 0xD6, 0xE3, 0xE0, 0xD6, 0xCF, 0xDC, 0xD6,
    0xD6, 0xE3, 0xF0, 0xF4, 0xEB, 0xDA, 0xD5, 0xFD, 0x2C, 0x57, 0x2D, 0xE2, 0xE0, 0xE3, 0xF3, 0xFA,
    0x00, 0x00, 0x00, 0x00, 0x00, 0x00, 0x00, 0x00, 0x00, 0x00, 0x00, 0x00, 0x00, 0x00, 0x00, 0x00,
    0x00, 0x00, 0x00, 0x00, 0x00, 0x00, 0x00, 0x00, 0x00, 0x00, 0x00, 0x00, 0x00, 0x00, 0x00, 0x00,
    0x00, 0x00, 0x00, 0x00, 0x00, 0x00, 0x00, 0x00, 0x00, 0x00, 0x00, 0x00, 0x00, 0x00, 0x00, 0x00,
    0x00, 0x00, 0x00, 0x00, 0x00, 0x00, 0x00, 0x00, 0x00, 0x00, 0x00, 0x00, 0x00, 0x00, 0x00, 0x00,
    0x00, 0x00, 0x00, 0x00, 0x00, 0x00, 0x00, 0x00, 0x00, 0x00, 0x00, 0x00, 0x00, 0x00, 0x00, 0x00,
    0x00, 0x00, 0x00, 0x00, 0x00, 0x00, 0x00, 0x00, 0x00, 0x00, 0x00, 0x00, 0x00, 0x00, 0x00, 0x00,
    0x00, 0x00, 0x00, 0x00, 0x00, 0x00, 0x00, 0x00, 0x00, 0x00, 0x00, 0x00, 0x00, 0x00, 0x00, 0x00,
    0x00, 0x00, 0x00, 0x00, 0x00, 0x00, 0x00, 0x00, 0x00, 0x00, 0x00, 0x00, 0x00, 0x00, 0x00, 0x00,
    0x00, 0x00, 0x00, 0x00, 0x00, 0x00, 0x00, 0x00, 0x00, 0x00, 0x00, 0x00, 0x00, 0x00, 0x00, 0x00,
    0x00, 0x00, 0x00, 0x00, 0x00, 0x00, 0x00, 0x00, 0x00, 0x00, 0x00, 0x00, 0x00, 0x00, 0x00, 0x00,
    0x00, 0x00, 0x00, 0x00, 0x00, 0x00, 0x00, 0x00, 0x00, 0x00, 0x00, 0x00, 0x00, 0x00, 0x00, 0x00,
    0x00, 0x00, 0x00, 0x00, 0x00, 0x00, 0x00, 0x00, 0x00, 0x00, 0x00, 0x00, 0x00, 0x00, 0x00, 0x00,
    0xFA, 0xF1, 0xF1, 0xEC, 0xDB, 0x57, 0x59, 0x2E, 0xFD, 0xE6, 0xDC, 0xDC, 0xE6, 0xE6, 0xEB, 0xDA,
    0xEB, 0xEA, 0xE3, 0xE9, 0xE3, 0xD6, 0xD6, 0xE3, 0xDA, 0xCF, 0xDA, 0xCF, 0xC5, 0xCF, 0xD6, 0xD6,
    0xC2, 0xC5, 0xCE, 0xCF, 0xDA, 0xC2, 0xC2, 0xC2, 0xC5, 0xAD, 0xA0, 0xA4, 0x92, 0xC1, 0xBC, 0x98,
    0x92, 0x8E, 0xAD, 0xB5, 0xC0, 0xBA, 0xAA, 0xAD, 0xAD, 0xB3, 0xB2, 0xAD, 0xAB, 0xA0, 0xAB, 0xA3,
    0x9D, 0xAD, 0xAB, 0x87, 0x97, 0x9E, 0x97, 0x75, 0x75, 0x8F, 0xA9, 0x9E, 0x81, 0x81, 0x7D, 0x88,
    0x84, 0x67, 0x8E, 0x60, 0x44, 0x40, 0x71, 0x67, 0x98, 0x7F, 0x67, 0x97, 0x7F, 0x65, 0x5D, 0x4E,
    0x79, 0x4E, 0x4C, 0x48, 0x4A, 0x3C, 0x41, 0x54, 0x3D, 0x3A, 0x5C, 0x5C, 0x4A, 0x34, 0x34, 0x31,
    0x4D, 0x40, 0x25, 0x3A, 0x3A, 0x24, 0x1E, 0x25, 0x1C, 0x12, 0x1F, 0x15, 0x13, 0x20, 0x27, 0x1B,
    0x1E, 0x3A, 0x15, 0x14, 0x15, 0x1B, 0x15, 0x14, 0x1E, 0x1B, 0x13, 0x10, 0x12, 0x15, 0x10, 0x0C,
    0x14, 0x14, 0x12, 0x0C, 0x10, 0x14, 0x14, 0x0C, 0x10, 0x12, 0x10, 0x0C, 0x10, 0x0C, 0x14, 0x15,
    0x10, 0x10, 0x0C, 0x10, 0x10, 0x1B, 0x20, 0x13, 0x13, 0x14, 0x1B, 0x14, 0x12, 0x1E, 0x14, 0x10,
    0x14, 0x12, 0x15, 0x10, 0x10, 0x1B, 0x1C, 0x1B, 0x12, 0x14, 0x14, 0x20, 0x1B, 0x12, 0x1B, 0x14,
    0x15, 0x1E, 0x14, 0x1E, 0x1C, 0x12, 0x13, 0x29, 0x29, 0x36, 0x34, 0x34, 0x23, 0x25, 0x49, 0x39,
    0x39, 0x40, 0x34, 0x3E, 0x40, 0x5E, 0x4B, 0x4F, 0x65, 0x49, 0x3B, 0x6A, 0x65, 0x65, 0x47, 0x51,
    0x72, 0x8D, 0x72, 0x49, 0x5E, 0x5A, 0x5A, 0x29, 0x43, 0x60, 0x61, 0x56, 0x75, 0x53, 0x72, 0x80,
    0x54, 0x87, 0x8E, 0x6B, 0x8A, 0x8D, 0xA4, 0xAB, 0x96, 0xAB, 0xA4, 0xAD, 0x8F, 0x97, 0xA4, 0xA2,
    0xA2, 0xB1, 0xAB, 0xA2, 0x87, 0x90, 0x9D, 0xA3, 0xA3, 0x90, 0xA3, 0xAB, 0x9F, 0xA9, 0xA3, 0x9F,
    0x80, 0x98, 0xA4, 0x86, 0xB2, 0xC9, 0xB7, 0xC0, 0xC2, 0xAF, 0xB7, 0xCE, 0xC5, 0xC2, 0xCD, 0xB9,
    0xCE, 0xBD, 0xCE, 0xCE, 0xD6, 0xDC, 0xCF, 0xCF, 0xE3, 0xDA, 0xCF, 0xD6, 0xDA, 0xE3, 0xEB, 0xDA,
    0xDF, 0xE3, 0xEA, 0xF2, 0xE0, 0xD6, 0xD5, 0xFE, 0x2C, 0x58, 0x2E, 0xEF, 0xE3, 0xE0, 0xF8, 0xFB,
    0x00, 0x00, 0x00, 0x00, 0x00, 0x00, 0x00, 0x00, 0x00, 0x00, 0x00, 0x00, 0x00, 0x00, 0x00, 0x00,
    0x00, 0x00, 0x00, 0x00, 0x00, 0x00, 0x00, 0x00, 0x00, 0x00, 0x00, 0x00, 0x00, 0x00, 0x00, 0x00,
    0x00, 0x00, 0x00, 0x00, 0x00, 0x00, 0x00, 0x00, 0x00, 0x00, 0x00, 0x00, 0x00, 0x00, 0x00, 0x00,
    0x00, 0x00, 0x00, 0x00, 0x00, 0x00, 0x00, 0x00, 0x00, 0x00, 0x00, 0x00, 0x00, 0x00, 0x00, 0x00,
    0x00, 0x00, 0x00, 0x00, 0x00, 0x00, 0x00, 0x00, 0x00, 0x00, 0x00, 0x00, 0x00, 0x00, 0x00, 0x00,
    0x00, 0x00, 0x00, 0x00, 0x00, 0x00, 0x00, 0x00, 0x00, 0x00, 0x00, 0x00, 0x00, 0x00, 0x00, 0x00,
    0x00, 0x00, 0x00, 0x00, 0x00, 0x00, 0x00, 0x00, 0x00, 0x00, 0x00, 0x00, 0x00, 0x00, 0x00, 0x00,
    0x00, 0x00, 0x00, 0x00, 0x00, 0x00, 0x00, 0x00, 0x00, 0x00, 0x00, 0x00, 0x00, 0x00, 0x00, 0x00,
    0x00, 0x00, 0x00, 0x00, 0x00, 0x00, 0x00, 0x00, 0x00, 0x00, 0x00, 0x00, 0x00, 0x00, 0x00, 0x00,
    0x00, 0x00, 0x00, 0x00, 0x00, 0x00, 0x00, 0x00, 0x00, 0x00, 0x00, 0x00, 0x00, 0x00, 0x00, 0x00,
    0x00, 0x00, 0x00, 0x00, 0x00, 0x00, 0x00, 0x00, 0x00, 0x00, 0x00, 0x00, 0x00, 0x00, 0x00, 0x00,
    0x00, 0x00, 0x00, 0x00, 0x00, 0x00, 0x00, 0x00, 0x00, 0x00, 0x00, 0x00, 0x00, 0x00, 0x00, 0x00,
    0xF9, 0xFA, 0xE6, 0xDE, 0xDB, 0x57, 0x59, 0x2D, 0xFD, 0xD8, 0xDA, 0xE3, 0xDE, 0xE3, 0xE3, 0xDA,
    0xE6, 0xD6, 0xD6, 0xD6, 0xD4, 0xE9, 0xF3, 0xDA, 0xD6, 0xCE, 0xD6, 0xD6, 0xD3, 0xCF, 0xCE, 0xCF,
    0xC2, 0xCE, 0xD3, 0xCE, 0xC2, 0xB9, 0xC2, 0xB7, 0xB9, 0xA0, 0xA4, 0x9F, 0x9B, 0x9B, 0xB0, 0x9A,
    0x9A, 0xAF, 0x8D, 0xB8, 0xB6, 0xA9, 0x9E, 0xAD, 0x9E, 0xA4, 0xAB, 0xAA, 0x9F, 0xAF, 0xBC, 0xAD,
    0xA3, 0xAD, 0xA4, 0x90, 0x9F, 0x8D, 0x87, 0x72, 0x97, 0xA3, 0x82, 0x7E, 0x6E, 0x81, 0x6D, 0x7D,
    0x87, 0x7C, 0x80, 0x5E, 0x42, 0x3E, 0x77, 0x8E, 0x84, 0x5C, 0x63, 0x72, 0x5D, 0x4D, 0x4D, 0x63,
    0x66, 0x48, 0x4C, 0x53, 0x5C, 0x48, 0x39, 0x4D, 0x4E, 0x4C, 0x4A, 0x4A, 0x3D, 0x27, 0x48, 0x51,
    0x3D, 0x3A, 0x27, 0x27, 0x20, 0x27, 0x3E, 0x25, 0x13, 0x15, 0x15, 0x16, 0x10, 0x13, 0x36, 0x15,
    0x15, 0x1E, 0x15, 0x12, 0x14, 0x1B, 0x14, 0x10, 0x13, 0x1B, 0x20, 0x13, 0x10, 0x14, 0x14, 0x15,
    0x15, 0x14, 0x0C, 0x0C, 0x1B, 0x13, 0x10, 0x0C, 0x10, 0x0C, 0x0C, 0x12, 0x12, 0x0C, 0x10, 0x12,
    0x12, 0x0C, 0x0C, 0x13, 0x10, 0x0C, 0x14, 0x10, 0x10, 0x14, 0x14, 0x12, 0x10, 0x15, 0x1B, 0x1E,
    0x14, 0x12, 0x15, 0x15, 0x14, 0x15, 0x15, 0x13, 0x10, 0x20, 0x1E, 0x13, 0x14, 0x10, 0x14, 0x10,
    0x1E, 0x20, 0x20, 0x1C, 0x12, 0x12, 0x15, 0x31, 0x29, 0x27, 0x14, 0x27, 0x25, 0x1E, 0x29, 0x25,
    0x3B, 0x3A, 0x23, 0x3C, 0x40, 0x5E, 0x43, 0x49, 0x66, 0x5E, 0x5E, 0x65, 0x4B, 0x4B, 0x43, 0x80,
    0x52, 0x4C, 0x4E, 0x43, 0x4D, 0x40, 0x4B, 0x43, 0x4F, 0x60, 0x56, 0x56, 0x6C, 0x6A, 0x5E, 0x6E,
    0x6A, 0x84, 0x74, 0x4F, 0x76, 0x86, 0x87, 0x87, 0xA3, 0xC5, 0xAD, 0xAB, 0x97, 0x9D, 0xA9, 0xB1,
    0xA2, 0x8F, 0x96, 0x8D, 0x7F, 0x9A, 0xB2, 0x8F, 0x97, 0x7B, 0x8F, 0x9E, 0xBE, 0xC2, 0x97, 0x8D,
    0x86, 0x90, 0x98, 0x97, 0x8D, 0xBF, 0xB7, 0xB2, 0xB9, 0xAD, 0xB6, 0xB7, 0xBF, 0xCD, 0xB9, 0xC2,
    0xCE, 0xCD, 0xD6, 0xC1, 0xCF, 0xE3, 0xDC, 0xE0, 0xDF, 0xD2, 0xC9, 0xE3, 0xDA, 0xD5, 0xE3, 0xD6,
    0xDA, 0xE3, 0xE0, 0xE1, 0xE6, 0xD2, 0xD9, 0xFE, 0x2D, 0x58, 0x2D, 0xDB, 0xD5, 0xCE, 0xE0, 0xF8,
    0x00, 0x00, 0x00, 0x00, 0x00, 0x00, 0x00, 0x00, 0x00, 0x00, 0x00, 0x00, 0x00, 0x00, 0x00, 0x00,
    0x00, 0x00, 0x00, 0x00, 0x00, 0x00, 0x00, 0x00, 0x00, 0x00, 0x00, 0x00, 0x00, 0x00, 0x00, 0x00,
    0x00, 0x00, 0x00, 0x00, 0x00, 0x00, 0x00, 0x00, 0x00, 0x00, 0x00, 0x00, 0x00, 0x00, 0x00, 0x00,
    0x00, 0x00, 0x00, 0x00, 0x00, 0x00, 0x00, 0x00, 0x00, 0x00, 0x00, 0x00, 0x00, 0x00, 0x00, 0x00,
    0x00, 0x00, 0x00, 0x00, 0x00, 0x00, 0x00, 0x00, 0x00, 0x00, 0x00, 0x00, 0x00, 0x00, 0x00, 0x00,
    0x00, 0x00, 0x00, 0x00, 0x00, 0x00, 0x00, 0x00, 0x00, 0x00, 0x00, 0x00, 0x00, 0x00, 0x00, 0x00,
    0x00, 0x00, 0x00, 0x00, 0x00, 0x00, 0x00, 0x00, 0x00, 0x00, 0x00, 0x00, 0x00, 0x00, 0x00, 0x00,
    0x00, 0x00, 0x00, 0x00, 0x00, 0x00, 0x00, 0x00, 0x00, 0x00, 0x00, 0x00, 0x00, 0x00, 0x00, 0x00,
    0x00, 0x00, 0x00, 0x00, 0x00, 0x00, 0x00, 0x00, 0x00, 0x00, 0x00, 0x00, 0x00, 0x00, 0x00, 0x00,
    0x00, 0x00, 0x00, 0x00, 0x00, 0x00, 0x00, 0x00, 0x00, 0x00, 0x00, 0x00, 0x00, 0x00, 0x00, 0x00,
    0x00, 0x00, 0x00, 0x00, 0x00, 0x00, 0x00, 0x00, 0x00, 0x00, 0x00, 0x00, 0x00, 0x00, 0x00, 0x00,
    0x00, 0x00, 0x00, 0x00, 0x00, 0x00, 0x00, 0x00, 0x00, 0x00, 0x00, 0x00, 0x00, 0x00, 0x00, 0x00,
    0xF9, 0xF4, 0xD6, 0xD7, 0xDB, 0x2C, 0x58, 0x2D, 0xED, 0xB4, 0xCF, 0xCF, 0xE3, 0xE6, 0xE6, 0xE3,
    0xDF, 0xDA, 0xE3, 0xD4, 0xCF, 0xD6, 0xCF, 0xDC, 0xE0, 0xDA, 0xDA, 0xD4, 0xCE, 0xCF, 0xCE, 0xC5,
    0xCE, 0xDC, 0xD6, 0xCF, 0xB9, 0xCE, 0xCF, 0xC2, 0xAD, 0x9A, 0xB3, 0xAF, 0xB3, 0x98, 0x9B, 0x98,
    0x9A, 0xAF, 0x7F, 0xB2, 0xB6, 0xB3, 0xB7, 0xA9, 0xAB, 0xB7, 0xC2, 0xA3, 0x98, 0x9A, 0xA0, 0xAF,
    0xB7, 0xAF, 0xA4, 0x98, 0xA3, 0x97, 0x85, 0x96, 0xA3, 0x97, 0x88, 0x87, 0xA3, 0x88, 0x81, 0x96,
    0x7B, 0x52, 0x75, 0x5A, 0x44, 0x50, 0x61, 0x52, 0x65, 0x85, 0x71, 0x5D, 0x63, 0x6E, 0x6E, 0x72,
    0x5C, 0x48, 0x48, 0x3A, 0x63, 0x4D, 0x4E, 0x5C, 0x5C, 0x48, 0x47, 0x48, 0x3E, 0x48, 0x5E, 0x5E,
    0x34, 0x29, 0x5C, 0x3B, 0x25, 0x24, 0x25, 0x13, 0x15, 0x16, 0x16, 0x16, 0x13, 0x12, 0x10, 0x20,
    0x1B, 0x1B, 0x20, 0x24, 0x24, 0x24, 0x1E, 0x10, 0x12, 0x12, 0x16, 0x13, 0x14, 0x14, 0x15, 0x14,
    0x14, 0x1B, 0x13, 0x1C, 0x1B, 0x10, 0x10, 0x15, 0x13, 0x10, 0x0C, 0x13, 0x13, 0x13, 0x0C, 0x0C,
    0x0C, 0x0C, 0x12, 0x10, 0x0C, 0x10, 0x14, 0x14, 0x1B, 0x14, 0x15, 0x1B, 0x10, 0x10, 0x0C, 0x1B,
    0x14, 0x15, 0x1B, 0x1F, 0x14, 0x14, 0x1E, 0x14, 0x1E, 0x27, 0x1F, 0x13, 0x15, 0x34, 0x20, 0x14,
    0x1E, 0x1B, 0x13, 0x1C, 0x15, 0x15, 0x13, 0x10, 0x16, 0x28, 0x25, 0x20, 0x29, 0x34, 0x35, 0x36,
    0x4F, 0x47, 0x25, 0x25, 0x35, 0x5E, 0x4D, 0x64, 0x6D, 0x64, 0x4B, 0x4E, 0x49, 0x51, 0x67, 0x6C,
    0x60, 0x47, 0x51, 0x71, 0x5C, 0x3E, 0x51, 0x37, 0x45, 0x6A, 0x43, 0x42, 0x4F, 0x45, 0x51, 0x5E,
    0x6A, 0x6E, 0x7A, 0x90, 0x7C, 0x8D, 0xB7, 0x97, 0x8F, 0x84, 0xA0, 0xA0, 0x9F, 0xAB, 0xAD, 0xB2,
    0x8F, 0x8F, 0x99, 0x97, 0xA3, 0xBF, 0xA3, 0x8F, 0x97, 0xA3, 0xA4, 0x96, 0xB8, 0x9E, 0x71, 0x8D,
    0x98, 0x8E, 0x9F, 0xA3, 0x99, 0x8C, 0xAD, 0xC2, 0xAF, 0xC2, 0xC2, 0xB9, 0xC5, 0xD4, 0xC2, 0xB9,
    0xB7, 0xC5, 0xD4, 0xCE, 0xD6, 0xE0, 0xDF, 0xD6, 0xD6, 0xCF, 0xDA, 0xE3, 0xE3, 0xCF, 0xD5, 0xE9,
    0xEB, 0xE2, 0xDF, 0xDE, 0xDA, 0xC8, 0xD2, 0xFE, 0x2C, 0x58, 0x2E, 0xEF, 0xE3, 0xC2, 0xD6, 0xFB,
    0x00, 0x00, 0x00, 0x00, 0x00, 0x00, 0x00, 0x00, 0x00, 0x00, 0x00, 0x00, 0x00, 0x00, 0x00, 0x00,
    0x00, 0x00, 0x00, 0x00, 0x00, 0x00, 0x00, 0x00, 0x00, 0x00, 0x00, 0x00, 0x00, 0x00, 0x00, 0x00,
    0x00, 0x00, 0x00, 0x00, 0x00, 0x00, 0x00, 0x00, 0x00, 0x00, 0x00, 0x00, 0x00, 0x00, 0x00, 0x00,
    0x00, 0x00, 0x00, 0x00, 0x00, 0x00, 0x00, 0x00, 0x00, 0x00, 0x00, 0x00, 0x00, 0x00, 0x00, 0x00,
    0x00, 0x00, 0x00, 0x00, 0x00, 0x00, 0x00, 0x00, 0x00, 0x00, 0x00, 0x00, 0x00, 0x00, 0x00, 0x00,
    0x00, 0x00, 0x00, 0x00, 0x00, 0x00, 0x00, 0x00, 0x00, 0x00, 0x00, 0x00, 0x00, 0x00, 0x00, 0x00,
    0x00, 0x00, 0x00, 0x00, 0x00, 0x00, 0x00, 0x00, 0x00, 0x00, 0x00, 0x00, 0x00, 0x00, 0x00, 0x00,
    0x00, 0x00, 0x00, 0x00, 0x00, 0x00, 0x00, 0x00, 0x00, 0x00, 0x00, 0x00, 0x00, 0x00, 0x00, 0x00,
    0x00, 0x00, 0x00, 0x00, 0x00, 0x00, 0x00, 0x00, 0x00, 0x00, 0x00, 0x00, 0x00, 0x00, 0x00, 0x00,
    0x00, 0x00, 0x00, 0x00, 0x00, 0x00, 0x00, 0x00, 0x00, 0x00, 0x00, 0x00, 0x00, 0x00, 0x00, 0x00,
    0x00, 0x00, 0x00, 0x00, 0x00, 0x00, 0x00, 0x00, 0x00, 0x00, 0x00, 0x00, 0x00, 0x00, 0x00, 0x00,
    0x00, 0x00, 0x00, 0x00, 0x00, 0x00, 0x00, 0x00, 0x00, 0x00, 0x00, 0x00, 0x00, 0x00, 0x00, 0x00,
    0xF9, 0xF0, 0xDA, 0xF8, 0xDB, 0x2C, 0x58, 0x2D, 0xEE, 0xD9, 0xC7, 0xCE, 0xC7, 0xE6, 0xE3, 0xE3,
    0xE3, 0xE3, 0xE3, 0xE3, 0xEA, 0xD6, 0xC7, 0xCF, 0xDA, 0xE0, 0xD2, 0xCF, 0xCE, 0xCF, 0xCF, 0xC5,
    0xCD, 0xCE, 0xC2, 0xC2, 0xC7, 0xCE, 0xCD, 0xCE, 0xAF, 0xA4, 0xC4, 0xB3, 0x98, 0xA0, 0xA6, 0x98,
    0x9B, 0x92, 0x77, 0xB3, 0xB7, 0xB9, 0xB9, 0xBD, 0xBA, 0xB9, 0xBA, 0xB7, 0xB2, 0x8E, 0x8E, 0xB2,
    0xAD, 0x9A, 0x9A, 0x97, 0xA2, 0x97, 0x96, 0x97, 0x87, 0x87, 0x8D, 0xA9, 0x9E, 0x9D, 0x97, 0x5A,
    0x56, 0x75, 0x56, 0x44, 0x50, 0x51, 0x49, 0x52, 0x56, 0x37, 0x64, 0x5E, 0x64, 0x7A, 0x7A, 0x4A,
    0x63, 0x63, 0x5C, 0x3D, 0x3A, 0x4A, 0x5C, 0x49, 0x48, 0x3B, 0x49, 0x34, 0x3B, 0x44, 0x36, 0x31,
    0x34, 0x40, 0x3C, 0x3E, 0x29, 0x16, 0x13, 0x1C, 0x15, 0x12, 0x15, 0x12, 0x10, 0x16, 0x10, 0x10,
    0x21, 0x1F, 0x24, 0x23, 0x24, 0x1E, 0x20, 0x1B, 0x1E, 0x12, 0x10, 0x13, 0x14, 0x13, 0x12, 0x12,
    0x14, 0x14, 0x14, 0x15, 0x13, 0x10, 0x14, 0x14, 0x12, 0x10, 0x0C, 0x0C, 0x13, 0x10, 0x10, 0x12,
    0x10, 0x0C, 0x10, 0x10, 0x0C, 0x10, 0x13, 0x13, 0x15, 0x15, 0x15, 0x1B, 0x1E, 0x14, 0x10, 0x10,
    0x14, 0x13, 0x12, 0x13, 0x14, 0x1E, 0x1B, 0x1B, 0x1E, 0x14, 0x14, 0x1F, 0x23, 0x27, 0x24, 0x1E,
    0x13, 0x1C, 0x1B, 0x15, 0x16, 0x1C, 0x14, 0x10, 0x31, 0x15, 0x16, 0x29, 0x29, 0x3D, 0x3E, 0x47,
    0x49, 0x5D, 0x3C, 0x39, 0x25, 0x2B, 0x5D, 0x54, 0x4B, 0x4A, 0x47, 0x54, 0x49, 0x5D, 0x64, 0x54,
    0x4F, 0x65, 0x6E, 0x71, 0x66, 0x5D, 0x2A, 0x50, 0x5A, 0x45, 0x41, 0x4F, 0x32, 0x42, 0x7F, 0x52,
    0x49, 0x7E, 0x84, 0x87, 0x9F, 0x9E, 0x97, 0xA9, 0x97, 0x87, 0x85, 0x97, 0xA4, 0xAB, 0x9F, 0x88,
    0x8F, 0xA2, 0x96, 0x96, 0xA3, 0xA3, 0x97, 0xA3, 0x9E, 0xB2, 0xAB, 0xA3, 0x8E, 0x75, 0x8D, 0x77,
    0x8D, 0x98, 0x98, 0x96, 0xA5, 0x97, 0x80, 0xB9, 0xC2, 0xC2, 0xC5, 0xCE, 0xC5, 0xCD, 0xD4, 0xCE,
    0xC2, 0xBF, 0xC9, 0xD6, 0xCF, 0xCF, 0xC8, 0xD5, 0xD6, 0xD2, 0xDA, 0xD6, 0xDA, 0xCF, 0xD6, 0xE4,
    0xE3, 0xE4, 0xEB, 0xC5, 0xC4, 0xD4, 0xE2, 0xFD, 0x2C, 0x57, 0x2E, 0xEF, 0xDC, 0xCF, 0xF4, 0xFA,
    0x00, 0x00, 0x00, 0x00, 0x00, 0x00, 0x00, 0x00, 0x00, 0x00, 0x00, 0x00, 0x00, 0x00, 0x00, 0x00,
    0x00, 0x00, 0x00, 0x00, 0x00, 0x00, 0x00, 0x00, 0x00, 0x00, 0x00, 0x00, 0x00, 0x00, 0x00, 0x00,
    0x00, 0x00, 0x00, 0x00, 0x00, 0x00, 0x00, 0x00, 0x00, 0x00, 0x00, 0x00, 0x00, 0x00, 0x00, 0x00,
    0x00, 0x00, 0x00, 0x00, 0x00, 0x00, 0x00, 0x00, 0x00, 0x00, 0x00, 0x00, 0x00, 0x00, 0x00, 0x00,
    0x00, 0x00, 0x00, 0x00, 0x00, 0x00, 0x00, 0x00, 0x00, 0x00, 0x00, 0x00, 0x00, 0x00, 0x00, 0x00,
    0x00, 0x00, 0x00, 0x00, 0x00, 0x00, 0x00, 0x00, 0x00, 0x00, 0x00, 0x00, 0x00, 0x00, 0x00, 0x00,
    0x00, 0x00, 0x00, 0x00, 0x00, 0x00, 0x00, 0x00, 0x00, 0x00, 0x00, 0x00, 0x00, 0x00, 0x00, 0x00,
    0x00, 0x00, 0x00, 0x00, 0x00, 0x00, 0x00, 0x00, 0x00, 0x00, 0x00, 0x00, 0x00, 0x00, 0x00, 0x00,
    0x00, 0x00, 0x00, 0x00, 0x00, 0x00, 0x00, 0x00, 0x00, 0x00, 0x00, 0x00, 0x00, 0x00, 0x00, 0x00,
    0x00, 0x00, 0x00, 0x00, 0x00, 0x00, 0x00, 0x00, 0x00, 0x00, 0x00, 0x00, 0x00, 0x00, 0x00, 0x00,
    0x00, 0x00, 0x00, 0x00, 0x00, 0x00, 0x00, 0x00, 0x00, 0x00, 0x00, 0x00, 0x00, 0x00, 0x00, 0x00,
    0x00, 0x00, 0x00, 0x00, 0x00, 0x00, 0x00, 0x00, 0x00, 0x00, 0x00, 0x00, 0x00, 0x00, 0x00, 0x00,
    0xF9, 0xF1, 0xE3, 0xE9, 0xEF, 0x57, 0x58, 0x2D, 0xFD, 0xD9, 0xCA, 0xE3, 0xDC, 0xD5, 0xDA, 0xE3,
    0xE3, 0xDA, 0xD6, 0xDA, 0xE3, 0xE3, 0xE3, 0xD6, 0xDA, 0xDA, 0xA7, 0xC7, 0xD4, 0xCC, 0xCF, 0xCC,
    0xCF, 0xB7, 0xB7, 0xC1, 0xC1, 0xC2, 0xBA, 0xC2, 0xBC, 0x98, 0xAF, 0xA4, 0xA6, 0xA6, 0xA4, 0x8D,
    0x92, 0x9A, 0x8E, 0xC5, 0xB5, 0xAA, 0xB7, 0xAB, 0xAB, 0xA4, 0xAD, 0xBD, 0xBA, 0xAB, 0xB3, 0xB6,
    0xA4, 0x61, 0x8A, 0xA3, 0xA2, 0x97, 0x9E, 0x7F, 0x67, 0x87, 0x73, 0x88, 0x9E, 0x84, 0x9D, 0x56,
    0x50, 0x76, 0x56, 0x50, 0x44, 0x51, 0x5A, 0x44, 0x50, 0x2A, 0x4B, 0x47, 0x64, 0x53, 0x4E, 0x5C,
    0x48, 0x66, 0x9D, 0x63, 0x48, 0x4E, 0x3B, 0x1D, 0x44, 0x48, 0x3E, 0x3D, 0x34, 0x36, 0x20, 0x29,
    0x29, 0x34, 0x34, 0x29, 0x3B, 0x15, 0x13, 0x20, 0x16, 0x15, 0x12, 0x13, 0x12, 0x13, 0x15, 0x0C,
    0x1B, 0x1B, 0x27, 0x1E, 0x1B, 0x1B, 0x1B, 0x34, 0x23, 0x1B, 0x1B, 0x1B, 0x13, 0x0C, 0x15, 0x15,
    0x14, 0x12, 0x14, 0x10, 0x10, 0x1B, 0x12, 0x10, 0x0C, 0x10, 0x10, 0x0C, 0x13, 0x10, 0x10, 0x0C,
    0x0C, 0x10, 0x10, 0x12, 0x0C, 0x10, 0x0C, 0x12, 0x12, 0x10, 0x10, 0x12, 0x24, 0x27, 0x15, 0x14,
    0x1B, 0x13, 0x0C, 0x1B, 0x1E, 0x1B, 0x1B, 0x15, 0x10, 0x10, 0x23, 0x1B, 0x1E, 0x1B, 0x1B, 0x29,
    0x14, 0x15, 0x1C, 0x15, 0x15, 0x15, 0x21, 0x1C, 0x1C, 0x1F, 0x15, 0x1E, 0x1F, 0x34, 0x34, 0x29,
    0x3A, 0x39, 0x4D, 0x6E, 0x47, 0x40, 0x53, 0x42, 0x22, 0x54, 0x53, 0x51, 0x53, 0x4C, 0x47, 0x39,
    0x4B, 0x4F, 0x54, 0x4E, 0x4D, 0x67, 0x32, 0x37, 0x50, 0x45, 0x45, 0x37, 0x41, 0x4B, 0x50, 0x42,
    0x4D, 0x7D, 0x87, 0x9E, 0x87, 0x7E, 0x8D, 0x96, 0xB6, 0xB2, 0x9D, 0x96, 0x9E, 0x89, 0x61, 0x98,
    0x9E, 0x9D, 0x96, 0xA2, 0xA3, 0x7D, 0xA5, 0x97, 0x96, 0x9E, 0x87, 0xAB, 0x8C, 0x6B, 0x8D, 0x7F,
    0x98, 0x98, 0x98, 0xA5, 0xA4, 0x98, 0x75, 0x98, 0xB7, 0xB6, 0xC5, 0xB7, 0xB9, 0xC2, 0xC5, 0xE0,
    0xD6, 0xCE, 0xCF, 0xD6, 0xB0, 0xBC, 0xD6, 0xDA, 0xD2, 0xCF, 0xD4, 0xCC, 0xC7, 0xD6, 0xCF, 0xDA,
    0xD6, 0xE6, 0xF3, 0xCA, 0xC8, 0xE3, 0xDA, 0xFD, 0x2C, 0x57, 0x2D, 0xE6, 0xE6, 0xEF, 0xF9, 0xFA,
    0x00, 0x00, 0x00, 0x00, 0x00, 0x00, 0x00, 0x00, 0x00, 0x00, 0x00, 0x00, 0x00, 0x00, 0x00, 0x00,
    0x00, 0x00, 0x00, 0x00, 0x00, 0x00, 0x00, 0x00, 0x00, 0x00, 0x00, 0x00, 0x00, 0x00, 0x00, 0x00,
    0x00, 0x00, 0x00, 0x00, 0x00, 0x00, 0x00, 0x00, 0x00, 0x00, 0x00, 0x00, 0x00, 0x00, 0x00, 0x00,
    0x00, 0x00, 0x00, 0x00, 0x00, 0x00, 0x00, 0x00, 0x00, 0x00, 0x00, 0x00, 0x00, 0x00, 0x00, 0x00,
    0x00, 0x00, 0x00, 0x00, 0x00, 0x00, 0x00, 0x00, 0x00, 0x00, 0x00, 0x00, 0x00, 0x00, 0x00, 0x00,
    0x00, 0x00, 0x00, 0x00, 0x00, 0x00, 0x00, 0x00, 0x00, 0x00, 0x00, 0x00, 0x00, 0x00, 0x00, 0x00,
    0x00, 0x00, 0x00, 0x00, 0x00, 0x00, 0x00, 0x00, 0x00, 0x00, 0x00, 0x00, 0x00, 0x00, 0x00, 0x00,
    0x00, 0x00, 0x00, 0x00, 0x00, 0x00, 0x00, 0x00, 0x00, 0x00, 0x00, 0x00, 0x00, 0x00, 0x00, 0x00,
    0x00, 0x00, 0x00, 0x00, 0x00, 0x00, 0x00, 0x00, 0x00, 0x00, 0x00, 0x00, 0x00, 0x00, 0x00, 0x00,
    0x00, 0x00, 0x00, 0x00, 0x00, 0x00, 0x00, 0x00, 0x00, 0x00, 0x00, 0x00, 0x00, 0x00, 0x00, 0x00,
    0x00, 0x00, 0x00, 0x00, 0x00, 0x00, 0x00, 0x00, 0x00, 0x00, 0x00, 0x00, 0x00, 0x00, 0x00, 0x00,
    0x00, 0x00, 0x00, 0x00, 0x00, 0x00, 0x00, 0x00, 0x00, 0x00, 0x00, 0x00, 0x00, 0x00, 0x00, 0x00,
    0xFB, 0xF3, 0xD4, 0xE0, 0xDB, 0x57, 0x58, 0x2D, 0xFD, 0xC9, 0xC9, 0xDB, 0xE6, 0xDA, 0xDA, 0xE3,
    0xEB, 0xD6, 0xD5, 0xD2, 0xDF, 0xE3, 0xD6, 0xDA, 0xDA, 0xD6, 0xC7, 0xCF, 0xCF, 0xC5, 0xC7, 0xC5,
    0xCE, 0xC5, 0xC2, 0xCF, 0xC2, 0xB9, 0xB7, 0xBC, 0xCF, 0xB2, 0x8D, 0xA6, 0x9A, 0x9A, 0x8D, 0x8E,
    0x92, 0x80, 0xB3, 0xB7, 0xAB, 0xAD, 0xC0, 0xB7, 0x9F, 0xA4, 0x9A, 0xA4, 0xB6, 0xAD, 0xB6, 0xAB,
    0xAB, 0x9A, 0xA0, 0xB7, 0x9F, 0xA3, 0x9E, 0xA3, 0x8D, 0x87, 0x97, 0x97, 0x8D, 0x7F, 0x87, 0x85,
    0x5A, 0x56, 0x52, 0x50, 0x44, 0x49, 0x43, 0x60, 0x43, 0x63, 0x64, 0x47, 0x43, 0x54, 0x4C, 0x4D,
    0x48, 0x4D, 0x63, 0x48, 0x4C, 0x4A, 0x3E, 0x36, 0x48, 0x4C, 0x34, 0x3A, 0x34, 0x3A, 0x34, 0x3B,
    0x47, 0x35, 0x29, 0x24, 0x29, 0x31, 0x15, 0x21, 0x1F, 0x13, 0x10, 0x12, 0x16, 0x15, 0x10, 0x16,
    0x1E, 0x14, 0x23, 0x29, 0x1B, 0x15, 0x1B, 0x1B, 0x1F, 0x1B, 0x1B, 0x15, 0x15, 0x13, 0x1B, 0x1B,
    0x15, 0x15, 0x13, 0x13, 0x12, 0x27, 0x1B, 0x10, 0x0C, 0x0C, 0x0C, 0x0C, 0x10, 0x10, 0x10, 0x0C,
    0x0C, 0x0C, 0x10, 0x10, 0x10, 0x13, 0x10, 0x10, 0x15, 0x10, 0x10, 0x10, 0x13, 0x14, 0x14, 0x15,
    0x15, 0x14, 0x10, 0x16, 0x1C, 0x1C, 0x1C, 0x1C, 0x20, 0x15, 0x23, 0x25, 0x29, 0x15, 0x1B, 0x24,
    0x1B, 0x12, 0x16, 0x10, 0x13, 0x1B, 0x13, 0x16, 0x21, 0x15, 0x27, 0x27, 0x1B, 0x23, 0x36, 0x31,
    0x3B, 0x24, 0x3E, 0x4E, 0x47, 0x51, 0x4D, 0x4D, 0x4B, 0x54, 0x53, 0x47, 0x49, 0x51, 0x64, 0x40,
    0x60, 0x5E, 0x47, 0x64, 0x4B, 0x4B, 0x5E, 0x42, 0x44, 0x31, 0x42, 0x45, 0x2F, 0x44, 0x52, 0x5E,
    0x85, 0x87, 0x67, 0x8D, 0x8D, 0x7E, 0x87, 0x87, 0xAB, 0x9F, 0xA2, 0x98, 0x96, 0x8D, 0x6C, 0x9E,
    0x97, 0x96, 0x97, 0x97, 0x9D, 0x96, 0xB1, 0xA2, 0xA2, 0xA3, 0x97, 0x9D, 0xA3, 0x60, 0x86, 0x87,
    0x77, 0x6A, 0x7F, 0x86, 0x8C, 0x98, 0x77, 0xB3, 0xB9, 0xAD, 0xC2, 0xC1, 0xB7, 0xB9, 0xB9, 0xCE,
    0xCD, 0xC5, 0xD6, 0xD6, 0xCF, 0xCF, 0xD6, 0xCE, 0xD6, 0xD4, 0xD6, 0xCF, 0xCF, 0xE3, 0xDA, 0xDF,
    0xE0, 0xD6, 0xE3, 0xE6, 0xCF, 0xCF, 0xD2, 0xFD, 0x2C, 0x57, 0x57, 0xD6, 0xE3, 0xE6, 0xE6, 0xF8,
    0x00, 0x00, 0x00, 0x00, 0x00, 0x00, 0x00, 0x00, 0x00, 0x00, 0x00, 0x00, 0x00, 0x00, 0x00, 0x00,
    0x00, 0x00, 0x00, 0x00, 0x00, 0x00, 0x00, 0x00, 0x00, 0x00, 0x00, 0x00, 0x00, 0x00, 0x00, 0x00,
    0x00, 0x00, 0x00, 0x00, 0x00, 0x00, 0x00, 0x00, 0x00, 0x00, 0x00, 0x00, 0x00, 0x00, 0x00, 0x00,
    0x00, 0x00, 0x00, 0x00, 0x00, 0x00, 0x00, 0x00, 0x00, 0x00, 0x00, 0x00, 0x00, 0x00, 0x00, 0x00,
    0x00, 0x00, 0x00, 0x00, 0x00, 0x00, 0x00, 0x00, 0x00, 0x00, 0x00, 0x00, 0x00, 0x00, 0x00, 0x00,
    0x00, 0x00, 0x00, 0x00, 0x00, 0x00, 0x00, 0x00, 0x00, 0x00, 0x00, 0x00, 0x00, 0x00, 0x00, 0x00,
    0x00, 0x00, 0x00, 0x00, 0x00, 0x00, 0x00, 0x00, 0x00, 0x00, 0x00, 0x00, 0x00, 0x00, 0x00, 0x00,
    0x00, 0x00, 0x00, 0x00, 0x00, 0x00, 0x00, 0x00, 0x00, 0x00, 0x00, 0x00, 0x00, 0x00, 0x00, 0x00,
    0x00, 0x00, 0x00, 0x00, 0x00, 0x00, 0x00, 0x00, 0x00, 0x00, 0x00, 0x00, 0x00, 0x00, 0x00, 0x00,
    0x00, 0x00, 0x00, 0x00, 0x00, 0x00, 0x00, 0x00, 0x00, 0x00, 0x00, 0x00, 0x00, 0x00, 0x00, 0x00,
    0x00, 0x00, 0x00, 0x00, 0x00, 0x00, 0x00, 0x00, 0x00, 0x00, 0x00, 0x00, 0x00, 0x00, 0x00, 0x00,
    0x00, 0x00, 0x00, 0x00, 0x00, 0x00, 0x00, 0x00, 0x00, 0x00, 0x00, 0x00, 0x00, 0x00, 0x00, 0x00,
    0xF9, 0xEA, 0xE3, 0xEA, 0xDB, 0x2D, 0x58, 0x2D, 0xFD, 0xE2, 0xD5, 0xC8, 0xE3, 0xDA, 0xDF, 0xD4,
    0xE0, 0xDA, 0xDC, 0xE3, 0xD6, 0xDC, 0xC7, 0xCF, 0xCF, 0xDA, 0xD3, 0xCF, 0xC5, 0xC5, 0xC0, 0xC0,
    0xCD, 0xCF, 0xCE, 0xC5, 0xB9, 0xB7, 0xC7, 0xC5, 0xC5, 0xC2, 0xA4, 0x8E, 0x9F, 0xAD, 0xB2, 0x98,
    0x75, 0x8D, 0xB9, 0xA3, 0xAF, 0xAD, 0xAB, 0xAB, 0xA2, 0xB3, 0xB2, 0xA2, 0x96, 0xAB, 0xAD, 0xA9,
    0xB9, 0xB3, 0xAF, 0xA4, 0x9E, 0xAB, 0xA3, 0xB9, 0xB1, 0x9E, 0xA4, 0xB3, 0x9E, 0x87, 0x7A, 0x81,
    0xAB, 0x80, 0x45, 0x32, 0x50, 0x50, 0x36, 0x44, 0x6D, 0x53, 0x4D, 0x40, 0x35, 0x40, 0x5D, 0x4C,
    0x6A, 0x48, 0x34, 0x3D, 0x3A, 0x3D, 0x53, 0x4C, 0x3D, 0x34, 0x34, 0x34, 0x34, 0x4C, 0x48, 0x48,
    0x3B, 0x25, 0x29, 0x29, 0x25, 0x29, 0x20, 0x16, 0x16, 0x12, 0x15, 0x12, 0x12, 0x12, 0x10, 0x23,
    0x1B, 0x15, 0x14, 0x1E, 0x15, 0x25, 0x1B, 0x13, 0x1B, 0x1B, 0x14, 0x15, 0x1E, 0x1E, 0x1C, 0x12,
    0x10, 0x15, 0x15, 0x1E, 0x1B, 0x14, 0x14, 0x15, 0x14, 0x12, 0x0C, 0x10, 0x10, 0x0C, 0x0C, 0x10,
    0x0C, 0x0C, 0x12, 0x10, 0x10, 0x0C, 0x12, 0x10, 0x13, 0x12, 0x13, 0x14, 0x10, 0x0C, 0x0C, 0x14,
    0x14, 0x1E, 0x1B, 0x15, 0x13, 0x13, 0x20, 0x24, 0x3E, 0x1F, 0x1E, 0x25, 0x34, 0x1B, 0x1E, 0x1B,
    0x14, 0x1F, 0x15, 0x10, 0x16, 0x1C, 0x13, 0x10, 0x1F, 0x1F, 0x15, 0x25, 0x21, 0x1B, 0x27, 0x3E,
    0x40, 0x48, 0x34, 0x34, 0x29, 0x48, 0x47, 0x5D, 0x6E, 0x4E, 0x47, 0x3C, 0x40, 0x65, 0x6D, 0x5D,
    0x7F, 0x47, 0x47, 0x72, 0x5E, 0x4B, 0x63, 0x71, 0x4B, 0x25, 0x37, 0x5A, 0x37, 0x28, 0x43, 0x6D,
    0x66, 0x7F, 0x5E, 0x5E, 0x7F, 0x72, 0x97, 0x9E, 0x84, 0x90, 0x85, 0x97, 0x97, 0xA3, 0xA2, 0x87,
    0x97, 0x87, 0x82, 0x88, 0x9D, 0xA2, 0x96, 0x87, 0x97, 0xB3, 0xAB, 0x88, 0xAB, 0x80, 0x75, 0x98,
    0x8D, 0x85, 0x8D, 0x85, 0x80, 0x7F, 0x87, 0xC2, 0xAF, 0xAD, 0xA9, 0xBC, 0xBD, 0xCD, 0xCE, 0xC2,
    0xC0, 0xB6, 0xC5, 0xCF, 0xCF, 0xDA, 0xCF, 0xB8, 0xC2, 0xD4, 0xE0, 0xD6, 0xDA, 0xD3, 0xD6, 0xE3,
    0xE3, 0xD4, 0xD6, 0xEB, 0xDA, 0xC8, 0xD9, 0xFD, 0x2C, 0x57, 0x2E, 0xCF, 0xDA, 0xEA, 0xDA, 0xF0,
    0x00, 0x00, 0x00, 0x00, 0x00, 0x00, 0x00, 0x00, 0x00, 0x00, 0x00, 0x00, 0x00, 0x00, 0x00, 0x00,
    0x00, 0x00, 0x00, 0x00, 0x00, 0x00, 0x00, 0x00, 0x00, 0x00, 0x00, 0x00, 0x00, 0x00, 0x00, 0x00,
    0x00, 0x00, 0x00, 0x00, 0x00, 0x00, 0x00, 0x00, 0x00, 0x00, 0x00, 0x00, 0x00, 0x00, 0x00, 0x00,
    0x00, 0x00, 0x00, 0x00, 0x00, 0x00, 0x00, 0x00, 0x00, 0x00, 0x00, 0x00, 0x00, 0x00, 0x00, 0x00,
    0x00, 0x00, 0x00, 0x00, 0x00, 0x00, 0x00, 0x00, 0x00, 0x00, 0x00, 0x00, 0x00, 0x00, 0x00, 0x00,
    0x00, 0x00, 0x00, 0x00, 0x00, 0x00, 0x00, 0x00, 0x00, 0x00, 0x00, 0x00, 0x00, 0x00, 0x00, 0x00,
    0x00, 0x00, 0x00, 0x00, 0x00, 0x00, 0x00, 0x00, 0x00, 0x00, 0x00, 0x00, 0x00, 0x00, 0x00, 0x00,
    0x00, 0x00, 0x00, 0x00, 0x00, 0x00, 0x00, 0x00, 0x00, 0x00, 0x00, 0x00, 0x00, 0x00, 0x00, 0x00,
    0x00, 0x00, 0x00, 0x00, 0x00, 0x00, 0x00, 0x00, 0x00, 0x00, 0x00, 0x00, 0x00, 0x00, 0x00, 0x00,
    0x00, 0x00, 0x00, 0x00, 0x00, 0x00, 0x00, 0x00, 0x00, 0x00, 0x00, 0x00, 0x00, 0x00, 0x00, 0x00,
    0x00, 0x00, 0x00, 0x00, 0x00, 0x00, 0x00, 0x00, 0x00, 0x00, 0x00, 0x00, 0x00, 0x00, 0x00, 0x00,
    0x00, 0x00, 0x00, 0x00, 0x00, 0x00, 0x00, 0x00, 0x00, 0x00, 0x00, 0x00, 0x00, 0x00, 0x00, 0x00,
    0xF4, 0xDA, 0xE3, 0xE0, 0xD9, 0x2D, 0x57, 0x2D, 0xFD, 0xE6, 0xE0, 0xDA, 0xE6, 0xE3, 0xE3, 0xD6,
    0xE3, 0xEA, 0xE3, 0xDC, 0xDA, 0xD6, 0xCE, 0xD6, 0xD6, 0xD6, 0xCF, 0xCF, 0xC7, 0xCB, 0xC5, 0xC5,
    0xC2, 0xC5, 0xCC, 0xCE, 0xCF, 0xC7, 0xC5, 0xB9, 0xAB, 0xB7, 0xC2, 0x98, 0x9F, 0xB3, 0xB3, 0x8E,
    0x9A, 0xBF, 0xA3, 0xAB, 0xB9, 0xAD, 0x9F, 0xB9, 0xB0, 0xAD, 0xAD, 0xB2, 0xAB, 0xAB, 0xB5, 0xC1,
    0xB7, 0xA1, 0xAD, 0xB2, 0xAB, 0x9F, 0xB7, 0xAF, 0xAF, 0xB3, 0xA4, 0xC1, 0xAB, 0x8F, 0x7A, 0x82,
    0x90, 0x72, 0x5A, 0x50, 0x44, 0x51, 0x54, 0x35, 0x53, 0x3E, 0x43, 0x52, 0x4F, 0x4F, 0x5E, 0x48,
    0x4D, 0x3D, 0x3A, 0x48, 0x4A, 0x4C, 0x4A, 0x48, 0x3D, 0x27, 0x34, 0x3D, 0x3A, 0x48, 0x48, 0x48,
    0x3A, 0x36, 0x3B, 0x34, 0x24, 0x1E, 0x27, 0x25, 0x12, 0x12, 0x15, 0x13, 0x10, 0x12, 0x1C, 0x13,
    0x1E, 0x25, 0x1E, 0x1C, 0x2B, 0x25, 0x13, 0x13, 0x1E, 0x25, 0x1E, 0x1F, 0x1B, 0x15, 0x1B, 0x1B,
    0x13, 0x15, 0x20, 0x20, 0x15, 0x15, 0x1B, 0x15, 0x13, 0x10, 0x0C, 0x0C, 0x13, 0x0C, 0x10, 0x10,
    0x0C, 0x0C, 0x10, 0x10, 0x0C, 0x0C, 0x12, 0x13, 0x14, 0x1B, 0x13, 0x12, 0x10, 0x12, 0x12, 0x14,
    0x1E, 0x23, 0x15, 0x1C, 0x20, 0x1C, 0x25, 0x35, 0x2B, 0x26, 0x28, 0x35, 0x1E, 0x20, 0x1E, 0x13,
    0x10, 0x15, 0x13, 0x12, 0x1C, 0x13, 0x13, 0x12, 0x1B, 0x15, 0x13, 0x25, 0x2B, 0x2B, 0x3C, 0x40,
    0x34, 0x3A, 0x34, 0x3E, 0x3E, 0x4E, 0x4B, 0x49, 0x4B, 0x4D, 0x4E, 0x4E, 0x4E, 0x4D, 0x79, 0x6E,
    0x72, 0x65, 0x60, 0x64, 0x4D, 0x4A, 0x4E, 0x71, 0x67, 0x5E, 0x45, 0x50, 0x69, 0x42, 0x49, 0x63,
    0x49, 0x69, 0x6B, 0x6B, 0x8D, 0x90, 0x90, 0x84, 0x8F, 0x9F, 0x97, 0xA2, 0xAB, 0x97, 0x8A, 0x8D,
    0x8D, 0x97, 0x82, 0x84, 0xAB, 0x97, 0x99, 0xAB, 0xA4, 0xAB, 0x9E, 0x96, 0x85, 0x88, 0x8D, 0x72,
    0x77, 0x8D, 0x8D, 0x85, 0x82, 0x87, 0xC2, 0xC0, 0xAD, 0xB0, 0xAD, 0xC1, 0xCC, 0xCD, 0xC2, 0xC2,
    0xB7, 0xC2, 0xD2, 0xCC, 0xC5, 0xC7, 0xCE, 0xCE, 0xD6, 0xD6, 0xD6, 0xE0, 0xE3, 0xE0, 0xDF, 0xE0,
    0xDA, 0xD6, 0xE0, 0xE0, 0xE3, 0xC7, 0xC7, 0xFD, 0x17, 0x57, 0x57, 0xDA, 0xE3, 0xD6, 0xD6, 0xF4,
    0x00, 0x00, 0x00, 0x00, 0x00, 0x00, 0x00, 0x00, 0x00, 0x00, 0x00, 0x00, 0x00, 0x00, 0x00, 0x00,
    0x00, 0x00, 0x00, 0x00, 0x00, 0x00, 0x00, 0x00, 0x00, 0x00, 0x00, 0x00, 0x00, 0x00, 0x00, 0x00,
    0x00, 0x00, 0x00, 0x00, 0x00, 0x00, 0x00, 0x00, 0x00, 0x00, 0x00, 0x00, 0x00, 0x00, 0x00, 0x00,
    0x00, 0x00, 0x00, 0x00, 0x00, 0x00, 0x00, 0x00, 0x00, 0x00, 0x00, 0x00, 0x00, 0x00, 0x00, 0x00,
    0x00, 0x00, 0x00, 0x00, 0x00, 0x00, 0x00, 0x00, 0x00, 0x00, 0x00, 0x00, 0x00, 0x00, 0x00, 0x00,
    0x00, 0x00, 0x00, 0x00, 0x00, 0x00, 0x00, 0x00, 0x00, 0x00, 0x00, 0x00, 0x00, 0x00, 0x00, 0x00,
    0x00, 0x00, 0x00, 0x00, 0x00, 0x00, 0x00, 0x00, 0x00, 0x00, 0x00, 0x00, 0x00, 0x00, 0x00, 0x00,
    0x00, 0x00, 0x00, 0x00, 0x00, 0x00, 0x00, 0x00, 0x00, 0x00, 0x00, 0x00, 0x00, 0x00, 0x00, 0x00,
    0x00, 0x00, 0x00, 0x00, 0x00, 0x00, 0x00, 0x00, 0x00, 0x00, 0x00, 0x00, 0x00, 0x00, 0x00, 0x00,
    0x00, 0x00, 0x00, 0x00, 0x00, 0x00, 0x00, 0x00, 0x00, 0x00, 0x00, 0x00, 0x00, 0x00, 0x00, 0x00,
    0x00, 0x00, 0x00, 0x00, 0x00, 0x00, 0x00, 0x00, 0x00, 0x00, 0x00, 0x00, 0x00, 0x00, 0x00, 0x00,
    0x00, 0x00, 0x00, 0x00, 0x00, 0x00, 0x00, 0x00, 0x00, 0x00, 0x00, 0x00, 0x00, 0x00, 0x00, 0x00,
    0xF4, 0xD6, 0xD4, 0xD4, 0xCA, 0x57, 0x57, 0x2D, 0xFD, 0xE3, 0xEB, 0xEB, 0xF8, 0xF3, 0xEA, 0xE6,
    0xE3, 0xE3, 0xE0, 0xCE, 0xCC, 0xD6, 0xE0, 0xE9, 0xCF, 0xCF, 0xD5, 0xCF, 0xCC, 0xC5, 0xC5, 0xC5,
    0xB9, 0xC1, 0xC5, 0xC7, 0xCC, 0xC7, 0xBC, 0xC5, 0xC2, 0xC5, 0xC2, 0xC0, 0x9A, 0xA6, 0x98, 0x98,
    0xCC, 0xC5, 0xAF, 0xCC, 0xC2, 0xBC, 0xA1, 0xC5, 0xB3, 0xAB, 0x9F, 0xA9, 0xB5, 0xB9, 0xBA, 0xAB,
    0xAD, 0xAD, 0xAB, 0x9F, 0xAD, 0xAF, 0xAD, 0x8A, 0xA4, 0xB3, 0xB3, 0x98, 0x90, 0x8B, 0xA0, 0x9E,
    0x82, 0x8F, 0x9E, 0x6A, 0x32, 0x44, 0x7A, 0x6E, 0x64, 0x47, 0x6E, 0x72, 0x6A, 0x67, 0x5D, 0x48,
    0x3A, 0x3A, 0x4C, 0x68, 0x63, 0x48, 0x3D, 0x3D, 0x3B, 0x34, 0x34, 0x3F, 0x27, 0x3A, 0x34, 0x29,
    0x44, 0x44, 0x31, 0x29, 0x34, 0x3A, 0x3E, 0x31, 0x1F, 0x10, 0x15, 0x12, 0x13, 0x27, 0x1E, 0x15,
    0x24, 0x2B, 0x1F, 0x28, 0x25, 0x16, 0x15, 0x1E, 0x29, 0x1E, 0x20, 0x1B, 0x15, 0x15, 0x13, 0x14,
    0x20, 0x1B, 0x14, 0x1B, 0x15, 0x1F, 0x15, 0x13, 0x10, 0x10, 0x10, 0x13, 0x14, 0x10, 0x14, 0x0C,
    0x0C, 0x10, 0x10, 0x13, 0x12, 0x14, 0x1B, 0x16, 0x20, 0x1B, 0x12, 0x10, 0x10, 0x1B, 0x1E, 0x24,
    0x1B, 0x13, 0x1B, 0x1E, 0x23, 0x27, 0x25, 0x1C, 0x25, 0x36, 0x3C, 0x25, 0x1B, 0x1B, 0x1E, 0x1B,
    0x13, 0x1B, 0x25, 0x20, 0x12, 0x10, 0x10, 0x1E, 0x25, 0x23, 0x23, 0x34, 0x49, 0x43, 0x43, 0x34,
    0x27, 0x24, 0x34, 0x65, 0x7B, 0x54, 0x35, 0x49, 0x49, 0x49, 0x5C, 0x63, 0x66, 0x3E, 0x70, 0x67,
    0x51, 0x8A, 0x60, 0x6D, 0x71, 0x79, 0x71, 0x79, 0x7A, 0x7B, 0x56, 0x41, 0x6D, 0x6D, 0x82, 0x7A,
    0x6D, 0x84, 0x80, 0x84, 0x8D, 0x8F, 0x75, 0x7F, 0xA3, 0xB7, 0xAD, 0xAB, 0x87, 0x84, 0x8D, 0x8D,
    0x80, 0x87, 0x8F, 0x7B, 0x84, 0x8D, 0x97, 0xB2, 0xA2, 0xA2, 0xA4, 0xA3, 0x87, 0x8F, 0xB3, 0x86,
    0x6A, 0x97, 0x98, 0x72, 0x96, 0xB7, 0xB6, 0xB6, 0xC2, 0xC1, 0xC5, 0xCE, 0xC5, 0xBF, 0xAD, 0xC0,
    0xCD, 0xCF, 0xCE, 0xBD, 0xC5, 0xC5, 0xCE, 0xDA, 0xDA, 0xCF, 0xCF, 0xD6, 0xCF, 0xE3, 0xE6, 0xE0,
    0xD6, 0xE3, 0xEB, 0xE9, 0xEB, 0xE0, 0xC8, 0xFD, 0x2C, 0x57, 0x57, 0xD4, 0xCE, 0xD4, 0xE3, 0xF9,
    0x00, 0x00, 0x00, 0x00, 0x00, 0x00, 0x00, 0x00, 0x00, 0x00, 0x00, 0x00, 0x00, 0x00, 0x00, 0x00,
    0x00, 0x00, 0x00, 0x00, 0x00, 0x00, 0x00, 0x00, 0x00, 0x00, 0x00, 0x00, 0x00, 0x00, 0x00, 0x00,
    0x00, 0x00, 0x00, 0x00, 0x00, 0x00, 0x00, 0x00, 0x00, 0x00, 0x00, 0x00, 0x00, 0x00, 0x00, 0x00,
    0x00, 0x00, 0x00, 0x00, 0x00, 0x00, 0x00, 0x00, 0x00, 0x00, 0x00, 0x00, 0x00, 0x00, 0x00, 0x00,
    0x00, 0x00, 0x00, 0x00, 0x00, 0x00, 0x00, 0x00, 0x00, 0x00, 0x00, 0x00, 0x00, 0x00, 0x00, 0x00,
    0x00, 0x00, 0x00, 0x00, 0x00, 0x00, 0x00, 0x00, 0x00, 0x00, 0x00, 0x00, 0x00, 0x00, 0x00, 0x00,
    0x00, 0x00, 0x00, 0x00, 0x00, 0x00, 0x00, 0x00, 0x00, 0x00, 0x00, 0x00, 0x00, 0x00, 0x00, 0x00,
    0x00, 0x00, 0x00, 0x00, 0x00, 0x00, 0x00, 0x00, 0x00, 0x00, 0x00, 0x00, 0x00, 0x00, 0x00, 0x00,
    0x00, 0x00, 0x00, 0x00, 0x00, 0x00, 0x00, 0x00, 0x00, 0x00, 0x00, 0x00, 0x00, 0x00, 0x00, 0x00,
    0x00, 0x00, 0x00, 0x00, 0x00, 0x00, 0x00, 0x00, 0x00, 0x00, 0x00, 0x00, 0x00, 0x00, 0x00, 0x00,
    0x00, 0x00, 0x00, 0x00, 0x00, 0x00, 0x00, 0x00, 0x00, 0x00, 0x00, 0x00, 0x00, 0x00, 0x00, 0x00,
    0x00, 0x00, 0x00, 0x00, 0x00, 0x00, 0x00, 0x00, 0x00, 0x00, 0x00, 0x00, 0x00, 0x00, 0x00, 0x00,
    0xF9, 0xE0, 0xE3, 0xEB, 0xCA, 0x2C, 0x57, 0x2D, 0xFD, 0xDA, 0xDC, 0xE3, 0xEA, 0xEA, 0xD8, 0xE3,
    0xDA, 0xE3, 0xE0, 0xD4, 0xD3, 0xDA, 0xE0, 0xD6, 0xC5, 0xC7, 0xCF, 0xCE, 0xCE, 0xD2, 0xCC, 0xCC,
    0xCE, 0xCF, 0xC5, 0xB9, 0xBC, 0xCF, 0xB4, 0xBC, 0xCF, 0xC5, 0xB3, 0xC0, 0xB7, 0x9A, 0x9A, 0xC2,
    0xB5, 0xAD, 0xAF, 0xB3, 0xB9, 0x9B, 0x9A, 0xA4, 0xB2, 0xAB, 0xB7, 0xAD, 0xBA, 0xBD, 0xB9, 0xA0,
    0xA4, 0x9E, 0xA4, 0xA4, 0x9F, 0xA0, 0xA6, 0xB9, 0xA6, 0xAA, 0x90, 0x8D, 0x92, 0x7C, 0x92, 0x8D,
    0x84, 0x82, 0x7B, 0x6F, 0x26, 0x4B, 0x6E, 0x63, 0x5D, 0x4D, 0x53, 0x53, 0x5A, 0x51, 0x65, 0x51,
    0x48, 0x4C, 0x48, 0x3A, 0x5C, 0x48, 0x48, 0x3A, 0x29, 0x3A, 0x3A, 0x36, 0x40, 0x51, 0x34, 0x27,
    0x29, 0x49, 0x37, 0x1C, 0x36, 0x5C, 0x3C, 0x1E, 0x27, 0x1B, 0x10, 0x13, 0x24, 0x1E, 0x20, 0x1E,
    0x1F, 0x15, 0x1F, 0x1E, 0x25, 0x16, 0x16, 0x39, 0x29, 0x1F, 0x1F, 0x13, 0x14, 0x12, 0x12, 0x14,
    0x1B, 0x15, 0x15, 0x14, 0x14, 0x13, 0x12, 0x15, 0x0C, 0x10, 0x1B, 0x1C, 0x10, 0x12, 0x12, 0x0C,
    0x0C, 0x12, 0x0C, 0x12, 0x13, 0x12, 0x14, 0x15, 0x1B, 0x1B, 0x14, 0x13, 0x14, 0x14, 0x14, 0x27,
    0x14, 0x15, 0x14, 0x1B, 0x27, 0x1E, 0x1E, 0x29, 0x40, 0x1E, 0x15, 0x1E, 0x29, 0x20, 0x13, 0x20,
    0x25, 0x25, 0x15, 0x1F, 0x16, 0x10, 0x1F, 0x1E, 0x1B, 0x25, 0x23, 0x3B, 0x28, 0x35, 0x35, 0x37,
    0x35, 0x31, 0x40, 0x51, 0x5E, 0x3B, 0x35, 0x40, 0x40, 0x40, 0x4C, 0x4E, 0x5C, 0x75, 0x97, 0x5E,
    0x52, 0x43, 0x72, 0x6A, 0x5E, 0x84, 0x9E, 0x64, 0x79, 0x7B, 0x52, 0x19, 0x65, 0x65, 0x56, 0x7A,
    0x7A, 0x7D, 0x69, 0x7A, 0x6D, 0x8D, 0x84, 0x97, 0xB7, 0xAD, 0x9A, 0x9E, 0x7E, 0x7F, 0x7F, 0x75,
    0x86, 0x82, 0x9E, 0x8F, 0x97, 0xA4, 0x85, 0x96, 0xB1, 0xA4, 0x8A, 0x98, 0xB2, 0xB2, 0x84, 0x96,
    0x9E, 0x80, 0x80, 0x97, 0xBE, 0xA3, 0xA3, 0xB6, 0xB9, 0xAF, 0xB9, 0xB7, 0xBC, 0xBF, 0xC5, 0xC2,
    0xC0, 0xCE, 0xC0, 0xC2, 0xC1, 0xC2, 0xCE, 0xDA, 0xC9, 0xD3, 0xE3, 0xD6, 0xCF, 0xCF, 0xE3, 0xE3,
    0xD2, 0xDA, 0xE3, 0xEB, 0xE3, 0xE3, 0xDA, 0xFD, 0x2C, 0x57, 0x58, 0xD6, 0xCE, 0xDF, 0xEB, 0xFB,
    0x00, 0x00, 0x00, 0x00, 0x00, 0x00, 0x00, 0x00, 0x00, 0x00, 0x00, 0x00, 0x00, 0x00, 0x00, 0x00,
    0x00, 0x00, 0x00, 0x00, 0x00, 0x00, 0x00, 0x00, 0x00, 0x00, 0x00, 0x00, 0x00, 0x00, 0x00, 0x00,
    0x00, 0x00, 0x00, 0x00, 0x00, 0x00, 0x00, 0x00, 0x00, 0x00, 0x00, 0x00, 0x00, 0x00, 0x00, 0x00,
    0x00, 0x00, 0x00, 0x00, 0x00, 0x00, 0x00, 0x00, 0x00, 0x00, 0x00, 0x00, 0x00, 0x00, 0x00, 0x00,
    0x00, 0x00, 0x00, 0x00, 0x00, 0x00, 0x00, 0x00, 0x00, 0x00, 0x00, 0x00, 0x00, 0x00, 0x00, 0x00,
    0x00, 0x00, 0x00, 0x00, 0x00, 0x00, 0x00, 0x00, 0x00, 0x00, 0x00, 0x00, 0x00, 0x00, 0x00, 0x00,
    0x00, 0x00, 0x00, 0x00, 0x00, 0x00, 0x00, 0x00, 0x00, 0x00, 0x00, 0x00, 0x00, 0x00, 0x00, 0x00,
    0x00, 0x00, 0x00, 0x00, 0x00, 0x00, 0x00, 0x00, 0x00, 0x00, 0x00, 0x00, 0x00, 0x00, 0x00, 0x00,
    0x00, 0x00, 0x00, 0x00, 0x00, 0x00, 0x00, 0x00, 0x00, 0x00, 0x00, 0x00, 0x00, 0x00, 0x00, 0x00,
    0x00, 0x00, 0x00, 0x00, 0x00, 0x00, 0x00, 0x00, 0x00, 0x00, 0x00, 0x00, 0x00, 0x00, 0x00, 0x00,
    0x00, 0x00, 0x00, 0x00, 0x00, 0x00, 0x00, 0x00, 0x00, 0x00, 0x00, 0x00, 0x00, 0x00, 0x00, 0x00,
    0x00, 0x00, 0x00, 0x00, 0x00, 0x00, 0x00, 0x00, 0x00, 0x00, 0x00, 0x00, 0x00, 0x00, 0x00, 0x00,
    0xFB, 0xF3, 0xE3, 0xF8, 0xDB, 0x2C, 0x58, 0x57, 0xFE, 0xDD, 0xE3, 0xF4, 0xEA, 0xE2, 0xDA, 0xE3,
    0xE3, 0xE3, 0xDC, 0xDC, 0xE3, 0xCF, 0xC7, 0xD6, 0xD4, 0xCE, 0xCE, 0xD6, 0xCF, 0xD2, 0xCF, 0xCF,
    0xD2, 0xD6, 0xD3, 0xC5, 0xCF, 0xCF, 0xBC, 0xA7, 0xC5, 0xC2, 0xAD, 0xB3, 0xBC, 0xB3, 0xB9, 0xC5,
    0xAD, 0xA4, 0xB9, 0xAF, 0x93, 0x9A, 0xB6, 0xB2, 0xB2, 0xB9, 0xBF, 0xC0, 0xBD, 0xAB, 0xB2, 0xB7,
    0xA3, 0xA4, 0xB3, 0x9F, 0x8D, 0x8A, 0xB7, 0xCB, 0x9F, 0x97, 0x8D, 0xAD, 0xA0, 0x6A, 0x69, 0x98,
    0x84, 0x8A, 0x6F, 0x74, 0x6F, 0x6F, 0x6F, 0x6E, 0x6F, 0x7A, 0x5E, 0x49, 0x51, 0x67, 0x49, 0x47,
    0x5D, 0x6D, 0x34, 0x35, 0x4E, 0x3E, 0x3A, 0x48, 0x4C, 0x3F, 0x3A, 0x34, 0x49, 0x5D, 0x3D, 0x36,
    0x27, 0x40, 0x31, 0x1C, 0x16, 0x47, 0x23, 0x1C, 0x1F, 0x25, 0x15, 0x23, 0x29, 0x15, 0x27, 0x34,
    0x16, 0x13, 0x20, 0x25, 0x21, 0x1C, 0x23, 0x25, 0x1E, 0x15, 0x15, 0x14, 0x12, 0x14, 0x1E, 0x13,
    0x12, 0x12, 0x25, 0x1C, 0x15, 0x10, 0x13, 0x14, 0x0C, 0x0C, 0x13, 0x10, 0x0C, 0x10, 0x12, 0x0C,
    0x10, 0x10, 0x10, 0x10, 0x1B, 0x10, 0x10, 0x14, 0x1B, 0x14, 0x15, 0x1C, 0x15, 0x10, 0x13, 0x1E,
    0x25, 0x14, 0x1E, 0x27, 0x20, 0x20, 0x1E, 0x3B, 0x31, 0x20, 0x1E, 0x20, 0x34, 0x1C, 0x10, 0x13,
    0x20, 0x15, 0x15, 0x23, 0x29, 0x1F, 0x23, 0x23, 0x1B, 0x35, 0x35, 0x25, 0x25, 0x34, 0x36, 0x2B,
    0x35, 0x51, 0x65, 0x47, 0x39, 0x3C, 0x48, 0x47, 0x4C, 0x66, 0x48, 0x4A, 0x5D, 0x7C, 0x7A, 0x67,
    0x5D, 0x54, 0x7C, 0x64, 0x3C, 0x54, 0x6F, 0x71, 0x64, 0x65, 0x72, 0x52, 0x7E, 0x7A, 0x6E, 0x7A,
    0x8F, 0x75, 0x60, 0x7C, 0x7C, 0x6F, 0x80, 0x9F, 0xA4, 0x84, 0x7F, 0x9A, 0x8E, 0x77, 0x87, 0x8E,
    0x90, 0x96, 0x87, 0x88, 0xB6, 0xA3, 0x97, 0xA2, 0xB1, 0xA0, 0x6B, 0x8E, 0xB6, 0xA3, 0x8D, 0x9D,
    0xB6, 0x90, 0x8A, 0xB7, 0xA4, 0x9F, 0xB2, 0xC2, 0xAF, 0xA1, 0xB7, 0xC2, 0xB9, 0xC2, 0xD6, 0xC2,
    0xB7, 0xC2, 0xC5, 0xC5, 0xC7, 0xCC, 0xC5, 0xCE, 0xCF, 0xD6, 0xDC, 0xD6, 0xDC, 0xD6, 0xE3, 0xEB,
    0xD6, 0xC8, 0xE2, 0xF8, 0xE3, 0xE3, 0xDF, 0xFE, 0x2C, 0x57, 0x57, 0xEF, 0xF0, 0xE3, 0xEB, 0xF8,
    0x00, 0x00, 0x00, 0x00, 0x00, 0x00, 0x00, 0x00, 0x00, 0x00, 0x00, 0x00, 0x00, 0x00, 0x00, 0x00,
    0x00, 0x00, 0x00, 0x00, 0x00, 0x00, 0x00, 0x00, 0x00, 0x00, 0x00, 0x00, 0x00, 0x00, 0x00, 0x00,
    0x00, 0x00, 0x00, 0x00, 0x00, 0x00, 0x00, 0x00, 0x00, 0x00, 0x00, 0x00, 0x00, 0x00, 0x00, 0x00,
    0x00, 0x00, 0x00, 0x00, 0x00, 0x00, 0x00, 0x00, 0x00, 0x00, 0x00, 0x00, 0x00, 0x00, 0x00, 0x00,
    0x00, 0x00, 0x00, 0x00, 0x00, 0x00, 0x00, 0x00, 0x00, 0x00, 0x00, 0x00, 0x00, 0x00, 0x00, 0x00,
    0x00, 0x00, 0x00, 0x00, 0x00, 0x00, 0x00, 0x00, 0x00, 0x00, 0x00, 0x00, 0x00, 0x00, 0x00, 0x00,
    0x00, 0x00, 0x00, 0x00, 0x00, 0x00, 0x00, 0x00, 0x00, 0x00, 0x00, 0x00, 0x00, 0x00, 0x00, 0x00,
    0x00, 0x00, 0x00, 0x00, 0x00, 0x00, 0x00, 0x00, 0x00, 0x00, 0x00, 0x00, 0x00, 0x00, 0x00, 0x00,
    0x00, 0x00, 0x00, 0x00, 0x00, 0x00, 0x00, 0x00, 0x00, 0x00, 0x00, 0x00, 0x00, 0x00, 0x00, 0x00,
    0x00, 0x00, 0x00, 0x00, 0x00, 0x00, 0x00, 0x00, 0x00, 0x00, 0x00, 0x00, 0x00, 0x00, 0x00, 0x00,
    0x00, 0x00, 0x00, 0x00, 0x00, 0x00, 0x00, 0x00, 0x00, 0x00, 0x00, 0x00, 0x00, 0x00, 0x00, 0x00,
    0x00, 0x00, 0x00, 0x00, 0x00, 0x00, 0x00, 0x00, 0x00, 0x00, 0x00, 0x00, 0x00, 0x00, 0x00, 0x00,
    0xFE, 0xEB, 0xE0, 0xE0, 0xCA, 0x57, 0x59, 0x57, 0xFF, 0xEF, 0xDA, 0xE3, 0xDD, 0xD9, 0xEB, 0xEB,
    0xE3, 0xD6, 0xD6, 0xD2, 0xD6, 0xCF, 0xCF, 0xD6, 0xDC, 0xDC, 0xD6, 0xD6, 0xE0, 0xCF, 0xCE, 0xCE,
    0xD2, 0xCF, 0xCE, 0xC9, 0xBD, 0xCE, 0xCF, 0xC3, 0xAF, 0xB9, 0xB7, 0xAD, 0xB7, 0xBF, 0xB9, 0xAD,
    0xAD, 0xAD, 0xA1, 0x9B, 0xA6, 0xB7, 0xB9, 0xB9, 0xB3, 0xA4, 0xB6, 0xB1, 0xAB, 0x96, 0xAB, 0xA4,
    0xB2, 0xB9, 0xAB, 0xB7, 0xA4, 0xA0, 0x9D, 0x9D, 0xA4, 0x9E, 0x8F, 0x8F, 0x9A, 0xA3, 0x76, 0x6A,
    0x7F, 0x6F, 0x60, 0x6F, 0x7B, 0x6E, 0x4F, 0x4F, 0x4A, 0x53, 0x4B, 0x71, 0x6E, 0x67, 0x48, 0x39,
    0x3E, 0x48, 0x47, 0x3E, 0x5C, 0x4E, 0x63, 0x66, 0x70, 0x79, 0x63, 0x3A, 0x34, 0x3B, 0x3D, 0x34,
    0x27, 0x23, 0x36, 0x3C, 0x1F, 0x1F, 0x20, 0x21, 0x1B, 0x20, 0x29, 0x1E, 0x1B, 0x25, 0x20, 0x1E,
    0x16, 0x1F, 0x24, 0x23, 0x1F, 0x15, 0x1E, 0x15, 0x15, 0x10, 0x14, 0x1B, 0x20, 0x20, 0x20, 0x1E,
    0x15, 0x1B, 0x13, 0x13, 0x13, 0x10, 0x10, 0x13, 0x1C, 0x10, 0x0C, 0x10, 0x0C, 0x10, 0x12, 0x14,
    0x12, 0x10, 0x10, 0x10, 0x0C, 0x10, 0x14, 0x1B, 0x1E, 0x20, 0x14, 0x13, 0x13, 0x10, 0x12, 0x15,
    0x1B, 0x29, 0x24, 0x25, 0x25, 0x31, 0x3B, 0x23, 0x1B, 0x25, 0x20, 0x1B, 0x25, 0x31, 0x27, 0x15,
    0x14, 0x14, 0x1B, 0x1B, 0x23, 0x24, 0x1E, 0x15, 0x1B, 0x1F, 0x25, 0x20, 0x3A, 0x3C, 0x3C, 0x28,
    0x25, 0x35, 0x35, 0x2B, 0x29, 0x40, 0x4D, 0x7A, 0x6D, 0x6D, 0x7B, 0x6A, 0x53, 0x4E, 0x7A, 0x7C,
    0x65, 0x65, 0x6E, 0x84, 0x75, 0x43, 0x5E, 0x6E, 0x4D, 0x64, 0x82, 0x81, 0x7A, 0x67, 0x6D, 0x79,
    0x72, 0x72, 0x82, 0x84, 0x8A, 0x74, 0x69, 0x7B, 0x84, 0x7B, 0x72, 0x8E, 0x9A, 0x9F, 0x9F, 0xAB,
    0xAB, 0x97, 0x87, 0x8F, 0x88, 0x97, 0x8D, 0x8F, 0xA3, 0xB3, 0xB3, 0x9A, 0x8A, 0xA3, 0xB1, 0x9D,
    0xA9, 0xB6, 0xB7, 0xB7, 0x98, 0x98, 0xA3, 0xAB, 0xAD, 0xC2, 0xB9, 0xB7, 0xB7, 0xB7, 0xB7, 0xB7,
    0xB9, 0xC2, 0xC5, 0xCF, 0xCF, 0xCE, 0xD3, 0xD3, 0xDC, 0xD6, 0xCE, 0xE3, 0xD6, 0xD4, 0xCF, 0xE6,
    0xE6, 0xE2, 0xD2, 0xE9, 0xE0, 0xE3, 0xE3, 0xFF, 0x2C, 0x58, 0x57, 0xE6, 0xF3, 0xE0, 0xE0, 0xE3,
    0x00, 0x00, 0x00, 0x00, 0x00, 0x00, 0x00, 0x00, 0x00, 0x00, 0x00, 0x00, 0x00, 0x00, 0x00, 0x00,
    0x00, 0x00, 0x00, 0x00, 0x00, 0x00, 0x00, 0x00, 0x00, 0x00, 0x00, 0x00, 0x00, 0x00, 0x00, 0x00,
    0x00, 0x00, 0x00, 0x00, 0x00, 0x00, 0x00, 0x00, 0x00, 0x00, 0x00, 0x00, 0x00, 0x00, 0x00, 0x00,
    0x00, 0x00, 0x00, 0x00, 0x00, 0x00, 0x00, 0x00, 0x00, 0x00, 0x00, 0x00, 0x00, 0x00, 0x00, 0x00,
    0x00, 0x00, 0x00, 0x00, 0x00, 0x00, 0x00, 0x00, 0x00, 0x00, 0x00, 0x00, 0x00, 0x00, 0x00, 0x00,
    0x00, 0x00, 0x00, 0x00, 0x00, 0x00, 0x00, 0x00, 0x00, 0x00, 0x00, 0x00, 0x00, 0x00, 0x00, 0x00,
    0x00, 0x00, 0x00, 0x00, 0x00, 0x00, 0x00, 0x00, 0x00, 0x00, 0x00, 0x00, 0x00, 0x00, 0x00, 0x00,
    0x00, 0x00, 0x00, 0x00, 0x00, 0x00, 0x00, 0x00, 0x00, 0x00, 0x00, 0x00, 0x00, 0x00, 0x00, 0x00,
    0x00, 0x00, 0x00, 0x00, 0x00, 0x00, 0x00, 0x00, 0x00, 0x00, 0x00, 0x00, 0x00, 0x00, 0x00, 0x00,
    0x00, 0x00, 0x00, 0x00, 0x00, 0x00, 0x00, 0x00, 0x00, 0x00, 0x00, 0x00, 0x00, 0x00, 0x00, 0x00,
    0x00, 0x00, 0x00, 0x00, 0x00, 0x00, 0x00, 0x00, 0x00, 0x00, 0x00, 0x00, 0x00, 0x00, 0x00, 0x00,
    0x00, 0x00, 0x00, 0x00, 0x00, 0x00, 0x00, 0x00, 0x00, 0x00, 0x00, 0x00, 0x00, 0x00, 0x00, 0x00,
    0xFB, 0xE3, 0xD4, 0xE9, 0xCA, 0x2C, 0x59, 0x2D, 0xFD, 0xE2, 0xE7, 0xDF, 0xDB, 0xE3, 0xE3, 0xE0,
    0xCF, 0xCF, 0xE0, 0xDA, 0xCF, 0xCF, 0xE0, 0xD6, 0xCE, 0xD6, 0xCF, 0xCF, 0xD2, 0xBC, 0xCF, 0xCF,
    0xC1, 0xC5, 0xCE, 0xC2, 0xB9, 0xBC, 0xCF, 0xDA, 0xB0, 0xB0, 0xC1, 0xB9, 0xBF, 0xB6, 0xB7, 0xB3,
    0xAF, 0xAF, 0xA6, 0x92, 0xAD, 0xA4, 0x9F, 0x97, 0xA3, 0xB2, 0xA9, 0xAB, 0xA2, 0xB7, 0xA4, 0xAD,
    0x9F, 0x9F, 0x90, 0xA3, 0x8E, 0x98, 0x98, 0x77, 0x96, 0x9E, 0x7B, 0x67, 0x80, 0xB2, 0x8D, 0x4F,
    0x76, 0x8A, 0x6B, 0x74, 0x6E, 0x6F, 0x64, 0x5E, 0x5E, 0x5D, 0x70, 0x7D, 0x4A, 0x3B, 0x48, 0x4D,
    0x48, 0x3C, 0x63, 0x6D, 0x3E, 0x4A, 0x5C, 0x4C, 0x4D, 0x4D, 0x34, 0x48, 0x24, 0x1B, 0x36, 0x31,
    0x1B, 0x1B, 0x27, 0x3E, 0x36, 0x1C, 0x2A, 0x35, 0x27, 0x20, 0x1B, 0x20, 0x24, 0x25, 0x28, 0x21,
    0x20, 0x23, 0x1E, 0x14, 0x14, 0x1E, 0x1B, 0x13, 0x14, 0x1B, 0x1B, 0x15, 0x1E, 0x1B, 0x13, 0x15,
    0x14, 0x1C, 0x10, 0x10, 0x13, 0x0C, 0x0C, 0x10, 0x1B, 0x1B, 0x10, 0x10, 0x15, 0x13, 0x13, 0x13,
    0x13, 0x13, 0x13, 0x15, 0x10, 0x10, 0x1B, 0x14, 0x10, 0x12, 0x13, 0x14, 0x1B, 0x20, 0x20, 0x1B,
    0x14, 0x23, 0x1E, 0x1B, 0x31, 0x29, 0x36, 0x1E, 0x13, 0x1C, 0x15, 0x12, 0x13, 0x25, 0x3E, 0x21,
    0x13, 0x23, 0x29, 0x23, 0x20, 0x1E, 0x1C, 0x1F, 0x25, 0x1F, 0x21, 0x29, 0x3B, 0x23, 0x1B, 0x2A,
    0x42, 0x28, 0x1E, 0x3C, 0x5E, 0x4B, 0x49, 0x49, 0x48, 0x48, 0x5D, 0x43, 0x6F, 0x5E, 0x47, 0x76,
    0x6A, 0x43, 0x53, 0x71, 0x88, 0x5E, 0x43, 0x6F, 0x6A, 0x69, 0x6F, 0x6E, 0x7C, 0x7C, 0x81, 0x88,
    0x82, 0x7B, 0x84, 0x6D, 0x67, 0x7A, 0x79, 0x6D, 0x7A, 0x90, 0x98, 0x71, 0x7F, 0x8F, 0x8E, 0x84,
    0x8D, 0x7B, 0x98, 0x90, 0x73, 0x87, 0x97, 0x7E, 0x7F, 0xAB, 0xC2, 0xB9, 0x6C, 0xAF, 0xCD, 0xB1,
    0xB1, 0xB1, 0xAB, 0xA4, 0xA4, 0xAD, 0xB7, 0xBE, 0xB7, 0xB7, 0x9A, 0xA0, 0xB7, 0xB9, 0xAD, 0xAD,
    0xC5, 0xCE, 0xC5, 0xCC, 0xCE, 0xC5, 0xCF, 0xC5, 0xCE, 0xD6, 0xC2, 0xCF, 0xDC, 0xC7, 0xC2, 0xD6,
    0xE3, 0xF3, 0xC8, 0xCF, 0xE2, 0xEB, 0xEF, 0xFF, 0x2C, 0x58, 0x57, 0xD4, 0xCD, 0xD6, 0xD6, 0xE3,
    0x00, 0x00, 0x00, 0x00, 0x00, 0x00, 0x00, 0x00, 0x00, 0x00, 0x00, 0x00, 0x00, 0x00, 0x00, 0x00,
    0x00, 0x00, 0x00, 0x00, 0x00, 0x00, 0x00, 0x00, 0x00, 0x00, 0x00, 0x00, 0x00, 0x00, 0x00, 0x00,
    0x00, 0x00, 0x00, 0x00, 0x00, 0x00, 0x00, 0x00, 0x00, 0x00, 0x00, 0x00, 0x00, 0x00, 0x00, 0x00,
    0x00, 0x00, 0x00, 0x00, 0x00, 0x00, 0x00, 0x00, 0x00, 0x00, 0x00, 0x00, 0x00, 0x00, 0x00, 0x00,
    0x00, 0x00, 0x00, 0x00, 0x00, 0x00, 0x00, 0x00, 0x00, 0x00, 0x00, 0x00, 0x00, 0x00, 0x00, 0x00,
    0x00, 0x00, 0x00, 0x00, 0x00, 0x00, 0x00, 0x00, 0x00, 0x00, 0x00, 0x00, 0x00, 0x00, 0x00, 0x00,
    0x00, 0x00, 0x00, 0x00, 0x00, 0x00, 0x00, 0x00, 0x00, 0x00, 0x00, 0x00, 0x00, 0x00, 0x00, 0x00,
    0x00, 0x00, 0x00, 0x00, 0x00, 0x00, 0x00, 0x00, 0x00, 0x00, 0x00, 0x00, 0x00, 0x00, 0x00, 0x00,
    0x00, 0x00, 0x00, 0x00, 0x00, 0x00, 0x00, 0x00, 0x00, 0x00, 0x00, 0x00, 0x00, 0x00, 0x00, 0x00,
    0x00, 0x00, 0x00, 0x00, 0x00, 0x00, 0x00, 0x00, 0x00, 0x00, 0x00, 0x00, 0x00, 0x00, 0x00, 0x00,
    0x00, 0x00, 0x00, 0x00, 0x00, 0x00, 0x00, 0x00, 0x00, 0x00, 0x00, 0x00, 0x00, 0x00, 0x00, 0x00,
    0x00, 0x00, 0x00, 0x00, 0x00, 0x00, 0x00, 0x00, 0x00, 0x00, 0x00, 0x00, 0x00, 0x00, 0x00, 0x00,
    0xFE, 0xF3, 0xE9, 0xEC, 0xDB, 0x2C, 0x58, 0x57, 0xEE, 0xC1, 0xCF, 0xDB, 0xDC, 0xF8, 0xE6, 0xD6,
    0xC7, 0xCE, 0xD3, 0xDB, 0xE3, 0xCF, 0xD0, 0xCD, 0xCE, 0xC5, 0xC5, 0xD3, 0xC5, 0xBC, 0xBC, 0xCE,
    0xC2, 0xB9, 0xCF, 0xB9, 0xC2, 0xB9, 0xCE, 0xCF, 0xCF, 0xB9, 0xB7, 0xAB, 0xAD, 0xB3, 0xAD, 0xA3,
    0x97, 0x8E, 0x98, 0xB6, 0xB2, 0xB2, 0x9E, 0x97, 0xA9, 0xA4, 0xBF, 0xB1, 0xA9, 0xA3, 0x80, 0x98,
    0x8E, 0x75, 0x98, 0x87, 0x67, 0x67, 0x7E, 0x7F, 0x87, 0x87, 0x71, 0x8D, 0x7B, 0x85, 0xA9, 0x98,
    0x7F, 0x7C, 0x6F, 0x65, 0x66, 0x4D, 0x49, 0x4A, 0x53, 0x5C, 0x79, 0x81, 0x4D, 0x34, 0x4C, 0x4D,
    0x67, 0x72, 0x5D, 0x4A, 0x34, 0x48, 0x3A, 0x3E, 0x5C, 0x27, 0x1B, 0x1E, 0x27, 0x20, 0x31, 0x29,
    0x20, 0x29, 0x1E, 0x29, 0x3E, 0x29, 0x31, 0x24, 0x1E, 0x20, 0x20, 0x1B, 0x14, 0x12, 0x1B, 0x20,
    0x34, 0x29, 0x12, 0x12, 0x14, 0x14, 0x20, 0x29, 0x1E, 0x13, 0x0C, 0x14, 0x13, 0x12, 0x14, 0x10,
    0x0C, 0x10, 0x0C, 0x10, 0x13, 0x0C, 0x12, 0x14, 0x12, 0x1B, 0x12, 0x10, 0x13, 0x13, 0x14, 0x12,
    0x10, 0x10, 0x0C, 0x10, 0x14, 0x14, 0x14, 0x1B, 0x10, 0x10, 0x10, 0x14, 0x20, 0x1B, 0x1B, 0x10,
    0x15, 0x12, 0x15, 0x1F, 0x13, 0x14, 0x10, 0x10, 0x12, 0x1F, 0x1B, 0x1B, 0x24, 0x1B, 0x29, 0x3A,
    0x25, 0x29, 0x23, 0x23, 0x1C, 0x15, 0x13, 0x12, 0x14, 0x25, 0x24, 0x29, 0x3E, 0x23, 0x1B, 0x25,
    0x39, 0x43, 0x52, 0x4B, 0x40, 0x27, 0x39, 0x35, 0x40, 0x4B, 0x3B, 0x24, 0x48, 0x67, 0x36, 0x4F,
    0x75, 0x47, 0x4B, 0x47, 0x79, 0x88, 0x7B, 0x72, 0x50, 0x4F, 0x54, 0x56, 0x4F, 0x60, 0x5C, 0x51,
    0x7D, 0x87, 0x9D, 0x63, 0x64, 0x6F, 0x7A, 0x8D, 0x90, 0x97, 0x72, 0x64, 0x72, 0x6E, 0x69, 0x80,
    0x67, 0x5F, 0x5C, 0x5F, 0x7E, 0x97, 0xB2, 0x8D, 0xA4, 0xA2, 0x9F, 0xC2, 0x92, 0x9F, 0xB6, 0x9D,
    0xB1, 0xA9, 0x97, 0x97, 0x96, 0x9E, 0xBE, 0xBE, 0xBC, 0xC1, 0x92, 0xA0, 0xAD, 0xAB, 0xC5, 0xCE,
    0xC5, 0xB7, 0xB3, 0xB9, 0xC2, 0xC9, 0xBD, 0xB9, 0xB7, 0xCD, 0xC5, 0xC2, 0xCF, 0xCF, 0xCE, 0xCF,
    0xDA, 0xEB, 0xF3, 0xE6, 0xE3, 0xE3, 0xDA, 0xFD, 0x17, 0x57, 0x57, 0xCF, 0xCD, 0xE0, 0xE3, 0xF3,
    0x00, 0x00, 0x00, 0x00, 0x00, 0x00, 0x00, 0x00, 0x00, 0x00, 0x00, 0x00, 0x00, 0x00, 0x00, 0x00,
    0x00, 0x00, 0x00, 0x00, 0x00, 0x00, 0x00, 0x00, 0x00, 0x00, 0x00, 0x00, 0x00, 0x00, 0x00, 0x00,
    0x00, 0x00, 0x00, 0x00, 0x00, 0x00, 0x00, 0x00, 0x00, 0x00, 0x00, 0x00, 0x00, 0x00, 0x00, 0x00,
    0x00, 0x00, 0x00, 0x00, 0x00, 0x00, 0x00, 0x00, 0x00, 0x00, 0x00, 0x00, 0x00, 0x00, 0x00, 0x00,
    0x00, 0x00, 0x00, 0x00, 0x00, 0x00, 0x00, 0x00, 0x00, 0x00, 0x00, 0x00, 0x00, 0x00, 0x00, 0x00,
    0x00, 0x00, 0x00, 0x00, 0x00, 0x00, 0x00, 0x00, 0x00, 0x00, 0x00, 0x00, 0x00, 0x00, 0x00, 0x00,
    0x00, 0x00, 0x00, 0x00, 0x00, 0x00, 0x00, 0x00, 0x00, 0x00, 0x00, 0x00, 0x00, 0x00, 0x00, 0x00,
    0x00, 0x00, 0x00, 0x00, 0x00, 0x00, 0x00, 0x00, 0x00, 0x00, 0x00, 0x00, 0x00, 0x00, 0x00, 0x00,
    0x00, 0x00, 0x00, 0x00, 0x00, 0x00, 0x00, 0x00, 0x00, 0x00, 0x00, 0x00, 0x00, 0x00, 0x00, 0x00,
    0x00, 0x00, 0x00, 0x00, 0x00, 0x00, 0x00, 0x00, 0x00, 0x00, 0x00, 0x00, 0x00, 0x00, 0x00, 0x00,
    0x00, 0x00, 0x00, 0x00, 0x00, 0x00, 0x00, 0x00, 0x00, 0x00, 0x00, 0x00, 0x00, 0x00, 0x00, 0x00,
    0x00, 0x00, 0x00, 0x00, 0x00, 0x00, 0x00, 0x00, 0x00, 0x00, 0x00, 0x00, 0x00, 0x00, 0x00, 0x00,
    0xFE, 0xF8, 0xEB, 0xE9, 0xDB, 0x57, 0x58, 0x2D, 0xFD, 0xD6, 0xE6, 0xE7, 0xD6, 0xD6, 0xDA, 0xDA,
    0xDC, 0xE2, 0xD6, 0xCF, 0xDA, 0xCF, 0xC2, 0xCF, 0xD6, 0xD3, 0xD6, 0xCF, 0xC5, 0xD2, 0xCF, 0xCC,
    0xCE, 0xCF, 0xD6, 0xCF, 0xCF, 0xCC, 0xCE, 0xC1, 0xB7, 0xB7, 0xCE, 0xC2, 0xB7, 0x9A, 0x9F, 0xB1,
    0xAD, 0xB9, 0xB2, 0x97, 0xA3, 0xA9, 0xA3, 0xB1, 0xC0, 0xA4, 0xA4, 0xAB, 0xAB, 0x87, 0x98, 0x9A,
    0x98, 0x98, 0x8E, 0x82, 0x9F, 0x98, 0x77, 0x85, 0xB1, 0x97, 0x97, 0x8F, 0x7E, 0x85, 0x85, 0x7E,
    0x87, 0x97, 0x6E, 0x6E, 0x6D, 0x53, 0x64, 0x7F, 0x9D, 0x6D, 0x48, 0x4E, 0x54, 0x49, 0x70, 0x66,
    0x4E, 0x64, 0x40, 0x3A, 0x53, 0x4A, 0x4E, 0x53, 0x48, 0x3A, 0x48, 0x29, 0x20, 0x34, 0x3A, 0x48,
    0x4E, 0x3B, 0x20, 0x29, 0x23, 0x1E, 0x39, 0x4C, 0x3A, 0x20, 0x16, 0x1C, 0x20, 0x34, 0x31, 0x1B,
    0x14, 0x1B, 0x12, 0x13, 0x29, 0x20, 0x20, 0x1B, 0x1F, 0x10, 0x10, 0x15, 0x14, 0x13, 0x14, 0x14,
    0x1B, 0x12, 0x0C, 0x10, 0x14, 0x1B, 0x14, 0x12, 0x12, 0x12, 0x10, 0x13, 0x24, 0x14, 0x12, 0x12,
    0x10, 0x12, 0x15, 0x1E, 0x14, 0x10, 0x12, 0x14, 0x12, 0x15, 0x1B, 0x13, 0x1C, 0x1E, 0x12, 0x15,
    0x1B, 0x1B, 0x16, 0x15, 0x16, 0x15, 0x13, 0x0C, 0x14, 0x20, 0x34, 0x29, 0x1E, 0x1B, 0x20, 0x1B,
    0x34, 0x63, 0x3E, 0x1E, 0x1B, 0x15, 0x1B, 0x1E, 0x29, 0x48, 0x24, 0x1B, 0x1E, 0x25, 0x29, 0x48,
    0x34, 0x3C, 0x52, 0x35, 0x34, 0x51, 0x37, 0x4F, 0x54, 0x49, 0x4F, 0x6A, 0x54, 0x3C, 0x60, 0x74,
    0x8A, 0x7C, 0x51, 0x51, 0x65, 0x51, 0x51, 0x8D, 0x72, 0x6D, 0x53, 0x4B, 0x51, 0x66, 0x81, 0x8D,
    0x6A, 0x5E, 0x71, 0x66, 0x64, 0x9D, 0x81, 0x9D, 0xA2, 0x85, 0x6D, 0x9D, 0x8A, 0x8A, 0x80, 0x7C,
    0x84, 0x90, 0x84, 0x72, 0x7F, 0xBF, 0xC0, 0xA3, 0xC1, 0xB2, 0xAB, 0x9F, 0x97, 0xAD, 0xC2, 0xAB,
    0xA2, 0x9D, 0x97, 0x9E, 0xB1, 0xC2, 0xCE, 0xAB, 0xA4, 0xAD, 0xA6, 0xB3, 0xC2, 0xB3, 0xC0, 0xC1,
    0xB9, 0xB9, 0xC2, 0xC2, 0xCE, 0xCE, 0xCC, 0xCE, 0xCF, 0xCE, 0xCE, 0xD6, 0xDA, 0xDA, 0xDA, 0xCF,
    0xDA, 0xDA, 0xD6, 0xD5, 0xE9, 0xF3, 0xE6, 0xFD, 0x17, 0x57, 0x58, 0xEF, 0xE6, 0xE1, 0xE0, 0xE3,
    0x00, 0x00, 0x00, 0x00, 0x00, 0x00, 0x00, 0x00, 0x00, 0x00, 0x00, 0x00, 0x00, 0x00, 0x00, 0x00,
    0x00, 0x00, 0x00, 0x00, 0x00, 0x00, 0x00, 0x00, 0x00, 0x00, 0x00, 0x00, 0x00, 0x00, 0x00, 0x00,
    0x00, 0x00, 0x00, 0x00, 0x00, 0x00, 0x00, 0x00, 0x00, 0x00, 0x00, 0x00, 0x00, 0x00, 0x00, 0x00,
    0x00, 0x00, 0x00, 0x00, 0x00, 0x00, 0x00, 0x00, 0x00, 0x00, 0x00, 0x00, 0x00, 0x00, 0x00, 0x00,
    0x00, 0x00, 0x00, 0x00, 0x00, 0x00, 0x00, 0x00, 0x00, 0x00, 0x00, 0x00, 0x00, 0x00, 0x00, 0x00,
    0x00, 0x00, 0x00, 0x00, 0x00, 0x00, 0x00, 0x00, 0x00, 0x00, 0x00, 0x00, 0x00, 0x00, 0x00, 0x00,
    0x00, 0x00, 0x00, 0x00, 0x00, 0x00, 0x00, 0x00, 0x00, 0x00, 0x00, 0x00, 0x00, 0x00, 0x00, 0x00,
    0x00, 0x00, 0x00, 0x00, 0x00, 0x00, 0x00, 0x00, 0x00, 0x00, 0x00, 0x00, 0x00, 0x00, 0x00, 0x00,
    0x00, 0x00, 0x00, 0x00, 0x00, 0x00, 0x00, 0x00, 0x00, 0x00, 0x00, 0x00, 0x00, 0x00, 0x00, 0x00,
    0x00, 0x00, 0x00, 0x00, 0x00, 0x00, 0x00, 0x00, 0x00, 0x00, 0x00, 0x00, 0x00, 0x00, 0x00, 0x00,
    0x00, 0x00, 0x00, 0x00, 0x00, 0x00, 0x00, 0x00, 0x00, 0x00, 0x00, 0x00, 0x00, 0x00, 0x00, 0x00,
    0x00, 0x00, 0x00, 0x00, 0x00, 0x00, 0x00, 0x00, 0x00, 0x00, 0x00, 0x00, 0x00, 0x00, 0x00, 0x00,
    0xFF, 0xF8, 0xD6, 0xE0, 0xDB, 0x57, 0x57, 0x2D, 0xFE, 0xE6, 0xE3, 0xE3, 0xDC, 0xDA, 0xE3, 0xE3,
    0xE3, 0xE0, 0xE0, 0xD6, 0xCE, 0xC7, 0xCC, 0xD6, 0xCF, 0xCF, 0xD3, 0xD6, 0xCF, 0xD6, 0xD6, 0xC7,
    0xC1, 0xCE, 0xCF, 0xD3, 0xD2, 0xCE, 0xC2, 0xB9, 0xC2, 0xC2, 0xC5, 0xC5, 0xB9, 0xAB, 0xAD, 0xBF,
    0xBF, 0xB5, 0xB2, 0x97, 0xA3, 0xB7, 0xBF, 0xB7, 0xB2, 0xA4, 0x92, 0x8A, 0x7E, 0x96, 0xAD, 0x98,
    0x97, 0x98, 0x84, 0x7F, 0x9F, 0xA6, 0x8D, 0x96, 0xA3, 0xA3, 0x84, 0x6F, 0x88, 0x81, 0x7D, 0x81,
    0x72, 0x87, 0x7F, 0x79, 0x7A, 0x85, 0x9E, 0x81, 0x79, 0x53, 0x4A, 0x5E, 0x71, 0x7E, 0x6D, 0x79,
    0x66, 0x35, 0x35, 0x43, 0x64, 0x47, 0x4A, 0x63, 0x3D, 0x48, 0x4A, 0x35, 0x21, 0x2B, 0x3E, 0x3E,
    0x3A, 0x34, 0x3B, 0x24, 0x23, 0x27, 0x29, 0x4C, 0x3B, 0x24, 0x1C, 0x27, 0x3A, 0x29, 0x20, 0x14,
    0x13, 0x20, 0x27, 0x1E, 0x1E, 0x23, 0x1C, 0x12, 0x0C, 0x12, 0x1B, 0x13, 0x14, 0x1C, 0x13, 0x15,
    0x1B, 0x15, 0x0C, 0x10, 0x10, 0x12, 0x10, 0x13, 0x15, 0x10, 0x12, 0x15, 0x1B, 0x1E, 0x14, 0x12,
    0x14, 0x1B, 0x15, 0x13, 0x10, 0x10, 0x1B, 0x1B, 0x20, 0x14, 0x1B, 0x1B, 0x10, 0x10, 0x1B, 0x23,
    0x14, 0x1E, 0x1B, 0x12, 0x1B, 0x1B, 0x13, 0x15, 0x1B, 0x25, 0x27, 0x1E, 0x1B, 0x27, 0x1B, 0x1B,
    0x23, 0x34, 0x23, 0x34, 0x20, 0x1E, 0x29, 0x3B, 0x29, 0x24, 0x1B, 0x1E, 0x29, 0x40, 0x34, 0x39,
    0x3B, 0x43, 0x26, 0x29, 0x4D, 0x53, 0x49, 0x54, 0x52, 0x43, 0x65, 0x8A, 0x7C, 0x45, 0x6B, 0x89,
    0x74, 0x5E, 0x65, 0x6F, 0x51, 0x44, 0x5E, 0x6E, 0x81, 0x79, 0x63, 0x5D, 0x7B, 0x82, 0x7B, 0x67,
    0x53, 0x53, 0x79, 0x82, 0x72, 0x7B, 0x8F, 0x80, 0x61, 0x5D, 0x7E, 0x90, 0x84, 0x98, 0x97, 0x7E,
    0x8D, 0x9F, 0x92, 0x74, 0x90, 0x9F, 0xAB, 0xB9, 0xAD, 0xAD, 0x9F, 0xAB, 0xB3, 0xB9, 0xC2, 0xB9,
    0xB1, 0x9E, 0xAB, 0xC2, 0xB7, 0xB7, 0xB2, 0x9D, 0xA4, 0xB9, 0xBD, 0xB9, 0xB7, 0xB7, 0xB2, 0xA0,
    0xAF, 0xC9, 0xCD, 0xC5, 0xCE, 0xCE, 0xC5, 0xDA, 0xDA, 0xCE, 0xC7, 0xDA, 0xDA, 0xD6, 0xD2, 0xDA,
    0xDA, 0xCF, 0xD5, 0xE3, 0xE0, 0xD6, 0xE5, 0xFF, 0x2C, 0x58, 0x57, 0xEF, 0xE7, 0xE0, 0xEB, 0xF3,
    0x00, 0x00, 0x00, 0x00, 0x00, 0x00, 0x00, 0x00, 0x00, 0x00, 0x00, 0x00, 0x00, 0x00, 0x00, 0x00,
    0x00, 0x00, 0x00, 0x00, 0x00, 0x00, 0x00, 0x00, 0x00, 0x00, 0x00, 0x00, 0x00, 0x00, 0x00, 0x00,
    0x00, 0x00, 0x00, 0x00, 0x00, 0x00, 0x00, 0x00, 0x00, 0x00, 0x00, 0x00, 0x00, 0x00, 0x00, 0x00,
    0x00, 0x00, 0x00, 0x00, 0x00, 0x00, 0x00, 0x00, 0x00, 0x00, 0x00, 0x00, 0x00, 0x00, 0x00, 0x00,
    0x00, 0x00, 0x00, 0x00, 0x00, 0x00, 0x00, 0x00, 0x00, 0x00, 0x00, 0x00, 0x00, 0x00, 0x00, 0x00,
    0x00, 0x00, 0x00, 0x00, 0x00, 0x00, 0x00, 0x00, 0x00, 0x00, 0x00, 0x00, 0x00, 0x00, 0x00, 0x00,
    0x00, 0x00, 0x00, 0x00, 0x00, 0x00, 0x00, 0x00, 0x00, 0x00, 0x00, 0x00, 0x00, 0x00, 0x00, 0x00,
    0x00, 0x00, 0x00, 0x00, 0x00, 0x00, 0x00, 0x00, 0x00, 0x00, 0x00, 0x00, 0x00, 0x00, 0x00, 0x00,
    0x00, 0x00, 0x00, 0x00, 0x00, 0x00, 0x00, 0x00, 0x00, 0x00, 0x00, 0x00, 0x00, 0x00, 0x00, 0x00,
    0x00, 0x00, 0x00, 0x00, 0x00, 0x00, 0x00, 0x00, 0x00, 0x00, 0x00, 0x00, 0x00, 0x00, 0x00, 0x00,
    0x00, 0x00, 0x00, 0x00, 0x00, 0x00, 0x00, 0x00, 0x00, 0x00, 0x00, 0x00, 0x00, 0x00, 0x00, 0x00,
    0x00, 0x00, 0x00, 0x00, 0x00, 0x00, 0x00, 0x00, 0x00, 0x00, 0x00, 0x00, 0x00, 0x00, 0x00, 0x00,
    0xFF, 0xFB, 0xE0, 0xE0, 0xDB, 0x2C, 0x57, 0x2D, 0xFD, 0xE6, 0xD3, 0xDA, 0xEB, 0xEB, 0xE3, 0xE0,
    0xE4, 0xD6, 0xD4, 0xCF, 0xD6, 0xDA, 0xD4, 0xD6, 0xCE, 0xCF, 0xDC, 0xD6, 0xCF, 0xCC, 0xD2, 0xD2,
    0xCF, 0xC5, 0xCF, 0xC5, 0xC2, 0xC2, 0xB9, 0xC0, 0xD4, 0xCD, 0xAB, 0xC2, 0xC0, 0xC2, 0xC5, 0xC5,
    0xB7, 0xA9, 0xB2, 0xB2, 0xB2, 0xB9, 0xB3, 0xBE, 0x9F, 0x98, 0x8D, 0x92, 0x87, 0x85, 0xAB, 0x98,
    0x9F, 0xA3, 0x9E, 0x84, 0x7E, 0x84, 0x9F, 0x8D, 0x75, 0x8E, 0x7B, 0x6F, 0x7B, 0x79, 0x81, 0x97,
    0x5E, 0x51, 0x8D, 0xA9, 0xA2, 0x88, 0x85, 0x82, 0x6D, 0x71, 0x63, 0x7A, 0x71, 0x7D, 0x6D, 0x67,
    0x4B, 0x4B, 0x4B, 0x52, 0x4A, 0x3E, 0x49, 0x6E, 0x4E, 0x3D, 0x31, 0x27, 0x37, 0x2A, 0x2B, 0x3C,
    0x39, 0x27, 0x34, 0x24, 0x34, 0x3A, 0x23, 0x23, 0x40, 0x3B, 0x48, 0x3E, 0x29, 0x1B, 0x14, 0x1E,
    0x1B, 0x27, 0x20, 0x20, 0x14, 0x14, 0x10, 0x13, 0x10, 0x10, 0x13, 0x14, 0x14, 0x1B, 0x13, 0x12,
    0x10, 0x12, 0x10, 0x10, 0x0C, 0x10, 0x10, 0x10, 0x10, 0x13, 0x1B, 0x12, 0x10, 0x20, 0x24, 0x1E,
    0x14, 0x1B, 0x14, 0x13, 0x13, 0x13, 0x15, 0x14, 0x1E, 0x1E, 0x14, 0x15, 0x13, 0x10, 0x10, 0x1B,
    0x15, 0x14, 0x15, 0x15, 0x14, 0x10, 0x13, 0x15, 0x15, 0x13, 0x1E, 0x1E, 0x14, 0x1B, 0x15, 0x1E,
    0x20, 0x12, 0x1E, 0x3B, 0x3F, 0x3D, 0x23, 0x21, 0x34, 0x27, 0x29, 0x27, 0x3B, 0x35, 0x43, 0x24,
    0x29, 0x32, 0x43, 0x3C, 0x51, 0x54, 0x54, 0x7C, 0x7C, 0x52, 0x4D, 0x4B, 0x6E, 0x7C, 0x52, 0x4F,
    0x60, 0x74, 0x51, 0x4B, 0x4D, 0x71, 0x65, 0x34, 0x4F, 0x98, 0x90, 0x72, 0x7C, 0x7B, 0x66, 0x4D,
    0x5C, 0x63, 0x81, 0x7E, 0x87, 0x6E, 0x6A, 0x69, 0x69, 0x6E, 0x71, 0x7C, 0x7B, 0x97, 0x8E, 0x84,
    0x77, 0x73, 0x9E, 0x9E, 0x8F, 0x8A, 0x92, 0xAB, 0xAB, 0x98, 0xA6, 0xC5, 0xC5, 0xA3, 0xB2, 0xC0,
    0xB2, 0xC2, 0xC0, 0xAD, 0xB9, 0x9F, 0xAB, 0xB6, 0xBF, 0xB9, 0xC2, 0xBC, 0xB7, 0xAD, 0xA1, 0xB3,
    0xB7, 0xC5, 0xC2, 0xCE, 0xD6, 0xCE, 0xC2, 0xC2, 0xCE, 0xDA, 0xCF, 0xCE, 0xD2, 0xD5, 0xCF, 0xD2,
    0xD5, 0xD5, 0xE4, 0xEB, 0xDF, 0xC9, 0xDB, 0xFF, 0x17, 0x57, 0x57, 0xDA, 0xD4, 0xC2, 0xD6, 0xF8,
    0x00, 0x00, 0x00, 0x00, 0x00, 0x00, 0x00, 0x00, 0x00, 0x00, 0x00, 0x00, 0x00, 0x00, 0x00, 0x00,
    0x00, 0x00, 0x00, 0x00, 0x00, 0x00, 0x00, 0x00, 0x00, 0x00, 0x00, 0x00, 0x00, 0x00, 0x00, 0x00,
    0x00, 0x00, 0x00, 0x00, 0x00, 0x00, 0x00, 0x00, 0x00, 0x00, 0x00, 0x00, 0x00, 0x00, 0x00, 0x00,
    0x00, 0x00, 0x00, 0x00, 0x00, 0x00, 0x00, 0x00, 0x00, 0x00, 0x00, 0x00, 0x00, 0x00, 0x00, 0x00,
    0x00, 0x00, 0x00, 0x00, 0x00, 0x00, 0x00, 0x00, 0x00, 0x00, 0x00, 0x00, 0x00, 0x00, 0x00, 0x00,
    0x00, 0x00, 0x00, 0x00, 0x00, 0x00, 0x00, 0x00, 0x00, 0x00, 0x00, 0x00, 0x00, 0x00, 0x00, 0x00,
    0x00, 0x00, 0x00, 0x00, 0x00, 0x00, 0x00, 0x00, 0x00, 0x00, 0x00, 0x00, 0x00, 0x00, 0x00, 0x00,
    0x00, 0x00, 0x00, 0x00, 0x00, 0x00, 0x00, 0x00, 0x00, 0x00, 0x00, 0x00, 0x00, 0x00, 0x00, 0x00,
    0x00, 0x00, 0x00, 0x00, 0x00, 0x00, 0x00, 0x00, 0x00, 0x00, 0x00, 0x00, 0x00, 0x00, 0x00, 0x00,
    0x00, 0x00, 0x00, 0x00, 0x00, 0x00, 0x00, 0x00, 0x00, 0x00, 0x00, 0x00, 0x00, 0x00, 0x00, 0x00,
    0x00, 0x00, 0x00, 0x00, 0x00, 0x00, 0x00, 0x00, 0x00, 0x00, 0x00, 0x00, 0x00, 0x00, 0x00, 0x00,
    0x00, 0x00, 0x00, 0x00, 0x00, 0x00, 0x00, 0x00, 0x00, 0x00, 0x00, 0x00, 0x00, 0x00, 0x00, 0x00,
    0xFB, 0xE9, 0xE9, 0xE9, 0xD8, 0x2C, 0x59, 0x57, 0xFD, 0xDA, 0xD6, 0xE0, 0xEB, 0xF3, 0xEA, 0xE3,
    0xE9, 0xDC, 0xC7, 0xCF, 0xD6, 0xD6, 0xD6, 0xDA, 0xD4, 0xC5, 0xAF, 0xC7, 0xDA, 0xC7, 0xCE, 0xCE,
    0xCE, 0xC5, 0xBC, 0xCE, 0xCF, 0xCE, 0xD4, 0xCE, 0xCD, 0xBA, 0xAD, 0xC0, 0xD4, 0xCD, 0xC0, 0xB9,
    0xC0, 0xC2, 0xB6, 0xB9, 0xBC, 0xAD, 0xB2, 0xAB, 0x98, 0x80, 0x75, 0x97, 0x8D, 0x7E, 0xA9, 0x8D,
    0x8D, 0x56, 0x9E, 0xA9, 0x8F, 0x9E, 0x82, 0x6F, 0x6A, 0x75, 0x82, 0x84, 0x87, 0x97, 0xA2, 0x84,
    0x64, 0x67, 0x7A, 0x9D, 0x9D, 0x7F, 0x6A, 0x7A, 0x71, 0x7E, 0x7C, 0x6E, 0x64, 0x81, 0x65, 0x56,
    0x4D, 0x4B, 0x3C, 0x6A, 0x65, 0x6A, 0x37, 0x21, 0x7A, 0x5C, 0x29, 0x34, 0x40, 0x25, 0x29, 0x29,
    0x39, 0x3B, 0x3C, 0x3B, 0x48, 0x3E, 0x24, 0x1E, 0x40, 0x4D, 0x3A, 0x29, 0x29, 0x29, 0x1E, 0x24,
    0x27, 0x1F, 0x1E, 0x1B, 0x13, 0x10, 0x0C, 0x14, 0x14, 0x10, 0x14, 0x13, 0x10, 0x0C, 0x13, 0x14,
    0x12, 0x20, 0x14, 0x0C, 0x0C, 0x12, 0x13, 0x14, 0x14, 0x1E, 0x1E, 0x12, 0x10, 0x24, 0x34, 0x20,
    0x14, 0x12, 0x1B, 0x1B, 0x14, 0x24, 0x1E, 0x1B, 0x1E, 0x1E, 0x13, 0x12, 0x15, 0x14, 0x13, 0x1B,
    0x14, 0x12, 0x0C, 0x14, 0x1B, 0x13, 0x20, 0x24, 0x15, 0x13, 0x1B, 0x20, 0x1E, 0x23, 0x29, 0x35,
    0x23, 0x13, 0x25, 0x3E, 0x49, 0x3A, 0x24, 0x24, 0x34, 0x34, 0x4C, 0x36, 0x34, 0x36, 0x43, 0x2B,
    0x2B, 0x37, 0x39, 0x23, 0x43, 0x5E, 0x74, 0x49, 0x21, 0x5D, 0x66, 0x51, 0x71, 0x64, 0x49, 0x4F,
    0x5E, 0x6F, 0x65, 0x6E, 0x7E, 0x82, 0x6D, 0x52, 0x5E, 0x6A, 0x92, 0x6E, 0x60, 0x64, 0x82, 0x6D,
    0x79, 0x84, 0x71, 0x7F, 0x7F, 0x54, 0x56, 0x52, 0x63, 0x6E, 0x7B, 0x7B, 0x8F, 0x71, 0x44, 0x9E,
    0x9E, 0x73, 0xA9, 0xB6, 0x90, 0x75, 0x7C, 0xB7, 0xB6, 0xB7, 0xB4, 0xC7, 0xC1, 0xB3, 0xAB, 0xB3,
    0xCE, 0xC5, 0xB9, 0xB7, 0xB9, 0xB7, 0xB7, 0xCE, 0xCD, 0xBA, 0xC2, 0xC2, 0xAF, 0xAF, 0xAF, 0xAB,
    0xB5, 0xC5, 0xC5, 0xBD, 0xA0, 0xBC, 0xD4, 0xC2, 0xC5, 0xCD, 0xD6, 0xC3, 0xC7, 0xCF, 0xDA, 0xE3,
    0xE3, 0xDA, 0xE0, 0xD4, 0xD6, 0xDF, 0xE6, 0xFE, 0x17, 0x57, 0x57, 0xDA, 0xD4, 0xCE, 0xCE, 0xF3,
    0x00, 0x00, 0x00, 0x00, 0x00, 0x00, 0x00, 0x00, 0x00, 0x00, 0x00, 0x00, 0x00, 0x00, 0x00, 0x00,
    0x00, 0x00, 0x00, 0x00, 0x00, 0x00, 0x00, 0x00, 0x00, 0x00, 0x00, 0x00, 0x00, 0x00, 0x00, 0x00,
    0x00, 0x00, 0x00, 0x00, 0x00, 0x00, 0x00, 0x00, 0x00, 0x00, 0x00, 0x00, 0x00, 0x00, 0x00, 0x00,
    0x00, 0x00, 0x00, 0x00, 0x00, 0x00, 0x00, 0x00, 0x00, 0x00, 0x00, 0x00, 0x00, 0x00, 0x00, 0x00,
    0x00, 0x00, 0x00, 0x00, 0x00, 0x00, 0x00, 0x00, 0x00, 0x00, 0x00, 0x00, 0x00, 0x00, 0x00, 0x00,
    0x00, 0x00, 0x00, 0x00, 0x00, 0x00, 0x00, 0x00, 0x00, 0x00, 0x00, 0x00, 0x00, 0x00, 0x00, 0x00,
    0x00, 0x00, 0x00, 0x00, 0x00, 0x00, 0x00, 0x00, 0x00, 0x00, 0x00, 0x00, 0x00, 0x00, 0x00, 0x00,
    0x00, 0x00, 0x00, 0x00, 0x00, 0x00, 0x00, 0x00, 0x00, 0x00, 0x00, 0x00, 0x00, 0x00, 0x00, 0x00,
    0x00, 0x00, 0x00, 0x00, 0x00, 0x00, 0x00, 0x00, 0x00, 0x00, 0x00, 0x00, 0x00, 0x00, 0x00, 0x00,
    0x00, 0x00, 0x00, 0x00, 0x00, 0x00, 0x00, 0x00, 0x00, 0x00, 0x00, 0x00, 0x00, 0x00, 0x00, 0x00,
    0x00, 0x00, 0x00, 0x00, 0x00, 0x00, 0x00, 0x00, 0x00, 0x00, 0x00, 0x00, 0x00, 0x00, 0x00, 0x00,
    0x00, 0x00, 0x00, 0x00, 0x00, 0x00, 0x00, 0x00, 0x00, 0x00, 0x00, 0x00, 0x00, 0x00, 0x00, 0x00,
    0xF9, 0xE0, 0xE0, 0xE0, 0xDB, 0x57, 0x59, 0x57, 0xFD, 0xD5, 0xCE, 0xE0, 0xEB, 0xF3, 0xE3, 0xD6,
    0xD6, 0xE0, 0xD4, 0xDA, 0xD6, 0xC5, 0xC5, 0xCE, 0xCF, 0xCE, 0xAF, 0xB9, 0xD6, 0xCF, 0xD6, 0xCF,
    0xB9, 0xC7, 0xC5, 0xD4, 0xCE, 0xD4, 0xCE, 0xCD, 0xC0, 0xC0, 0xCE, 0xC2, 0xB9, 0xBF, 0xB6, 0xA9,
    0xB6, 0xC2, 0xB1, 0xB6, 0xB1, 0x98, 0xB2, 0xB1, 0x9A, 0x7F, 0x9A, 0x98, 0xA3, 0x96, 0xA9, 0xB2,
    0x87, 0x50, 0x8D, 0x9D, 0x88, 0x8F, 0x7B, 0x72, 0x8D, 0x75, 0x97, 0x82, 0x96, 0xA2, 0x82, 0x7A,
    0x7B, 0x8F, 0x6D, 0x7A, 0x87, 0x6F, 0x4D, 0x71, 0x71, 0x64, 0x67, 0x49, 0x4A, 0x6E, 0x7F, 0x50,
    0x5E, 0x6E, 0x5C, 0x6E, 0x4D, 0x4B, 0x31, 0x20, 0x4E, 0x4A, 0x34, 0x3A, 0x20, 0x25, 0x3E, 0x36,
    0x3C, 0x34, 0x43, 0x49, 0x3C, 0x34, 0x24, 0x3A, 0x29, 0x31, 0x29, 0x1E, 0x14, 0x27, 0x1E, 0x1B,
    0x1B, 0x10, 0x13, 0x1E, 0x1B, 0x13, 0x15, 0x10, 0x14, 0x13, 0x14, 0x1B, 0x10, 0x0C, 0x14, 0x1B,
    0x12, 0x12, 0x10, 0x10, 0x12, 0x1B, 0x14, 0x13, 0x1B, 0x15, 0x13, 0x14, 0x1E, 0x1E, 0x1B, 0x1B,
    0x12, 0x0C, 0x12, 0x1E, 0x13, 0x14, 0x12, 0x1E, 0x1B, 0x1E, 0x14, 0x15, 0x12, 0x14, 0x15, 0x12,
    0x15, 0x13, 0x0C, 0x15, 0x1B, 0x1B, 0x1E, 0x1B, 0x1B, 0x20, 0x1F, 0x24, 0x1E, 0x29, 0x3A, 0x24,
    0x20, 0x1E, 0x31, 0x28, 0x2B, 0x31, 0x1F, 0x1B, 0x3A, 0x34, 0x3D, 0x27, 0x20, 0x31, 0x40, 0x49,
    0x39, 0x43, 0x3C, 0x4B, 0x65, 0x4A, 0x4E, 0x3E, 0x1B, 0x4C, 0x3D, 0x63, 0x6D, 0x6D, 0x7B, 0x8A,
    0x4F, 0x4B, 0x5E, 0x7B, 0x7B, 0x63, 0x53, 0x67, 0x87, 0x54, 0x6D, 0x79, 0x4D, 0x3E, 0x6E, 0x6D,
    0x6D, 0x6D, 0x53, 0x67, 0x72, 0x7B, 0x60, 0x7B, 0x54, 0x53, 0x7E, 0x66, 0x71, 0x68, 0x45, 0x71,
    0x96, 0xA2, 0x87, 0x87, 0x8E, 0xAD, 0xAB, 0xAB, 0xAD, 0xC5, 0xC5, 0xB9, 0xBA, 0xB7, 0xB3, 0xA6,
    0xB9, 0xBC, 0xAF, 0xA3, 0xA3, 0xBF, 0xAB, 0xBF, 0xB7, 0xB7, 0xC2, 0xBF, 0xAD, 0xAF, 0xC5, 0xAB,
    0xAD, 0xB9, 0xC2, 0xCC, 0xAF, 0xAF, 0xD0, 0xCD, 0xCE, 0xC9, 0xCE, 0xCF, 0xC7, 0xCF, 0xD5, 0xE3,
    0xE6, 0xE3, 0xD6, 0xCE, 0xCF, 0xE3, 0xF2, 0xFE, 0x2C, 0x57, 0x2E, 0xD4, 0xD4, 0xE0, 0xE9, 0xF4,
    0x00, 0x00, 0x00, 0x00, 0x00, 0x00, 0x00, 0x00, 0x00, 0x00, 0x00, 0x00, 0x00, 0x00, 0x00, 0x00,
    0x00, 0x00, 0x00, 0x00, 0x00, 0x00, 0x00, 0x00, 0x00, 0x00, 0x00, 0x00, 0x00, 0x00, 0x00, 0x00,
    0x00, 0x00, 0x00, 0x00, 0x00, 0x00, 0x00, 0x00, 0x00, 0x00, 0x00, 0x00, 0x00, 0x00, 0x00, 0x00,
    0x00, 0x00, 0x00, 0x00, 0x00, 0x00, 0x00, 0x00, 0x00, 0x00, 0x00, 0x00, 0x00, 0x00, 0x00, 0x00,
    0x00, 0x00, 0x00, 0x00, 0x00, 0x00, 0x00, 0x00, 0x00, 0x00, 0x00, 0x00, 0x00, 0x00, 0x00, 0x00,
    0x00, 0x00, 0x00, 0x00, 0x00, 0x00, 0x00, 0x00, 0x00, 0x00, 0x00, 0x00, 0x00, 0x00, 0x00, 0x00,
    0x00, 0x00, 0x00, 0x00, 0x00, 0x00, 0x00, 0x00, 0x00, 0x00, 0x00, 0x00, 0x00, 0x00, 0x00, 0x00,
    0x00, 0x00, 0x00, 0x00, 0x00, 0x00, 0x00, 0x00, 0x00, 0x00, 0x00, 0x00, 0x00, 0x00, 0x00, 0x00,
    0x00, 0x00, 0x00, 0x00, 0x00, 0x00, 0x00, 0x00, 0x00, 0x00, 0x00, 0x00, 0x00, 0x00, 0x00, 0x00,
    0x00, 0x00, 0x00, 0x00, 0x00, 0x00, 0x00, 0x00, 0x00, 0x00, 0x00, 0x00, 0x00, 0x00, 0x00, 0x00,
    0x00, 0x00, 0x00, 0x00, 0x00, 0x00, 0x00, 0x00, 0x00, 0x00, 0x00, 0x00, 0x00, 0x00, 0x00, 0x00,
    0x00, 0x00, 0x00, 0x00, 0x00, 0x00, 0x00, 0x00, 0x00, 0x00, 0x00, 0x00, 0x00, 0x00, 0x00, 0x00,
    0xFB, 0xEB, 0xE0, 0xE9, 0xDB, 0x2C, 0x59, 0x57, 0xFD, 0xCF, 0xD6, 0xE3, 0xEB, 0xD6, 0xDA, 0xE3,
    0xE3, 0xE0, 0xCF, 0xD6, 0xD6, 0xD6, 0xCE, 0xC0, 0xC5, 0xDB, 0xC5, 0xC7, 0xCF, 0xCD, 0xD4, 0xCE,
    0xB9, 0xCF, 0xBC, 0xC7, 0xC1, 0xC2, 0xC2, 0xB7, 0xB9, 0xB9, 0xCB, 0xC2, 0xA1, 0xB7, 0xB9, 0xB7,
    0xCD, 0xC2, 0xC0, 0xA3, 0xA3, 0x97, 0x97, 0xA3, 0x97, 0x80, 0x98, 0x8D, 0x99, 0x99, 0x8D, 0xA2,
    0x97, 0x61, 0xA2, 0xA2, 0x8F, 0x82, 0x87, 0x8F, 0x80, 0x69, 0x87, 0x7F, 0x7E, 0x79, 0x7A, 0x7A,
    0x7A, 0x7E, 0x7B, 0x4B, 0x71, 0x71, 0x7A, 0x87, 0x7E, 0x5E, 0x49, 0x5C, 0x4B, 0x6F, 0x6A, 0x50,
    0x64, 0x54, 0x75, 0x52, 0x48, 0x36, 0x42, 0x31, 0x36, 0x3A, 0x34, 0x48, 0x20, 0x3E, 0x40, 0x23,
    0x43, 0x3C, 0x24, 0x25, 0x20, 0x25, 0x27, 0x3A, 0x1B, 0x15, 0x25, 0x23, 0x23, 0x24, 0x20, 0x1B,
    0x12, 0x13, 0x13, 0x1E, 0x14, 0x13, 0x15, 0x13, 0x12, 0x14, 0x10, 0x12, 0x12, 0x12, 0x10, 0x10,
    0x13, 0x12, 0x10, 0x14, 0x10, 0x10, 0x13, 0x10, 0x12, 0x0C, 0x12, 0x1B, 0x1E, 0x1B, 0x10, 0x12,
    0x13, 0x12, 0x1C, 0x1E, 0x1C, 0x13, 0x10, 0x14, 0x25, 0x1B, 0x13, 0x14, 0x14, 0x13, 0x12, 0x10,
    0x10, 0x12, 0x12, 0x14, 0x15, 0x20, 0x1E, 0x14, 0x24, 0x1E, 0x16, 0x23, 0x15, 0x1B, 0x1E, 0x1E,
    0x24, 0x35, 0x25, 0x25, 0x1F, 0x29, 0x25, 0x34, 0x4A, 0x48, 0x34, 0x27, 0x27, 0x35, 0x48, 0x48,
    0x47, 0x40, 0x40, 0x56, 0x52, 0x49, 0x3D, 0x31, 0x21, 0x35, 0x35, 0x48, 0x8F, 0x81, 0x81, 0x7C,
    0x4B, 0x5E, 0x51, 0x4D, 0x4A, 0x5D, 0x6D, 0x6D, 0x7B, 0x51, 0x4D, 0x67, 0x51, 0x66, 0x7D, 0x71,
    0x63, 0x4A, 0x5C, 0x5C, 0x7A, 0x53, 0x64, 0x6E, 0x7E, 0x6D, 0x66, 0x7D, 0x73, 0x7E, 0x75, 0x7F,
    0xA2, 0x99, 0x9E, 0x7D, 0xA3, 0xB7, 0x8A, 0x9E, 0x98, 0xC2, 0xBC, 0xBD, 0xB7, 0xB7, 0xC1, 0xB9,
    0xA0, 0xAD, 0xC1, 0xB2, 0xC0, 0xCE, 0xB9, 0x9F, 0xAD, 0xAD, 0xBF, 0xC2, 0xAD, 0xAD, 0xB9, 0xC5,
    0xBF, 0xB7, 0xAD, 0xC2, 0xC5, 0xB9, 0xCD, 0xC9, 0xCE, 0xCE, 0xC5, 0xDA, 0xCF, 0xCF, 0xDA, 0xDC,
    0xE0, 0xD6, 0xDC, 0xE3, 0xE3, 0xDC, 0xDB, 0xFF, 0x2C, 0x57, 0x2E, 0xD4, 0xCD, 0xE3, 0xF8, 0xFA,
    0x00, 0x00, 0x00, 0x00, 0x00, 0x00, 0x00, 0x00, 0x00, 0x00, 0x00, 0x00, 0x00, 0x00, 0x00, 0x00,
    0x00, 0x00, 0x00, 0x00, 0x00, 0x00, 0x00, 0x00, 0x00, 0x00, 0x00, 0x00, 0x00, 0x00, 0x00, 0x00,
    0x00, 0x00, 0x00, 0x00, 0x00, 0x00, 0x00, 0x00, 0x00, 0x00, 0x00, 0x00, 0x00, 0x00, 0x00, 0x00,
    0x00, 0x00, 0x00, 0x00, 0x00, 0x00, 0x00, 0x00, 0x00, 0x00, 0x00, 0x00, 0x00, 0x00, 0x00, 0x00,
    0x00, 0x00, 0x00, 0x00, 0x00, 0x00, 0x00, 0x00, 0x00, 0x00, 0x00, 0x00, 0x00, 0x00, 0x00, 0x00,
    0x00, 0x00, 0x00, 0x00, 0x00, 0x00, 0x00, 0x00, 0x00, 0x00, 0x00, 0x00, 0x00, 0x00, 0x00, 0x00,
    0x00, 0x00, 0x00, 0x00, 0x00, 0x00, 0x00, 0x00, 0x00, 0x00, 0x00, 0x00, 0x00, 0x00, 0x00, 0x00,
    0x00, 0x00, 0x00, 0x00, 0x00, 0x00, 0x00, 0x00, 0x00, 0x00, 0x00, 0x00, 0x00, 0x00, 0x00, 0x00,
    0x00, 0x00, 0x00, 0x00, 0x00, 0x00, 0x00, 0x00, 0x00, 0x00, 0x00, 0x00, 0x00, 0x00, 0x00, 0x00,
    0x00, 0x00, 0x00, 0x00, 0x00, 0x00, 0x00, 0x00, 0x00, 0x00, 0x00, 0x00, 0x00, 0x00, 0x00, 0x00,
    0x00, 0x00, 0x00, 0x00, 0x00, 0x00, 0x00, 0x00, 0x00, 0x00, 0x00, 0x00, 0x00, 0x00, 0x00, 0x00,
    0x00, 0x00, 0x00, 0x00, 0x00, 0x00, 0x00, 0x00, 0x00, 0x00, 0x00, 0x00, 0x00, 0x00, 0x00, 0x00,
    0xFB, 0xE9, 0xE0, 0xE0, 0xDB, 0x2C, 0x59, 0x57, 0xFE, 0xE2, 0xCF, 0xCF, 0xE0, 0xCF, 0xDA, 0xEB,
    0xD6, 0xE0, 0xCF, 0xD6, 0xCE, 0xCE, 0xC5, 0xC9, 0xAB, 0xC7, 0xC7, 0xC5, 0xAF, 0xBF, 0xBF, 0xC9,
    0xCE, 0xC5, 0xB0, 0xAD, 0xB7, 0xB9, 0xC2, 0xB9, 0xB9, 0xB9, 0xBD, 0xC2, 0xA4, 0xB9, 0xBF, 0xB2,
    0xB9, 0xB1, 0xB1, 0x99, 0xB1, 0xBF, 0x97, 0x71, 0x7F, 0x98, 0x8E, 0x73, 0x97, 0xA2, 0x97, 0xAB,
    0x82, 0x67, 0x8D, 0x9E, 0x8F, 0x90, 0x7E, 0x7F, 0x7F, 0x6A, 0x70, 0x67, 0x71, 0x7E, 0x72, 0x6E,
    0x75, 0x84, 0x72, 0x5D, 0x71, 0x85, 0x6D, 0x71, 0x67, 0x43, 0x40, 0x7B, 0x5E, 0x49, 0x6E, 0x64,
    0x67, 0x52, 0x43, 0x35, 0x40, 0x3E, 0x3B, 0x31, 0x21, 0x27, 0x24, 0x3A, 0x24, 0x27, 0x29, 0x23,
    0x24, 0x28, 0x3A, 0x34, 0x1B, 0x1F, 0x35, 0x3B, 0x1B, 0x1B, 0x31, 0x29, 0x23, 0x23, 0x14, 0x14,
    0x10, 0x25, 0x20, 0x14, 0x12, 0x13, 0x14, 0x14, 0x12, 0x12, 0x0C, 0x0C, 0x13, 0x14, 0x10, 0x0C,
    0x10, 0x10, 0x0C, 0x10, 0x10, 0x0C, 0x13, 0x12, 0x14, 0x10, 0x10, 0x1B, 0x20, 0x1E, 0x10, 0x15,
    0x1B, 0x1B, 0x1C, 0x12, 0x14, 0x0C, 0x14, 0x14, 0x10, 0x10, 0x15, 0x14, 0x10, 0x10, 0x0C, 0x0C,
    0x10, 0x12, 0x12, 0x14, 0x15, 0x15, 0x15, 0x12, 0x14, 0x1F, 0x15, 0x1E, 0x14, 0x1B, 0x20, 0x1B,
    0x24, 0x34, 0x3C, 0x21, 0x1F, 0x2B, 0x36, 0x35, 0x2B, 0x31, 0x20, 0x25, 0x5D, 0x40, 0x34, 0x49,
    0x4B, 0x43, 0x3E, 0x36, 0x4B, 0x67, 0x5D, 0x40, 0x32, 0x40, 0x6B, 0x3C, 0x7F, 0x6D, 0x6E, 0x75,
    0x4B, 0x40, 0x47, 0x4D, 0x5C, 0x3A, 0x63, 0x63, 0x7B, 0x49, 0x4D, 0x75, 0x67, 0x71, 0x66, 0x4C,
    0x48, 0x4D, 0x90, 0x66, 0x51, 0x5D, 0x6A, 0x4D, 0x5D, 0x72, 0x5A, 0x40, 0x72, 0x86, 0x6B, 0x80,
    0x6A, 0x72, 0x75, 0x7E, 0x87, 0xAB, 0x76, 0x90, 0x84, 0x98, 0xC5, 0xB7, 0xB1, 0xC2, 0xBF, 0xB9,
    0xA0, 0xAD, 0xC2, 0xB7, 0xC2, 0xB7, 0xAD, 0x9E, 0xB9, 0xC5, 0x9E, 0xA4, 0xB3, 0xB2, 0x97, 0xB7,
    0xC2, 0xCE, 0xBC, 0xD6, 0xBF, 0xC1, 0xB0, 0xCD, 0xCE, 0xCB, 0xB9, 0xD3, 0xCF, 0xCF, 0xC7, 0xD3,
    0xE3, 0xCE, 0xD6, 0xE7, 0xE3, 0xC5, 0xD6, 0xFF, 0x2C, 0x57, 0x2D, 0xDF, 0xCD, 0xCE, 0xE9, 0xF9,
    0x00, 0x00, 0x00, 0x00, 0x00, 0x00, 0x00, 0x00, 0x00, 0x00, 0x00, 0x00, 0x00, 0x00, 0x00, 0x00,
    0x00, 0x00, 0x00, 0x00, 0x00, 0x00, 0x00, 0x00, 0x00, 0x00, 0x00, 0x00, 0x00, 0x00, 0x00, 0x00,
    0x00, 0x00, 0x00, 0x00, 0x00, 0x00, 0x00, 0x00, 0x00, 0x00, 0x00, 0x00, 0x00, 0x00, 0x00, 0x00,
    0x00, 0x00, 0x00, 0x00, 0x00, 0x00, 0x00, 0x00, 0x00, 0x00, 0x00, 0x00, 0x00, 0x00, 0x00, 0x00,
    0x00, 0x00, 0x00, 0x00, 0x00, 0x00, 0x00, 0x00, 0x00, 0x00, 0x00, 0x00, 0x00, 0x00, 0x00, 0x00,
    0x00, 0x00, 0x00, 0x00, 0x00, 0x00, 0x00, 0x00, 0x00, 0x00, 0x00, 0x00, 0x00, 0x00, 0x00, 0x00,
    0x00, 0x00, 0x00, 0x00, 0x00, 0x00, 0x00, 0x00, 0x00, 0x00, 0x00, 0x00, 0x00, 0x00, 0x00, 0x00,
    0x00, 0x00, 0x00, 0x00, 0x00, 0x00, 0x00, 0x00, 0x00, 0x00, 0x00, 0x00, 0x00, 0x00, 0x00, 0x00,
    0x00, 0x00, 0x00, 0x00, 0x00, 0x00, 0x00, 0x00, 0x00, 0x00, 0x00, 0x00, 0x00, 0x00, 0x00, 0x00,
    0x00, 0x00, 0x00, 0x00, 0x00, 0x00, 0x00, 0x00, 0x00, 0x00, 0x00, 0x00, 0x00, 0x00, 0x00, 0x00,
    0x00, 0x00, 0x00, 0x00, 0x00, 0x00, 0x00, 0x00, 0x00, 0x00, 0x00, 0x00, 0x00, 0x00, 0x00, 0x00,
    0x00, 0x00, 0x00, 0x00, 0x00, 0x00, 0x00, 0x00, 0x00, 0x00, 0x00, 0x00, 0x00, 0x00, 0x00, 0x00,
    0xFB, 0xEB, 0xE0, 0xE0, 0xDB, 0x57, 0x59, 0x57, 0xFE, 0xE6, 0xCF, 0xD6, 0xE3, 0xE3, 0xEB, 0xE0,
    0xCF, 0xE3, 0xEA, 0xD6, 0xCE, 0xB9, 0xB9, 0xD6, 0xC5, 0xC2, 0xAF, 0xB9, 0xC4, 0xC9, 0xA0, 0xB9,
    0xE0, 0xCF, 0xCF, 0xCF, 0xCE, 0xCE, 0xCD, 0xC1, 0xAD, 0xB7, 0xB9, 0xC2, 0xB9, 0xC0, 0xC0, 0xB7,
    0xB7, 0xBE, 0xBF, 0xC0, 0xC2, 0xB3, 0xAD, 0x8D, 0x9E, 0xB1, 0xA3, 0x97, 0x98, 0x51, 0x71, 0x96,
    0x72, 0x75, 0x6B, 0x76, 0x45, 0x7E, 0x97, 0x9E, 0xA3, 0x98, 0x87, 0x87, 0x90, 0x96, 0x6E, 0x6D,
    0x65, 0x7B, 0x75, 0x72, 0x79, 0x71, 0x5D, 0x70, 0x71, 0x64, 0x7A, 0x65, 0x51, 0x4E, 0x81, 0x82,
    0x67, 0x52, 0x3E, 0x29, 0x3D, 0x35, 0x28, 0x2A, 0x21, 0x3D, 0x36, 0x27, 0x48, 0x4C, 0x3A, 0x3E,
    0x34, 0x3E, 0x48, 0x3D, 0x24, 0x1E, 0x1B, 0x29, 0x23, 0x25, 0x27, 0x25, 0x23, 0x29, 0x24, 0x23,
    0x20, 0x36, 0x1E, 0x1E, 0x29, 0x25, 0x1B, 0x12, 0x0C, 0x13, 0x14, 0x10, 0x10, 0x0C, 0x10, 0x12,
    0x10, 0x0C, 0x10, 0x14, 0x1B, 0x14, 0x1B, 0x1B, 0x1E, 0x14, 0x10, 0x12, 0x13, 0x1B, 0x15, 0x1B,
    0x1B, 0x14, 0x1B, 0x14, 0x15, 0x1E, 0x25, 0x14, 0x14, 0x1E, 0x24, 0x1B, 0x14, 0x0C, 0x0C, 0x0C,
    0x0C, 0x10, 0x10, 0x13, 0x14, 0x10, 0x0C, 0x12, 0x20, 0x27, 0x27, 0x24, 0x27, 0x29, 0x25, 0x14,
    0x1E, 0x1B, 0x29, 0x29, 0x29, 0x29, 0x31, 0x25, 0x3B, 0x31, 0x3C, 0x4A, 0x4E, 0x47, 0x40, 0x5D,
    0x6E, 0x53, 0x4A, 0x3A, 0x3C, 0x6A, 0x4D, 0x36, 0x4D, 0x36, 0x4D, 0x5E, 0x5D, 0x6F, 0x9F, 0x7F,
    0x7B, 0x6E, 0x6D, 0x6D, 0x6D, 0x4C, 0x4E, 0x47, 0x71, 0x6E, 0x66, 0x6F, 0x67, 0x67, 0x72, 0x67,
    0x70, 0x71, 0x88, 0x71, 0x5E, 0x88, 0x87, 0x71, 0x63, 0x36, 0x5E, 0x5A, 0x4D, 0x6A, 0x6A, 0x6B,
    0x50, 0x5A, 0x50, 0x86, 0xB1, 0xB6, 0xB9, 0xAD, 0xAD, 0xAB, 0xB7, 0xAB, 0x9D, 0xA9, 0xB6, 0xAF,
    0xB7, 0xBA, 0xB9, 0xB5, 0xB2, 0xAF, 0xBF, 0xCD, 0xC5, 0xBA, 0xB5, 0xBF, 0xCD, 0xC2, 0xAB, 0xAB,
    0xAF, 0xB0, 0xAB, 0xC0, 0xBF, 0xBC, 0xB7, 0xAF, 0xAF, 0xCE, 0xCF, 0xD6, 0xDA, 0xE0, 0xDA, 0xE3,
    0xE0, 0xDA, 0xD6, 0xD6, 0xDF, 0xD6, 0xE6, 0xFE, 0x2C, 0x58, 0x57, 0xDA, 0xD4, 0xCD, 0xE0, 0xFB,
    0x00, 0x00, 0x00, 0x00, 0x00, 0x00, 0x00, 0x00, 0x00, 0x00, 0x00, 0x00, 0x00, 0x00, 0x00, 0x00,
    0x00, 0x00, 0x00, 0x00, 0x00, 0x00, 0x00, 0x00, 0x00, 0x00, 0x00, 0x00, 0x00, 0x00, 0x00, 0x00,
    0x00, 0x00, 0x00, 0x00, 0x00, 0x00, 0x00, 0x00, 0x00, 0x00, 0x00, 0x00, 0x00, 0x00, 0x00, 0x00,
    0x00, 0x00, 0x00, 0x00, 0x00, 0x00, 0x00, 0x00, 0x00, 0x00, 0x00, 0x00, 0x00, 0x00, 0x00, 0x00,
    0x00, 0x00, 0x00, 0x00, 0x00, 0x00, 0x00, 0x00, 0x00, 0x00, 0x00, 0x00, 0x00, 0x00, 0x00, 0x00,
    0x00, 0x00, 0x00, 0x00, 0x00, 0x00, 0x00, 0x00, 0x00, 0x00, 0x00, 0x00, 0x00, 0x00, 0x00, 0x00,
    0x00, 0x00, 0x00, 0x00, 0x00, 0x00, 0x00, 0x00, 0x00, 0x00, 0x00, 0x00, 0x00, 0x00, 0x00, 0x00,
    0x00, 0x00, 0x00, 0x00, 0x00, 0x00, 0x00, 0x00, 0x00, 0x00, 0x00, 0x00, 0x00, 0x00, 0x00, 0x00,
    0x00, 0x00, 0x00, 0x00, 0x00, 0x00, 0x00, 0x00, 0x00, 0x00, 0x00, 0x00, 0x00, 0x00, 0x00, 0x00,
    0x00, 0x00, 0x00, 0x00, 0x00, 0x00, 0x00, 0x00, 0x00, 0x00, 0x00, 0x00, 0x00, 0x00, 0x00, 0x00,
    0x00, 0x00, 0x00, 0x00, 0x00, 0x00, 0x00, 0x00, 0x00, 0x00, 0x00, 0x00, 0x00, 0x00, 0x00, 0x00,
    0x00, 0x00, 0x00, 0x00, 0x00, 0x00, 0x00, 0x00, 0x00, 0x00, 0x00, 0x00, 0x00, 0x00, 0x00, 0x00,
    0xFE, 0xF3, 0xE9, 0xEC, 0xDB, 0x57, 0x58, 0x57, 0xFD, 0xD9, 0xD6, 0xE3, 0xEB, 0xE9, 0xDA, 0xD6,
    0xE0, 0xE0, 0xD6, 0xD6, 0xD6, 0xCE, 0xB9, 0xCF, 0xD6, 0xC7, 0xB9, 0xC5, 0xCF, 0xC9, 0xC1, 0xCC,
    0xD6, 0xCF, 0xD2, 0xCF, 0xC5, 0xCD, 0xCE, 0xC5, 0xCD, 0xC5, 0xB7, 0xB7, 0xB7, 0xAD, 0xA1, 0xAF,
    0xBF, 0xBF, 0xB6, 0xB6, 0x9E, 0x8D, 0x98, 0xA6, 0x9F, 0x9E, 0xA4, 0xA4, 0xA3, 0x72, 0x82, 0x87,
    0x72, 0x6B, 0x76, 0x6B, 0x44, 0x84, 0x88, 0x97, 0x88, 0x8F, 0x98, 0x90, 0x7C, 0x96, 0x8F, 0x8F,
    0x6E, 0x54, 0x6A, 0x6E, 0x5E, 0x54, 0x6D, 0x70, 0x63, 0x5D, 0x65, 0x40, 0x4B, 0x6E, 0x65, 0x5E,
    0x64, 0x6E, 0x71, 0x3E, 0x48, 0x2A, 0x21, 0x31, 0x21, 0x3E, 0x3E, 0x34, 0x3D, 0x40, 0x3B, 0x29,
    0x3B, 0x3D, 0x34, 0x34, 0x3D, 0x48, 0x27, 0x1B, 0x24, 0x24, 0x16, 0x1C, 0x25, 0x29, 0x24, 0x1E,
    0x1B, 0x15, 0x21, 0x20, 0x24, 0x23, 0x1B, 0x1B, 0x10, 0x13, 0x1B, 0x1B, 0x10, 0x12, 0x13, 0x15,
    0x16, 0x12, 0x14, 0x14, 0x14, 0x1B, 0x14, 0x14, 0x14, 0x14, 0x20, 0x1B, 0x12, 0x14, 0x1B, 0x12,
    0x13, 0x15, 0x20, 0x1C, 0x14, 0x14, 0x12, 0x14, 0x1F, 0x1E, 0x1B, 0x1B, 0x20, 0x10, 0x0C, 0x0C,
    0x10, 0x12, 0x12, 0x13, 0x1B, 0x13, 0x10, 0x15, 0x1E, 0x1E, 0x1E, 0x27, 0x27, 0x1E, 0x24, 0x29,
    0x34, 0x1E, 0x1E, 0x27, 0x25, 0x1F, 0x1F, 0x29, 0x3C, 0x31, 0x36, 0x4A, 0x3A, 0x40, 0x51, 0x51,
    0x4D, 0x5D, 0x6E, 0x71, 0x43, 0x5E, 0x45, 0x27, 0x3E, 0x31, 0x3E, 0x67, 0x5D, 0x7A, 0x7C, 0x67,
    0x5D, 0x72, 0x6E, 0x63, 0x6D, 0x7B, 0x7A, 0x4E, 0x63, 0x6D, 0x60, 0x45, 0x64, 0x67, 0x7A, 0x64,
    0x67, 0x64, 0x4C, 0x6D, 0x7A, 0x72, 0x6F, 0x81, 0x88, 0x49, 0x52, 0x75, 0x80, 0x60, 0x60, 0x80,
    0x8D, 0x98, 0x60, 0xA3, 0xBE, 0xB6, 0xAD, 0xB9, 0xB9, 0xB5, 0xAB, 0xB5, 0xC2, 0xAB, 0x9F, 0xAD,
    0xB3, 0xB5, 0xAD, 0xA9, 0xB7, 0xB7, 0xAD, 0xB9, 0xAF, 0xA4, 0xB7, 0xC2, 0xC2, 0xC0, 0xBF, 0xB9,
    0x92, 0xC1, 0xBF, 0xB1, 0xB3, 0xAB, 0xB7, 0xBC, 0xB0, 0xA6, 0xDA, 0xD6, 0xDA, 0xDA, 0xDF, 0xDA,
    0xE0, 0xE4, 0xE7, 0xD6, 0xE0, 0xDC, 0xDD, 0xFE, 0x2D, 0x59, 0x2D, 0xD5, 0xD4, 0xD4, 0xEA, 0xFB,
    0x00, 0x00, 0x00, 0x00, 0x00, 0x00, 0x00, 0x00, 0x00, 0x00, 0x00, 0x00, 0x00, 0x00, 0x00, 0x00,
    0x00, 0x00, 0x00, 0x00, 0x00, 0x00, 0x00, 0x00, 0x00, 0x00, 0x00, 0x00, 0x00, 0x00, 0x00, 0x00,
    0x00, 0x00, 0x00, 0x00, 0x00, 0x00, 0x00, 0x00, 0x00, 0x00, 0x00, 0x00, 0x00, 0x00, 0x00, 0x00,
    0x00, 0x00, 0x00, 0x00, 0x00, 0x00, 0x00, 0x00, 0x00, 0x00, 0x00, 0x00, 0x00, 0x00, 0x00, 0x00,
    0x00, 0x00, 0x00, 0x00, 0x00, 0x00, 0x00, 0x00, 0x00, 0x00, 0x00, 0x00, 0x00, 0x00, 0x00, 0x00,
    0x00, 0x00, 0x00, 0x00, 0x00, 0x00, 0x00, 0x00, 0x00, 0x00, 0x00, 0x00, 0x00, 0x00, 0x00, 0x00,
    0x00, 0x00, 0x00, 0x00, 0x00, 0x00, 0x00, 0x00, 0x00, 0x00, 0x00, 0x00, 0x00, 0x00, 0x00, 0x00,
    0x00, 0x00, 0x00, 0x00, 0x00, 0x00, 0x00, 0x00, 0x00, 0x00, 0x00, 0x00, 0x00, 0x00, 0x00, 0x00,
    0x00, 0x00, 0x00, 0x00, 0x00, 0x00, 0x00, 0x00, 0x00, 0x00, 0x00, 0x00, 0x00, 0x00, 0x00, 0x00,
    0x00, 0x00, 0x00, 0x00, 0x00, 0x00, 0x00, 0x00, 0x00, 0x00, 0x00, 0x00, 0x00, 0x00, 0x00, 0x00,
    0x00, 0x00, 0x00, 0x00, 0x00, 0x00, 0x00, 0x00, 0x00, 0x00, 0x00, 0x00, 0x00, 0x00, 0x00, 0x00,
    0x00, 0x00, 0x00, 0x00, 0x00, 0x00, 0x00, 0x00, 0x00, 0x00, 0x00, 0x00, 0x00, 0x00, 0x00, 0x00,
    0xFB, 0xF8, 0xEB, 0xE9, 0xDB, 0x2C, 0x57, 0x2D, 0xFD, 0xD2, 0xE3, 0xE3, 0xE0, 0xD6, 0xCF, 0xDA,
    0xE3, 0xDA, 0xCF, 0xC9, 0xD6, 0xC7, 0xC7, 0xBC, 0xB5, 0xC5, 0xC1, 0xC5, 0xCC, 0xCC, 0xCF, 0xDC,
    0xCE, 0xC7, 0xC7, 0xBD, 0xC2, 0xC2, 0xB9, 0xC0, 0xD4, 0xC5, 0xBA, 0xB9, 0xB9, 0x78, 0x78, 0xB2,
    0xAB, 0xB6, 0xB2, 0xB2, 0x97, 0x8D, 0x9F, 0xA4, 0x99, 0x8D, 0x97, 0xB6, 0xA3, 0xA6, 0x75, 0x77,
    0x77, 0x6B, 0x7C, 0x75, 0x6B, 0x8F, 0x87, 0x84, 0x7A, 0x82, 0x7B, 0x75, 0x75, 0x81, 0x9D, 0x9D,
    0x72, 0x6F, 0x7B, 0x65, 0x22, 0x46, 0x65, 0x5F, 0x54, 0x54, 0x4E, 0x43, 0x5E, 0x6F, 0x54, 0x51,
    0x54, 0x6E, 0x65, 0x3E, 0x43, 0x2A, 0x31, 0x31, 0x31, 0x3E, 0x48, 0x48, 0x34, 0x28, 0x29, 0x27,
    0x24, 0x36, 0x29, 0x34, 0x3D, 0x4C, 0x29, 0x23, 0x34, 0x27, 0x0D, 0x16, 0x23, 0x1E, 0x20, 0x20,
    0x1B, 0x12, 0x29, 0x24, 0x1E, 0x1B, 0x1E, 0x24, 0x1B, 0x10, 0x13, 0x0C, 0x12, 0x12, 0x13, 0x0C,
    0x0C, 0x12, 0x15, 0x12, 0x12, 0x13, 0x1B, 0x12, 0x14, 0x15, 0x29, 0x14, 0x13, 0x1E, 0x1B, 0x0C,
    0x10, 0x1B, 0x15, 0x1B, 0x1B, 0x14, 0x10, 0x1B, 0x1E, 0x14, 0x12, 0x14, 0x1B, 0x15, 0x0C, 0x13,
    0x12, 0x10, 0x13, 0x13, 0x10, 0x1C, 0x14, 0x1E, 0x14, 0x14, 0x1B, 0x20, 0x20, 0x1B, 0x24, 0x3B,
    0x39, 0x29, 0x34, 0x34, 0x25, 0x11, 0x25, 0x34, 0x39, 0x39, 0x34, 0x39, 0x3D, 0x49, 0x4A, 0x4A,
    0x47, 0x4D, 0x7B, 0x7A, 0x51, 0x5E, 0x42, 0x40, 0x3D, 0x2F, 0x45, 0x84, 0x7B, 0x6D, 0x49, 0x4B,
    0x52, 0x66, 0x4E, 0x4A, 0x5C, 0x7A, 0x79, 0x4E, 0x6D, 0x79, 0x4F, 0x22, 0x69, 0x64, 0x64, 0x64,
    0x67, 0x53, 0x49, 0x72, 0x82, 0x5C, 0x64, 0x72, 0x8F, 0x7E, 0x51, 0x76, 0x45, 0x60, 0x6A, 0x6A,
    0x9E, 0xB7, 0x98, 0xA4, 0x98, 0x9D, 0x9F, 0xB9, 0xAD, 0xAB, 0xB6, 0xCD, 0xCD, 0xB5, 0xB6, 0xB7,
    0xB3, 0x93, 0x93, 0xB7, 0xB7, 0xB7, 0xAD, 0xA4, 0x9F, 0xB7, 0xB9, 0xB5, 0xAD, 0xA9, 0xC2, 0xB9,
    0x90, 0xC9, 0xC2, 0xAB, 0xBC, 0xB2, 0xAB, 0xCF, 0xC3, 0xAF, 0xD3, 0xC7, 0xD6, 0xD6, 0xCF, 0xCF,
    0xDF, 0xE4, 0xEB, 0xE6, 0xD4, 0xD4, 0xE6, 0xFF, 0x2C, 0x58, 0x57, 0xDA, 0xDA, 0xE3, 0xF4, 0xFA,
    0x00, 0x00, 0x00, 0x00, 0x00, 0x00, 0x00, 0x00, 0x00, 0x00, 0x00, 0x00, 0x00, 0x00, 0x00, 0x00,
    0x00, 0x00, 0x00, 0x00, 0x00, 0x00, 0x00, 0x00, 0x00, 0x00, 0x00, 0x00, 0x00, 0x00, 0x00, 0x00,
    0x00, 0x00, 0x00, 0x00, 0x00, 0x00, 0x00, 0x00, 0x00, 0x00, 0x00, 0x00, 0x00, 0x00, 0x00, 0x00,
    0x00, 0x00, 0x00, 0x00, 0x00, 0x00, 0x00, 0x00, 0x00, 0x00, 0x00, 0x00, 0x00, 0x00, 0x00, 0x00,
    0x00, 0x00, 0x00, 0x00, 0x00, 0x00, 0x00, 0x00, 0x00, 0x00, 0x00, 0x00, 0x00, 0x00, 0x00, 0x00,
    0x00, 0x00, 0x00, 0x00, 0x00, 0x00, 0x00, 0x00, 0x00, 0x00, 0x00, 0x00, 0x00, 0x00, 0x00, 0x00,
    0x00, 0x00, 0x00, 0x00, 0x00, 0x00, 0x00, 0x00, 0x00, 0x00, 0x00, 0x00, 0x00, 0x00, 0x00, 0x00,
    0x00, 0x00, 0x00, 0x00, 0x00, 0x00, 0x00, 0x00, 0x00, 0x00, 0x00, 0x00, 0x00, 0x00, 0x00, 0x00,
    0x00, 0x00, 0x00, 0x00, 0x00, 0x00, 0x00, 0x00, 0x00, 0x00, 0x00, 0x00, 0x00, 0x00, 0x00, 0x00,
    0x00, 0x00, 0x00, 0x00, 0x00, 0x00, 0x00, 0x00, 0x00, 0x00, 0x00, 0x00, 0x00, 0x00, 0x00, 0x00,
    0x00, 0x00, 0x00, 0x00, 0x00, 0x00, 0x00, 0x00, 0x00, 0x00, 0x00, 0x00, 0x00, 0x00, 0x00, 0x00,
    0x00, 0x00, 0x00, 0x00, 0x00, 0x00, 0x00, 0x00, 0x00, 0x00, 0x00, 0x00, 0x00, 0x00, 0x00, 0x00,
    0xFA, 0xF9, 0xE4, 0xE9, 0xDB, 0x2C, 0x57, 0x2D, 0xFD, 0xD9, 0xD6, 0xDA, 0xD4, 0xDA, 0xD2, 0xD5,
    0xE3, 0xDC, 0xDA, 0xCF, 0xCE, 0xCE, 0xCF, 0xB9, 0xAB, 0xC2, 0xB0, 0xC4, 0xAF, 0xB9, 0xDA, 0xCF,
    0xD6, 0xCF, 0xC9, 0xC5, 0xC1, 0xC5, 0xB9, 0xC2, 0xCD, 0xBF, 0xB2, 0xB7, 0xB7, 0xB7, 0xB2, 0xB7,
    0xA2, 0xA3, 0xB2, 0xB1, 0xA5, 0x9F, 0x97, 0xA9, 0xAB, 0xA3, 0x97, 0x98, 0xA4, 0x77, 0x5F, 0x61,
    0x6B, 0x77, 0x60, 0x6B, 0x45, 0x75, 0x7F, 0x8D, 0x75, 0x6F, 0x75, 0x82, 0x82, 0x82, 0x82, 0x88,
    0x7B, 0x65, 0x72, 0x6F, 0x5E, 0x74, 0x7B, 0x53, 0x67, 0x64, 0x7A, 0x4B, 0x65, 0x64, 0x6D, 0x5E,
    0x4F, 0x4B, 0x3C, 0x40, 0x2A, 0x19, 0x31, 0x37, 0x1F, 0x1F, 0x25, 0x28, 0x34, 0x44, 0x23, 0x25,
    0x3A, 0x3A, 0x34, 0x3A, 0x29, 0x29, 0x24, 0x1B, 0x27, 0x20, 0x23, 0x25, 0x25, 0x15, 0x1B, 0x23,
    0x29, 0x1E, 0x23, 0x34, 0x34, 0x1B, 0x1E, 0x1E, 0x1B, 0x1B, 0x10, 0x10, 0x12, 0x10, 0x13, 0x10,
    0x10, 0x14, 0x1B, 0x14, 0x10, 0x15, 0x15, 0x1E, 0x14, 0x14, 0x1E, 0x12, 0x12, 0x1B, 0x1B, 0x1B,
    0x15, 0x23, 0x13, 0x14, 0x15, 0x20, 0x1E, 0x1E, 0x25, 0x20, 0x14, 0x14, 0x15, 0x1B, 0x15, 0x15,
    0x15, 0x12, 0x13, 0x12, 0x0C, 0x14, 0x24, 0x1B, 0x23, 0x14, 0x1B, 0x27, 0x20, 0x1E, 0x29, 0x24,
    0x34, 0x24, 0x24, 0x34, 0x34, 0x25, 0x2B, 0x3E, 0x29, 0x3E, 0x4A, 0x5D, 0x3E, 0x54, 0x49, 0x4B,
    0x4D, 0x4B, 0x54, 0x4A, 0x51, 0x37, 0x1D, 0x44, 0x5E, 0x2A, 0x26, 0x52, 0x5D, 0x54, 0x76, 0x40,
    0x4B, 0x7A, 0x4E, 0x4E, 0x6D, 0x5C, 0x66, 0x3E, 0x4A, 0x63, 0x53, 0x65, 0x72, 0x64, 0x4B, 0x6E,
    0x6D, 0x7F, 0x67, 0x6A, 0x87, 0x81, 0x6E, 0x72, 0x7A, 0x82, 0x75, 0x35, 0x37, 0x61, 0x5A, 0x6B,
    0x4D, 0x87, 0x9E, 0x92, 0xA0, 0x8D, 0x92, 0xA0, 0xAB, 0xB9, 0xB7, 0xB7, 0xBF, 0xB9, 0xB6, 0xB6,
    0xCB, 0xB9, 0xAD, 0xBF, 0xB5, 0xB7, 0xBA, 0xC5, 0xB7, 0xB2, 0xB9, 0xC5, 0xB7, 0xB7, 0xB9, 0xB5,
    0xAD, 0xC5, 0xAB, 0x98, 0xC9, 0xB3, 0xAB, 0xBD, 0xB9, 0xCE, 0xD6, 0xCF, 0xCF, 0xDA, 0xD2, 0xDA,
    0xDA, 0xDC, 0xE3, 0xE3, 0xD4, 0xC5, 0xE3, 0xFF, 0x2C, 0x58, 0x57, 0xEF, 0xE6, 0xE3, 0xF4, 0xFA,
    0x00, 0x00, 0x00, 0x00, 0x00, 0x00, 0x00, 0x00, 0x00, 0x00, 0x00, 0x00, 0x00, 0x00, 0x00, 0x00,
    0x00, 0x00, 0x00, 0x00, 0x00, 0x00, 0x00, 0x00, 0x00, 0x00, 0x00, 0x00, 0x00, 0x00, 0x00, 0x00,
    0x00, 0x00, 0x00, 0x00, 0x00, 0x00, 0x00, 0x00, 0x00, 0x00, 0x00, 0x00, 0x00, 0x00, 0x00, 0x00,
    0x00, 0x00, 0x00, 0x00, 0x00, 0x00, 0x00, 0x00, 0x00, 0x00, 0x00, 0x00, 0x00, 0x00, 0x00, 0x00,
    0x00, 0x00, 0x00, 0x00, 0x00, 0x00, 0x00, 0x00, 0x00, 0x00, 0x00, 0x00, 0x00, 0x00, 0x00, 0x00,
    0x00, 0x00, 0x00, 0x00, 0x00, 0x00, 0x00, 0x00, 0x00, 0x00, 0x00, 0x00, 0x00, 0x00, 0x00, 0x00,
    0x00, 0x00, 0x00, 0x00, 0x00, 0x00, 0x00, 0x00, 0x00, 0x00, 0x00, 0x00, 0x00, 0x00, 0x00, 0x00,
    0x00, 0x00, 0x00, 0x00, 0x00, 0x00, 0x00, 0x00, 0x00, 0x00, 0x00, 0x00, 0x00, 0x00, 0x00, 0x00,
    0x00, 0x00, 0x00, 0x00, 0x00, 0x00, 0x00, 0x00, 0x00, 0x00, 0x00, 0x00, 0x00, 0x00, 0x00, 0x00,
    0x00, 0x00, 0x00, 0x00, 0x00, 0x00, 0x00, 0x00, 0x00, 0x00, 0x00, 0x00, 0x00, 0x00, 0x00, 0x00,
    0x00, 0x00, 0x00, 0x00, 0x00, 0x00, 0x00, 0x00, 0x00, 0x00, 0x00, 0x00, 0x00, 0x00, 0x00, 0x00,
    0x00, 0x00, 0x00, 0x00, 0x00, 0x00, 0x00, 0x00, 0x00, 0x00, 0x00, 0x00, 0x00, 0x00, 0x00, 0x00,
    0xFB, 0xF8, 0xE4, 0xD6, 0xCA, 0x58, 0x58, 0x2D, 0xFD, 0xDB, 0xC5, 0xD4, 0xDA, 0xEB, 0xD6, 0xD6,
    0xDA, 0xDF, 0xDF, 0xD6, 0xCE, 0xC5, 0xC5, 0xD2, 0xC7, 0xD3, 0xC4, 0xC8, 0xC7, 0xC8, 0xE3, 0xCF,
    0xDA, 0xCF, 0xC4, 0xC7, 0xC7, 0xC2, 0xC2, 0xB9, 0xBF, 0xC2, 0xB9, 0xB2, 0xB2, 0xC0, 0xB2, 0x97,
    0xA3, 0xA3, 0xA2, 0xB1, 0xC0, 0x97, 0x96, 0xA4, 0xB6, 0xB7, 0xA3, 0x8D, 0x9A, 0x77, 0x6A, 0x86,
    0x98, 0x75, 0x80, 0x5A, 0x44, 0x5A, 0x71, 0x85, 0x87, 0x7F, 0x8A, 0x6F, 0x7B, 0x87, 0x6E, 0x7B,
    0x7B, 0x79, 0x6D, 0x6E, 0x7A, 0x63, 0x54, 0x5D, 0x64, 0x6D, 0x82, 0x6E, 0x54, 0x4A, 0x7B, 0x72,
    0x4F, 0x3C, 0x3C, 0x4F, 0x41, 0x21, 0x37, 0x37, 0x21, 0x22, 0x21, 0x23, 0x23, 0x40, 0x29, 0x3C,
    0x34, 0x29, 0x34, 0x34, 0x1E, 0x20, 0x34, 0x25, 0x1F, 0x25, 0x3A, 0x1E, 0x15, 0x20, 0x20, 0x25,
    0x3E, 0x29, 0x1B, 0x23, 0x3B, 0x34, 0x20, 0x13, 0x13, 0x15, 0x1E, 0x12, 0x10, 0x10, 0x0C, 0x12,
    0x15, 0x14, 0x14, 0x1B, 0x1B, 0x1B, 0x14, 0x23, 0x14, 0x12, 0x13, 0x14, 0x14, 0x14, 0x1E, 0x27,
    0x1B, 0x13, 0x12, 0x14, 0x1E, 0x34, 0x29, 0x15, 0x1B, 0x29, 0x34, 0x1C, 0x14, 0x1B, 0x1B, 0x25,
    0x1B, 0x12, 0x12, 0x10, 0x15, 0x20, 0x20, 0x14, 0x1F, 0x20, 0x25, 0x1E, 0x20, 0x29, 0x23, 0x1E,
    0x25, 0x24, 0x29, 0x29, 0x3A, 0x3A, 0x29, 0x25, 0x29, 0x3A, 0x4A, 0x79, 0x53, 0x3E, 0x35, 0x60,
    0x67, 0x49, 0x3C, 0x39, 0x4F, 0x33, 0x2F, 0x3C, 0x60, 0x32, 0x2A, 0x37, 0x40, 0x4C, 0x6A, 0x49,
    0x51, 0x4D, 0x4A, 0x6D, 0x4E, 0x3D, 0x4E, 0x4A, 0x4A, 0x4E, 0x6E, 0x6E, 0x4A, 0x4E, 0x4E, 0x66,
    0x79, 0x9D, 0x85, 0x70, 0x7A, 0xA9, 0xA9, 0x82, 0x63, 0x64, 0x72, 0x56, 0x56, 0x5A, 0x60, 0x72,
    0x67, 0x9D, 0x9D, 0x82, 0x9F, 0x90, 0xAB, 0x9F, 0xAD, 0xC2, 0xB7, 0x9F, 0xAD, 0xA0, 0xAB, 0xB8,
    0xB6, 0xBD, 0xB5, 0xAB, 0xB7, 0xB9, 0xB7, 0xC5, 0xC2, 0xAD, 0xAD, 0xB9, 0xC2, 0xC9, 0xAB, 0xAA,
    0xB7, 0x9F, 0x98, 0xB7, 0xC2, 0xB2, 0xB3, 0xA4, 0xBA, 0xCE, 0xCE, 0xCF, 0xCF, 0xDA, 0xC8, 0xDA,
    0xDA, 0xDA, 0xD6, 0xD4, 0xE0, 0xE0, 0xF0, 0xFE, 0x2C, 0x58, 0x57, 0xD5, 0xD6, 0xF8, 0xF4, 0xF9,
    0x00, 0x00, 0x00, 0x00, 0x00, 0x00, 0x00, 0x00, 0x00, 0x00, 0x00, 0x00, 0x00, 0x00, 0x00, 0x00,
    0x00, 0x00, 0x00, 0x00, 0x00, 0x00, 0x00, 0x00, 0x00, 0x00, 0x00, 0x00, 0x00, 0x00, 0x00, 0x00,
    0x00, 0x00, 0x00, 0x00, 0x00, 0x00, 0x00, 0x00, 0x00, 0x00, 0x00, 0x00, 0x00, 0x00, 0x00, 0x00,
    0x00, 0x00, 0x00, 0x00, 0x00, 0x00, 0x00, 0x00, 0x00, 0x00, 0x00, 0x00, 0x00, 0x00, 0x00, 0x00,
    0x00, 0x00, 0x00, 0x00, 0x00, 0x00, 0x00, 0x00, 0x00, 0x00, 0x00, 0x00, 0x00, 0x00, 0x00, 0x00,
    0x00, 0x00, 0x00, 0x00, 0x00, 0x00, 0x00, 0x00, 0x00, 0x00, 0x00, 0x00, 0x00, 0x00, 0x00, 0x00,
    0x00, 0x00, 0x00, 0x00, 0x00, 0x00, 0x00, 0x00, 0x00, 0x00, 0x00, 0x00, 0x00, 0x00, 0x00, 0x00,
    0x00, 0x00, 0x00, 0x00, 0x00, 0x00, 0x00, 0x00, 0x00, 0x00, 0x00, 0x00, 0x00, 0x00, 0x00, 0x00,
    0x00, 0x00, 0x00, 0x00, 0x00, 0x00, 0x00, 0x00, 0x00, 0x00, 0x00, 0x00, 0x00, 0x00, 0x00, 0x00,
    0x00, 0x00, 0x00, 0x00, 0x00, 0x00, 0x00, 0x00, 0x00, 0x00, 0x00, 0x00, 0x00, 0x00, 0x00, 0x00,
    0x00, 0x00, 0x00, 0x00, 0x00, 0x00, 0x00, 0x00, 0x00, 0x00, 0x00, 0x00, 0x00, 0x00, 0x00, 0x00,
    0x00, 0x00, 0x00, 0x00, 0x00, 0x00, 0x00, 0x00, 0x00, 0x00, 0x00, 0x00, 0x00, 0x00, 0x00, 0x00,
    0xF9, 0xE0, 0xE9, 0xE9, 0xDB, 0x57, 0x57, 0x2C, 0xFD, 0xCF, 0xCE, 0xE0, 0xE0, 0xE3, 0xDA, 0xE3,
    0xD6, 0xE3, 0xDA, 0xCF, 0xD6, 0xC9, 0xCF, 0xD6, 0xD3, 0xCF, 0xBC, 0xC3, 0xDA, 0xCF, 0xCF, 0xD4,
    0xDA, 0xD2, 0xC3, 0xC8, 0xCF, 0xC5, 0xC5, 0xB9, 0xAD, 0xB7, 0xC2, 0xB7, 0xB9, 0xB9, 0xA6, 0xB1,
    0xBE, 0xB6, 0xA2, 0xB7, 0xA9, 0xAB, 0xA4, 0xB9, 0xBA, 0xA4, 0xA4, 0x9E, 0x8D, 0x6B, 0x80, 0xA3,
    0xA4, 0x77, 0x9F, 0x80, 0x61, 0x86, 0x87, 0x88, 0x97, 0x7C, 0x98, 0x7F, 0x7A, 0x7A, 0x67, 0x72,
    0x81, 0x82, 0x7A, 0x6E, 0x65, 0x6F, 0x5D, 0x6E, 0x7B, 0x7B, 0x72, 0x72, 0x6A, 0x7B, 0x67, 0x4B,
    0x42, 0x43, 0x52, 0x2F, 0x21, 0x26, 0x43, 0x43, 0x26, 0x16, 0x31, 0x48, 0x25, 0x23, 0x31, 0x3C,
    0x34, 0x29, 0x27, 0x27, 0x25, 0x20, 0x31, 0x29, 0x1E, 0x29, 0x25, 0x24, 0x24, 0x34, 0x27, 0x25,
    0x29, 0x27, 0x3A, 0x34, 0x3A, 0x28, 0x1B, 0x15, 0x1B, 0x1F, 0x1B, 0x13, 0x12, 0x0C, 0x10, 0x12,
    0x10, 0x12, 0x1B, 0x1E, 0x1F, 0x1C, 0x20, 0x14, 0x14, 0x12, 0x10, 0x15, 0x20, 0x1E, 0x23, 0x1B,
    0x1B, 0x1B, 0x1E, 0x23, 0x24, 0x29, 0x24, 0x29, 0x34, 0x29, 0x25, 0x1C, 0x1F, 0x15, 0x25, 0x24,
    0x20, 0x15, 0x10, 0x1E, 0x27, 0x1B, 0x20, 0x1B, 0x1B, 0x34, 0x3B, 0x31, 0x24, 0x24, 0x1F, 0x1F,
    0x1E, 0x39, 0x3D, 0x3A, 0x3A, 0x3E, 0x36, 0x27, 0x49, 0x4C, 0x4B, 0x49, 0x53, 0x4F, 0x6A, 0x5E,
    0x41, 0x37, 0x43, 0x49, 0x21, 0x19, 0x41, 0x43, 0x4B, 0x52, 0x2A, 0x2A, 0x5E, 0x49, 0x49, 0x5D,
    0x74, 0x6F, 0x4C, 0x4D, 0x48, 0x3E, 0x3F, 0x4C, 0x70, 0x4E, 0x64, 0x63, 0x55, 0x66, 0x81, 0x81,
    0x87, 0x82, 0x81, 0x81, 0x85, 0x9D, 0x9E, 0x81, 0x7B, 0x65, 0x79, 0x82, 0x7C, 0x4F, 0x44, 0x7B,
    0x9E, 0x7E, 0x84, 0x9E, 0x98, 0x92, 0xAF, 0xBC, 0xB7, 0xAD, 0xAD, 0xBC, 0xB9, 0xB9, 0xB7, 0xC2,
    0xC0, 0xB2, 0xB9, 0xB5, 0xB7, 0xC5, 0xB9, 0xC2, 0xB7, 0xBF, 0xC1, 0xC9, 0xC0, 0xB6, 0xB7, 0xAD,
    0xB3, 0xC2, 0xC2, 0xC2, 0xC1, 0xC5, 0xCE, 0xC2, 0xCF, 0xC5, 0xD6, 0xD6, 0xDA, 0xD6, 0xE3, 0xD6,
    0xCF, 0xDA, 0xDC, 0xE0, 0xE0, 0xE0, 0xEF, 0xFF, 0x2C, 0x58, 0x2E, 0xD4, 0xE3, 0xF8, 0xEB, 0xF4,
    0x00, 0x00, 0x00, 0x00, 0x00, 0x00, 0x00, 0x00, 0x00, 0x00, 0x00, 0x00, 0x00, 0x00, 0x00, 0x00,
    0x00, 0x00, 0x00, 0x00, 0x00, 0x00, 0x00, 0x00, 0x00, 0x00, 0x00, 0x00, 0x00, 0x00, 0x00, 0x00,
    0x00, 0x00, 0x00, 0x00, 0x00, 0x00, 0x00, 0x00, 0x00, 0x00, 0x00, 0x00, 0x00, 0x00, 0x00, 0x00,
    0x00, 0x00, 0x00, 0x00, 0x00, 0x00, 0x00, 0x00, 0x00, 0x00, 0x00, 0x00, 0x00, 0x00, 0x00, 0x00,
    0x00, 0x00, 0x00, 0x00, 0x00, 0x00, 0x00, 0x00, 0x00, 0x00, 0x00, 0x00, 0x00, 0x00, 0x00, 0x00,
    0x00, 0x00, 0x00, 0x00, 0x00, 0x00, 0x00, 0x00, 0x00, 0x00, 0x00, 0x00, 0x00, 0x00, 0x00, 0x00,
    0x00, 0x00, 0x00, 0x00, 0x00, 0x00, 0x00, 0x00, 0x00, 0x00, 0x00, 0x00, 0x00, 0x00, 0x00, 0x00,
    0x00, 0x00, 0x00, 0x00, 0x00, 0x00, 0x00, 0x00, 0x00, 0x00, 0x00, 0x00, 0x00, 0x00, 0x00, 0x00,
    0x00, 0x00, 0x00, 0x00, 0x00, 0x00, 0x00, 0x00, 0x00, 0x00, 0x00, 0x00, 0x00, 0x00, 0x00, 0x00,
    0x00, 0x00, 0x00, 0x00, 0x00, 0x00, 0x00, 0x00, 0x00, 0x00, 0x00, 0x00, 0x00, 0x00, 0x00, 0x00,
    0x00, 0x00, 0x00, 0x00, 0x00, 0x00, 0x00, 0x00, 0x00, 0x00, 0x00, 0x00, 0x00, 0x00, 0x00, 0x00,
    0x00, 0x00, 0x00, 0x00, 0x00, 0x00, 0x00, 0x00, 0x00, 0x00, 0x00, 0x00, 0x00, 0x00, 0x00, 0x00,
    0xF5, 0xDA, 0xD6, 0xEB, 0xDB, 0x2D, 0x57, 0x2D, 0xFD, 0xC8, 0xD6, 0xE3, 0xCE, 0xC5, 0xDB, 0xE3,
    0xDA, 0xDA, 0xDA, 0xC9, 0xE3, 0xE3, 0xDA, 0xCF, 0xD2, 0xCF, 0xAF, 0xC4, 0xD2, 0xC8, 0xCF, 0xCF,
    0xD6, 0xC5, 0xCF, 0xBC, 0xBC, 0xD3, 0xBD, 0xB9, 0xC2, 0xCD, 0xC2, 0xB7, 0xBF, 0xB3, 0xB7, 0xB6,
    0xB1, 0xBE, 0xA3, 0x99, 0x96, 0xA3, 0xA4, 0xB7, 0xB2, 0x92, 0x92, 0xB7, 0xAB, 0x9F, 0xB9, 0xAD,
    0xA0, 0x61, 0x9A, 0xB2, 0x90, 0x9A, 0x80, 0x8D, 0xA3, 0x7F, 0x85, 0x8D, 0x7F, 0x6D, 0x7B, 0x81,
    0x9D, 0x9D, 0x6E, 0x67, 0x65, 0x6E, 0x67, 0x7A, 0x7C, 0x47, 0x51, 0x6F, 0x75, 0x6E, 0x6F, 0x43,
    0x4B, 0x71, 0x60, 0x37, 0x1C, 0x37, 0x51, 0x43, 0x3C, 0x16, 0x21, 0x48, 0x35, 0x35, 0x31, 0x28,
    0x1F, 0x40, 0x25, 0x20, 0x24, 0x27, 0x3E, 0x31, 0x25, 0x29, 0x23, 0x24, 0x24, 0x3A, 0x34, 0x15,
    0x1B, 0x29, 0x3B, 0x3D, 0x36, 0x1C, 0x15, 0x31, 0x31, 0x1F, 0x1B, 0x1B, 0x15, 0x10, 0x13, 0x10,
    0x12, 0x12, 0x13, 0x1E, 0x1F, 0x1B, 0x20, 0x15, 0x10, 0x14, 0x1B, 0x20, 0x24, 0x1E, 0x20, 0x15,
    0x15, 0x15, 0x20, 0x29, 0x1E, 0x15, 0x20, 0x3B, 0x3C, 0x34, 0x21, 0x1B, 0x35, 0x3B, 0x34, 0x25,
    0x25, 0x15, 0x0C, 0x27, 0x24, 0x15, 0x24, 0x1E, 0x24, 0x35, 0x25, 0x36, 0x3E, 0x29, 0x1E, 0x24,
    0x39, 0x48, 0x3E, 0x39, 0x3B, 0x3A, 0x31, 0x25, 0x51, 0x4B, 0x3B, 0x3C, 0x4F, 0x53, 0x67, 0x65,
    0x37, 0x32, 0x67, 0x65, 0x1F, 0x15, 0x2A, 0x4B, 0x45, 0x52, 0x41, 0x26, 0x4C, 0x40, 0x5D, 0x65,
    0x56, 0x54, 0x7B, 0x5E, 0x3D, 0x3D, 0x66, 0x82, 0x66, 0x4D, 0x64, 0x64, 0x66, 0x5D, 0x96, 0x8F,
    0x79, 0x85, 0x7B, 0x9E, 0xA2, 0x9E, 0x72, 0x6D, 0x9F, 0x9A, 0x8A, 0x7C, 0x80, 0x5A, 0x44, 0x7C,
    0x8F, 0x7F, 0x80, 0x87, 0xAB, 0xB3, 0x93, 0xA6, 0xBC, 0xA6, 0x92, 0xCE, 0xCE, 0xCC, 0xC5, 0xB5,
    0xC2, 0xB9, 0xB9, 0x9F, 0xA4, 0xC5, 0xAD, 0x9E, 0xB3, 0xC2, 0xC2, 0xCE, 0xB9, 0xAB, 0xC5, 0xC2,
    0xBC, 0xCF, 0xCE, 0xC5, 0xAF, 0xC2, 0xD4, 0xCE, 0xD6, 0xCF, 0xCF, 0xD6, 0xD2, 0xD2, 0xE3, 0xD6,
    0xCF, 0xD2, 0xE3, 0xF8, 0xE3, 0xD6, 0xE5, 0xFF, 0x2C, 0x57, 0x2D, 0xDA, 0xD5, 0xD6, 0xDC, 0xF4,
    0x00, 0x00, 0x00, 0x00, 0x00, 0x00, 0x00, 0x00, 0x00, 0x00, 0x00, 0x00, 0x00, 0x00, 0x00, 0x00,
    0x00, 0x00, 0x00, 0x00, 0x00, 0x00, 0x00, 0x00, 0x00, 0x00, 0x00, 0x00, 0x00, 0x00, 0x00, 0x00,
    0x00, 0x00, 0x00, 0x00, 0x00, 0x00, 0x00, 0x00, 0x00, 0x00, 0x00, 0x00, 0x00, 0x00, 0x00, 0x00,
    0x00, 0x00, 0x00, 0x00, 0x00, 0x00, 0x00, 0x00, 0x00, 0x00, 0x00, 0x00, 0x00, 0x00, 0x00, 0x00,
    0x00, 0x00, 0x00, 0x00, 0x00, 0x00, 0x00, 0x00, 0x00, 0x00, 0x00, 0x00, 0x00, 0x00, 0x00, 0x00,
    0x00, 0x00, 0x00, 0x00, 0x00, 0x00, 0x00, 0x00, 0x00, 0x00, 0x00, 0x00, 0x00, 0x00, 0x00, 0x00,
    0x00, 0x00, 0x00, 0x00, 0x00, 0x00, 0x00, 0x00, 0x00, 0x00, 0x00, 0x00, 0x00, 0x00, 0x00, 0x00,
    0x00, 0x00, 0x00, 0x00, 0x00, 0x00, 0x00, 0x00, 0x00, 0x00, 0x00, 0x00, 0x00, 0x00, 0x00, 0x00,
    0x00, 0x00, 0x00, 0x00, 0x00, 0x00, 0x00, 0x00, 0x00, 0x00, 0x00, 0x00, 0x00, 0x00, 0x00, 0x00,
    0x00, 0x00, 0x00, 0x00, 0x00, 0x00, 0x00, 0x00, 0x00, 0x00, 0x00, 0x00, 0x00, 0x00, 0x00, 0x00,
    0x00, 0x00, 0x00, 0x00, 0x00, 0x00, 0x00, 0x00, 0x00, 0x00, 0x00, 0x00, 0x00, 0x00, 0x00, 0x00,
    0x00, 0x00, 0x00, 0x00, 0x00, 0x00, 0x00, 0x00, 0x00, 0x00, 0x00, 0x00, 0x00, 0x00, 0x00, 0x00,
    0xF8, 0xE3, 0xD5, 0xE0, 0xD9, 0x57, 0x57, 0x2D, 0xFD, 0xC9, 0xD4, 0xE7, 0xE3, 0xD6, 0xE6, 0xD2,
    0xDA, 0xE3, 0xE6, 0xD2, 0xD6, 0xE3, 0xDA, 0xC5, 0xC5, 0xCE, 0x9A, 0xB9, 0xD2, 0xC7, 0xE6, 0xE6,
    0xE0, 0xCC, 0xC7, 0xD2, 0xC7, 0xC7, 0xC7, 0xCE, 0xCC, 0xCE, 0xCE, 0xCD, 0xC2, 0xB9, 0xB7, 0xB6,
    0xBE, 0xC2, 0xB9, 0xB1, 0xBE, 0xA2, 0x87, 0xB2, 0xB7, 0xB7, 0x98, 0xAD, 0xAB, 0xB7, 0x9F, 0x8E,
    0x8A, 0x5A, 0x75, 0xA3, 0x87, 0xB9, 0x9F, 0x8E, 0x8A, 0x7C, 0x87, 0x8D, 0x80, 0x7F, 0x9E, 0x8F,
    0x87, 0x87, 0x64, 0x6E, 0x72, 0x5D, 0x7B, 0x7B, 0x6F, 0x6F, 0x72, 0x5E, 0x64, 0x65, 0x7B, 0x5D,
    0x4A, 0x5D, 0x6A, 0x5D, 0x3E, 0x48, 0x4D, 0x25, 0x36, 0x31, 0x28, 0x5A, 0x48, 0x4A, 0x2B, 0x25,
    0x2B, 0x29, 0x28, 0x27, 0x36, 0x29, 0x29, 0x5C, 0x48, 0x27, 0x25, 0x27, 0x27, 0x3F, 0x3D, 0x25,
    0x27, 0x3D, 0x1C, 0x29, 0x4C, 0x31, 0x1F, 0x27, 0x29, 0x24, 0x1B, 0x1C, 0x10, 0x0C, 0x1B, 0x10,
    0x1F, 0x29, 0x20, 0x1B, 0x1B, 0x20, 0x1F, 0x16, 0x13, 0x1B, 0x24, 0x34, 0x34, 0x1E, 0x14, 0x1B,
    0x1B, 0x15, 0x29, 0x29, 0x27, 0x29, 0x34, 0x1B, 0x23, 0x3A, 0x39, 0x23, 0x3E, 0x3A, 0x3A, 0x25,
    0x1E, 0x12, 0x0C, 0x21, 0x1E, 0x29, 0x48, 0x3A, 0x3A, 0x25, 0x27, 0x34, 0x35, 0x23, 0x29, 0x3B,
    0x3C, 0x51, 0x35, 0x29, 0x2B, 0x34, 0x31, 0x3C, 0x48, 0x4F, 0x5D, 0x67, 0x40, 0x3E, 0x5D, 0x72,
    0x51, 0x43, 0x4B, 0x52, 0x52, 0x31, 0x48, 0x40, 0x35, 0x2A, 0x44, 0x44, 0x5D, 0x5D, 0x6D, 0x54,
    0x54, 0x65, 0x5E, 0x53, 0x4C, 0x53, 0x6D, 0x82, 0x68, 0x63, 0x65, 0x67, 0x67, 0x72, 0x7E, 0x90,
    0x9F, 0x97, 0x84, 0x7B, 0x8F, 0xB7, 0x80, 0x6B, 0x90, 0x92, 0x90, 0x7B, 0x6F, 0x50, 0x44, 0x97,
    0x87, 0x87, 0xBD, 0xAA, 0xAB, 0x9F, 0xA6, 0xB2, 0xB9, 0xB7, 0xB9, 0xC5, 0xCE, 0xCF, 0xC5, 0xAD,
    0xB6, 0xB7, 0xB7, 0xB2, 0xB9, 0xC5, 0xB9, 0xC2, 0xC2, 0xB5, 0xB7, 0xC5, 0xCD, 0xB3, 0xC0, 0xC5,
    0xCE, 0xC5, 0xB9, 0xCD, 0xB2, 0xB7, 0xCE, 0xCD, 0xE0, 0xDF, 0xE0, 0xD6, 0xCF, 0xDA, 0xD6, 0xE0,
    0xDA, 0xE3, 0xE3, 0xEB, 0xEB, 0xE6, 0xDB, 0xFF, 0x2D, 0x58, 0x2E, 0xDB, 0xCF, 0xD4, 0xD6, 0xF8,
    0x00, 0x00, 0x00, 0x00, 0x00, 0x00, 0x00, 0x00, 0x00, 0x00, 0x00, 0x00, 0x00, 0x00, 0x00, 0x00,
    0x00, 0x00, 0x00, 0x00, 0x00, 0x00, 0x00, 0x00, 0x00, 0x00, 0x00, 0x00, 0x00, 0x00, 0x00, 0x00,
    0x00, 0x00, 0x00, 0x00, 0x00, 0x00, 0x00, 0x00, 0x00, 0x00, 0x00, 0x00, 0x00, 0x00, 0x00, 0x00,
    0x00, 0x00, 0x00, 0x00, 0x00, 0x00, 0x00, 0x00, 0x00, 0x00, 0x00, 0x00, 0x00, 0x00, 0x00, 0x00,
    0x00, 0x00, 0x00, 0x00, 0x00, 0x00, 0x00, 0x00, 0x00, 0x00, 0x00, 0x00, 0x00, 0x00, 0x00, 0x00,
    0x00, 0x00, 0x00, 0x00, 0x00, 0x00, 0x00, 0x00, 0x00, 0x00, 0x00, 0x00, 0x00, 0x00, 0x00, 0x00,
    0x00, 0x00, 0x00, 0x00, 0x00, 0x00, 0x00, 0x00, 0x00, 0x00, 0x00, 0x00, 0x00, 0x00, 0x00, 0x00,
    0x00, 0x00, 0x00, 0x00, 0x00, 0x00, 0x00, 0x00, 0x00, 0x00, 0x00, 0x00, 0x00, 0x00, 0x00, 0x00,
    0x00, 0x00, 0x00, 0x00, 0x00, 0x00, 0x00, 0x00, 0x00, 0x00, 0x00, 0x00, 0x00, 0x00, 0x00, 0x00,
    0x00, 0x00, 0x00, 0x00, 0x00, 0x00, 0x00, 0x00, 0x00, 0x00, 0x00, 0x00, 0x00, 0x00, 0x00, 0x00,
    0x00, 0x00, 0x00, 0x00, 0x00, 0x00, 0x00, 0x00, 0x00, 0x00, 0x00, 0x00, 0x00, 0x00, 0x00, 0x00,
    0x00, 0x00, 0x00, 0x00, 0x00, 0x00, 0x00, 0x00, 0x00, 0x00, 0x00, 0x00, 0x00, 0x00, 0x00, 0x00,
    0xF0, 0xEB, 0xE3, 0xE9, 0xDB, 0x57, 0x57, 0x2C, 0xFD, 0xDA, 0xDA, 0xE3, 0xF4, 0xF3, 0xD6, 0xDA,
    0xDA, 0xDA, 0xD6, 0xCF, 0xCF, 0xD3, 0xC5, 0xBC, 0xCF, 0xE0, 0xC7, 0xD4, 0xCF, 0xCE, 0xD4, 0xD6,
    0xCF, 0xCF, 0xD6, 0xDA, 0xCC, 0xBC, 0xC7, 0xC9, 0xC1, 0xBF, 0xCF, 0xCF, 0xB7, 0xC0, 0xC5, 0xCE,
    0xCE, 0xAD, 0xB3, 0xCF, 0xC5, 0xA4, 0x97, 0xAB, 0xC2, 0xAB, 0x8A, 0x98, 0xB7, 0xB7, 0x97, 0x8D,
    0x9F, 0x88, 0x9D, 0xA2, 0x97, 0x99, 0xA3, 0x89, 0x80, 0x97, 0xA3, 0x84, 0x75, 0x87, 0x88, 0x64,
    0x53, 0x82, 0x96, 0x7B, 0x85, 0x97, 0x8D, 0x71, 0x67, 0x7F, 0x7C, 0x64, 0x65, 0x6E, 0x6D, 0x6D,
    0x49, 0x52, 0x6A, 0x51, 0x5D, 0x63, 0x48, 0x3E, 0x40, 0x35, 0x36, 0x44, 0x49, 0x40, 0x34, 0x43,
    0x40, 0x1E, 0x23, 0x40, 0x27, 0x20, 0x20, 0x4C, 0x36, 0x24, 0x36, 0x3A, 0x4D, 0x35, 0x25, 0x40,
    0x4D, 0x25, 0x1F, 0x25, 0x3A, 0x31, 0x1F, 0x1B, 0x20, 0x14, 0x1B, 0x24, 0x1B, 0x1B, 0x1E, 0x15,
    0x1B, 0x20, 0x1E, 0x15, 0x1E, 0x23, 0x1B, 0x12, 0x13, 0x1B, 0x1B, 0x1E, 0x25, 0x20, 0x20, 0x34,
    0x24, 0x31, 0x25, 0x15, 0x20, 0x40, 0x20, 0x1B, 0x23, 0x3B, 0x3A, 0x25, 0x1F, 0x3A, 0x39, 0x25,
    0x1E, 0x23, 0x1C, 0x23, 0x23, 0x29, 0x34, 0x3A, 0x25, 0x28, 0x3A, 0x3A, 0x23, 0x23, 0x35, 0x39,
    0x1E, 0x20, 0x43, 0x35, 0x37, 0x4B, 0x51, 0x51, 0x44, 0x3E, 0x75, 0x5E, 0x47, 0x4A, 0x65, 0x64,
    0x5D, 0x40, 0x4F, 0x60, 0x66, 0x5E, 0x64, 0x67, 0x47, 0x51, 0x4B, 0x48, 0x70, 0x6E, 0x6D, 0x5E,
    0x6F, 0x75, 0x4B, 0x47, 0x75, 0x65, 0x48, 0x5C, 0x85, 0x7A, 0x6D, 0x8D, 0x8F, 0x90, 0x6A, 0x6E,
    0xA3, 0x8F, 0x8F, 0x82, 0x90, 0x9E, 0x92, 0x6F, 0x7F, 0x9F, 0x80, 0x64, 0x7C, 0x84, 0x7F, 0xA2,
    0x9D, 0x91, 0xAB, 0xAB, 0x92, 0xA4, 0xBC, 0xC2, 0xAD, 0xAD, 0xB9, 0xAF, 0xC7, 0xB9, 0xAD, 0xB9,
    0xB5, 0xBA, 0xCE, 0xCD, 0xC5, 0xB7, 0xC0, 0xD3, 0xBA, 0xB9, 0xB3, 0xC2, 0xC2, 0xB7, 0xAD, 0xCD,
    0xCE, 0xB9, 0xB9, 0xD4, 0xCE, 0xCE, 0xCE, 0xC5, 0xD5, 0xE0, 0xDA, 0xCF, 0xDA, 0xE0, 0xD6, 0xD5,
    0xE3, 0xEB, 0xD6, 0xD5, 0xE6, 0xF8, 0xEF, 0xFF, 0x2C, 0x58, 0x2E, 0xD9, 0xE0, 0xE3, 0xF8, 0xFB,
    0x00, 0x00, 0x00, 0x00, 0x00, 0x00, 0x00, 0x00, 0x00, 0x00, 0x00, 0x00, 0x00, 0x00, 0x00, 0x00,
    0x00, 0x00, 0x00, 0x00, 0x00, 0x00, 0x00, 0x00, 0x00, 0x00, 0x00, 0x00, 0x00, 0x00, 0x00, 0x00,
    0x00, 0x00, 0x00, 0x00, 0x00, 0x00, 0x00, 0x00, 0x00, 0x00, 0x00, 0x00, 0x00, 0x00, 0x00, 0x00,
    0x00, 0x00, 0x00, 0x00, 0x00, 0x00, 0x00, 0x00, 0x00, 0x00, 0x00, 0x00, 0x00, 0x00, 0x00, 0x00,
    0x00, 0x00, 0x00, 0x00, 0x00, 0x00, 0x00, 0x00, 0x00, 0x00, 0x00, 0x00, 0x00, 0x00, 0x00, 0x00,
    0x00, 0x00, 0x00, 0x00, 0x00, 0x00, 0x00, 0x00, 0x00, 0x00, 0x00, 0x00, 0x00, 0x00, 0x00, 0x00,
    0x00, 0x00, 0x00, 0x00, 0x00, 0x00, 0x00, 0x00, 0x00, 0x00, 0x00, 0x00, 0x00, 0x00, 0x00, 0x00,
    0x00, 0x00, 0x00, 0x00, 0x00, 0x00, 0x00, 0x00, 0x00, 0x00, 0x00, 0x00, 0x00, 0x00, 0x00, 0x00,
    0x00, 0x00, 0x00, 0x00, 0x00, 0x00, 0x00, 0x00, 0x00, 0x00, 0x00, 0x00, 0x00, 0x00, 0x00, 0x00,
    0x00, 0x00, 0x00, 0x00, 0x00, 0x00, 0x00, 0x00, 0x00, 0x00, 0x00, 0x00, 0x00, 0x00, 0x00, 0x00,
    0x00, 0x00, 0x00, 0x00, 0x00, 0x00, 0x00, 0x00, 0x00, 0x00, 0x00, 0x00, 0x00, 0x00, 0x00, 0x00,
    0x00, 0x00, 0x00, 0x00, 0x00, 0x00, 0x00, 0x00, 0x00, 0x00, 0x00, 0x00, 0x00, 0x00, 0x00, 0x00,
    0xF8, 0xE3, 0xDA, 0xE9, 0xDB, 0x2C, 0x2E, 0x2C, 0xFE, 0xF1, 0xF8, 0xEB, 0xE6, 0xE6, 0xE3, 0xDF,
    0xCE, 0xCE, 0xD6, 0xE6, 0xD6, 0xC7, 0xC9, 0xCE, 0xCC, 0xCF, 0xD5, 0xCE, 0xC4, 0xCF, 0xD4, 0xD6,
    0xC1, 0xD6, 0xCE, 0xC5, 0xD6, 0xCE, 0xCF, 0xCF, 0xC2, 0xC5, 0xB7, 0xC2, 0xC0, 0xC0, 0xCE, 0xCF,
    0xCD, 0xB7, 0xB7, 0xB7, 0xAB, 0xC0, 0xAD, 0x90, 0xB1, 0xB7, 0xC2, 0x8E, 0x98, 0x9E, 0x97, 0x87,
    0x8F, 0x9E, 0x9D, 0x97, 0x9E, 0x97, 0x80, 0x76, 0xA4, 0xAB, 0x8F, 0x97, 0x82, 0x8F, 0x7A, 0x72,
    0x7B, 0x85, 0x96, 0x87, 0x87, 0x87, 0x85, 0x87, 0x97, 0x7F, 0x54, 0x6D, 0x6A, 0x47, 0x6D, 0x8F,
    0x8A, 0x54, 0x45, 0x6A, 0x6A, 0x5E, 0x4D, 0x40, 0x40, 0x40, 0x50, 0x44, 0x31, 0x29, 0x4D, 0x3B,
    0x3A, 0x35, 0x29, 0x34, 0x27, 0x36, 0x27, 0x24, 0x27, 0x29, 0x3E, 0x48, 0x48, 0x34, 0x24, 0x24,
    0x23, 0x29, 0x25, 0x1B, 0x20, 0x3C, 0x35, 0x15, 0x1B, 0x1E, 0x20, 0x20, 0x21, 0x20, 0x14, 0x15,
    0x15, 0x12, 0x13, 0x1E, 0x25, 0x1B, 0x1E, 0x1B, 0x23, 0x1F, 0x14, 0x14, 0x14, 0x31, 0x39, 0x34,
    0x29, 0x31, 0x20, 0x24, 0x1E, 0x14, 0x1E, 0x27, 0x1B, 0x24, 0x4A, 0x4E, 0x21, 0x21, 0x29, 0x1E,
    0x23, 0x24, 0x24, 0x20, 0x29, 0x40, 0x3A, 0x24, 0x27, 0x4D, 0x40, 0x34, 0x34, 0x29, 0x39, 0x23,
    0x25, 0x34, 0x43, 0x3C, 0x47, 0x4A, 0x47, 0x54, 0x4D, 0x51, 0x49, 0x4B, 0x54, 0x40, 0x39, 0x4D,
    0x7A, 0x82, 0x4B, 0x4B, 0x65, 0x51, 0x4D, 0x65, 0x6A, 0x4B, 0x60, 0x4B, 0x6A, 0x52, 0x54, 0x82,
    0x6E, 0x71, 0x6F, 0x54, 0x6E, 0x64, 0x5E, 0x51, 0x72, 0x71, 0x7E, 0x8D, 0x9E, 0x8F, 0x8D, 0x97,
    0x71, 0x7A, 0x7A, 0x7A, 0x79, 0x7E, 0x9E, 0x9F, 0x60, 0x74, 0x6F, 0x6E, 0x6E, 0x7F, 0x8F, 0x7E,
    0x7F, 0x8F, 0x8F, 0x8A, 0x90, 0xB9, 0xAF, 0xB7, 0xC5, 0xC2, 0xCC, 0xAF, 0x9F, 0xA0, 0xB5, 0xBD,
    0xB9, 0xBA, 0xC5, 0xC5, 0xC2, 0xC5, 0xC2, 0xB0, 0xB7, 0xC2, 0xAD, 0xAF, 0xC5, 0xD6, 0xBC, 0xB9,
    0xC2, 0xB9, 0xC5, 0xC5, 0xC5, 0xCC, 0xC5, 0xC5, 0xCF, 0xD6, 0xCC, 0xDA, 0xDC, 0xDA, 0xE3, 0xD6,
    0xE3, 0xE0, 0xD6, 0xE6, 0xE0, 0xE3, 0xDB, 0xFE, 0x17, 0x57, 0x2E, 0xDB, 0xE0, 0xF3, 0xF9, 0xF9,
    0x00, 0x00, 0x00, 0x00, 0x00, 0x00, 0x00, 0x00, 0x00, 0x00, 0x00, 0x00, 0x00, 0x00, 0x00, 0x00,
    0x00, 0x00, 0x00, 0x00, 0x00, 0x00, 0x00, 0x00, 0x00, 0x00, 0x00, 0x00, 0x00, 0x00, 0x00, 0x00,
    0x00, 0x00, 0x00, 0x00, 0x00, 0x00, 0x00, 0x00, 0x00, 0x00, 0x00, 0x00, 0x00, 0x00, 0x00, 0x00,
    0x00, 0x00, 0x00, 0x00, 0x00, 0x00, 0x00, 0x00, 0x00, 0x00, 0x00, 0x00, 0x00, 0x00, 0x00, 0x00,
    0x00, 0x00, 0x00, 0x00, 0x00, 0x00, 0x00, 0x00, 0x00, 0x00, 0x00, 0x00, 0x00, 0x00, 0x00, 0x00,
    0x00, 0x00, 0x00, 0x00, 0x00, 0x00, 0x00, 0x00, 0x00, 0x00, 0x00, 0x00, 0x00, 0x00, 0x00, 0x00,
    0x00, 0x00, 0x00, 0x00, 0x00, 0x00, 0x00, 0x00, 0x00, 0x00, 0x00, 0x00, 0x00, 0x00, 0x00, 0x00,
    0x00, 0x00, 0x00, 0x00, 0x00, 0x00, 0x00, 0x00, 0x00, 0x00, 0x00, 0x00, 0x00, 0x00, 0x00, 0x00,
    0x00, 0x00, 0x00, 0x00, 0x00, 0x00, 0x00, 0x00, 0x00, 0x00, 0x00, 0x00, 0x00, 0x00, 0x00, 0x00,
    0x00, 0x00, 0x00, 0x00, 0x00, 0x00, 0x00, 0x00, 0x00, 0x00, 0x00, 0x00, 0x00, 0x00, 0x00, 0x00,
    0x00, 0x00, 0x00, 0x00, 0x00, 0x00, 0x00, 0x00, 0x00, 0x00, 0x00, 0x00, 0x00, 0x00, 0x00, 0x00,
    0x00, 0x00, 0x00, 0x00, 0x00, 0x00, 0x00, 0x00, 0x00, 0x00, 0x00, 0x00, 0x00, 0x00, 0x00, 0x00,
    0xF8, 0xE0, 0xD6, 0xE0, 0xDB, 0x2D, 0x58, 0x2E, 0xFD, 0xEF, 0xE9, 0xE3, 0xE7, 0xDA, 0xE3, 0xDA,
    0xCF, 0xD6, 0xE3, 0xEB, 0xDA, 0xC7, 0xCE, 0xD6, 0xD6, 0xD6, 0xD6, 0xCF, 0xC5, 0xC9, 0xCF, 0xDA,
    0xDE, 0xDC, 0xCF, 0xB7, 0xCD, 0xC2, 0xC0, 0xCE, 0xC5, 0xCE, 0xB3, 0xC1, 0xC5, 0xAD, 0xB7, 0xC0,
    0xB6, 0xAB, 0xCD, 0xB2, 0x9E, 0xB7, 0x9E, 0xA2, 0xA3, 0xAB, 0xCD, 0xC2, 0x86, 0x8D, 0x9E, 0x98,
    0x9E, 0x9E, 0x9E, 0x87, 0x9D, 0x9E, 0x8D, 0xA9, 0xA9, 0xAB, 0x85, 0x85, 0x82, 0x9D, 0x81, 0x7E,
    0x97, 0x81, 0x8F, 0x87, 0x6D, 0x7E, 0x97, 0x67, 0x82, 0x8A, 0x5D, 0x4E, 0x67, 0x5A, 0x7B, 0x7A,
    0x84, 0x72, 0x50, 0x72, 0x72, 0x67, 0x5E, 0x4B, 0x43, 0x48, 0x4B, 0x49, 0x49, 0x48, 0x4D, 0x31,
    0x24, 0x34, 0x34, 0x3A, 0x48, 0x36, 0x24, 0x1B, 0x3A, 0x39, 0x26, 0x2B, 0x27, 0x14, 0x23, 0x24,
    0x14, 0x20, 0x1E, 0x1B, 0x20, 0x24, 0x34, 0x25, 0x16, 0x34, 0x29, 0x27, 0x25, 0x20, 0x1E, 0x13,
    0x12, 0x15, 0x1B, 0x27, 0x23, 0x12, 0x15, 0x14, 0x1B, 0x29, 0x1E, 0x1B, 0x15, 0x23, 0x25, 0x15,
    0x1E, 0x23, 0x13, 0x1E, 0x25, 0x12, 0x1B, 0x20, 0x14, 0x29, 0x34, 0x3A, 0x36, 0x1F, 0x20, 0x29,
    0x29, 0x34, 0x25, 0x35, 0x24, 0x24, 0x3B, 0x29, 0x48, 0x53, 0x3B, 0x24, 0x29, 0x27, 0x40, 0x29,
    0x25, 0x35, 0x2B, 0x4B, 0x39, 0x39, 0x43, 0x4B, 0x39, 0x5E, 0x52, 0x40, 0x63, 0x3B, 0x3D, 0x5C,
    0x67, 0x82, 0x6E, 0x49, 0x6E, 0x64, 0x51, 0x54, 0x52, 0x60, 0x5E, 0x6F, 0x65, 0x65, 0x7E, 0x87,
    0x71, 0x4E, 0x6D, 0x4E, 0x64, 0x65, 0x64, 0x64, 0x4A, 0x6E, 0x6D, 0x64, 0x8D, 0x71, 0x53, 0x9E,
    0x82, 0x5C, 0x72, 0x66, 0x68, 0x84, 0x82, 0x8F, 0x7F, 0x60, 0x87, 0x8F, 0x84, 0x84, 0x84, 0x7F,
    0x7F, 0x84, 0x8D, 0x92, 0xAB, 0xB9, 0x9F, 0x9E, 0xB7, 0xA9, 0xC2, 0xB9, 0x8A, 0xAD, 0xB7, 0xC5,
    0xC5, 0xB3, 0xB0, 0xC7, 0xA6, 0xC0, 0xCE, 0xAF, 0xB7, 0xBD, 0xAD, 0xB9, 0xCD, 0xD6, 0xE0, 0xC2,
    0xC5, 0xCE, 0xC2, 0xCE, 0xC7, 0xCF, 0xCE, 0xCE, 0xD6, 0xCF, 0xDC, 0xE3, 0xE0, 0xCF, 0xD6, 0xCF,
    0xD6, 0xDA, 0xCE, 0xE2, 0xD6, 0xCF, 0xDB, 0xFD, 0x17, 0x57, 0x57, 0xDA, 0xCD, 0xD4, 0xE9, 0xF9,
    0x00, 0x00, 0x00, 0x00, 0x00, 0x00, 0x00, 0x00, 0x00, 0x00, 0x00, 0x00, 0x00, 0x00, 0x00, 0x00,
    0x00, 0x00, 0x00, 0x00, 0x00, 0x00, 0x00, 0x00, 0x00, 0x00, 0x00, 0x00, 0x00, 0x00, 0x00, 0x00,
    0x00, 0x00, 0x00, 0x00, 0x00, 0x00, 0x00, 0x00, 0x00, 0x00, 0x00, 0x00, 0x00, 0x00, 0x00, 0x00,
    0x00, 0x00, 0x00, 0x00, 0x00, 0x00, 0x00, 0x00, 0x00, 0x00, 0x00, 0x00, 0x00, 0x00, 0x00, 0x00,
    0x00, 0x00, 0x00, 0x00, 0x00, 0x00, 0x00, 0x00, 0x00, 0x00, 0x00, 0x00, 0x00, 0x00, 0x00, 0x00,
    0x00, 0x00, 0x00, 0x00, 0x00, 0x00, 0x00, 0x00, 0x00, 0x00, 0x00, 0x00, 0x00, 0x00, 0x00, 0x00,
    0x00, 0x00, 0x00, 0x00, 0x00, 0x00, 0x00, 0x00, 0x00, 0x00, 0x00, 0x00, 0x00, 0x00, 0x00, 0x00,
    0x00, 0x00, 0x00, 0x00, 0x00, 0x00, 0x00, 0x00, 0x00, 0x00, 0x00, 0x00, 0x00, 0x00, 0x00, 0x00,
    0x00, 0x00, 0x00, 0x00, 0x00, 0x00, 0x00, 0x00, 0x00, 0x00, 0x00, 0x00, 0x00, 0x00, 0x00, 0x00,
    0x00, 0x00, 0x00, 0x00, 0x00, 0x00, 0x00, 0x00, 0x00, 0x00, 0x00, 0x00, 0x00, 0x00, 0x00, 0x00,
    0x00, 0x00, 0x00, 0x00, 0x00, 0x00, 0x00, 0x00, 0x00, 0x00, 0x00, 0x00, 0x00, 0x00, 0x00, 0x00,
    0x00, 0x00, 0x00, 0x00, 0x00, 0x00, 0x00, 0x00, 0x00, 0x00, 0x00, 0x00, 0x00, 0x00, 0x00, 0x00,
    0xF8, 0xDC, 0xE0, 0xE9, 0xDB, 0x57, 0x59, 0x57, 0xFD, 0xDA, 0xE9, 0xD6, 0xE0, 0xE0, 0xE3, 0xEB,
    0xEB, 0xE3, 0xDA, 0xCF, 0xD5, 0xE3, 0xD6, 0xD6, 0xCF, 0xD6, 0xCF, 0xC2, 0xA9, 0xAB, 0xBA, 0xD4,
    0xD0, 0xBA, 0xC9, 0xC5, 0xC2, 0xD6, 0xCD, 0xCD, 0xC1, 0xCD, 0xB9, 0xB3, 0xAF, 0xA1, 0xAD, 0xB9,
    0xAB, 0x98, 0xAB, 0xBE, 0xB6, 0xB6, 0xBF, 0xC2, 0xAB, 0xA9, 0xA9, 0xB6, 0xB2, 0xB2, 0x9E, 0x84,
    0x9E, 0x97, 0x75, 0x6A, 0x7E, 0x9D, 0xB1, 0xAB, 0x85, 0x87, 0x7F, 0x96, 0x85, 0x7D, 0x9D, 0xA9,
    0x9D, 0x79, 0x81, 0x7E, 0x6B, 0x72, 0x7F, 0x66, 0x5D, 0x5C, 0x66, 0x72, 0x7D, 0x90, 0x7B, 0x4C,
    0x4E, 0x72, 0x84, 0x7E, 0x5E, 0x51, 0x4F, 0x4B, 0x35, 0x29, 0x3C, 0x40, 0x3E, 0x34, 0x2B, 0x34,
    0x23, 0x3A, 0x5C, 0x3A, 0x3A, 0x3A, 0x3E, 0x25, 0x24, 0x25, 0x25, 0x27, 0x27, 0x1E, 0x1B, 0x1B,
    0x1E, 0x24, 0x29, 0x3E, 0x25, 0x14, 0x1E, 0x25, 0x29, 0x25, 0x25, 0x23, 0x1F, 0x1F, 0x14, 0x10,
    0x10, 0x15, 0x14, 0x14, 0x20, 0x13, 0x14, 0x24, 0x14, 0x1E, 0x34, 0x3C, 0x1E, 0x15, 0x1B, 0x1B,
    0x1E, 0x23, 0x15, 0x13, 0x13, 0x1B, 0x1E, 0x29, 0x3D, 0x34, 0x1B, 0x1B, 0x34, 0x3A, 0x29, 0x27,
    0x24, 0x25, 0x27, 0x1B, 0x1E, 0x1B, 0x24, 0x36, 0x34, 0x29, 0x27, 0x1F, 0x3C, 0x29, 0x24, 0x43,
    0x3C, 0x39, 0x25, 0x39, 0x3C, 0x3C, 0x49, 0x49, 0x31, 0x25, 0x3C, 0x47, 0x63, 0x70, 0x71, 0x5E,
    0x3E, 0x48, 0x71, 0x7C, 0x72, 0x51, 0x51, 0x4B, 0x5E, 0x4B, 0x49, 0x4D, 0x5E, 0x64, 0x5D, 0x51,
    0x66, 0x4C, 0x79, 0x82, 0x54, 0x5E, 0x6E, 0x69, 0x40, 0x51, 0x65, 0x5E, 0x7B, 0x6A, 0x51, 0x64,
    0x64, 0x66, 0x76, 0x97, 0x9D, 0x8D, 0x63, 0x79, 0x8F, 0x90, 0x8F, 0x81, 0x7D, 0x7C, 0x74, 0x67,
    0x6A, 0x6A, 0x87, 0x96, 0x9F, 0xA0, 0xAB, 0x85, 0xA3, 0x9E, 0x97, 0xB7, 0xB0, 0xBD, 0x9F, 0xAB,
    0xB7, 0xAF, 0xA6, 0xB9, 0xAD, 0x9F, 0x9F, 0xB7, 0xB9, 0xCE, 0xCF, 0xCF, 0xBD, 0xB6, 0xCD, 0xDC,
    0xD6, 0xC9, 0xB9, 0xC5, 0xC7, 0xC2, 0xB7, 0xC5, 0xCF, 0xD6, 0xD6, 0xCF, 0xD6, 0xCF, 0xD2, 0xDF,
    0xCF, 0xDC, 0xD6, 0xDF, 0xE4, 0xDB, 0xDA, 0xFD, 0x2C, 0x57, 0x2E, 0xCF, 0xD4, 0xD4, 0xE3, 0xF8,
    0x00, 0x00, 0x00, 0x00, 0x00, 0x00, 0x00, 0x00, 0x00, 0x00, 0x00, 0x00, 0x00, 0x00, 0x00, 0x00,
    0x00, 0x00, 0x00, 0x00, 0x00, 0x00, 0x00, 0x00, 0x00, 0x00, 0x00, 0x00, 0x00, 0x00, 0x00, 0x00,
    0x00, 0x00, 0x00, 0x00, 0x00, 0x00, 0x00, 0x00, 0x00, 0x00, 0x00, 0x00, 0x00, 0x00, 0x00, 0x00,
    0x00, 0x00, 0x00, 0x00, 0x00, 0x00, 0x00, 0x00, 0x00, 0x00, 0x00, 0x00, 0x00, 0x00, 0x00, 0x00,
    0x00, 0x00, 0x00, 0x00, 0x00, 0x00, 0x00, 0x00, 0x00, 0x00, 0x00, 0x00, 0x00, 0x00, 0x00, 0x00,
    0x00, 0x00, 0x00, 0x00, 0x00, 0x00, 0x00, 0x00, 0x00, 0x00, 0x00, 0x00, 0x00, 0x00, 0x00, 0x00,
    0x00, 0x00, 0x00, 0x00, 0x00, 0x00, 0x00, 0x00, 0x00, 0x00, 0x00, 0x00, 0x00, 0x00, 0x00, 0x00,
    0x00, 0x00, 0x00, 0x00, 0x00, 0x00, 0x00, 0x00, 0x00, 0x00, 0x00, 0x00, 0x00, 0x00, 0x00, 0x00,
    0x00, 0x00, 0x00, 0x00, 0x00, 0x00, 0x00, 0x00, 0x00, 0x00, 0x00, 0x00, 0x00, 0x00, 0x00, 0x00,
    0x00, 0x00, 0x00, 0x00, 0x00, 0x00, 0x00, 0x00, 0x00, 0x00, 0x00, 0x00, 0x00, 0x00, 0x00, 0x00,
    0x00, 0x00, 0x00, 0x00, 0x00, 0x00, 0x00, 0x00, 0x00, 0x00, 0x00, 0x00, 0x00, 0x00, 0x00, 0x00,
    0x00, 0x00, 0x00, 0x00, 0x00, 0x00, 0x00, 0x00, 0x00, 0x00, 0x00, 0x00, 0x00, 0x00, 0x00, 0x00,
    0xFA, 0xE9, 0xE3, 0xE9, 0xDB, 0x57, 0x58, 0x2D, 0xFE, 0xE6, 0xF8, 0xF9, 0xE6, 0xE3, 0xEB, 0xEB,
    0xEB, 0xD6, 0xDA, 0xDA, 0xD6, 0xCF, 0xD6, 0xEB, 0xE0, 0xCE, 0xBD, 0xB9, 0xC2, 0xD6, 0xD6, 0xCD,
    0xB6, 0xB3, 0xC5, 0xD6, 0xC2, 0xD6, 0xD6, 0xCE, 0xC5, 0xC5, 0xD6, 0xBD, 0xB9, 0xC5, 0xC2, 0xB7,
    0xB9, 0xC5, 0x9F, 0xAB, 0xCD, 0xD0, 0xD4, 0xC0, 0xB1, 0xB6, 0xA9, 0xA2, 0xAB, 0xC5, 0xC2, 0x97,
    0x7F, 0x67, 0x7E, 0x87, 0xA3, 0xBE, 0xA2, 0x85, 0x7F, 0x7F, 0x87, 0xA9, 0xA9, 0x82, 0x84, 0x84,
    0x8D, 0x87, 0x82, 0x7A, 0x84, 0x7E, 0x71, 0x9E, 0x97, 0x56, 0x69, 0x8D, 0x9E, 0x84, 0x6D, 0x7D,
    0x71, 0x5E, 0x66, 0x87, 0x90, 0x5E, 0x40, 0x36, 0x3B, 0x49, 0x5E, 0x53, 0x34, 0x24, 0x27, 0x3C,
    0x3C, 0x34, 0x4A, 0x48, 0x48, 0x29, 0x25, 0x3C, 0x35, 0x35, 0x40, 0x29, 0x1E, 0x3C, 0x32, 0x1B,
    0x27, 0x47, 0x4B, 0x3B, 0x20, 0x25, 0x1F, 0x14, 0x14, 0x31, 0x40, 0x23, 0x15, 0x13, 0x20, 0x1F,
    0x1F, 0x1B, 0x10, 0x13, 0x1B, 0x25, 0x1E, 0x34, 0x1E, 0x1E, 0x1E, 0x1E, 0x25, 0x25, 0x1F, 0x29,
    0x23, 0x1B, 0x2B, 0x35, 0x14, 0x1E, 0x3D, 0x3E, 0x40, 0x29, 0x29, 0x24, 0x1E, 0x1E, 0x3E, 0x3B,
    0x27, 0x1B, 0x16, 0x1B, 0x29, 0x40, 0x48, 0x24, 0x1B, 0x20, 0x29, 0x29, 0x3E, 0x3C, 0x34, 0x40,
    0x4B, 0x4B, 0x41, 0x37, 0x43, 0x60, 0x40, 0x4B, 0x84, 0x4F, 0x2B, 0x63, 0x79, 0x88, 0x82, 0x4D,
    0x4D, 0x5C, 0x4B, 0x5E, 0x8E, 0x92, 0x64, 0x47, 0x43, 0x4B, 0x65, 0x7F, 0x7B, 0x53, 0x3C, 0x3E,
    0x63, 0x71, 0x7A, 0x7B, 0x6D, 0x6F, 0x5E, 0x54, 0x74, 0x6A, 0x72, 0x7C, 0x64, 0x7F, 0xA4, 0x84,
    0x5E, 0x82, 0x98, 0xB2, 0xAB, 0x7A, 0x7E, 0x7A, 0x64, 0x7A, 0xB1, 0xA9, 0x85, 0x60, 0x56, 0x73,
    0x87, 0xA3, 0xB7, 0x87, 0x7F, 0x87, 0x9E, 0x9E, 0xAB, 0xC2, 0x9E, 0xAA, 0xB5, 0xB0, 0xB3, 0xAB,
    0xB6, 0xC5, 0xAF, 0xAD, 0xCE, 0xCF, 0xAF, 0xC3, 0xCE, 0xCF, 0xD6, 0xCF, 0xC5, 0xC2, 0xC2, 0xC2,
    0xCF, 0xD6, 0xD4, 0xC2, 0xB5, 0xB9, 0xC5, 0xDC, 0xDC, 0xCF, 0xC2, 0xC5, 0xCF, 0xD6, 0xD6, 0xE3,
    0xE0, 0xE3, 0xE9, 0xE3, 0xE4, 0xE7, 0xDB, 0xFD, 0x2C, 0x58, 0x2E, 0xE3, 0xDC, 0xE0, 0xF8, 0xFB,
    0x00, 0x00, 0x00, 0x00, 0x00, 0x00, 0x00, 0x00, 0x00, 0x00, 0x00, 0x00, 0x00, 0x00, 0x00, 0x00,
    0x00, 0x00, 0x00, 0x00, 0x00, 0x00, 0x00, 0x00, 0x00, 0x00, 0x00, 0x00, 0x00, 0x00, 0x00, 0x00,
    0x00, 0x00, 0x00, 0x00, 0x00, 0x00, 0x00, 0x00, 0x00, 0x00, 0x00, 0x00, 0x00, 0x00, 0x00, 0x00,
    0x00, 0x00, 0x00, 0x00, 0x00, 0x00, 0x00, 0x00, 0x00, 0x00, 0x00, 0x00, 0x00, 0x00, 0x00, 0x00,
    0x00, 0x00, 0x00, 0x00, 0x00, 0x00, 0x00, 0x00, 0x00, 0x00, 0x00, 0x00, 0x00, 0x00, 0x00, 0x00,
    0x00, 0x00, 0x00, 0x00, 0x00, 0x00, 0x00, 0x00, 0x00, 0x00, 0x00, 0x00, 0x00, 0x00, 0x00, 0x00,
    0x00, 0x00, 0x00, 0x00, 0x00, 0x00, 0x00, 0x00, 0x00, 0x00, 0x00, 0x00, 0x00, 0x00, 0x00, 0x00,
    0x00, 0x00, 0x00, 0x00, 0x00, 0x00, 0x00, 0x00, 0x00, 0x00, 0x00, 0x00, 0x00, 0x00, 0x00, 0x00,
    0x00, 0x00, 0x00, 0x00, 0x00, 0x00, 0x00, 0x00, 0x00, 0x00, 0x00, 0x00, 0x00, 0x00, 0x00, 0x00,
    0x00, 0x00, 0x00, 0x00, 0x00, 0x00, 0x00, 0x00, 0x00, 0x00, 0x00, 0x00, 0x00, 0x00, 0x00, 0x00,
    0x00, 0x00, 0x00, 0x00, 0x00, 0x00, 0x00, 0x00, 0x00, 0x00, 0x00, 0x00, 0x00, 0x00, 0x00, 0x00,
    0x00, 0x00, 0x00, 0x00, 0x00, 0x00, 0x00, 0x00, 0x00, 0x00, 0x00, 0x00, 0x00, 0x00, 0x00, 0x00,
    0xF9, 0xF1, 0xEB, 0xF8, 0xEF, 0x57, 0x58, 0x57, 0xFE, 0xEF, 0xF1, 0xF0, 0xD8, 0xD9, 0xEB, 0xEB,
    0xDF, 0xDA, 0xE3, 0xE3, 0xD2, 0xC7, 0xDF, 0xE0, 0xE0, 0xD6, 0xCE, 0xCE, 0xD4, 0xC5, 0xBC, 0xB6,
    0xA9, 0xC2, 0xCE, 0xCF, 0xCE, 0xC2, 0xD0, 0xC5, 0xAF, 0xB7, 0xCE, 0xD3, 0xBC, 0xB9, 0xB9, 0xB5,
    0xAD, 0xC5, 0xA0, 0xA0, 0xB9, 0xC1, 0xC1, 0xA3, 0xAB, 0xA9, 0x9D, 0x9D, 0xA3, 0x8E, 0xAD, 0xAB,
    0x88, 0x8D, 0xA2, 0xA2, 0x96, 0x87, 0x81, 0x7D, 0x96, 0x9D, 0x8D, 0x7F, 0x96, 0x8F, 0x6E, 0x6E,
    0x7B, 0x80, 0x6F, 0x72, 0x7C, 0x7E, 0x79, 0x67, 0x7B, 0x75, 0x5A, 0x7B, 0x72, 0x7A, 0x6E, 0x81,
    0x7A, 0x53, 0x4E, 0x84, 0x84, 0x7A, 0x63, 0x4D, 0x5D, 0x64, 0x48, 0x3A, 0x24, 0x24, 0x44, 0x4B,
    0x4B, 0x3B, 0x34, 0x48, 0x25, 0x20, 0x23, 0x35, 0x31, 0x29, 0x3A, 0x23, 0x20, 0x3A, 0x39, 0x25,
    0x26, 0x31, 0x36, 0x24, 0x29, 0x2A, 0x1B, 0x14, 0x20, 0x24, 0x39, 0x29, 0x1E, 0x1E, 0x31, 0x24,
    0x13, 0x10, 0x10, 0x14, 0x24, 0x27, 0x1E, 0x1B, 0x24, 0x1C, 0x15, 0x1E, 0x29, 0x25, 0x1F, 0x24,
    0x23, 0x1B, 0x28, 0x40, 0x21, 0x16, 0x28, 0x34, 0x27, 0x25, 0x34, 0x20, 0x14, 0x20, 0x20, 0x34,
    0x25, 0x1E, 0x1B, 0x3B, 0x3E, 0x34, 0x29, 0x1B, 0x1B, 0x34, 0x3B, 0x3C, 0x25, 0x3C, 0x43, 0x25,
    0x26, 0x2B, 0x41, 0x3C, 0x3C, 0x4B, 0x49, 0x54, 0x6E, 0x6A, 0x37, 0x42, 0x6E, 0x6E, 0x6D, 0x54,
    0x64, 0x63, 0x4A, 0x4B, 0x80, 0x82, 0x7A, 0x67, 0x5E, 0x6B, 0x65, 0x51, 0x4A, 0x3A, 0x47, 0x6A,
    0x7B, 0x7B, 0x67, 0x7A, 0x6F, 0x4F, 0x4B, 0x5E, 0x7C, 0x7B, 0x6E, 0x6F, 0x7A, 0x81, 0x84, 0x8A,
    0x6F, 0x7B, 0x8E, 0x9E, 0x98, 0x87, 0x90, 0x79, 0x66, 0x81, 0xA2, 0xA9, 0x97, 0x75, 0x6A, 0x96,
    0xB2, 0x96, 0x7D, 0x7D, 0x7E, 0x98, 0xAB, 0xB7, 0x9F, 0xAD, 0xAF, 0x98, 0x8A, 0x80, 0xAB, 0xB7,
    0xB7, 0xB7, 0xB3, 0xB7, 0xC9, 0xCF, 0xC7, 0x9B, 0xC7, 0xCF, 0xCE, 0xCE, 0xC5, 0xCD, 0xC2, 0xB9,
    0xC7, 0xD6, 0xCF, 0xCE, 0xBD, 0xCE, 0xCF, 0xCC, 0xC5, 0xB9, 0xB9, 0xCE, 0xDA, 0xDA, 0xD6, 0xDC,
    0xE0, 0xDA, 0xD2, 0xDC, 0xE0, 0xF3, 0xF4, 0xFF, 0x17, 0x57, 0x58, 0xE6, 0xF3, 0xE0, 0xF0, 0xF9,
    0x00, 0x00, 0x00, 0x00, 0x00, 0x00, 0x00, 0x00, 0x00, 0x00, 0x00, 0x00, 0x00, 0x00, 0x00, 0x00,
    0x00, 0x00, 0x00, 0x00, 0x00, 0x00, 0x00, 0x00, 0x00, 0x00, 0x00, 0x00, 0x00, 0x00, 0x00, 0x00,
    0x00, 0x00, 0x00, 0x00, 0x00, 0x00, 0x00, 0x00, 0x00, 0x00, 0x00, 0x00, 0x00, 0x00, 0x00, 0x00,
    0x00, 0x00, 0x00, 0x00, 0x00, 0x00, 0x00, 0x00, 0x00, 0x00, 0x00, 0x00, 0x00, 0x00, 0x00, 0x00,
    0x00, 0x00, 0x00, 0x00, 0x00, 0x00, 0x00, 0x00, 0x00, 0x00, 0x00, 0x00, 0x00, 0x00, 0x00, 0x00,
    0x00, 0x00, 0x00, 0x00, 0x00, 0x00, 0x00, 0x00, 0x00, 0x00, 0x00, 0x00, 0x00, 0x00, 0x00, 0x00,
    0x00, 0x00, 0x00, 0x00, 0x00, 0x00, 0x00, 0x00, 0x00, 0x00, 0x00, 0x00, 0x00, 0x00, 0x00, 0x00,
    0x00, 0x00, 0x00, 0x00, 0x00, 0x00, 0x00, 0x00, 0x00, 0x00, 0x00, 0x00, 0x00, 0x00, 0x00, 0x00,
    0x00, 0x00, 0x00, 0x00, 0x00, 0x00, 0x00, 0x00, 0x00, 0x00, 0x00, 0x00, 0x00, 0x00, 0x00, 0x00,
    0x00, 0x00, 0x00, 0x00, 0x00, 0x00, 0x00, 0x00, 0x00, 0x00, 0x00, 0x00, 0x00, 0x00, 0x00, 0x00,
    0x00, 0x00, 0x00, 0x00, 0x00, 0x00, 0x00, 0x00, 0x00, 0x00, 0x00, 0x00, 0x00, 0x00, 0x00, 0x00,
    0x00, 0x00, 0x00, 0x00, 0x00, 0x00, 0x00, 0x00, 0x00, 0x00, 0x00, 0x00, 0x00, 0x00, 0x00, 0x00,
    0xFA, 0xF9, 0xE3, 0xE9, 0xDB, 0x58, 0x59, 0x57, 0xFF, 0xEF, 0xF0, 0xEF, 0xE3, 0xE6, 0xD9, 0xE3,
    0xE7, 0xE3, 0xDC, 0xD4, 0xCF, 0xD6, 0xD6, 0xE0, 0xD6, 0xE0, 0xDC, 0xD6, 0xCE, 0xC1, 0xBC, 0xC5,
    0xC0, 0xCD, 0xCE, 0xD6, 0xCF, 0xC5, 0xCE, 0xC2, 0xCD, 0xB7, 0xB7, 0xC2, 0xAD, 0xC5, 0xC1, 0xAD,
    0xAB, 0xAD, 0xAD, 0xAF, 0x9A, 0xA0, 0xC2, 0xAD, 0xA4, 0xA3, 0x96, 0x9D, 0x87, 0x87, 0xAB, 0xAB,
    0xB7, 0xB2, 0xA2, 0x98, 0x87, 0x84, 0x8D, 0x85, 0x96, 0x88, 0x9E, 0x84, 0x7B, 0x7B, 0x6E, 0x7A,
    0x6A, 0x7C, 0x7C, 0x56, 0x75, 0x6A, 0x72, 0x72, 0x87, 0x7B, 0x6D, 0x67, 0x67, 0x7B, 0x6E, 0x6D,
    0x63, 0x63, 0x65, 0x55, 0x71, 0x7A, 0x82, 0x6E, 0x72, 0x53, 0x3E, 0x48, 0x48, 0x47, 0x4B, 0x4B,
    0x65, 0x47, 0x43, 0x3E, 0x27, 0x34, 0x27, 0x34, 0x35, 0x29, 0x31, 0x34, 0x24, 0x29, 0x29, 0x34,
    0x25, 0x1F, 0x31, 0x34, 0x27, 0x24, 0x1B, 0x1F, 0x23, 0x1E, 0x29, 0x3B, 0x3D, 0x34, 0x34, 0x1E,
    0x14, 0x14, 0x14, 0x1B, 0x24, 0x24, 0x1E, 0x14, 0x20, 0x1B, 0x20, 0x24, 0x34, 0x1E, 0x15, 0x23,
    0x1E, 0x15, 0x24, 0x3A, 0x27, 0x20, 0x1C, 0x21, 0x25, 0x23, 0x29, 0x1E, 0x20, 0x1B, 0x14, 0x1F,
    0x2B, 0x3C, 0x31, 0x35, 0x31, 0x23, 0x23, 0x29, 0x24, 0x29, 0x39, 0x3C, 0x31, 0x27, 0x28, 0x20,
    0x31, 0x37, 0x47, 0x3C, 0x52, 0x52, 0x51, 0x3E, 0x4D, 0x53, 0x49, 0x45, 0x41, 0x5E, 0x65, 0x54,
    0x5D, 0x4C, 0x53, 0x65, 0x53, 0x7A, 0x7A, 0x88, 0x7B, 0x6B, 0x51, 0x3E, 0x4D, 0x63, 0x53, 0x7E,
    0x7E, 0x8D, 0x5E, 0x65, 0x61, 0x54, 0x64, 0x53, 0x64, 0x65, 0x60, 0x69, 0x8F, 0x6D, 0x64, 0x7B,
    0x81, 0x82, 0x75, 0x87, 0x87, 0x7E, 0x7F, 0x70, 0x81, 0x85, 0x7D, 0x9D, 0x9D, 0xA2, 0x9D, 0x96,
    0x97, 0x87, 0x7F, 0x97, 0x96, 0xA9, 0xB1, 0xB2, 0xA4, 0xA3, 0xA0, 0x90, 0x9D, 0x9E, 0xA9, 0xAD,
    0xB7, 0xB7, 0xB7, 0xB7, 0xB7, 0xC1, 0xCB, 0xC5, 0xB9, 0xC1, 0xCF, 0xCE, 0xCE, 0xC0, 0xBA, 0xC5,
    0xBC, 0xCC, 0xCE, 0xD4, 0xD3, 0xCE, 0xCF, 0xBD, 0xBC, 0xCE, 0xC5, 0xCF, 0xD2, 0xDC, 0xDA, 0xD5,
    0xE0, 0xE0, 0xE4, 0xEA, 0xE9, 0xEB, 0xEF, 0xFF, 0x2C, 0x58, 0x57, 0xD9, 0xE2, 0xD6, 0xDA, 0xF5,
    0x00, 0x00, 0x00, 0x00, 0x00, 0x00, 0x00, 0x00, 0x00, 0x00, 0x00, 0x00, 0x00, 0x00, 0x00, 0x00,
    0x00, 0x00, 0x00, 0x00, 0x00, 0x00, 0x00, 0x00, 0x00, 0x00, 0x00, 0x00, 0x00, 0x00, 0x00, 0x00,
    0x00, 0x00, 0x00, 0x00, 0x00, 0x00, 0x00, 0x00, 0x00, 0x00, 0x00, 0x00, 0x00, 0x00, 0x00, 0x00,
    0x00, 0x00, 0x00, 0x00, 0x00, 0x00, 0x00, 0x00, 0x00, 0x00, 0x00, 0x00, 0x00, 0x00, 0x00, 0x00,
    0x00, 0x00, 0x00, 0x00, 0x00, 0x00, 0x00, 0x00, 0x00, 0x00, 0x00, 0x00, 0x00, 0x00, 0x00, 0x00,
    0x00, 0x00, 0x00, 0x00, 0x00, 0x00, 0x00, 0x00, 0x00, 0x00, 0x00, 0x00, 0x00, 0x00, 0x00, 0x00,
    0x00, 0x00, 0x00, 0x00, 0x00, 0x00, 0x00, 0x00, 0x00, 0x00, 0x00, 0x00, 0x00, 0x00, 0x00, 0x00,
    0x00, 0x00, 0x00, 0x00, 0x00, 0x00, 0x00, 0x00, 0x00, 0x00, 0x00, 0x00, 0x00, 0x00, 0x00, 0x00,
    0x00, 0x00, 0x00, 0x00, 0x00, 0x00, 0x00, 0x00, 0x00, 0x00, 0x00, 0x00, 0x00, 0x00, 0x00, 0x00,
    0x00, 0x00, 0x00, 0x00, 0x00, 0x00, 0x00, 0x00, 0x00, 0x00, 0x00, 0x00, 0x00, 0x00, 0x00, 0x00,
    0x00, 0x00, 0x00, 0x00, 0x00, 0x00, 0x00, 0x00, 0x00, 0x00, 0x00, 0x00, 0x00, 0x00, 0x00, 0x00,
    0x00, 0x00, 0x00, 0x00, 0x00, 0x00, 0x00, 0x00, 0x00, 0x00, 0x00, 0x00, 0x00, 0x00, 0x00, 0x00,
    0xFE, 0xF0, 0xE0, 0xE4, 0xDB, 0x58, 0x58, 0x2D, 0xFE, 0xD5, 0xDA, 0xEF, 0xE9, 0xDB, 0xD8, 0xDA,
    0xEB, 0xD6, 0xDA, 0xD6, 0xE3, 0xE4, 0xD6, 0xE0, 0xE3, 0xE0, 0xD6, 0xCF, 0xD6, 0xC5, 0xC2, 0xC5,
    0xD6, 0xCD, 0xCE, 0xCF, 0xCF, 0xC5, 0xB9, 0xC2, 0xC0, 0xB9, 0xC2, 0xC5, 0xB0, 0x9A, 0x92, 0xB9,
    0xB9, 0xA3, 0xB9, 0xB3, 0x80, 0x92, 0x9F, 0xAD, 0xAD, 0xA4, 0xB2, 0xA3, 0x9E, 0x9F, 0xAD, 0xB7,
    0xB2, 0x99, 0x87, 0x97, 0x87, 0x7F, 0x8F, 0xA2, 0x8F, 0x87, 0x87, 0x7F, 0x60, 0x6E, 0x7D, 0x71,
    0x75, 0x4F, 0x2F, 0x32, 0x37, 0x37, 0x26, 0x37, 0x7B, 0x49, 0x5E, 0x60, 0x6A, 0x80, 0x7A, 0x71,
    0x71, 0x84, 0x65, 0x4B, 0x7B, 0x7C, 0x7C, 0x65, 0x4B, 0x5D, 0x40, 0x48, 0x4C, 0x6E, 0x51, 0x48,
    0x49, 0x4B, 0x36, 0x35, 0x3E, 0x27, 0x47, 0x39, 0x24, 0x3C, 0x10, 0x1C, 0x34, 0x23, 0x27, 0x3A,
    0x1E, 0x16, 0x21, 0x3A, 0x3A, 0x34, 0x36, 0x29, 0x27, 0x29, 0x3A, 0x3B, 0x3B, 0x24, 0x25, 0x25,
    0x1B, 0x14, 0x27, 0x20, 0x1E, 0x20, 0x1E, 0x13, 0x15, 0x1E, 0x27, 0x29, 0x20, 0x20, 0x14, 0x15,
    0x16, 0x23, 0x1E, 0x24, 0x29, 0x15, 0x16, 0x1C, 0x25, 0x29, 0x25, 0x34, 0x27, 0x1B, 0x1B, 0x28,
    0x31, 0x3C, 0x27, 0x24, 0x31, 0x25, 0x1E, 0x29, 0x4A, 0x34, 0x3A, 0x34, 0x2B, 0x19, 0x21, 0x29,
    0x24, 0x36, 0x35, 0x25, 0x31, 0x2A, 0x37, 0x26, 0x3C, 0x47, 0x40, 0x43, 0x37, 0x43, 0x69, 0x54,
    0x6D, 0x5D, 0x6F, 0x51, 0x51, 0x8F, 0x88, 0x82, 0x5E, 0x51, 0x52, 0x48, 0x48, 0x7A, 0x7D, 0x70,
    0x72, 0x65, 0x60, 0x45, 0x45, 0x63, 0x6D, 0x7A, 0x4E, 0x6D, 0x45, 0x21, 0x75, 0x81, 0x6D, 0x8A,
    0x7F, 0x5D, 0x6B, 0x6A, 0x84, 0x82, 0x7A, 0x88, 0x88, 0x79, 0x7D, 0x9E, 0xA3, 0xB1, 0x8D, 0x8D,
    0x97, 0x8D, 0x85, 0x8F, 0xB6, 0xB1, 0x9E, 0xA4, 0xA3, 0x8C, 0x80, 0x97, 0xA3, 0xAB, 0xAB, 0xA3,
    0xA9, 0x84, 0x7C, 0xB7, 0x9E, 0xC1, 0xC0, 0xC0, 0xB7, 0xB0, 0xC9, 0xCF, 0xCE, 0xCE, 0xCE, 0xC5,
    0xBC, 0xCC, 0xD6, 0xD6, 0xCF, 0xC3, 0xC7, 0xBC, 0xC5, 0xCE, 0xE0, 0xCF, 0xCF, 0xD6, 0xDA, 0xD2,
    0xCF, 0xD6, 0xE4, 0xEB, 0xE0, 0xDA, 0xDD, 0xFE, 0x2C, 0x59, 0x57, 0xD5, 0xD4, 0xDE, 0xE6, 0xFB,
    0x00, 0x00, 0x00, 0x00, 0x00, 0x00, 0x00, 0x00, 0x00, 0x00, 0x00, 0x00, 0x00, 0x00, 0x00, 0x00,
    0x00, 0x00, 0x00, 0x00, 0x00, 0x00, 0x00, 0x00, 0x00, 0x00, 0x00, 0x00, 0x00, 0x00, 0x00, 0x00,
    0x00, 0x00, 0x00, 0x00, 0x00, 0x00, 0x00, 0x00, 0x00, 0x00, 0x00, 0x00, 0x00, 0x00, 0x00, 0x00,
    0x00, 0x00, 0x00, 0x00, 0x00, 0x00, 0x00, 0x00, 0x00, 0x00, 0x00, 0x00, 0x00, 0x00, 0x00, 0x00,
    0x00, 0x00, 0x00, 0x00, 0x00, 0x00, 0x00, 0x00, 0x00, 0x00, 0x00, 0x00, 0x00, 0x00, 0x00, 0x00,
    0x00, 0x00, 0x00, 0x00, 0x00, 0x00, 0x00, 0x00, 0x00, 0x00, 0x00, 0x00, 0x00, 0x00, 0x00, 0x00,
    0x00, 0x00, 0x00, 0x00, 0x00, 0x00, 0x00, 0x00, 0x00, 0x00, 0x00, 0x00, 0x00, 0x00, 0x00, 0x00,
    0x00, 0x00, 0x00, 0x00, 0x00, 0x00, 0x00, 0x00, 0x00, 0x00, 0x00, 0x00, 0x00, 0x00, 0x00, 0x00,
    0x00, 0x00, 0x00, 0x00, 0x00, 0x00, 0x00, 0x00, 0x00, 0x00, 0x00, 0x00, 0x00, 0x00, 0x00, 0x00,
    0x00, 0x00, 0x00, 0x00, 0x00, 0x00, 0x00, 0x00, 0x00, 0x00, 0x00, 0x00, 0x00, 0x00, 0x00, 0x00,
    0x00, 0x00, 0x00, 0x00, 0x00, 0x00, 0x00, 0x00, 0x00, 0x00, 0x00, 0x00, 0x00, 0x00, 0x00, 0x00,
    0x00, 0x00, 0x00, 0x00, 0x00, 0x00, 0x00, 0x00, 0x00, 0x00, 0x00, 0x00, 0x00, 0x00, 0x00, 0x00,
    0xFE, 0xE3, 0xE3, 0xEA, 0xDB, 0x57, 0x58, 0x2D, 0xFD, 0xE5, 0xF3, 0xF3, 0xE3, 0xF0, 0xF0, 0xE6,
    0xE3, 0xDA, 0xE3, 0xE3, 0xE4, 0xE9, 0xD4, 0xD2, 0xE0, 0xCF, 0xCF, 0xD6, 0xC2, 0xC5, 0xC5, 0xC5,
    0xC1, 0xC2, 0xCE, 0xCF, 0xDA, 0xC7, 0xC2, 0xCF, 0xC0, 0xB6, 0xB7, 0xB7, 0xBC, 0x93, 0x8E, 0xAF,
    0xB9, 0xA3, 0xB5, 0x98, 0xB3, 0xAF, 0x9F, 0xAB, 0xA3, 0xB2, 0xBE, 0xA9, 0x9E, 0xA3, 0x8D, 0x98,
    0x96, 0x97, 0x87, 0x71, 0x85, 0x90, 0x81, 0x7F, 0x70, 0x85, 0x8F, 0xA2, 0x8F, 0x84, 0x87, 0x7F,
    0x45, 0x2A, 0x45, 0x37, 0x45, 0x42, 0x2F, 0x2F, 0x37, 0x73, 0x85, 0x7D, 0x69, 0x74, 0x7A, 0x82,
    0x84, 0x6E, 0x53, 0x4E, 0x63, 0x64, 0x5E, 0x65, 0x47, 0x2B, 0x49, 0x4C, 0x4C, 0x4C, 0x48, 0x47,
    0x4B, 0x5E, 0x3E, 0x4D, 0x5E, 0x40, 0x39, 0x35, 0x29, 0x20, 0x1C, 0x1C, 0x29, 0x24, 0x3B, 0x27,
    0x1E, 0x3E, 0x31, 0x3B, 0x3A, 0x3E, 0x35, 0x25, 0x34, 0x34, 0x3A, 0x25, 0x23, 0x29, 0x1B, 0x1B,
    0x24, 0x14, 0x1B, 0x1B, 0x14, 0x1B, 0x24, 0x20, 0x1E, 0x27, 0x20, 0x27, 0x24, 0x29, 0x25, 0x26,
    0x21, 0x34, 0x24, 0x24, 0x20, 0x27, 0x28, 0x1F, 0x25, 0x25, 0x34, 0x36, 0x20, 0x20, 0x24, 0x29,
    0x25, 0x23, 0x31, 0x24, 0x1B, 0x27, 0x27, 0x24, 0x29, 0x29, 0x29, 0x27, 0x3E, 0x32, 0x35, 0x40,
    0x4C, 0x31, 0x15, 0x16, 0x31, 0x37, 0x2A, 0x15, 0x15, 0x41, 0x3C, 0x40, 0x56, 0x52, 0x54, 0x64,
    0x7A, 0x7A, 0x6D, 0x4D, 0x49, 0x79, 0x7A, 0x66, 0x60, 0x43, 0x39, 0x64, 0x4E, 0x4D, 0x5C, 0x53,
    0x5E, 0x67, 0x6E, 0x4B, 0x6E, 0x67, 0x4D, 0x6E, 0x6D, 0x54, 0x3C, 0x50, 0x42, 0x72, 0x84, 0x84,
    0x82, 0x81, 0x72, 0x6B, 0x7B, 0x7B, 0x81, 0x8F, 0x81, 0x7D, 0x7E, 0x85, 0x9D, 0x9D, 0x8D, 0x73,
    0x72, 0x96, 0x87, 0x7F, 0x87, 0x96, 0x8E, 0xA4, 0xAB, 0xA3, 0xA9, 0xAB, 0xB7, 0x9D, 0xA9, 0x97,
    0xC0, 0x8C, 0x8A, 0xBD, 0xAD, 0xC5, 0xC5, 0xBD, 0xC5, 0xC7, 0xC5, 0xCE, 0xD6, 0xDA, 0xD6, 0xCF,
    0xBC, 0xBD, 0xCE, 0xC5, 0xC5, 0xCE, 0xB9, 0xAF, 0xC9, 0xCE, 0xCE, 0xCE, 0xCF, 0xCF, 0xDA, 0xD6,
    0xD6, 0xEB, 0xE0, 0xE9, 0xE0, 0xE3, 0xEF, 0xFD, 0x2C, 0x58, 0x59, 0xD5, 0xE0, 0xEB, 0xF4, 0xFA,
    0x00, 0x00, 0x00, 0x00, 0x00, 0x00, 0x00, 0x00, 0x00, 0x00, 0x00, 0x00, 0x00, 0x00, 0x00, 0x00,
    0x00, 0x00, 0x00, 0x00, 0x00, 0x00, 0x00, 0x00, 0x00, 0x00, 0x00, 0x00, 0x00, 0x00, 0x00, 0x00,
    0x00, 0x00, 0x00, 0x00, 0x00, 0x00, 0x00, 0x00, 0x00, 0x00, 0x00, 0x00, 0x00, 0x00, 0x00, 0x00,
    0x00, 0x00, 0x00, 0x00, 0x00, 0x00, 0x00, 0x00, 0x00, 0x00, 0x00, 0x00, 0x00, 0x00, 0x00, 0x00,
    0x00, 0x00, 0x00, 0x00, 0x00, 0x00, 0x00, 0x00, 0x00, 0x00, 0x00, 0x00, 0x00, 0x00, 0x00, 0x00,
    0x00, 0x00, 0x00, 0x00, 0x00, 0x00, 0x00, 0x00, 0x00, 0x00, 0x00, 0x00, 0x00, 0x00, 0x00, 0x00,
    0x00, 0x00, 0x00, 0x00, 0x00, 0x00, 0x00, 0x00, 0x00, 0x00, 0x00, 0x00, 0x00, 0x00, 0x00, 0x00,
    0x00, 0x00, 0x00, 0x00, 0x00, 0x00, 0x00, 0x00, 0x00, 0x00, 0x00, 0x00, 0x00, 0x00, 0x00, 0x00,
    0x00, 0x00, 0x00, 0x00, 0x00, 0x00, 0x00, 0x00, 0x00, 0x00, 0x00, 0x00, 0x00, 0x00, 0x00, 0x00,
    0x00, 0x00, 0x00, 0x00, 0x00, 0x00, 0x00, 0x00, 0x00, 0x00, 0x00, 0x00, 0x00, 0x00, 0x00, 0x00,
    0x00, 0x00, 0x00, 0x00, 0x00, 0x00, 0x00, 0x00, 0x00, 0x00, 0x00, 0x00, 0x00, 0x00, 0x00, 0x00,
    0x00, 0x00, 0x00, 0x00, 0x00, 0x00, 0x00, 0x00, 0x00, 0x00, 0x00, 0x00, 0x00, 0x00, 0x00, 0x00,
    0xF3, 0xD6, 0xDC, 0xF8, 0xE5, 0x58, 0x59, 0x57, 0xFD, 0xF1, 0xF1, 0xF0, 0xF0, 0xF4, 0xEA, 0xDA,
    0xE6, 0xE3, 0xDA, 0xE3, 0xE4, 0xE1, 0xDA, 0xD6, 0xDC, 0xCC, 0xD6, 0xCF, 0xC7, 0xCF, 0xCF, 0xD6,
    0xBC, 0xB9, 0xCF, 0xC5, 0xCE, 0xB7, 0xC2, 0xCE, 0xB9, 0xB7, 0xA3, 0xB7, 0xAF, 0x9A, 0x92, 0xAD,
    0xC5, 0xB3, 0xA4, 0x98, 0xC0, 0xA4, 0x9E, 0xB6, 0xAB, 0xA4, 0xB1, 0x97, 0x97, 0xA4, 0x87, 0x87,
    0x7E, 0x8D, 0x87, 0x7D, 0x96, 0xA2, 0x97, 0x7D, 0x7E, 0x96, 0x9D, 0x97, 0x7A, 0x7E, 0x72, 0x75,
    0x45, 0x42, 0x33, 0x32, 0x44, 0x37, 0x50, 0x50, 0x1D, 0x44, 0x66, 0x7D, 0x74, 0x60, 0x6D, 0x64,
    0x6E, 0x4B, 0x54, 0x4D, 0x4D, 0x4B, 0x43, 0x67, 0x4B, 0x43, 0x5D, 0x66, 0x71, 0x3D, 0x4C, 0x6E,
    0x64, 0x51, 0x34, 0x5D, 0x4A, 0x3C, 0x23, 0x34, 0x26, 0x15, 0x21, 0x1C, 0x15, 0x27, 0x31, 0x20,
    0x29, 0x5C, 0x29, 0x29, 0x36, 0x25, 0x20, 0x1E, 0x3B, 0x34, 0x23, 0x23, 0x1B, 0x28, 0x1E, 0x1B,
    0x24, 0x34, 0x1B, 0x14, 0x27, 0x20, 0x29, 0x1B, 0x20, 0x29, 0x24, 0x34, 0x40, 0x1F, 0x25, 0x2A,
    0x21, 0x27, 0x24, 0x27, 0x20, 0x24, 0x27, 0x21, 0x1F, 0x20, 0x27, 0x27, 0x20, 0x48, 0x34, 0x24,
    0x29, 0x1B, 0x29, 0x1B, 0x1B, 0x29, 0x3E, 0x34, 0x1B, 0x34, 0x3A, 0x3A, 0x25, 0x1B, 0x37, 0x31,
    0x4D, 0x1F, 0x15, 0x31, 0x25, 0x2A, 0x21, 0x1D, 0x16, 0x16, 0x43, 0x47, 0x56, 0x32, 0x54, 0x65,
    0x53, 0x63, 0x4A, 0x66, 0x66, 0x55, 0x5C, 0x4B, 0x6E, 0x47, 0x4B, 0x4A, 0x53, 0x5D, 0x3C, 0x64,
    0x72, 0x7E, 0x54, 0x47, 0x64, 0x64, 0x53, 0x5D, 0x6F, 0x31, 0x36, 0x5A, 0x37, 0x42, 0x82, 0x82,
    0x6D, 0x82, 0x8F, 0x60, 0x71, 0x75, 0x7B, 0x7B, 0x79, 0x85, 0x7D, 0x79, 0x7E, 0x70, 0x8D, 0x73,
    0x7E, 0x96, 0x99, 0xA3, 0x7E, 0x97, 0xA4, 0x9E, 0xA9, 0x84, 0x98, 0xA9, 0xB7, 0xB6, 0x9D, 0x81,
    0xB1, 0xA3, 0xB2, 0xCC, 0xC5, 0xB9, 0xCF, 0xBD, 0xCC, 0xBB, 0xBC, 0xDC, 0xCE, 0xD4, 0xCF, 0xCF,
    0xCF, 0xC5, 0xCF, 0xBC, 0xC5, 0xCF, 0xB9, 0xC5, 0xCF, 0xDA, 0xC5, 0xC7, 0xDC, 0xE0, 0xE0, 0xD6,
    0xD2, 0xEB, 0xE0, 0xEA, 0xEB, 0xDA, 0xDA, 0xFD, 0x2C, 0x59, 0x59, 0xDA, 0xEF, 0xE3, 0xD5, 0xEF,
    0x00, 0x00, 0x00, 0x00, 0x00, 0x00, 0x00, 0x00, 0x00, 0x00, 0x00, 0x00, 0x00, 0x00, 0x00, 0x00,
    0x00, 0x00, 0x00, 0x00, 0x00, 0x00, 0x00, 0x00, 0x00, 0x00, 0x00, 0x00, 0x00, 0x00, 0x00, 0x00,
    0x00, 0x00, 0x00, 0x00, 0x00, 0x00, 0x00, 0x00, 0x00, 0x00, 0x00, 0x00, 0x00, 0x00, 0x00, 0x00,
    0x00, 0x00, 0x00, 0x00, 0x00, 0x00, 0x00, 0x00, 0x00, 0x00, 0x00, 0x00, 0x00, 0x00, 0x00, 0x00,
    0x00, 0x00, 0x00, 0x00, 0x00, 0x00, 0x00, 0x00, 0x00, 0x00, 0x00, 0x00, 0x00, 0x00, 0x00, 0x00,
    0x00, 0x00, 0x00, 0x00, 0x00, 0x00, 0x00, 0x00, 0x00, 0x00, 0x00, 0x00, 0x00, 0x00, 0x00, 0x00,
    0x00, 0x00, 0x00, 0x00, 0x00, 0x00, 0x00, 0x00, 0x00, 0x00, 0x00, 0x00, 0x00, 0x00, 0x00, 0x00,
    0x00, 0x00, 0x00, 0x00, 0x00, 0x00, 0x00, 0x00, 0x00, 0x00, 0x00, 0x00, 0x00, 0x00, 0x00, 0x00,
    0x00, 0x00, 0x00, 0x00, 0x00, 0x00, 0x00, 0x00, 0x00, 0x00, 0x00, 0x00, 0x00, 0x00, 0x00, 0x00,
    0x00, 0x00, 0x00, 0x00, 0x00, 0x00, 0x00, 0x00, 0x00, 0x00, 0x00, 0x00, 0x00, 0x00, 0x00, 0x00,
    0x00, 0x00, 0x00, 0x00, 0x00, 0x00, 0x00, 0x00, 0x00, 0x00, 0x00, 0x00, 0x00, 0x00, 0x00, 0x00,
    0x00, 0x00, 0x00, 0x00, 0x00, 0x00, 0x00, 0x00, 0x00, 0x00, 0x00, 0x00, 0x00, 0x00, 0x00, 0x00,
    0xD2, 0xDA, 0xF8, 0xFC, 0xDB, 0x57, 0x58, 0x2D, 0xEE, 0xD6, 0xF8, 0xEB, 0xE0, 0xE4, 0xE9, 0xD6,
    0xE0, 0xE4, 0xDF, 0xE1, 0xDE, 0xDF, 0xE3, 0xE9, 0xD6, 0xD6, 0xDA, 0xD6, 0xD4, 0xCF, 0xCC, 0xCE,
    0xC9, 0xD5, 0xCF, 0xC1, 0xB7, 0xCD, 0xC5, 0xB7, 0xBF, 0xB9, 0x98, 0xB9, 0xC5, 0xA4, 0xA3, 0xB9,
    0x9A, 0xA3, 0xBE, 0xB1, 0xA9, 0xAB, 0xAB, 0x9E, 0x97, 0xA2, 0xA2, 0x85, 0x97, 0x9F, 0xA4, 0xA2,
    0x87, 0x97, 0xA2, 0x97, 0x96, 0x7F, 0x87, 0x7D, 0x99, 0xA3, 0x85, 0x88, 0x87, 0x7F, 0x6B, 0x5A,
    0x37, 0x50, 0x45, 0x45, 0x56, 0x6B, 0x4D, 0x37, 0x2F, 0x37, 0x7D, 0x7D, 0x6A, 0x54, 0x67, 0x67,
    0x5D, 0x4B, 0x64, 0x64, 0x6F, 0x52, 0x4F, 0x64, 0x67, 0x5E, 0x54, 0x5D, 0x5D, 0x4A, 0x66, 0x64,
    0x3E, 0x4A, 0x5E, 0x4D, 0x34, 0x4D, 0x49, 0x21, 0x16, 0x12, 0x21, 0x21, 0x13, 0x20, 0x48, 0x29,
    0x24, 0x34, 0x34, 0x29, 0x24, 0x35, 0x29, 0x24, 0x29, 0x29, 0x35, 0x25, 0x23, 0x25, 0x35, 0x23,
    0x20, 0x23, 0x14, 0x1E, 0x3D, 0x27, 0x1E, 0x24, 0x24, 0x1B, 0x1E, 0x3A, 0x40, 0x21, 0x28, 0x36,
    0x28, 0x21, 0x16, 0x25, 0x20, 0x14, 0x1E, 0x20, 0x1B, 0x1B, 0x29, 0x34, 0x1E, 0x29, 0x34, 0x48,
    0x29, 0x23, 0x25, 0x29, 0x29, 0x3A, 0x27, 0x27, 0x24, 0x40, 0x47, 0x27, 0x27, 0x28, 0x27, 0x20,
    0x28, 0x26, 0x21, 0x31, 0x21, 0x26, 0x26, 0x1F, 0x2A, 0x19, 0x21, 0x39, 0x4B, 0x43, 0x41, 0x4F,
    0x53, 0x47, 0x3D, 0x66, 0x81, 0x81, 0x5C, 0x4D, 0x6D, 0x6E, 0x53, 0x4A, 0x4C, 0x47, 0x40, 0x7F,
    0x53, 0x47, 0x5D, 0x6D, 0x4A, 0x4B, 0x8A, 0x4F, 0x42, 0x44, 0x44, 0x4D, 0x4C, 0x37, 0x50, 0x7E,
    0x70, 0x7D, 0x84, 0x7F, 0x67, 0x67, 0x84, 0x7B, 0x6D, 0x9D, 0x9E, 0x9D, 0x87, 0x7A, 0x87, 0x9D,
    0x9E, 0x87, 0x88, 0x81, 0x87, 0xB7, 0xAB, 0x96, 0x96, 0x9D, 0xA9, 0x96, 0x9D, 0xB6, 0x96, 0x7E,
    0xA9, 0x8F, 0x98, 0xB9, 0xC2, 0xC2, 0xB7, 0x9F, 0xC3, 0xBC, 0xC2, 0xC5, 0xBC, 0xD4, 0xCE, 0xC3,
    0xCF, 0xCF, 0xD2, 0xCE, 0xCF, 0xCF, 0xCE, 0xD6, 0xCF, 0xCE, 0xCE, 0xD6, 0xDC, 0xCE, 0xCF, 0xE0,
    0xD6, 0xD6, 0xCF, 0xD6, 0xF8, 0xDB, 0xD2, 0xFD, 0x2C, 0x58, 0x57, 0xE5, 0xF3, 0xDA, 0xD6, 0xF4,
    0x00, 0x00, 0x00, 0x00, 0x00, 0x00, 0x00, 0x00, 0x00, 0x00, 0x00, 0x00, 0x00, 0x00, 0x00, 0x00,
    0x00, 0x00, 0x00, 0x00, 0x00, 0x00, 0x00, 0x00, 0x00, 0x00, 0x00, 0x00, 0x00, 0x00, 0x00, 0x00,
    0x00, 0x00, 0x00, 0x00, 0x00, 0x00, 0x00, 0x00, 0x00, 0x00, 0x00, 0x00, 0x00, 0x00, 0x00, 0x00,
    0x00, 0x00, 0x00, 0x00, 0x00, 0x00, 0x00, 0x00, 0x00, 0x00, 0x00, 0x00, 0x00, 0x00, 0x00, 0x00,
    0x00, 0x00, 0x00, 0x00, 0x00, 0x00, 0x00, 0x00, 0x00, 0x00, 0x00, 0x00, 0x00, 0x00, 0x00, 0x00,
    0x00, 0x00, 0x00, 0x00, 0x00, 0x00, 0x00, 0x00, 0x00, 0x00, 0x00, 0x00, 0x00, 0x00, 0x00, 0x00,
    0x00, 0x00, 0x00, 0x00, 0x00, 0x00, 0x00, 0x00, 0x00, 0x00, 0x00, 0x00, 0x00, 0x00, 0x00, 0x00,
    0x00, 0x00, 0x00, 0x00, 0x00, 0x00, 0x00, 0x00, 0x00, 0x00, 0x00, 0x00, 0x00, 0x00, 0x00, 0x00,
    0x00, 0x00, 0x00, 0x00, 0x00, 0x00, 0x00, 0x00, 0x00, 0x00, 0x00, 0x00, 0x00, 0x00, 0x00, 0x00,
    0x00, 0x00, 0x00, 0x00, 0x00, 0x00, 0x00, 0x00, 0x00, 0x00, 0x00, 0x00, 0x00, 0x00, 0x00, 0x00,
    0x00, 0x00, 0x00, 0x00, 0x00, 0x00, 0x00, 0x00, 0x00, 0x00, 0x00, 0x00, 0x00, 0x00, 0x00, 0x00,
    0x00, 0x00, 0x00, 0x00, 0x00, 0x00, 0x00, 0x00, 0x00, 0x00, 0x00, 0x00, 0x00, 0x00, 0x00, 0x00,
    0xE6, 0xE3, 0xF8, 0xF8, 0xDB, 0x57, 0x58, 0x2D, 0xFD, 0xC9, 0xCF, 0xE6, 0xEA, 0xEA, 0xE3, 0xEB,
    0xE9, 0xEB, 0xEB, 0xE7, 0xE2, 0xDF, 0xD2, 0xDA, 0xD6, 0xDA, 0xDC, 0xDA, 0xCF, 0xCF, 0xCE, 0xCE,
    0xE0, 0xCF, 0xCE, 0xD4, 0xCE, 0xCE, 0xC5, 0xC0, 0xB3, 0x9A, 0xAD, 0xB9, 0xB3, 0xA3, 0xA4, 0x98,
    0x8E, 0x92, 0xA2, 0xB9, 0xB3, 0xB3, 0xB9, 0xAD, 0x9E, 0xB2, 0xB2, 0x97, 0x87, 0x72, 0x98, 0xA4,
    0xA2, 0x97, 0x96, 0x87, 0x96, 0x87, 0x96, 0xA9, 0x9E, 0x97, 0x97, 0x9D, 0xA2, 0x8D, 0x84, 0x6B,
    0x42, 0x4F, 0x44, 0x42, 0x56, 0x5A, 0x37, 0x37, 0x42, 0x37, 0x8F, 0x82, 0x6E, 0x7E, 0x7B, 0x72,
    0x63, 0x54, 0x52, 0x47, 0x64, 0x54, 0x64, 0x65, 0x64, 0x51, 0x63, 0x64, 0x6D, 0x7F, 0x63, 0x6E,
    0x6D, 0x64, 0x67, 0x4D, 0x4C, 0x4B, 0x1F, 0x21, 0x25, 0x16, 0x1C, 0x1C, 0x1B, 0x1B, 0x20, 0x29,
    0x3A, 0x3A, 0x3B, 0x47, 0x3C, 0x39, 0x3C, 0x34, 0x25, 0x23, 0x29, 0x2B, 0x25, 0x23, 0x20, 0x24,
    0x24, 0x25, 0x27, 0x24, 0x24, 0x27, 0x34, 0x24, 0x29, 0x34, 0x25, 0x2A, 0x44, 0x36, 0x25, 0x1F,
    0x21, 0x21, 0x36, 0x20, 0x1C, 0x24, 0x29, 0x24, 0x29, 0x29, 0x34, 0x3A, 0x34, 0x24, 0x1E, 0x31,
    0x27, 0x25, 0x25, 0x29, 0x29, 0x34, 0x25, 0x3A, 0x4C, 0x48, 0x3E, 0x3A, 0x40, 0x49, 0x40, 0x3A,
    0x1B, 0x21, 0x42, 0x31, 0x21, 0x21, 0x21, 0x2A, 0x37, 0x1F, 0x2F, 0x53, 0x47, 0x4B, 0x60, 0x53,
    0x65, 0x54, 0x4C, 0x4D, 0x4E, 0x71, 0x64, 0x67, 0x6D, 0x5E, 0x4D, 0x63, 0x66, 0x53, 0x6F, 0x65,
    0x6E, 0x63, 0x7A, 0x7A, 0x6E, 0x64, 0x52, 0x2A, 0x3E, 0x40, 0x40, 0x44, 0x37, 0x45, 0x42, 0x42,
    0x88, 0x9D, 0x82, 0x87, 0x84, 0x7F, 0x97, 0x8F, 0x7A, 0x81, 0x7A, 0x96, 0x87, 0x97, 0x97, 0x87,
    0x87, 0x96, 0x97, 0x9D, 0xA3, 0xA9, 0xB1, 0xAB, 0x9E, 0xAB, 0xB6, 0xA9, 0x96, 0x88, 0x66, 0x66,
    0xB6, 0x8D, 0x98, 0xB9, 0xB2, 0xC2, 0xC0, 0xCE, 0xC5, 0xC7, 0xC9, 0xC7, 0xCF, 0xD6, 0xCE, 0xC5,
    0xC2, 0xC7, 0xCF, 0xCF, 0xD2, 0xD3, 0xD4, 0xCF, 0xD4, 0xCF, 0xE0, 0xE6, 0xD6, 0xD6, 0xE0, 0xEB,
    0xE0, 0xE0, 0xE3, 0xD6, 0xD2, 0xC8, 0xDB, 0xFD, 0x2C, 0x59, 0x59, 0xDB, 0xD6, 0xD4, 0xF3, 0xFA,
    0x00, 0x00, 0x00, 0x00, 0x00, 0x00, 0x00, 0x00, 0x00, 0x00, 0x00, 0x00, 0x00, 0x00, 0x00, 0x00,
    0x00, 0x00, 0x00, 0x00, 0x00, 0x00, 0x00, 0x00, 0x00, 0x00, 0x00, 0x00, 0x00, 0x00, 0x00, 0x00,
    0x00, 0x00, 0x00, 0x00, 0x00, 0x00, 0x00, 0x00, 0x00, 0x00, 0x00, 0x00, 0x00, 0x00, 0x00, 0x00,
    0x00, 0x00, 0x00, 0x00, 0x00, 0x00, 0x00, 0x00, 0x00, 0x00, 0x00, 0x00, 0x00, 0x00, 0x00, 0x00,
    0x00, 0x00, 0x00, 0x00, 0x00, 0x00, 0x00, 0x00, 0x00, 0x00, 0x00, 0x00, 0x00, 0x00, 0x00, 0x00,
    0x00, 0x00, 0x00, 0x00, 0x00, 0x00, 0x00, 0x00, 0x00, 0x00, 0x00, 0x00, 0x00, 0x00, 0x00, 0x00,
    0x00, 0x00, 0x00, 0x00, 0x00, 0x00, 0x00, 0x00, 0x00, 0x00, 0x00, 0x00, 0x00, 0x00, 0x00, 0x00,
    0x00, 0x00, 0x00, 0x00, 0x00, 0x00, 0x00, 0x00, 0x00, 0x00, 0x00, 0x00, 0x00, 0x00, 0x00, 0x00,
    0x00, 0x00, 0x00, 0x00, 0x00, 0x00, 0x00, 0x00, 0x00, 0x00, 0x00, 0x00, 0x00, 0x00, 0x00, 0x00,
    0x00, 0x00, 0x00, 0x00, 0x00, 0x00, 0x00, 0x00, 0x00, 0x00, 0x00, 0x00, 0x00, 0x00, 0x00, 0x00,
    0x00, 0x00, 0x00, 0x00, 0x00, 0x00, 0x00, 0x00, 0x00, 0x00, 0x00, 0x00, 0x00, 0x00, 0x00, 0x00,
    0x00, 0x00, 0x00, 0x00, 0x00, 0x00, 0x00, 0x00, 0x00, 0x00, 0x00, 0x00, 0x00, 0x00, 0x00, 0x00,
    0xFB, 0xF4, 0xE0, 0xE9, 0xCA, 0x2D, 0x57, 0x2D, 0xFD, 0xDA, 0xBC, 0xD2, 0xF0, 0xF0, 0xE2, 0xEB,
    0xEA, 0xE3, 0xEA, 0xE6, 0xE6, 0xE0, 0xCF, 0xCC, 0xDA, 0xD6, 0xC3, 0xC7, 0xCF, 0xD6, 0xCF, 0xCE,
    0xC9, 0xB9, 0xC2, 0xC5, 0xCD, 0xCE, 0xC0, 0xC2, 0xA0, 0x92, 0xBC, 0xAF, 0x7F, 0x8E, 0x8A, 0x72,
    0x8E, 0xA6, 0x6B, 0x9F, 0xB3, 0xB3, 0xA3, 0xAB, 0xAB, 0xA3, 0xA9, 0xB7, 0xA2, 0x85, 0x7E, 0x96,
    0x96, 0x76, 0x80, 0x97, 0x9D, 0x87, 0x87, 0x88, 0x81, 0x81, 0x82, 0x96, 0x88, 0x82, 0x88, 0x6A,
    0x42, 0x50, 0x37, 0x45, 0x50, 0x44, 0x37, 0x4F, 0x41, 0x2F, 0x8A, 0x72, 0x7E, 0x7F, 0x7A, 0x64,
    0x71, 0x82, 0x72, 0x4D, 0x4B, 0x64, 0x54, 0x41, 0x4F, 0x5D, 0x6D, 0x5D, 0x63, 0x5D, 0x4A, 0x64,
    0x64, 0x6D, 0x64, 0x4D, 0x71, 0x1F, 0x21, 0x42, 0x21, 0x16, 0x21, 0x1B, 0x15, 0x1C, 0x21, 0x13,
    0x3E, 0x40, 0x48, 0x34, 0x40, 0x3C, 0x3C, 0x53, 0x4B, 0x2B, 0x25, 0x24, 0x27, 0x1C, 0x24, 0x27,
    0x24, 0x1E, 0x1E, 0x15, 0x14, 0x1B, 0x29, 0x34, 0x24, 0x29, 0x21, 0x21, 0x32, 0x32, 0x31, 0x21,
    0x25, 0x2A, 0x31, 0x1F, 0x16, 0x25, 0x23, 0x23, 0x23, 0x35, 0x29, 0x3A, 0x4C, 0x3B, 0x1E, 0x24,
    0x27, 0x25, 0x19, 0x29, 0x3A, 0x36, 0x24, 0x34, 0x34, 0x29, 0x34, 0x39, 0x40, 0x48, 0x48, 0x4A,
    0x1B, 0x1B, 0x21, 0x20, 0x26, 0x28, 0x26, 0x2A, 0x32, 0x16, 0x2F, 0x64, 0x63, 0x53, 0x65, 0x63,
    0x64, 0x6E, 0x7B, 0x5C, 0x3D, 0x4E, 0x64, 0x52, 0x43, 0x4A, 0x5D, 0x64, 0x5C, 0x5C, 0x4E, 0x4C,
    0x66, 0x66, 0x6D, 0x6D, 0x72, 0x72, 0x21, 0x37, 0x44, 0x37, 0x45, 0x50, 0x32, 0x42, 0x50, 0x33,
    0x45, 0x82, 0x7B, 0x7F, 0x8D, 0x82, 0x7F, 0x9D, 0x96, 0x82, 0x7A, 0x7E, 0x87, 0x87, 0x77, 0x7F,
    0x8D, 0x97, 0x96, 0x96, 0x9E, 0x85, 0x96, 0x96, 0xA2, 0xA9, 0x9F, 0xB6, 0xAB, 0x97, 0x77, 0x6D,
    0xB6, 0x8D, 0xA3, 0xA6, 0x56, 0x97, 0xCD, 0xCF, 0xCF, 0xCD, 0xC5, 0xD4, 0xD6, 0xCE, 0xD6, 0xD6,
    0xC5, 0xBC, 0xCE, 0xD4, 0xC6, 0xC7, 0xCF, 0xD3, 0xD6, 0xCF, 0xD4, 0xCE, 0xD6, 0xD6, 0xE0, 0xEB,
    0xE0, 0xE3, 0xEB, 0xCE, 0xC4, 0xD9, 0xC8, 0xEC, 0x17, 0x58, 0x57, 0xDB, 0xDC, 0xE0, 0xF3, 0xF1,
    0x00, 0x00, 0x00, 0x00, 0x00, 0x00, 0x00, 0x00, 0x00, 0x00, 0x00, 0x00, 0x00, 0x00, 0x00, 0x00,
    0x00, 0x00, 0x00, 0x00, 0x00, 0x00, 0x00, 0x00, 0x00, 0x00, 0x00, 0x00, 0x00, 0x00, 0x00, 0x00,
    0x00, 0x00, 0x00, 0x00, 0x00, 0x00, 0x00, 0x00, 0x00, 0x00, 0x00, 0x00, 0x00, 0x00, 0x00, 0x00,
    0x00, 0x00, 0x00, 0x00, 0x00, 0x00, 0x00, 0x00, 0x00, 0x00, 0x00, 0x00, 0x00, 0x00, 0x00, 0x00,
    0x00, 0x00, 0x00, 0x00, 0x00, 0x00, 0x00, 0x00, 0x00, 0x00, 0x00, 0x00, 0x00, 0x00, 0x00, 0x00,
    0x00, 0x00, 0x00, 0x00, 0x00, 0x00, 0x00, 0x00, 0x00, 0x00, 0x00, 0x00, 0x00, 0x00, 0x00, 0x00,
    0x00, 0x00, 0x00, 0x00, 0x00, 0x00, 0x00, 0x00, 0x00, 0x00, 0x00, 0x00, 0x00, 0x00, 0x00, 0x00,
    0x00, 0x00, 0x00, 0x00, 0x00, 0x00, 0x00, 0x00, 0x00, 0x00, 0x00, 0x00, 0x00, 0x00, 0x00, 0x00,
    0x00, 0x00, 0x00, 0x00, 0x00, 0x00, 0x00, 0x00, 0x00, 0x00, 0x00, 0x00, 0x00, 0x00, 0x00, 0x00,
    0x00, 0x00, 0x00, 0x00, 0x00, 0x00, 0x00, 0x00, 0x00, 0x00, 0x00, 0x00, 0x00, 0x00, 0x00, 0x00,
    0x00, 0x00, 0x00, 0x00, 0x00, 0x00, 0x00, 0x00, 0x00, 0x00, 0x00, 0x00, 0x00, 0x00, 0x00, 0x00,
    0x00, 0x00, 0x00, 0x00, 0x00, 0x00, 0x00, 0x00, 0x00, 0x00, 0x00, 0x00, 0x00, 0x00, 0x00, 0x00,
    0xFE, 0xF9, 0xDF, 0xE0, 0xDB, 0x2E, 0x58, 0x57, 0xFD, 0xD6, 0xC7, 0xD2, 0xF9, 0xF0, 0xD6, 0xE0,
    0xE6, 0xDA, 0xD6, 0xDA, 0xE3, 0xE3, 0xDF, 0xD5, 0xDA, 0xD5, 0xA7, 0xC9, 0xD6, 0xC7, 0xCF, 0xCF,
    0xCE, 0xC0, 0xC2, 0xCD, 0xCD, 0xC5, 0xB7, 0xBF, 0xB9, 0x92, 0xB0, 0xA6, 0x8E, 0x80, 0x7F, 0x8D,
    0x9F, 0x98, 0x75, 0xA4, 0xA3, 0x9E, 0xB2, 0xAB, 0x9E, 0xA2, 0x96, 0xAB, 0xB6, 0xB1, 0xA2, 0xA2,
    0x8D, 0x46, 0x8C, 0xA2, 0x96, 0x96, 0x87, 0x96, 0x7E, 0x8D, 0x82, 0x85, 0x8F, 0x79, 0x82, 0x8D,
    0x37, 0x56, 0x61, 0x50, 0x44, 0x4D, 0x45, 0x42, 0x2F, 0x50, 0x80, 0x54, 0x7B, 0x7A, 0x5D, 0x6D,
    0x66, 0x82, 0x81, 0x6A, 0x67, 0x7A, 0x5E, 0x22, 0x60, 0x6D, 0x54, 0x63, 0x66, 0x5C, 0x4A, 0x63,
    0x64, 0x64, 0x4D, 0x4D, 0x5C, 0x32, 0x21, 0x45, 0x2A, 0x21, 0x1C, 0x1C, 0x21, 0x42, 0x1F, 0x15,
    0x36, 0x29, 0x48, 0x3B, 0x39, 0x39, 0x2B, 0x53, 0x40, 0x3C, 0x39, 0x3E, 0x25, 0x16, 0x3D, 0x3A,
    0x29, 0x25, 0x20, 0x1E, 0x13, 0x24, 0x24, 0x27, 0x20, 0x24, 0x29, 0x27, 0x31, 0x25, 0x3B, 0x29,
    0x25, 0x27, 0x27, 0x25, 0x1F, 0x21, 0x15, 0x24, 0x34, 0x23, 0x24, 0x20, 0x3D, 0x3D, 0x29, 0x3A,
    0x3D, 0x25, 0x16, 0x39, 0x3C, 0x3A, 0x34, 0x3A, 0x3A, 0x27, 0x40, 0x3E, 0x48, 0x3E, 0x31, 0x3E,
    0x2B, 0x15, 0x21, 0x28, 0x21, 0x21, 0x21, 0x2F, 0x26, 0x1C, 0x49, 0x4A, 0x48, 0x6D, 0x79, 0x63,
    0x66, 0x63, 0x79, 0x6D, 0x53, 0x64, 0x64, 0x45, 0x2A, 0x63, 0x53, 0x4C, 0x6D, 0x68, 0x79, 0x4E,
    0x5C, 0x66, 0x4E, 0x66, 0x66, 0x77, 0x2A, 0x45, 0x32, 0x42, 0x42, 0x44, 0x50, 0x42, 0x50, 0x37,
    0x32, 0x7A, 0x64, 0x82, 0x7A, 0x7B, 0x82, 0x7E, 0xA2, 0x88, 0x87, 0x82, 0x96, 0x77, 0x46, 0x97,
    0x9D, 0x8D, 0x9D, 0x97, 0x9E, 0x79, 0x8E, 0x96, 0xA2, 0x9E, 0x88, 0xA9, 0xB6, 0x90, 0xA3, 0x75,
    0x90, 0x8D, 0x90, 0xB7, 0xB6, 0xBE, 0xC0, 0xCD, 0xC0, 0xC0, 0xD4, 0xCD, 0xCD, 0xC2, 0xCF, 0xD6,
    0xD4, 0xCF, 0xCF, 0xD6, 0xA7, 0xB4, 0xD6, 0xCF, 0xCF, 0xCF, 0xD6, 0xCE, 0xCF, 0xD6, 0xD6, 0xDA,
    0xD6, 0xDF, 0xF3, 0xCF, 0xC6, 0xCA, 0xB4, 0xFD, 0x2C, 0x57, 0x57, 0xEF, 0xE6, 0xE3, 0xE7, 0xE6,
    0x00, 0x00, 0x00, 0x00, 0x00, 0x00, 0x00, 0x00, 0x00, 0x00, 0x00, 0x00, 0x00, 0x00, 0x00, 0x00,
    0x00, 0x00, 0x00, 0x00, 0x00, 0x00, 0x00, 0x00, 0x00, 0x00, 0x00, 0x00, 0x00, 0x00, 0x00, 0x00,
    0x00, 0x00, 0x00, 0x00, 0x00, 0x00, 0x00, 0x00, 0x00, 0x00, 0x00, 0x00, 0x00, 0x00, 0x00, 0x00,
    0x00, 0x00, 0x00, 0x00, 0x00, 0x00, 0x00, 0x00, 0x00, 0x00, 0x00, 0x00, 0x00, 0x00, 0x00, 0x00,
    0x00, 0x00, 0x00, 0x00, 0x00, 0x00, 0x00, 0x00, 0x00, 0x00, 0x00, 0x00, 0x00, 0x00, 0x00, 0x00,
    0x00, 0x00, 0x00, 0x00, 0x00, 0x00, 0x00, 0x00, 0x00, 0x00, 0x00, 0x00, 0x00, 0x00, 0x00, 0x00,
    0x00, 0x00, 0x00, 0x00, 0x00, 0x00, 0x00, 0x00, 0x00, 0x00, 0x00, 0x00, 0x00, 0x00, 0x00, 0x00,
    0x00, 0x00, 0x00, 0x00, 0x00, 0x00, 0x00, 0x00, 0x00, 0x00, 0x00, 0x00, 0x00, 0x00, 0x00, 0x00,
    0x00, 0x00, 0x00, 0x00, 0x00, 0x00, 0x00, 0x00, 0x00, 0x00, 0x00, 0x00, 0x00, 0x00, 0x00, 0x00,
    0x00, 0x00, 0x00, 0x00, 0x00, 0x00, 0x00, 0x00, 0x00, 0x00, 0x00, 0x00, 0x00, 0x00, 0x00, 0x00,
    0x00, 0x00, 0x00, 0x00, 0x00, 0x00, 0x00, 0x00, 0x00, 0x00, 0x00, 0x00, 0x00, 0x00, 0x00, 0x00,
    0x00, 0x00, 0x00, 0x00, 0x00, 0x00, 0x00, 0x00, 0x00, 0x00, 0x00, 0x00, 0x00, 0x00, 0x00, 0x00,
    0xFF, 0xF3, 0xDF, 0xDE, 0xDB, 0x57, 0x58, 0x2D, 0xFD, 0xD2, 0xC7, 0xDB, 0xF1, 0xEA, 0xE0, 0xE0,
    0xE3, 0xDA, 0xDA, 0xD5, 0xD4, 0xE3, 0xD6, 0xD2, 0xCF, 0xD6, 0xE0, 0xCF, 0xD3, 0xC5, 0xC5, 0xCE,
    0xDC, 0xD4, 0xCD, 0xCD, 0xC9, 0xC5, 0xC5, 0xB7, 0xB9, 0xAF, 0xA3, 0x8D, 0x9A, 0x9A, 0x98, 0x80,
    0x8E, 0x8D, 0xB2, 0xC2, 0xAB, 0x9E, 0xB3, 0xA9, 0x96, 0xA2, 0x97, 0x9D, 0xA2, 0x9D, 0x96, 0x87,
    0x8F, 0x98, 0x87, 0x87, 0x87, 0x87, 0x85, 0xA2, 0x97, 0x85, 0x85, 0x81, 0x7A, 0x7E, 0x72, 0x87,
    0x61, 0x44, 0x5A, 0x4C, 0x40, 0x44, 0x44, 0x2F, 0x37, 0x72, 0x72, 0x6E, 0x64, 0x67, 0x6A, 0x64,
    0x64, 0x64, 0x7E, 0x51, 0x64, 0x5D, 0x6D, 0x6E, 0x65, 0x64, 0x53, 0x53, 0x63, 0x7A, 0x67, 0x54,
    0x64, 0x65, 0x5E, 0x5D, 0x3C, 0x49, 0x26, 0x42, 0x2F, 0x2F, 0x21, 0x1F, 0x16, 0x21, 0x31, 0x3B,
    0x3E, 0x39, 0x39, 0x47, 0x3B, 0x3B, 0x3C, 0x2B, 0x43, 0x34, 0x3A, 0x34, 0x3A, 0x3B, 0x3A, 0x24,
    0x24, 0x25, 0x27, 0x23, 0x1E, 0x25, 0x24, 0x24, 0x1E, 0x1E, 0x29, 0x3A, 0x27, 0x21, 0x3B, 0x25,
    0x25, 0x21, 0x1B, 0x27, 0x23, 0x25, 0x1F, 0x23, 0x29, 0x24, 0x23, 0x27, 0x24, 0x29, 0x29, 0x29,
    0x29, 0x3B, 0x29, 0x31, 0x3B, 0x29, 0x34, 0x29, 0x4C, 0x3F, 0x48, 0x3E, 0x40, 0x34, 0x36, 0x35,
    0x53, 0x21, 0x16, 0x26, 0x1F, 0x21, 0x21, 0x21, 0x1C, 0x4D, 0x53, 0x4D, 0x4C, 0x4D, 0x6D, 0x5C,
    0x71, 0x51, 0x4C, 0x67, 0x4A, 0x4A, 0x4A, 0x63, 0x63, 0x4E, 0x5C, 0x4C, 0x4C, 0x63, 0x9D, 0x79,
    0x6D, 0x63, 0x6E, 0x7B, 0x5D, 0x5D, 0x51, 0x41, 0x50, 0x44, 0x40, 0x42, 0x42, 0x45, 0x50, 0x37,
    0x66, 0x82, 0x65, 0x6D, 0x6E, 0x6D, 0x79, 0x7A, 0x82, 0x8F, 0x7E, 0x85, 0x7F, 0x8D, 0x8D, 0x98,
    0x97, 0x85, 0x85, 0x96, 0xA2, 0x88, 0x97, 0x97, 0x9D, 0x88, 0x97, 0x96, 0xB1, 0x9E, 0x86, 0x61,
    0x8A, 0x90, 0x90, 0x87, 0xBE, 0xC0, 0xC0, 0xC0, 0xBA, 0xC0, 0xC2, 0xC2, 0xC9, 0xC5, 0xC9, 0xD6,
    0xD6, 0xC7, 0xC9, 0xCF, 0xD6, 0xCF, 0xD2, 0xCC, 0xCF, 0xCF, 0xE0, 0xD6, 0xCF, 0xD4, 0xCF, 0xDF,
    0xDA, 0xD6, 0xE3, 0xE6, 0xCA, 0xC7, 0xC8, 0xFD, 0x2D, 0x59, 0x57, 0xEF, 0xE0, 0xCE, 0xDA, 0xEB,
    0x00, 0x00, 0x00, 0x00, 0x00, 0x00, 0x00, 0x00, 0x00, 0x00, 0x00, 0x00, 0x00, 0x00, 0x00, 0x00,
    0x00, 0x00, 0x00, 0x00, 0x00, 0x00, 0x00, 0x00, 0x00, 0x00, 0x00, 0x00, 0x00, 0x00, 0x00, 0x00,
    0x00, 0x00, 0x00, 0x00, 0x00, 0x00, 0x00, 0x00, 0x00, 0x00, 0x00, 0x00, 0x00, 0x00, 0x00, 0x00,
    0x00, 0x00, 0x00, 0x00, 0x00, 0x00, 0x00, 0x00, 0x00, 0x00, 0x00, 0x00, 0x00, 0x00, 0x00, 0x00,
    0x00, 0x00, 0x00, 0x00, 0x00, 0x00, 0x00, 0x00, 0x00, 0x00, 0x00, 0x00, 0x00, 0x00, 0x00, 0x00,
    0x00, 0x00, 0x00, 0x00, 0x00, 0x00, 0x00, 0x00, 0x00, 0x00, 0x00, 0x00, 0x00, 0x00, 0x00, 0x00,
    0x00, 0x00, 0x00, 0x00, 0x00, 0x00, 0x00, 0x00, 0x00, 0x00, 0x00, 0x00, 0x00, 0x00, 0x00, 0x00,
    0x00, 0x00, 0x00, 0x00, 0x00, 0x00, 0x00, 0x00, 0x00, 0x00, 0x00, 0x00, 0x00, 0x00, 0x00, 0x00,
    0x00, 0x00, 0x00, 0x00, 0x00, 0x00, 0x00, 0x00, 0x00, 0x00, 0x00, 0x00, 0x00, 0x00, 0x00, 0x00,
    0x00, 0x00, 0x00, 0x00, 0x00, 0x00, 0x00, 0x00, 0x00, 0x00, 0x00, 0x00, 0x00, 0x00, 0x00, 0x00,
    0x00, 0x00, 0x00, 0x00, 0x00, 0x00, 0x00, 0x00, 0x00, 0x00, 0x00, 0x00, 0x00, 0x00, 0x00, 0x00,
    0x00, 0x00, 0x00, 0x00, 0x00, 0x00, 0x00, 0x00, 0x00, 0x00, 0x00, 0x00, 0x00, 0x00, 0x00, 0x00,
    0xFB, 0xE3, 0xE0, 0xE9, 0xDB, 0x57, 0x57, 0x57, 0xFD, 0xC8, 0xC9, 0xDA, 0xEA, 0xE0, 0xE0, 0xE3,
    0xD6, 0xDA, 0xE7, 0xD2, 0xC8, 0xE3, 0xCF, 0xD5, 0xD5, 0xE0, 0xDC, 0xCF, 0xBC, 0xC5, 0xCE, 0xCF,
    0xD6, 0xCB, 0xCB, 0xCE, 0xCE, 0xCD, 0xCE, 0xB7, 0xB3, 0xB0, 0xBE, 0x97, 0x8E, 0x9A, 0xA3, 0x85,
    0x7F, 0xB7, 0xB6, 0x90, 0x9E, 0x98, 0x97, 0x9E, 0xA2, 0xA2, 0xA5, 0x96, 0x96, 0x96, 0x96, 0x82,
    0xA2, 0x9D, 0x85, 0x87, 0x87, 0x87, 0x96, 0xA2, 0x85, 0x7D, 0x87, 0x96, 0x96, 0x7E, 0x7A, 0x64,
    0x7B, 0x52, 0x45, 0x5F, 0x5A, 0x42, 0x2A, 0x2F, 0x5E, 0x7A, 0x79, 0x81, 0x66, 0x64, 0x7B, 0x65,
    0x5E, 0x5D, 0x4E, 0x47, 0x64, 0x66, 0x7D, 0x72, 0x60, 0x4B, 0x66, 0x66, 0x79, 0x87, 0x72, 0x6E,
    0x67, 0x64, 0x7B, 0x67, 0x49, 0x4B, 0x5E, 0x44, 0x1C, 0x31, 0x40, 0x25, 0x1F, 0x13, 0x47, 0x29,
    0x25, 0x3E, 0x29, 0x4A, 0x4D, 0x5C, 0x40, 0x2B, 0x43, 0x3C, 0x49, 0x3B, 0x4C, 0x3D, 0x20, 0x1E,
    0x27, 0x24, 0x29, 0x34, 0x24, 0x1E, 0x24, 0x34, 0x28, 0x25, 0x24, 0x27, 0x34, 0x28, 0x25, 0x28,
    0x31, 0x1F, 0x1B, 0x1E, 0x1E, 0x15, 0x34, 0x23, 0x29, 0x34, 0x3A, 0x3A, 0x20, 0x23, 0x27, 0x34,
    0x34, 0x40, 0x31, 0x20, 0x20, 0x34, 0x34, 0x3A, 0x63, 0x4C, 0x3A, 0x48, 0x5C, 0x49, 0x40, 0x3B,
    0x27, 0x47, 0x2A, 0x15, 0x21, 0x37, 0x26, 0x15, 0x31, 0x66, 0x39, 0x53, 0x65, 0x51, 0x4D, 0x5D,
    0x7A, 0x51, 0x48, 0x48, 0x48, 0x4A, 0x4E, 0x6D, 0x4E, 0x5C, 0x3A, 0x4C, 0x63, 0x7D, 0x79, 0x79,
    0x79, 0x71, 0x87, 0x85, 0x67, 0x53, 0x4D, 0x45, 0x40, 0x45, 0x4F, 0x50, 0x4D, 0x44, 0x32, 0x4D,
    0x66, 0x5C, 0x6E, 0x54, 0x65, 0x6A, 0x65, 0x85, 0x71, 0x6E, 0x7A, 0x87, 0x7F, 0xA2, 0x8F, 0x81,
    0x85, 0x96, 0x96, 0xB1, 0xA2, 0xA2, 0x96, 0x85, 0xA2, 0xA2, 0xB2, 0x97, 0x96, 0xB6, 0x85, 0x6A,
    0x90, 0x90, 0x9A, 0x7B, 0x9D, 0xE0, 0xB7, 0xAD, 0xC2, 0xB9, 0xB9, 0xCF, 0xCF, 0xD2, 0xCD, 0xCF,
    0xCD, 0xB9, 0xC5, 0xD6, 0xCF, 0xCF, 0xCE, 0xC5, 0xCE, 0xCF, 0xD6, 0xD6, 0xCE, 0xD5, 0xD4, 0xE3,
    0xE3, 0xE3, 0xD6, 0xE3, 0xE6, 0xCF, 0xCA, 0xFD, 0x2C, 0x57, 0x57, 0xE6, 0xE3, 0xD4, 0xF0, 0xF9,
    0x00, 0x00, 0x00, 0x00, 0x00, 0x00, 0x00, 0x00, 0x00, 0x00, 0x00, 0x00, 0x00, 0x00, 0x00, 0x00,
    0x00, 0x00, 0x00, 0x00, 0x00, 0x00, 0x00, 0x00, 0x00, 0x00, 0x00, 0x00, 0x00, 0x00, 0x00, 0x00,
    0x00, 0x00, 0x00, 0x00, 0x00, 0x00, 0x00, 0x00, 0x00, 0x00, 0x00, 0x00, 0x00, 0x00, 0x00, 0x00,
    0x00, 0x00, 0x00, 0x00, 0x00, 0x00, 0x00, 0x00, 0x00, 0x00, 0x00, 0x00, 0x00, 0x00, 0x00, 0x00,
    0x00, 0x00, 0x00, 0x00, 0x00, 0x00, 0x00, 0x00, 0x00, 0x00, 0x00, 0x00, 0x00, 0x00, 0x00, 0x00,
    0x00, 0x00, 0x00, 0x00, 0x00, 0x00, 0x00, 0x00, 0x00, 0x00, 0x00, 0x00, 0x00, 0x00, 0x00, 0x00,
    0x00, 0x00, 0x00, 0x00, 0x00, 0x00, 0x00, 0x00, 0x00, 0x00, 0x00, 0x00, 0x00, 0x00, 0x00, 0x00,
    0x00, 0x00, 0x00, 0x00, 0x00, 0x00, 0x00, 0x00, 0x00, 0x00, 0x00, 0x00, 0x00, 0x00, 0x00, 0x00,
    0x00, 0x00, 0x00, 0x00, 0x00, 0x00, 0x00, 0x00, 0x00, 0x00, 0x00, 0x00, 0x00, 0x00, 0x00, 0x00,
    0x00, 0x00, 0x00, 0x00, 0x00, 0x00, 0x00, 0x00, 0x00, 0x00, 0x00, 0x00, 0x00, 0x00, 0x00, 0x00,
    0x00, 0x00, 0x00, 0x00, 0x00, 0x00, 0x00, 0x00, 0x00, 0x00, 0x00, 0x00, 0x00, 0x00, 0x00, 0x00,
    0x00, 0x00, 0x00, 0x00, 0x00, 0x00, 0x00, 0x00, 0x00, 0x00, 0x00, 0x00, 0x00, 0x00, 0x00, 0x00,
    0xF8, 0xE0, 0xE3, 0xF8, 0xEF, 0x57, 0x57, 0x57, 0xEE, 0xCF, 0xDA, 0xE6, 0xE3, 0xEA, 0xEA, 0xE3,
    0xE3, 0xDC, 0xDA, 0xD9, 0xDA, 0xD4, 0xD6, 0xDA, 0xDC, 0xDA, 0xD6, 0xD2, 0xCF, 0xCF, 0xCE, 0xCD,
    0xCD, 0xC2, 0xC2, 0xCF, 0xCE, 0xC5, 0xC5, 0xBF, 0xAD, 0xAD, 0xCD, 0xC2, 0xA4, 0x98, 0x9A, 0xA4,
    0xBF, 0xC0, 0xAB, 0x9F, 0xA3, 0xA4, 0x90, 0xB2, 0xA3, 0xA2, 0x96, 0x9D, 0xB1, 0x9D, 0x96, 0xA2,
    0x9D, 0x9D, 0x97, 0x87, 0x96, 0x9E, 0xB1, 0x87, 0x70, 0x87, 0x97, 0x82, 0x96, 0x87, 0x7E, 0x67,
    0x7E, 0x82, 0x45, 0x45, 0x69, 0x50, 0x26, 0x52, 0x79, 0x5E, 0x6E, 0x7F, 0x7E, 0x7E, 0x72, 0x5E,
    0x52, 0x5E, 0x63, 0x6D, 0x6E, 0x7B, 0x71, 0x67, 0x6D, 0x6D, 0x81, 0x71, 0x66, 0x5D, 0x72, 0x6B,
    0x75, 0x72, 0x67, 0x51, 0x66, 0x47, 0x49, 0x71, 0x51, 0x31, 0x36, 0x26, 0x49, 0x40, 0x3C, 0x29,
    0x3E, 0x4C, 0x48, 0x5D, 0x63, 0x53, 0x35, 0x3C, 0x4F, 0x53, 0x4A, 0x48, 0x3C, 0x39, 0x34, 0x34,
    0x29, 0x29, 0x24, 0x29, 0x25, 0x34, 0x3A, 0x31, 0x27, 0x25, 0x20, 0x24, 0x3A, 0x29, 0x28, 0x25,
    0x25, 0x27, 0x24, 0x24, 0x20, 0x24, 0x34, 0x34, 0x3D, 0x3E, 0x3D, 0x24, 0x24, 0x29, 0x34, 0x3C,
    0x34, 0x3B, 0x35, 0x29, 0x24, 0x3A, 0x29, 0x3A, 0x27, 0x34, 0x64, 0x5D, 0x3C, 0x40, 0x4C, 0x31,
    0x1E, 0x3E, 0x4A, 0x1F, 0x21, 0x37, 0x26, 0x2A, 0x55, 0x39, 0x47, 0x53, 0x63, 0x67, 0x72, 0x67,
    0x49, 0x49, 0x5D, 0x55, 0x4E, 0x5D, 0x65, 0x55, 0x63, 0x5C, 0x4C, 0x79, 0x7D, 0x4C, 0x5C, 0x70,
    0x85, 0xA2, 0x81, 0x81, 0x7A, 0x5C, 0x4D, 0x75, 0x50, 0x25, 0x45, 0x5F, 0x3E, 0x32, 0x4B, 0x7B,
    0x53, 0x7D, 0x87, 0x72, 0x7F, 0x7B, 0x71, 0x7B, 0x7D, 0x87, 0x82, 0x87, 0x97, 0x8D, 0x87, 0x88,
    0x88, 0xA2, 0xA2, 0x91, 0x96, 0x96, 0xA4, 0xB2, 0xA2, 0xA2, 0xA4, 0xA2, 0x96, 0xA9, 0x7D, 0x9E,
    0xCF, 0x8E, 0x9A, 0xB7, 0x7F, 0xC0, 0xAB, 0xB9, 0xC2, 0xB9, 0xCF, 0xD3, 0xCE, 0xCE, 0xCF, 0xCF,
    0xC5, 0xC9, 0xD6, 0xDA, 0xC7, 0xD6, 0xCF, 0xCE, 0xD4, 0xD6, 0xCE, 0xCF, 0xD6, 0xE3, 0xE0, 0xE3,
    0xD8, 0xE3, 0xDA, 0xD6, 0xF3, 0xD2, 0xE5, 0xFD, 0x2C, 0x57, 0x57, 0xE6, 0xF9, 0xF0, 0xF0, 0xF9,
    0x00, 0x00, 0x00, 0x00, 0x00, 0x00, 0x00, 0x00, 0x00, 0x00, 0x00, 0x00, 0x00, 0x00, 0x00, 0x00,
    0x00, 0x00, 0x00, 0x00, 0x00, 0x00, 0x00, 0x00, 0x00, 0x00, 0x00, 0x00, 0x00, 0x00, 0x00, 0x00,
    0x00, 0x00, 0x00, 0x00, 0x00, 0x00, 0x00, 0x00, 0x00, 0x00, 0x00, 0x00, 0x00, 0x00, 0x00, 0x00,
    0x00, 0x00, 0x00, 0x00, 0x00, 0x00, 0x00, 0x00, 0x00, 0x00, 0x00, 0x00, 0x00, 0x00, 0x00, 0x00,
    0x00, 0x00, 0x00, 0x00, 0x00, 0x00, 0x00, 0x00, 0x00, 0x00, 0x00, 0x00, 0x00, 0x00, 0x00, 0x00,
    0x00, 0x00, 0x00, 0x00, 0x00, 0x00, 0x00, 0x00, 0x00, 0x00, 0x00, 0x00, 0x00, 0x00, 0x00, 0x00,
    0x00, 0x00, 0x00, 0x00, 0x00, 0x00, 0x00, 0x00, 0x00, 0x00, 0x00, 0x00, 0x00, 0x00, 0x00, 0x00,
    0x00, 0x00, 0x00, 0x00, 0x00, 0x00, 0x00, 0x00, 0x00, 0x00, 0x00, 0x00, 0x00, 0x00, 0x00, 0x00,
    0x00, 0x00, 0x00, 0x00, 0x00, 0x00, 0x00, 0x00, 0x00, 0x00, 0x00, 0x00, 0x00, 0x00, 0x00, 0x00,
    0x00, 0x00, 0x00, 0x00, 0x00, 0x00, 0x00, 0x00, 0x00, 0x00, 0x00, 0x00, 0x00, 0x00, 0x00, 0x00,
    0x00, 0x00, 0x00, 0x00, 0x00, 0x00, 0x00, 0x00, 0x00, 0x00, 0x00, 0x00, 0x00, 0x00, 0x00, 0x00,
    0x00, 0x00, 0x00, 0x00, 0x00, 0x00, 0x00, 0x00, 0x00, 0x00, 0x00, 0x00, 0x00, 0x00, 0x00, 0x00,
    0xF9, 0xEB, 0xF3, 0xF8, 0xDB, 0x57, 0x58, 0x57, 0xFE, 0xF3, 0xEA, 0xE9, 0xE4, 0xF0, 0xDD, 0xE0,
    0xE3, 0xE6, 0xD2, 0xDA, 0xDF, 0xD6, 0xEB, 0xE9, 0xD6, 0xD6, 0xD6, 0xCF, 0xD3, 0xC5, 0xCD, 0xC9,
    0xC9, 0xD4, 0xB7, 0xC2, 0xC5, 0xCE, 0xC5, 0xCD, 0xC2, 0xC2, 0xC0, 0xB7, 0xC0, 0x98, 0x98, 0xCF,
    0xC2, 0xB7, 0xA3, 0xB1, 0xB9, 0xA4, 0x9A, 0x98, 0x9E, 0xA2, 0x96, 0xA2, 0xA2, 0xAB, 0xB7, 0xA9,
    0xA2, 0xA2, 0x97, 0x87, 0x87, 0x96, 0x85, 0x7F, 0x87, 0x87, 0x8D, 0x8D, 0x80, 0x7F, 0x87, 0x87,
    0x81, 0x83, 0x82, 0x50, 0x60, 0x50, 0x5A, 0x82, 0x6E, 0x51, 0x67, 0x84, 0x6F, 0x6E, 0x6E, 0x52,
    0x47, 0x4E, 0x79, 0x8F, 0x7E, 0x53, 0x64, 0x6D, 0x6D, 0x79, 0x6D, 0x6D, 0x6D, 0x79, 0x63, 0x4B,
    0x54, 0x75, 0x6B, 0x67, 0x7F, 0x6D, 0x71, 0x5D, 0x53, 0x51, 0x28, 0x37, 0x6E, 0x4C, 0x4A, 0x3B,
    0x4E, 0x67, 0x51, 0x51, 0x5C, 0x41, 0x2F, 0x4B, 0x51, 0x4A, 0x3E, 0x34, 0x3C, 0x3A, 0x29, 0x29,
    0x29, 0x34, 0x20, 0x20, 0x28, 0x36, 0x36, 0x3C, 0x34, 0x3D, 0x3A, 0x3D, 0x3A, 0x29, 0x35, 0x20,
    0x1F, 0x34, 0x24, 0x29, 0x27, 0x3A, 0x5C, 0x3E, 0x4C, 0x40, 0x34, 0x24, 0x24, 0x39, 0x47, 0x3A,
    0x23, 0x34, 0x35, 0x34, 0x34, 0x34, 0x24, 0x29, 0x27, 0x3B, 0x47, 0x47, 0x49, 0x49, 0x43, 0x49,
    0x43, 0x4A, 0x3E, 0x4C, 0x32, 0x26, 0x21, 0x49, 0x49, 0x3C, 0x40, 0x64, 0x6E, 0x54, 0x65, 0x60,
    0x47, 0x49, 0x4D, 0x6D, 0x84, 0x6E, 0x48, 0x4E, 0x55, 0x4E, 0x63, 0x66, 0x63, 0x63, 0x70, 0x6D,
    0x6D, 0x87, 0x96, 0x8F, 0x8D, 0x8F, 0x82, 0x7B, 0x81, 0x5E, 0x50, 0x50, 0x5A, 0x7E, 0x81, 0x7B,
    0x6A, 0x82, 0x90, 0x8D, 0x87, 0x7C, 0x7A, 0x71, 0x7B, 0x87, 0x97, 0xA3, 0x7F, 0x7E, 0x87, 0x9D,
    0x96, 0xA9, 0x9D, 0x7D, 0x85, 0x97, 0x97, 0xB2, 0xA9, 0xA9, 0x9F, 0xA2, 0xA2, 0xA9, 0x9F, 0xB9,
    0xDC, 0xA3, 0x9A, 0xCE, 0x9F, 0xA4, 0xB2, 0xB9, 0xC5, 0xC5, 0xC5, 0xCF, 0xC5, 0xB9, 0xCE, 0xC7,
    0xDC, 0xD6, 0xC7, 0xCF, 0xD2, 0xCF, 0xCF, 0xCF, 0xCF, 0xD6, 0xD6, 0xDA, 0xD5, 0xDA, 0xE4, 0xE3,
    0xC7, 0xE6, 0xEB, 0xEB, 0xF3, 0xEB, 0xDF, 0xFD, 0x2C, 0x58, 0x2E, 0xDA, 0xEF, 0xF9, 0xF0, 0xF9,
    0x00, 0x00, 0x00, 0x00, 0x00, 0x00, 0x00, 0x00, 0x00, 0x00, 0x00, 0x00, 0x00, 0x00, 0x00, 0x00,
    0x00, 0x00, 0x00, 0x00, 0x00, 0x00, 0x00, 0x00, 0x00, 0x00, 0x00, 0x00, 0x00, 0x00, 0x00, 0x00,
    0x00, 0x00, 0x00, 0x00, 0x00, 0x00, 0x00, 0x00, 0x00, 0x00, 0x00, 0x00, 0x00, 0x00, 0x00, 0x00,
    0x00, 0x00, 0x00, 0x00, 0x00, 0x00, 0x00, 0x00, 0x00, 0x00, 0x00, 0x00, 0x00, 0x00, 0x00, 0x00,
    0x00, 0x00, 0x00, 0x00, 0x00, 0x00, 0x00, 0x00, 0x00, 0x00, 0x00, 0x00, 0x00, 0x00, 0x00, 0x00,
    0x00, 0x00, 0x00, 0x00, 0x00, 0x00, 0x00, 0x00, 0x00, 0x00, 0x00, 0x00, 0x00, 0x00, 0x00, 0x00,
    0x00, 0x00, 0x00, 0x00, 0x00, 0x00, 0x00, 0x00, 0x00, 0x00, 0x00, 0x00, 0x00, 0x00, 0x00, 0x00,
    0x00, 0x00, 0x00, 0x00, 0x00, 0x00, 0x00, 0x00, 0x00, 0x00, 0x00, 0x00, 0x00, 0x00, 0x00, 0x00,
    0x00, 0x00, 0x00, 0x00, 0x00, 0x00, 0x00, 0x00, 0x00, 0x00, 0x00, 0x00, 0x00, 0x00, 0x00, 0x00,
    0x00, 0x00, 0x00, 0x00, 0x00, 0x00, 0x00, 0x00, 0x00, 0x00, 0x00, 0x00, 0x00, 0x00, 0x00, 0x00,
    0x00, 0x00, 0x00, 0x00, 0x00, 0x00, 0x00, 0x00, 0x00, 0x00, 0x00, 0x00, 0x00, 0x00, 0x00, 0x00,
    0x00, 0x00, 0x00, 0x00, 0x00, 0x00, 0x00, 0x00, 0x00, 0x00, 0x00, 0x00, 0x00, 0x00, 0x00, 0x00,
    0xFE, 0xF3, 0xE9, 0xFD, 0xDB, 0x2D, 0x58, 0x57, 0xFD, 0xEF, 0xF3, 0xF4, 0xE9, 0xE6, 0xDB, 0xE3,
    0xE3, 0xE3, 0xDF, 0xDC, 0xE3, 0xEB, 0xE3, 0xDC, 0xD6, 0xD6, 0xCF, 0xCF, 0xDA, 0xD6, 0xCF, 0xD6,
    0xE9, 0xC5, 0xC7, 0xB9, 0xC5, 0xC5, 0xAF, 0xC2, 0xCE, 0xCE, 0xB5, 0xB9, 0xC2, 0x92, 0xA0, 0xC5,
    0xAB, 0xB7, 0xC7, 0xB7, 0xA4, 0x98, 0x9E, 0x97, 0x9D, 0xA3, 0xB1, 0xA2, 0x87, 0x9E, 0xB7, 0xA2,
    0xA2, 0xA2, 0x9D, 0x9E, 0x88, 0xA2, 0x85, 0x85, 0xA3, 0x8E, 0x7E, 0x97, 0x86, 0x61, 0x87, 0x96,
    0x85, 0x81, 0x8F, 0x6B, 0x37, 0x45, 0x81, 0x64, 0x75, 0x7B, 0x6E, 0x4F, 0x52, 0x53, 0x5E, 0x5E,
    0x63, 0x64, 0x4D, 0x65, 0x6E, 0x4E, 0x6D, 0x6D, 0x83, 0x7A, 0x5C, 0x66, 0x82, 0x81, 0x43, 0x54,
    0x4A, 0x6E, 0x6A, 0x42, 0x67, 0x84, 0x7A, 0x49, 0x5E, 0x6A, 0x21, 0x37, 0x4B, 0x43, 0x82, 0x67,
    0x48, 0x40, 0x67, 0x48, 0x4E, 0x42, 0x37, 0x70, 0x63, 0x43, 0x40, 0x3B, 0x3B, 0x3A, 0x34, 0x3E,
    0x3A, 0x48, 0x3D, 0x34, 0x31, 0x25, 0x31, 0x3A, 0x21, 0x34, 0x4C, 0x4A, 0x34, 0x27, 0x20, 0x1C,
    0x25, 0x27, 0x27, 0x3F, 0x48, 0x3A, 0x3A, 0x31, 0x36, 0x3B, 0x34, 0x3A, 0x40, 0x34, 0x3C, 0x3B,
    0x34, 0x34, 0x39, 0x3B, 0x3E, 0x3A, 0x4C, 0x3E, 0x4A, 0x53, 0x34, 0x25, 0x47, 0x49, 0x35, 0x44,
    0x4D, 0x48, 0x3E, 0x79, 0x44, 0x1D, 0x4D, 0x48, 0x47, 0x75, 0x4B, 0x4A, 0x47, 0x54, 0x51, 0x51,
    0x60, 0x6A, 0x6A, 0x5C, 0x7A, 0x55, 0x4B, 0x53, 0x66, 0x63, 0x71, 0x53, 0x70, 0x87, 0xB1, 0x7B,
    0x67, 0x66, 0x96, 0x7E, 0x5D, 0x97, 0x9D, 0x79, 0x64, 0x82, 0x5E, 0x37, 0x75, 0x72, 0x64, 0x82,
    0x87, 0x72, 0x69, 0x7B, 0x81, 0x82, 0x82, 0x85, 0x87, 0x70, 0x87, 0x96, 0x81, 0x87, 0x88, 0x9D,
    0xB1, 0x9D, 0xA9, 0xB1, 0xBF, 0xA4, 0x8D, 0x97, 0xAD, 0xAB, 0x80, 0x9F, 0xBA, 0xBA, 0xB6, 0xBD,
    0xBD, 0x80, 0x75, 0xA0, 0xB5, 0xC5, 0xCF, 0xB9, 0xB9, 0xB0, 0xC2, 0xC5, 0xC2, 0xBC, 0xCF, 0xDA,
    0xE0, 0xCF, 0xC5, 0xCE, 0xCF, 0xCE, 0xCF, 0xDA, 0xDA, 0xCF, 0xE6, 0xE3, 0xD6, 0xCF, 0xE3, 0xE3,
    0xD6, 0xD8, 0xF3, 0xF8, 0xEB, 0xEB, 0xE5, 0xFE, 0x2C, 0x57, 0x58, 0xDF, 0xE0, 0xF3, 0xF1, 0xF9,
    0x00, 0x00, 0x00, 0x00, 0x00, 0x00, 0x00, 0x00, 0x00, 0x00, 0x00, 0x00, 0x00, 0x00, 0x00, 0x00,
    0x00, 0x00, 0x00, 0x00, 0x00, 0x00, 0x00, 0x00, 0x00, 0x00, 0x00, 0x00, 0x00, 0x00, 0x00, 0x00,
    0x00, 0x00, 0x00, 0x00, 0x00, 0x00, 0x00, 0x00, 0x00, 0x00, 0x00, 0x00, 0x00, 0x00, 0x00, 0x00,
    0x00, 0x00, 0x00, 0x00, 0x00, 0x00, 0x00, 0x00, 0x00, 0x00, 0x00, 0x00, 0x00, 0x00, 0x00, 0x00,
    0x00, 0x00, 0x00, 0x00, 0x00, 0x00, 0x00, 0x00, 0x00, 0x00, 0x00, 0x00, 0x00, 0x00, 0x00, 0x00,
    0x00, 0x00, 0x00, 0x00, 0x00, 0x00, 0x00, 0x00, 0x00, 0x00, 0x00, 0x00, 0x00, 0x00, 0x00, 0x00,
    0x00, 0x00, 0x00, 0x00, 0x00, 0x00, 0x00, 0x00, 0x00, 0x00, 0x00, 0x00, 0x00, 0x00, 0x00, 0x00,
    0x00, 0x00, 0x00, 0x00, 0x00, 0x00, 0x00, 0x00, 0x00, 0x00, 0x00, 0x00, 0x00, 0x00, 0x00, 0x00,
    0x00, 0x00, 0x00, 0x00, 0x00, 0x00, 0x00, 0x00, 0x00, 0x00, 0x00, 0x00, 0x00, 0x00, 0x00, 0x00,
    0x00, 0x00, 0x00, 0x00, 0x00, 0x00, 0x00, 0x00, 0x00, 0x00, 0x00, 0x00, 0x00, 0x00, 0x00, 0x00,
    0x00, 0x00, 0x00, 0x00, 0x00, 0x00, 0x00, 0x00, 0x00, 0x00, 0x00, 0x00, 0x00, 0x00, 0x00, 0x00,
    0x00, 0x00, 0x00, 0x00, 0x00, 0x00, 0x00, 0x00, 0x00, 0x00, 0x00, 0x00, 0x00, 0x00, 0x00, 0x00,
    0xFA, 0xF3, 0xDF, 0xEB, 0xDB, 0x57, 0x59, 0x57, 0xFE, 0xEF, 0xE6, 0xF4, 0xEB, 0xD8, 0xDB, 0xEB,
    0xEA, 0xE0, 0xD6, 0xDA, 0xE3, 0xD6, 0xC5, 0xD6, 0xE0, 0xD6, 0xD6, 0xD6, 0xD6, 0xCF, 0xC5, 0xCF,
    0xDC, 0xCF, 0xCF, 0xC2, 0xC5, 0xC5, 0xC4, 0xA7, 0xC2, 0xB9, 0xAD, 0xB9, 0xB6, 0xBF, 0xC2, 0xB9,
    0xB6, 0xB2, 0xB3, 0xAF, 0xA4, 0xB6, 0xBE, 0xA2, 0xA2, 0xA3, 0xB2, 0xA2, 0x87, 0xA3, 0xBE, 0xB1,
    0x9D, 0xAB, 0xAB, 0xA2, 0x96, 0x97, 0x97, 0x96, 0x97, 0x80, 0x7E, 0x9D, 0x9D, 0x75, 0x6A, 0x88,
    0x7E, 0x6D, 0x6E, 0x82, 0x65, 0x7F, 0x87, 0x65, 0x5E, 0x67, 0x60, 0x52, 0x5D, 0x72, 0x47, 0x47,
    0x7B, 0x7A, 0x47, 0x53, 0x71, 0x7B, 0x6D, 0x81, 0x82, 0x6D, 0x5D, 0x4D, 0x6E, 0x72, 0x4D, 0x53,
    0x4B, 0x6D, 0x5E, 0x49, 0x32, 0x7E, 0x49, 0x40, 0x54, 0x5D, 0x6A, 0x72, 0x53, 0x47, 0x47, 0x5D,
    0x52, 0x51, 0x81, 0x66, 0x3C, 0x47, 0x4D, 0x4A, 0x47, 0x43, 0x49, 0x3A, 0x3A, 0x4C, 0x63, 0x3E,
    0x27, 0x24, 0x3E, 0x48, 0x36, 0x25, 0x34, 0x34, 0x25, 0x25, 0x3E, 0x29, 0x24, 0x23, 0x24, 0x23,
    0x3A, 0x29, 0x24, 0x29, 0x3F, 0x3F, 0x3A, 0x3B, 0x3B, 0x31, 0x29, 0x40, 0x40, 0x1E, 0x23, 0x3E,
    0x3A, 0x3A, 0x47, 0x48, 0x3B, 0x48, 0x5C, 0x53, 0x48, 0x3E, 0x29, 0x34, 0x48, 0x4A, 0x35, 0x28,
    0x47, 0x3C, 0x3A, 0x4A, 0x66, 0x51, 0x52, 0x4B, 0x3C, 0x4D, 0x63, 0x4B, 0x4B, 0x67, 0x5E, 0x47,
    0x53, 0x7C, 0x75, 0x47, 0x47, 0x53, 0x5D, 0x79, 0x79, 0x81, 0x6E, 0x64, 0x7F, 0x85, 0x87, 0x7E,
    0x70, 0x70, 0x88, 0x81, 0x49, 0x5E, 0x82, 0x5D, 0x51, 0x65, 0x82, 0x72, 0x97, 0x65, 0x55, 0x63,
    0x6E, 0x6F, 0x6E, 0x85, 0x8F, 0x6E, 0x7E, 0x98, 0x96, 0x72, 0x96, 0x98, 0x97, 0x96, 0xA2, 0xAB,
    0xA2, 0x97, 0xB1, 0xB6, 0xB6, 0xB1, 0xA2, 0x97, 0xB2, 0xB7, 0x90, 0x98, 0xB7, 0xB6, 0x9D, 0xB7,
    0xC2, 0x9F, 0x9F, 0xB5, 0xB5, 0xAD, 0xC2, 0xC2, 0xAF, 0xC2, 0xCE, 0xC2, 0xBA, 0xCE, 0xD3, 0xD6,
    0xC5, 0xCE, 0xD6, 0xCF, 0xCE, 0xD4, 0xD6, 0xCF, 0xCF, 0xD2, 0xCF, 0xCF, 0xDC, 0xC9, 0xCF, 0xE3,
    0xE3, 0xCF, 0xEA, 0xF4, 0xE3, 0xDF, 0xDB, 0xFE, 0x2C, 0x57, 0x57, 0xEF, 0xE0, 0xE3, 0xF0, 0xF9,
    0x00, 0x00, 0x00, 0x00, 0x00, 0x00, 0x00, 0x00, 0x00, 0x00, 0x00, 0x00, 0x00, 0x00, 0x00, 0x00,
    0x00, 0x00, 0x00, 0x00, 0x00, 0x00, 0x00, 0x00, 0x00, 0x00, 0x00, 0x00, 0x00, 0x00, 0x00, 0x00,
    0x00, 0x00, 0x00, 0x00, 0x00, 0x00, 0x00, 0x00, 0x00, 0x00, 0x00, 0x00, 0x00, 0x00, 0x00, 0x00,
    0x00, 0x00, 0x00, 0x00, 0x00, 0x00, 0x00, 0x00, 0x00, 0x00, 0x00, 0x00, 0x00, 0x00, 0x00, 0x00,
    0x00, 0x00, 0x00, 0x00, 0x00, 0x00, 0x00, 0x00, 0x00, 0x00, 0x00, 0x00, 0x00, 0x00, 0x00, 0x00,
    0x00, 0x00, 0x00, 0x00, 0x00, 0x00, 0x00, 0x00, 0x00, 0x00, 0x00, 0x00, 0x00, 0x00, 0x00, 0x00,
    0x00, 0x00, 0x00, 0x00, 0x00, 0x00, 0x00, 0x00, 0x00, 0x00, 0x00, 0x00, 0x00, 0x00, 0x00, 0x00,
    0x00, 0x00, 0x00, 0x00, 0x00, 0x00, 0x00, 0x00, 0x00, 0x00, 0x00, 0x00, 0x00, 0x00, 0x00, 0x00,
    0x00, 0x00, 0x00, 0x00, 0x00, 0x00, 0x00, 0x00, 0x00, 0x00, 0x00, 0x00, 0x00, 0x00, 0x00, 0x00,
    0x00, 0x00, 0x00, 0x00, 0x00, 0x00, 0x00, 0x00, 0x00, 0x00, 0x00, 0x00, 0x00, 0x00, 0x00, 0x00,
    0x00, 0x00, 0x00, 0x00, 0x00, 0x00, 0x00, 0x00, 0x00, 0x00, 0x00, 0x00, 0x00, 0x00, 0x00, 0x00,
    0x00, 0x00, 0x00, 0x00, 0x00, 0x00, 0x00, 0x00, 0x00, 0x00, 0x00, 0x00, 0x00, 0x00, 0x00, 0x00,
    0xF9, 0xF9, 0xDC, 0xE0, 0xDB, 0x57, 0x59, 0x57, 0xFE, 0xF1, 0xE6, 0xE6, 0xEF, 0xDB, 0xEB, 0xE3,
    0xDA, 0xE3, 0xD6, 0xDA, 0xD6, 0xD6, 0xD5, 0xD6, 0xDC, 0xE3, 0xD4, 0xD4, 0xDC, 0xCF, 0xCF, 0xD6,
    0xCD, 0xCF, 0xCE, 0xC0, 0xB9, 0xCF, 0xCF, 0xC5, 0xA4, 0xB9, 0xB9, 0xAF, 0xB7, 0xBA, 0xC0, 0xB1,
    0xB9, 0xB9, 0xB6, 0x9F, 0xB6, 0xC0, 0xB7, 0xB1, 0xB1, 0xA2, 0xA2, 0xA2, 0xA2, 0xA2, 0xA3, 0xB1,
    0xB2, 0xB7, 0xB6, 0xBE, 0xB6, 0xA9, 0x9D, 0x87, 0x88, 0x85, 0x87, 0x82, 0x98, 0x8F, 0x7F, 0x72,
    0x7F, 0x7B, 0x7A, 0x7A, 0x88, 0x7A, 0x5E, 0x7A, 0x6E, 0x65, 0x4F, 0x71, 0x71, 0x6E, 0x53, 0x49,
    0x55, 0x6D, 0x70, 0x79, 0x82, 0x7B, 0x7E, 0x7E, 0x6D, 0x82, 0x7A, 0x67, 0x53, 0x53, 0x63, 0x4E,
    0x3E, 0x4A, 0x7A, 0x7A, 0x52, 0x43, 0x54, 0x53, 0x47, 0x5C, 0x6E, 0x6E, 0x4E, 0x54, 0x54, 0x47,
    0x3C, 0x64, 0x6D, 0x5C, 0x4B, 0x3C, 0x48, 0x48, 0x43, 0x53, 0x4D, 0x47, 0x4E, 0x4C, 0x4E, 0x63,
    0x3D, 0x3B, 0x34, 0x3D, 0x3D, 0x24, 0x27, 0x34, 0x48, 0x34, 0x27, 0x25, 0x24, 0x23, 0x24, 0x3A,
    0x3A, 0x24, 0x34, 0x3A, 0x27, 0x31, 0x48, 0x47, 0x39, 0x34, 0x3C, 0x3A, 0x3B, 0x40, 0x3B, 0x39,
    0x4A, 0x4B, 0x40, 0x48, 0x63, 0x5C, 0x48, 0x3E, 0x3A, 0x3A, 0x3D, 0x34, 0x3D, 0x5C, 0x47, 0x26,
    0x2B, 0x47, 0x4C, 0x3D, 0x55, 0x5D, 0x40, 0x40, 0x52, 0x47, 0x47, 0x4B, 0x6E, 0x64, 0x65, 0x60,
    0x4D, 0x63, 0x4D, 0x64, 0x6D, 0x7A, 0x6E, 0x82, 0x7B, 0x7A, 0x87, 0x87, 0x7A, 0x7D, 0x70, 0x96,
    0x70, 0x70, 0x81, 0x81, 0x7D, 0x54, 0x5D, 0x65, 0x65, 0x64, 0x81, 0x82, 0x6F, 0x6E, 0x7A, 0x71,
    0x6D, 0x6D, 0x88, 0x81, 0x88, 0x7C, 0x7A, 0x82, 0x8F, 0x87, 0x82, 0xA3, 0xA9, 0xB1, 0xA9, 0xB1,
    0xB7, 0xA3, 0xA3, 0xA2, 0x9D, 0xB6, 0xB1, 0x96, 0xA2, 0xC2, 0xC0, 0xA4, 0x8F, 0x9F, 0xB5, 0xAB,
    0xB6, 0xCB, 0xB9, 0xAD, 0xAF, 0xBC, 0xB7, 0xAF, 0xCD, 0xD0, 0xC5, 0xC5, 0xC2, 0xC5, 0xCE, 0xC7,
    0xCF, 0xCF, 0xD6, 0xDA, 0xD6, 0xD6, 0xE0, 0xD6, 0xD2, 0xD2, 0xDA, 0xD2, 0xCF, 0xE2, 0xDC, 0xE6,
    0xF3, 0xE9, 0xDA, 0xF8, 0xE3, 0xE6, 0xEF, 0xFE, 0x2C, 0x58, 0x57, 0xEF, 0xE2, 0xD6, 0xEA, 0xF9,
    0x00, 0x00, 0x00, 0x00, 0x00, 0x00, 0x00, 0x00, 0x00, 0x00, 0x00, 0x00, 0x00, 0x00, 0x00, 0x00,
    0x00, 0x00, 0x00, 0x00, 0x00, 0x00, 0x00, 0x00, 0x00, 0x00, 0x00, 0x00, 0x00, 0x00, 0x00, 0x00,
    0x00, 0x00, 0x00, 0x00, 0x00, 0x00, 0x00, 0x00, 0x00, 0x00, 0x00, 0x00, 0x00, 0x00, 0x00, 0x00,
    0x00, 0x00, 0x00, 0x00, 0x00, 0x00, 0x00, 0x00, 0x00, 0x00, 0x00, 0x00, 0x00, 0x00, 0x00, 0x00,
    0x00, 0x00, 0x00, 0x00, 0x00, 0x00, 0x00, 0x00, 0x00, 0x00, 0x00, 0x00, 0x00, 0x00, 0x00, 0x00,
    0x00, 0x00, 0x00, 0x00, 0x00, 0x00, 0x00, 0x00, 0x00, 0x00, 0x00, 0x00, 0x00, 0x00, 0x00, 0x00,
    0x00, 0x00, 0x00, 0x00, 0x00, 0x00, 0x00, 0x00, 0x00, 0x00, 0x00, 0x00, 0x00, 0x00, 0x00, 0x00,
    0x00, 0x00, 0x00, 0x00, 0x00, 0x00, 0x00, 0x00, 0x00, 0x00, 0x00, 0x00, 0x00, 0x00, 0x00, 0x00,
    0x00, 0x00, 0x00, 0x00, 0x00, 0x00, 0x00, 0x00, 0x00, 0x00, 0x00, 0x00, 0x00, 0x00, 0x00, 0x00,
    0x00, 0x00, 0x00, 0x00, 0x00, 0x00, 0x00, 0x00, 0x00, 0x00, 0x00, 0x00, 0x00, 0x00, 0x00, 0x00,
    0x00, 0x00, 0x00, 0x00, 0x00, 0x00, 0x00, 0x00, 0x00, 0x00, 0x00, 0x00, 0x00, 0x00, 0x00, 0x00,
    0x00, 0x00, 0x00, 0x00, 0x00, 0x00, 0x00, 0x00, 0x00, 0x00, 0x00, 0x00, 0x00, 0x00, 0x00, 0x00,
    0xF4, 0xF4, 0xF9, 0xEA, 0xCA, 0x58, 0x59, 0x57, 0xFD, 0xEF, 0xE6, 0xEF, 0xE6, 0xDC, 0xEB, 0xE0,
    0xC9, 0xD5, 0xE3, 0xD6, 0xCF, 0xDA, 0xE3, 0xD6, 0xCF, 0xCF, 0xCE, 0xCE, 0xCF, 0xB9, 0xC9, 0xCE,
    0xB9, 0xBD, 0xCD, 0xB7, 0xB6, 0xB9, 0xC5, 0xCD, 0xB9, 0xBD, 0xC5, 0xC1, 0xB9, 0xB9, 0xB7, 0xBF,
    0xBC, 0xB7, 0xB7, 0xB6, 0xBF, 0xBF, 0xA2, 0x96, 0xA3, 0xA2, 0x97, 0xA2, 0xBE, 0xA3, 0x85, 0x97,
    0xA3, 0x9E, 0xA2, 0xA9, 0x7D, 0x97, 0x99, 0x71, 0x7E, 0x87, 0x71, 0x71, 0x7F, 0x97, 0x96, 0x67,
    0x87, 0x90, 0x84, 0x7B, 0x7B, 0x84, 0x7F, 0x71, 0x7F, 0x6E, 0x67, 0x71, 0x5D, 0x3E, 0x5C, 0x51,
    0x47, 0x71, 0x8F, 0x82, 0x4A, 0x5D, 0x51, 0x53, 0x6D, 0x4D, 0x3D, 0x67, 0x47, 0x29, 0x48, 0x3B,
    0x3D, 0x3E, 0x5C, 0x64, 0x6E, 0x45, 0x69, 0x7A, 0x6D, 0x64, 0x4D, 0x54, 0x51, 0x64, 0x65, 0x52,
    0x5D, 0x65, 0x5C, 0x39, 0x47, 0x4A, 0x5D, 0x4B, 0x4F, 0x47, 0x29, 0x3C, 0x43, 0x3E, 0x3C, 0x35,
    0x23, 0x48, 0x29, 0x27, 0x34, 0x29, 0x24, 0x1E, 0x3A, 0x48, 0x27, 0x31, 0x3E, 0x34, 0x29, 0x29,
    0x3A, 0x3A, 0x3A, 0x3D, 0x36, 0x3A, 0x4C, 0x3C, 0x1E, 0x23, 0x40, 0x3E, 0x40, 0x47, 0x34, 0x53,
    0x47, 0x3B, 0x2A, 0x35, 0x39, 0x34, 0x5C, 0x3D, 0x24, 0x3A, 0x3A, 0x24, 0x29, 0x34, 0x48, 0x40,
    0x21, 0x4B, 0x66, 0x5C, 0x4E, 0x4B, 0x4B, 0x47, 0x5E, 0x60, 0x54, 0x63, 0x6E, 0x4A, 0x34, 0x54,
    0x64, 0x4A, 0x5C, 0x88, 0x81, 0x66, 0x6D, 0x4D, 0x52, 0x6A, 0x60, 0x4B, 0x81, 0x4E, 0x48, 0x70,
    0x66, 0x4E, 0x4E, 0x63, 0x7D, 0x7A, 0x54, 0x7F, 0x7C, 0x82, 0x85, 0x79, 0x7A, 0x7B, 0x7B, 0x88,
    0x64, 0x79, 0x88, 0x79, 0x6D, 0x82, 0x6E, 0x72, 0x8D, 0xA5, 0xA2, 0x82, 0x8F, 0x9E, 0x9D, 0x88,
    0x97, 0x7E, 0xA2, 0x96, 0x85, 0xA2, 0xA2, 0x85, 0x82, 0x9E, 0xB6, 0xC0, 0x8A, 0x9F, 0xC5, 0xC0,
    0xB8, 0xBA, 0xB9, 0xB7, 0xBA, 0xC7, 0xBD, 0xBC, 0xD0, 0xCF, 0xB3, 0xB9, 0xB9, 0xB9, 0xB9, 0xCF,
    0xDA, 0xC7, 0xBC, 0xCC, 0xCE, 0xCE, 0xDA, 0xBC, 0xBC, 0xD9, 0xE6, 0xDA, 0xD2, 0xCF, 0xC7, 0xC9,
    0xE9, 0xF8, 0xE3, 0xDB, 0xF3, 0xF9, 0xEF, 0xFD, 0x2D, 0x59, 0x57, 0xE6, 0xE2, 0xD6, 0xE0, 0xF9,
    0x00, 0x00, 0x00, 0x00, 0x00, 0x00, 0x00, 0x00, 0x00, 0x00, 0x00, 0x00, 0x00, 0x00, 0x00, 0x00,
    0x00, 0x00, 0x00, 0x00, 0x00, 0x00, 0x00, 0x00, 0x00, 0x00, 0x00, 0x00, 0x00, 0x00, 0x00, 0x00,
    0x00, 0x00, 0x00, 0x00, 0x00, 0x00, 0x00, 0x00, 0x00, 0x00, 0x00, 0x00, 0x00, 0x00, 0x00, 0x00,
    0x00, 0x00, 0x00, 0x00, 0x00, 0x00, 0x00, 0x00, 0x00, 0x00, 0x00, 0x00, 0x00, 0x00, 0x00, 0x00,
    0x00, 0x00, 0x00, 0x00, 0x00, 0x00, 0x00, 0x00, 0x00, 0x00, 0x00, 0x00, 0x00, 0x00, 0x00, 0x00,
    0x00, 0x00, 0x00, 0x00, 0x00, 0x00, 0x00, 0x00, 0x00, 0x00, 0x00, 0x00, 0x00, 0x00, 0x00, 0x00,
    0x00, 0x00, 0x00, 0x00, 0x00, 0x00, 0x00, 0x00, 0x00, 0x00, 0x00, 0x00, 0x00, 0x00, 0x00, 0x00,
    0x00, 0x00, 0x00, 0x00, 0x00, 0x00, 0x00, 0x00, 0x00, 0x00, 0x00, 0x00, 0x00, 0x00, 0x00, 0x00,
    0x00, 0x00, 0x00, 0x00, 0x00, 0x00, 0x00, 0x00, 0x00, 0x00, 0x00, 0x00, 0x00, 0x00, 0x00, 0x00,
    0x00, 0x00, 0x00, 0x00, 0x00, 0x00, 0x00, 0x00, 0x00, 0x00, 0x00, 0x00, 0x00, 0x00, 0x00, 0x00,
    0x00, 0x00, 0x00, 0x00, 0x00, 0x00, 0x00, 0x00, 0x00, 0x00, 0x00, 0x00, 0x00, 0x00, 0x00, 0x00,
    0x00, 0x00, 0x00, 0x00, 0x00, 0x00, 0x00, 0x00, 0x00, 0x00, 0x00, 0x00, 0x00, 0x00, 0x00, 0x00,
    0xF9, 0xDC, 0xEA, 0xEA, 0xCA, 0x57, 0x59, 0x57, 0xFD, 0xA7, 0xC7, 0xEB, 0xE3, 0xE6, 0xE3, 0xE0,
    0xD4, 0xD4, 0xEB, 0xF3, 0xD6, 0xCF, 0xC5, 0xCE, 0xCF, 0xC5, 0xC7, 0xC9, 0xCF, 0xB9, 0xB3, 0xC5,
    0xC5, 0xC5, 0xCF, 0xCE, 0xCD, 0xBA, 0xB9, 0xC2, 0xC0, 0xC0, 0xB7, 0xB2, 0xB3, 0xB0, 0xAB, 0xA9,
    0xAB, 0x9E, 0xAB, 0xAB, 0xAB, 0xB2, 0xA5, 0x96, 0xB6, 0xA3, 0xB2, 0xB1, 0xB6, 0x9D, 0x87, 0x98,
    0x8E, 0x87, 0x97, 0x97, 0x77, 0x72, 0x85, 0x85, 0x8D, 0x96, 0x7F, 0x8D, 0x7F, 0x8D, 0x82, 0x85,
    0x96, 0x8F, 0x77, 0x6A, 0x74, 0x6E, 0x5E, 0x66, 0x71, 0x4A, 0x6D, 0x75, 0x51, 0x3D, 0x5F, 0x7B,
    0x64, 0x67, 0x7A, 0x4E, 0x48, 0x4B, 0x43, 0x43, 0x54, 0x49, 0x3A, 0x34, 0x47, 0x3B, 0x36, 0x51,
    0x67, 0x5D, 0x48, 0x47, 0x4B, 0x5E, 0x6A, 0x43, 0x4C, 0x4D, 0x49, 0x35, 0x3C, 0x3B, 0x34, 0x4A,
    0x4D, 0x47, 0x3B, 0x40, 0x64, 0x4A, 0x5D, 0x65, 0x4A, 0x3A, 0x29, 0x3C, 0x3B, 0x3A, 0x47, 0x34,
    0x1F, 0x1E, 0x27, 0x34, 0x4A, 0x5C, 0x36, 0x28, 0x23, 0x34, 0x34, 0x31, 0x3A, 0x29, 0x34, 0x25,
    0x25, 0x29, 0x27, 0x29, 0x34, 0x25, 0x36, 0x34, 0x24, 0x29, 0x34, 0x47, 0x4D, 0x40, 0x39, 0x29,
    0x41, 0x2B, 0x26, 0x2B, 0x29, 0x27, 0x24, 0x29, 0x3A, 0x48, 0x4D, 0x3A, 0x4C, 0x34, 0x34, 0x4A,
    0x43, 0x6E, 0x4E, 0x4A, 0x49, 0x43, 0x29, 0x34, 0x40, 0x43, 0x3B, 0x4A, 0x54, 0x4A, 0x3C, 0x47,
    0x76, 0x64, 0x66, 0x81, 0x5C, 0x4C, 0x4D, 0x49, 0x49, 0x65, 0x4D, 0x34, 0x4A, 0x63, 0x51, 0x71,
    0x96, 0x85, 0x5D, 0x48, 0x6D, 0x70, 0x71, 0x7F, 0x65, 0x6D, 0x6D, 0x6D, 0x4E, 0x63, 0x64, 0x66,
    0x55, 0x7E, 0x7A, 0x6D, 0x63, 0x8D, 0x7E, 0x7F, 0x8D, 0xA3, 0x8F, 0x7B, 0x8D, 0x80, 0x82, 0x8F,
    0x7E, 0x7F, 0x72, 0x7E, 0x97, 0xA3, 0xBF, 0x98, 0xA4, 0xA2, 0xA2, 0xAD, 0xB2, 0xAB, 0xB7, 0xB7,
    0xC0, 0xAF, 0xAF, 0xA0, 0xAC, 0xAF, 0xB6, 0xAD, 0xC2, 0xC5, 0xAD, 0xB7, 0xC9, 0xC9, 0xD2, 0xCC,
    0xBC, 0xAF, 0xAF, 0xC5, 0xBC, 0xCC, 0xCF, 0xC4, 0xB4, 0xC3, 0xC7, 0xD6, 0xDA, 0xCF, 0xCF, 0xC9,
    0xDF, 0xF9, 0xFB, 0xE6, 0xE6, 0xF0, 0xD8, 0xFD, 0x2C, 0x58, 0x57, 0xEF, 0xF3, 0xE3, 0xE6, 0xFA,
    0x00, 0x00, 0x00, 0x00, 0x00, 0x00, 0x00, 0x00, 0x00, 0x00, 0x00, 0x00, 0x00, 0x00, 0x00, 0x00,
    0x00, 0x00, 0x00, 0x00, 0x00, 0x00, 0x00, 0x00, 0x00, 0x00, 0x00, 0x00, 0x00, 0x00, 0x00, 0x00,
    0x00, 0x00, 0x00, 0x00, 0x00, 0x00, 0x00, 0x00, 0x00, 0x00, 0x00, 0x00, 0x00, 0x00, 0x00, 0x00,
    0x00, 0x00, 0x00, 0x00, 0x00, 0x00, 0x00, 0x00, 0x00, 0x00, 0x00, 0x00, 0x00, 0x00, 0x00, 0x00,
    0x00, 0x00, 0x00, 0x00, 0x00, 0x00, 0x00, 0x00, 0x00, 0x00, 0x00, 0x00, 0x00, 0x00, 0x00, 0x00,
    0x00, 0x00, 0x00, 0x00, 0x00, 0x00, 0x00, 0x00, 0x00, 0x00, 0x00, 0x00, 0x00, 0x00, 0x00, 0x00,
    0x00, 0x00, 0x00, 0x00, 0x00, 0x00, 0x00, 0x00, 0x00, 0x00, 0x00, 0x00, 0x00, 0x00, 0x00, 0x00,
    0x00, 0x00, 0x00, 0x00, 0x00, 0x00, 0x00, 0x00, 0x00, 0x00, 0x00, 0x00, 0x00, 0x00, 0x00, 0x00,
    0x00, 0x00, 0x00, 0x00, 0x00, 0x00, 0x00, 0x00, 0x00, 0x00, 0x00, 0x00, 0x00, 0x00, 0x00, 0x00,
    0x00, 0x00, 0x00, 0x00, 0x00, 0x00, 0x00, 0x00, 0x00, 0x00, 0x00, 0x00, 0x00, 0x00, 0x00, 0x00,
    0x00, 0x00, 0x00, 0x00, 0x00, 0x00, 0x00, 0x00, 0x00, 0x00, 0x00, 0x00, 0x00, 0x00, 0x00, 0x00,
    0x00, 0x00, 0x00, 0x00, 0x00, 0x00, 0x00, 0x00, 0x00, 0x00, 0x00, 0x00, 0x00, 0x00, 0x00, 0x00,
    0xF5, 0xDC, 0xDC, 0xF3, 0xDB, 0x57, 0x62, 0x59, 0xFD, 0xD8, 0xEF, 0xF8, 0xE3, 0xDA, 0xE3, 0xDC,
    0xE3, 0xE0, 0xEB, 0xE9, 0xE3, 0xCF, 0xC7, 0xD6, 0xD6, 0xD6, 0xD4, 0xCF, 0xCE, 0xDA, 0xD6, 0xBC,
    0xC5, 0xD4, 0xDA, 0xDA, 0xD4, 0xCD, 0xC2, 0xB9, 0xB7, 0xBE, 0xCE, 0xC9, 0xBF, 0xAD, 0xAD, 0xAD,
    0xBF, 0xCD, 0xB7, 0x9E, 0x98, 0xA3, 0xA9, 0xA3, 0xB6, 0xA9, 0xAB, 0xA4, 0x96, 0x97, 0xB2, 0x9F,
    0x97, 0x98, 0x97, 0x96, 0xAB, 0x8E, 0x6B, 0x85, 0xA3, 0xA3, 0x9E, 0x8D, 0x88, 0x97, 0x7E, 0x7E,
    0xA3, 0xB1, 0x7F, 0x7E, 0x6A, 0x67, 0x72, 0x97, 0x97, 0x67, 0x5C, 0x5E, 0x6A, 0x5D, 0x7E, 0x71,
    0x6D, 0x6F, 0x4B, 0x54, 0x6A, 0x4F, 0x4F, 0x54, 0x51, 0x54, 0x6F, 0x47, 0x3B, 0x4B, 0x64, 0x79,
    0x6E, 0x64, 0x47, 0x48, 0x47, 0x47, 0x6E, 0x84, 0x5D, 0x48, 0x35, 0x40, 0x4A, 0x64, 0x51, 0x40,
    0x2B, 0x3C, 0x3C, 0x3C, 0x7A, 0x66, 0x4C, 0x4A, 0x40, 0x3A, 0x47, 0x3A, 0x3D, 0x47, 0x47, 0x47,
    0x47, 0x28, 0x20, 0x3A, 0x63, 0x66, 0x3B, 0x36, 0x35, 0x24, 0x23, 0x3B, 0x4E, 0x47, 0x27, 0x25,
    0x27, 0x3A, 0x4C, 0x4C, 0x34, 0x1B, 0x24, 0x29, 0x3D, 0x48, 0x3F, 0x34, 0x43, 0x40, 0x3A, 0x35,
    0x39, 0x40, 0x41, 0x2B, 0x43, 0x4B, 0x2B, 0x1B, 0x3B, 0x6D, 0x81, 0x66, 0x48, 0x3D, 0x3D, 0x29,
    0x48, 0x7E, 0x7A, 0x5C, 0x3F, 0x44, 0x4A, 0x48, 0x67, 0x72, 0x3B, 0x39, 0x3C, 0x48, 0x6A, 0x5E,
    0x48, 0x6B, 0x67, 0x63, 0x51, 0x6E, 0x5C, 0x65, 0x67, 0x53, 0x6A, 0x7F, 0x67, 0x48, 0x6A, 0x85,
    0x9D, 0x97, 0x6E, 0x66, 0x64, 0x4E, 0x67, 0x8F, 0x7B, 0x7A, 0x64, 0x63, 0x67, 0x6D, 0x88, 0x88,
    0x6D, 0x67, 0x71, 0x72, 0x66, 0xA2, 0x8F, 0x84, 0x8D, 0x80, 0x82, 0x9D, 0x88, 0x98, 0x98, 0x9D,
    0xAB, 0xBA, 0x98, 0x7E, 0x87, 0xB6, 0xC2, 0xB9, 0xB7, 0xA9, 0xA2, 0xA9, 0x9D, 0xC2, 0xC5, 0xB6,
    0xBE, 0xB2, 0xB7, 0xAD, 0xB5, 0xCC, 0xCE, 0xAD, 0xB2, 0xB7, 0xB7, 0xC2, 0xD4, 0xCD, 0xCF, 0xC5,
    0xB5, 0xBC, 0xCC, 0xCC, 0xCF, 0xCF, 0xCE, 0xD6, 0xE3, 0xC5, 0xCE, 0xE3, 0xDA, 0xCF, 0xDA, 0xE3,
    0xE3, 0xE6, 0xDA, 0xF3, 0xF4, 0xF4, 0xDB, 0xFE, 0x2C, 0x58, 0x59, 0xE6, 0xF0, 0xF9, 0xF1, 0xF9,
    0x00, 0x00, 0x00, 0x00, 0x00, 0x00, 0x00, 0x00, 0x00, 0x00, 0x00, 0x00, 0x00, 0x00, 0x00, 0x00,
    0x00, 0x00, 0x00, 0x00, 0x00, 0x00, 0x00, 0x00, 0x00, 0x00, 0x00, 0x00, 0x00, 0x00, 0x00, 0x00,
    0x00, 0x00, 0x00, 0x00, 0x00, 0x00, 0x00, 0x00, 0x00, 0x00, 0x00, 0x00, 0x00, 0x00, 0x00, 0x00,
    0x00, 0x00, 0x00, 0x00, 0x00, 0x00, 0x00, 0x00, 0x00, 0x00, 0x00, 0x00, 0x00, 0x00, 0x00, 0x00,
    0x00, 0x00, 0x00, 0x00, 0x00, 0x00, 0x00, 0x00, 0x00, 0x00, 0x00, 0x00, 0x00, 0x00, 0x00, 0x00,
    0x00, 0x00, 0x00, 0x00, 0x00, 0x00, 0x00, 0x00, 0x00, 0x00, 0x00, 0x00, 0x00, 0x00, 0x00, 0x00,
    0x00, 0x00, 0x00, 0x00, 0x00, 0x00, 0x00, 0x00, 0x00, 0x00, 0x00, 0x00, 0x00, 0x00, 0x00, 0x00,
    0x00, 0x00, 0x00, 0x00, 0x00, 0x00, 0x00, 0x00, 0x00, 0x00, 0x00, 0x00, 0x00, 0x00, 0x00, 0x00,
    0x00, 0x00, 0x00, 0x00, 0x00, 0x00, 0x00, 0x00, 0x00, 0x00, 0x00, 0x00, 0x00, 0x00, 0x00, 0x00,
    0x00, 0x00, 0x00, 0x00, 0x00, 0x00, 0x00, 0x00, 0x00, 0x00, 0x00, 0x00, 0x00, 0x00, 0x00, 0x00,
    0x00, 0x00, 0x00, 0x00, 0x00, 0x00, 0x00, 0x00, 0x00, 0x00, 0x00, 0x00, 0x00, 0x00, 0x00, 0x00,
    0x00, 0x00, 0x00, 0x00, 0x00, 0x00, 0x00, 0x00, 0x00, 0x00, 0x00, 0x00, 0x00, 0x00, 0x00, 0x00,
    0xF1, 0xF1, 0xF4, 0xF8, 0xEF, 0x58, 0x95, 0x59, 0xFF, 0xF5, 0xF3, 0xE3, 0xD4, 0xD5, 0xE3, 0xE7,
    0xF3, 0xE3, 0xEB, 0xE3, 0xD2, 0xCF, 0xCF, 0xDC, 0xCF, 0xCF, 0xDC, 0xD6, 0xC5, 0xCF, 0xD2, 0xC8,
    0xCC, 0xCE, 0xD2, 0xCF, 0xC2, 0xCD, 0xC2, 0xB7, 0xC0, 0xC0, 0xB7, 0xC2, 0xC0, 0xB6, 0xB7, 0xC0,
    0xBE, 0xAB, 0xAD, 0x8F, 0xA3, 0xAD, 0xB2, 0xB7, 0xB1, 0xB2, 0xAB, 0x8E, 0x96, 0xA3, 0xAB, 0x98,
    0x96, 0xA3, 0x9D, 0x82, 0xA2, 0x9A, 0x7F, 0x8D, 0x9D, 0x97, 0x87, 0x82, 0x96, 0x88, 0x88, 0x88,
    0x88, 0x88, 0x97, 0x85, 0x7F, 0x87, 0x97, 0x81, 0x71, 0x6E, 0x5C, 0x7A, 0x82, 0x7E, 0x70, 0x6E,
    0x6E, 0x53, 0x4B, 0x54, 0x69, 0x4B, 0x5E, 0x6D, 0x51, 0x4A, 0x65, 0x5D, 0x47, 0x47, 0x53, 0x4D,
    0x4C, 0x5C, 0x53, 0x48, 0x3E, 0x53, 0x53, 0x53, 0x4E, 0x4C, 0x48, 0x64, 0x5D, 0x3E, 0x39, 0x39,
    0x34, 0x4B, 0x53, 0x4B, 0x47, 0x63, 0x4B, 0x35, 0x37, 0x3E, 0x4A, 0x29, 0x3E, 0x4A, 0x3B, 0x29,
    0x3C, 0x37, 0x26, 0x37, 0x3B, 0x3A, 0x3A, 0x37, 0x35, 0x24, 0x34, 0x34, 0x34, 0x3B, 0x34, 0x34,
    0x3E, 0x48, 0x3A, 0x3A, 0x24, 0x23, 0x3C, 0x3E, 0x4E, 0x4A, 0x4A, 0x3C, 0x28, 0x28, 0x3C, 0x43,
    0x29, 0x3E, 0x49, 0x29, 0x29, 0x3C, 0x41, 0x2B, 0x32, 0x40, 0x63, 0x4C, 0x3D, 0x4D, 0x3D, 0x3A,
    0x47, 0x47, 0x4C, 0x70, 0x4C, 0x4D, 0x70, 0x79, 0x4A, 0x4A, 0x3D, 0x3D, 0x51, 0x51, 0x51, 0x65,
    0x47, 0x4D, 0x4A, 0x49, 0x60, 0x7B, 0x5C, 0x67, 0x7A, 0x4B, 0x5E, 0x7B, 0x7F, 0x5D, 0x71, 0x7D,
    0x72, 0x64, 0x72, 0x7B, 0x64, 0x64, 0x6D, 0x6D, 0x81, 0x7A, 0x71, 0x6E, 0x85, 0x82, 0x71, 0x71,
    0x5E, 0x6E, 0x82, 0x8D, 0x82, 0x7E, 0x85, 0x80, 0x6B, 0x6F, 0x87, 0x9D, 0x88, 0xA9, 0xB1, 0xA2,
    0x9D, 0xAB, 0xA4, 0x8E, 0x8D, 0x9F, 0x9A, 0xB7, 0xB6, 0xB2, 0x9E, 0x9E, 0xA3, 0xC0, 0xC2, 0xB7,
    0xB2, 0xB7, 0xC0, 0xCE, 0xC2, 0xAD, 0xAD, 0xA3, 0xB7, 0xC5, 0xCD, 0xC2, 0xC2, 0xCD, 0xC5, 0xB0,
    0xC2, 0xC5, 0xCE, 0xC5, 0xD3, 0xCF, 0xC5, 0xD3, 0xDC, 0xD6, 0xCF, 0xE6, 0xE3, 0xDB, 0xDA, 0xDA,
    0xD6, 0xDA, 0xE3, 0xF3, 0xF8, 0xF4, 0xF1, 0xFE, 0x2D, 0x59, 0x62, 0xDD, 0xF1, 0xF9, 0xF9, 0xF9,
    0x00, 0x00, 0x00, 0x00, 0x00, 0x00, 0x00, 0x00, 0x00, 0x00, 0x00, 0x00, 0x00, 0x00, 0x00, 0x00,
    0x00, 0x00, 0x00, 0x00, 0x00, 0x00, 0x00, 0x00, 0x00, 0x00, 0x00, 0x00, 0x00, 0x00, 0x00, 0x00,
    0x00, 0x00, 0x00, 0x00, 0x00, 0x00, 0x00, 0x00, 0x00, 0x00, 0x00, 0x00, 0x00, 0x00, 0x00, 0x00,
    0x00, 0x00, 0x00, 0x00, 0x00, 0x00, 0x00, 0x00, 0x00, 0x00, 0x00, 0x00, 0x00, 0x00, 0x00, 0x00,
    0x00, 0x00, 0x00, 0x00, 0x00, 0x00, 0x00, 0x00, 0x00, 0x00, 0x00, 0x00, 0x00, 0x00, 0x00, 0x00,
    0x00, 0x00, 0x00, 0x00, 0x00, 0x00, 0x00, 0x00, 0x00, 0x00, 0x00, 0x00, 0x00, 0x00, 0x00, 0x00,
    0x00, 0x00, 0x00, 0x00, 0x00, 0x00, 0x00, 0x00, 0x00, 0x00, 0x00, 0x00, 0x00, 0x00, 0x00, 0x00,
    0x00, 0x00, 0x00, 0x00, 0x00, 0x00, 0x00, 0x00, 0x00, 0x00, 0x00, 0x00, 0x00, 0x00, 0x00, 0x00,
    0x00, 0x00, 0x00, 0x00, 0x00, 0x00, 0x00, 0x00, 0x00, 0x00, 0x00, 0x00, 0x00, 0x00, 0x00, 0x00,
    0x00, 0x00, 0x00, 0x00, 0x00, 0x00, 0x00, 0x00, 0x00, 0x00, 0x00, 0x00, 0x00, 0x00, 0x00, 0x00,
    0x00, 0x00, 0x00, 0x00, 0x00, 0x00, 0x00, 0x00, 0x00, 0x00, 0x00, 0x00, 0x00, 0x00, 0x00, 0x00,
    0x00, 0x00, 0x00, 0x00, 0x00, 0x00, 0x00, 0x00, 0x00, 0x00, 0x00, 0x00, 0x00, 0x00, 0x00, 0x00,
    0xFB, 0xF9, 0xF8, 0xE9, 0xDB, 0x57, 0x59, 0x58, 0xFE, 0xF3, 0xE9, 0xE3, 0xD6, 0xE6, 0xEA, 0xE3,
    0xEB, 0xE0, 0xD6, 0xDA, 0xDA, 0xE3, 0xD3, 0xD6, 0xCE, 0xCF, 0xE0, 0xDA, 0xC5, 0xC5, 0xD6, 0xC9,
    0xC5, 0xC4, 0xC4, 0xC1, 0xC2, 0xD4, 0xCD, 0xCD, 0xCE, 0xBF, 0xAB, 0xC2, 0xCD, 0xC5, 0xC2, 0xC0,
    0xB3, 0xA3, 0xA9, 0xB2, 0xB2, 0xAB, 0xB7, 0xB7, 0xAB, 0x9F, 0x92, 0x9A, 0xA2, 0xA9, 0xA3, 0xB1,
    0xA4, 0xA9, 0xAB, 0x84, 0x80, 0x8E, 0xA9, 0x8E, 0x6B, 0x7F, 0x85, 0x7F, 0x87, 0x85, 0x96, 0x96,
    0x73, 0x7A, 0xA3, 0x9E, 0x97, 0x87, 0x97, 0x82, 0x6D, 0x7B, 0x7E, 0x81, 0x7A, 0x82, 0x66, 0x67,
    0x5E, 0x66, 0x64, 0x5D, 0x65, 0x5E, 0x6E, 0x6E, 0x48, 0x48, 0x53, 0x63, 0x53, 0x47, 0x47, 0x4D,
    0x4C, 0x4C, 0x63, 0x4A, 0x63, 0x6D, 0x3B, 0x47, 0x64, 0x66, 0x6D, 0x53, 0x51, 0x3B, 0x3B, 0x48,
    0x48, 0x53, 0x4A, 0x4B, 0x40, 0x35, 0x35, 0x29, 0x39, 0x3A, 0x3A, 0x35, 0x40, 0x4A, 0x3E, 0x29,
    0x35, 0x3B, 0x35, 0x28, 0x21, 0x29, 0x3B, 0x3B, 0x3A, 0x3E, 0x4C, 0x27, 0x29, 0x40, 0x4C, 0x4D,
    0x3E, 0x40, 0x36, 0x34, 0x34, 0x29, 0x40, 0x3B, 0x47, 0x48, 0x31, 0x28, 0x2B, 0x34, 0x29, 0x34,
    0x39, 0x49, 0x4E, 0x3B, 0x29, 0x29, 0x40, 0x3A, 0x2B, 0x26, 0x39, 0x3E, 0x3A, 0x47, 0x4C, 0x4C,
    0x47, 0x34, 0x51, 0x79, 0x7A, 0x66, 0x6D, 0x70, 0x4C, 0x5D, 0x70, 0x63, 0x5D, 0x49, 0x54, 0x49,
    0x52, 0x5E, 0x4D, 0x53, 0x54, 0x6E, 0x71, 0x85, 0x91, 0x6D, 0x49, 0x53, 0x72, 0x72, 0x4B, 0x5A,
    0x6A, 0x6A, 0x6E, 0x67, 0x6D, 0x82, 0x7E, 0x4E, 0x7A, 0x90, 0x7F, 0x7A, 0x82, 0x82, 0x71, 0x72,
    0x7E, 0x7E, 0x8D, 0x87, 0x8D, 0x7F, 0x77, 0x76, 0x72, 0x7F, 0x87, 0x7E, 0x88, 0xB1, 0xBE, 0xA9,
    0x98, 0x84, 0x8D, 0x97, 0x8E, 0x74, 0x8D, 0xA2, 0xB1, 0xB6, 0xAB, 0x9E, 0xB7, 0xA9, 0xAB, 0xCD,
    0xCB, 0xC5, 0xC5, 0xB9, 0xC2, 0xAF, 0xB2, 0xBE, 0xCD, 0xC2, 0xC5, 0xCD, 0xC1, 0xC5, 0xBC, 0xCD,
    0xCC, 0xC5, 0xC2, 0xCD, 0xD6, 0xDA, 0xC7, 0xC7, 0xD6, 0xE3, 0xDA, 0xC3, 0xD2, 0xDA, 0xD6, 0xD5,
    0xD5, 0xE3, 0xF3, 0xF8, 0xEA, 0xDC, 0xDD, 0xFE, 0x2D, 0x59, 0x58, 0xE6, 0xF3, 0xF9, 0xF5, 0xF9,
    0x00, 0x00, 0x00, 0x00, 0x00, 0x00, 0x00, 0x00, 0x00, 0x00, 0x00, 0x00, 0x00, 0x00, 0x00, 0x00,
    0x00, 0x00, 0x00, 0x00, 0x00, 0x00, 0x00, 0x00, 0x00, 0x00, 0x00, 0x00, 0x00, 0x00, 0x00, 0x00,
    0x00, 0x00, 0x00, 0x00, 0x00, 0x00, 0x00, 0x00, 0x00, 0x00, 0x00, 0x00, 0x00, 0x00, 0x00, 0x00,
    0x00, 0x00, 0x00, 0x00, 0x00, 0x00, 0x00, 0x00, 0x00, 0x00, 0x00, 0x00, 0x00, 0x00, 0x00, 0x00,
    0x00, 0x00, 0x00, 0x00, 0x00, 0x00, 0x00, 0x00, 0x00, 0x00, 0x00, 0x00, 0x00, 0x00, 0x00, 0x00,
    0x00, 0x00, 0x00, 0x00, 0x00, 0x00, 0x00, 0x00, 0x00, 0x00, 0x00, 0x00, 0x00, 0x00, 0x00, 0x00,
    0x00, 0x00, 0x00, 0x00, 0x00, 0x00, 0x00, 0x00, 0x00, 0x00, 0x00, 0x00, 0x00, 0x00, 0x00, 0x00,
    0x00, 0x00, 0x00, 0x00, 0x00, 0x00, 0x00, 0x00, 0x00, 0x00, 0x00, 0x00, 0x00, 0x00, 0x00, 0x00,
    0x00, 0x00, 0x00, 0x00, 0x00, 0x00, 0x00, 0x00, 0x00, 0x00, 0x00, 0x00, 0x00, 0x00, 0x00, 0x00,
    0x00, 0x00, 0x00, 0x00, 0x00, 0x00, 0x00, 0x00, 0x00, 0x00, 0x00, 0x00, 0x00, 0x00, 0x00, 0x00,
    0x00, 0x00, 0x00, 0x00, 0x00, 0x00, 0x00, 0x00, 0x00, 0x00, 0x00, 0x00, 0x00, 0x00, 0x00, 0x00,
    0x00, 0x00, 0x00, 0x00, 0x00, 0x00, 0x00, 0x00, 0x00, 0x00, 0x00, 0x00, 0x00, 0x00, 0x00, 0x00,
    0xFE, 0xF9, 0xF8, 0xF0, 0xDB, 0x57, 0x62, 0x59, 0xFE, 0xF4, 0xD6, 0xDA, 0xF8, 0xF4, 0xF3, 0xE0,
    0xE3, 0xD6, 0xC7, 0xD6, 0xE3, 0xD6, 0xCF, 0xD6, 0xE3, 0xCF, 0xC4, 0xCF, 0xCF, 0xC5, 0xCE, 0xC2,
    0xCE, 0xC5, 0xAF, 0xC2, 0xCE, 0xD4, 0xD4, 0xDE, 0xD0, 0xC2, 0xC2, 0xC2, 0xC0, 0xC5, 0xC2, 0xB9,
    0xB9, 0xB6, 0xA9, 0xC2, 0xC2, 0xB6, 0xB7, 0xB7, 0xA6, 0x8E, 0x8D, 0xA3, 0x97, 0x96, 0xB1, 0x96,
    0xA2, 0x67, 0x8D, 0xA3, 0x7F, 0x97, 0x9D, 0x8D, 0x6B, 0x75, 0x8D, 0x87, 0x85, 0x9D, 0x96, 0x87,
    0x87, 0x87, 0x90, 0x9D, 0x97, 0x87, 0x7F, 0x84, 0x79, 0x81, 0x8F, 0x84, 0x7F, 0x85, 0x66, 0x5D,
    0x66, 0x6D, 0x63, 0x53, 0x67, 0x72, 0x51, 0x37, 0x5C, 0x4D, 0x48, 0x5C, 0x53, 0x44, 0x43, 0x3D,
    0x49, 0x5C, 0x71, 0x79, 0x6E, 0x4B, 0x3C, 0x40, 0x7A, 0x71, 0x4E, 0x49, 0x49, 0x48, 0x48, 0x55,
    0x6D, 0x54, 0x53, 0x51, 0x35, 0x25, 0x23, 0x3B, 0x3D, 0x23, 0x34, 0x31, 0x35, 0x21, 0x3A, 0x3A,
    0x29, 0x4A, 0x40, 0x25, 0x25, 0x29, 0x48, 0x48, 0x66, 0x66, 0x5C, 0x29, 0x24, 0x48, 0x66, 0x63,
    0x48, 0x34, 0x34, 0x3A, 0x3E, 0x4A, 0x49, 0x48, 0x4A, 0x3C, 0x25, 0x25, 0x3C, 0x34, 0x23, 0x34,
    0x24, 0x31, 0x1C, 0x3D, 0x29, 0x24, 0x4B, 0x3B, 0x29, 0x2A, 0x31, 0x4A, 0x47, 0x5C, 0x79, 0x4A,
    0x47, 0x3B, 0x51, 0x65, 0x6A, 0x65, 0x66, 0x63, 0x66, 0x4E, 0x7A, 0x71, 0x67, 0x4D, 0x5E, 0x41,
    0x45, 0x51, 0x4D, 0x49, 0x54, 0x6E, 0x7B, 0x5E, 0x48, 0x7A, 0x6D, 0x4E, 0x70, 0x6D, 0x60, 0x5E,
    0x55, 0x7E, 0x6E, 0x7E, 0x88, 0x88, 0x7F, 0x6D, 0x81, 0x84, 0x8D, 0x81, 0x7A, 0x82, 0x7F, 0x71,
    0x88, 0x96, 0x87, 0x86, 0x87, 0x72, 0x61, 0x6B, 0x85, 0x7D, 0x7D, 0x71, 0x87, 0xAB, 0x8D, 0xA2,
    0x96, 0x79, 0x9D, 0xB6, 0x8A, 0x6F, 0x84, 0xB1, 0xAB, 0xB6, 0xCB, 0xC2, 0xBE, 0xB1, 0xB8, 0xC5,
    0xCF, 0xC5, 0xC1, 0xB6, 0xB7, 0xBC, 0xAD, 0xCD, 0xD6, 0xCE, 0xC9, 0xC9, 0xB9, 0xBC, 0xBD, 0xC2,
    0xBA, 0xC2, 0xCE, 0xCF, 0xBC, 0xC5, 0xDA, 0xCE, 0xCF, 0xCF, 0xD6, 0xD5, 0xD2, 0xCF, 0xE3, 0xE3,
    0xF3, 0xEB, 0xEB, 0xF3, 0xEA, 0xD0, 0xDC, 0xFF, 0x2D, 0x59, 0x62, 0xE6, 0xE0, 0xF2, 0xF4, 0xFB,
    0x00, 0x00, 0x00, 0x00, 0x00, 0x00, 0x00, 0x00, 0x00, 0x00, 0x00, 0x00, 0x00, 0x00, 0x00, 0x00,
    0x00, 0x00, 0x00, 0x00, 0x00, 0x00, 0x00, 0x00, 0x00, 0x00, 0x00, 0x00, 0x00, 0x00, 0x00, 0x00,
    0x00, 0x00, 0x00, 0x00, 0x00, 0x00, 0x00, 0x00, 0x00, 0x00, 0x00, 0x00, 0x00, 0x00, 0x00, 0x00,
    0x00, 0x00, 0x00, 0x00, 0x00, 0x00, 0x00, 0x00, 0x00, 0x00, 0x00, 0x00, 0x00, 0x00, 0x00, 0x00,
    0x00, 0x00, 0x00, 0x00, 0x00, 0x00, 0x00, 0x00, 0x00, 0x00, 0x00, 0x00, 0x00, 0x00, 0x00, 0x00,
    0x00, 0x00, 0x00, 0x00, 0x00, 0x00, 0x00, 0x00, 0x00, 0x00, 0x00, 0x00, 0x00, 0x00, 0x00, 0x00,
    0x00, 0x00, 0x00, 0x00, 0x00, 0x00, 0x00, 0x00, 0x00, 0x00, 0x00, 0x00, 0x00, 0x00, 0x00, 0x00,
    0x00, 0x00, 0x00, 0x00, 0x00, 0x00, 0x00, 0x00, 0x00, 0x00, 0x00, 0x00, 0x00, 0x00, 0x00, 0x00,
    0x00, 0x00, 0x00, 0x00, 0x00, 0x00, 0x00, 0x00, 0x00, 0x00, 0x00, 0x00, 0x00, 0x00, 0x00, 0x00,
    0x00, 0x00, 0x00, 0x00, 0x00, 0x00, 0x00, 0x00, 0x00, 0x00, 0x00, 0x00, 0x00, 0x00, 0x00, 0x00,
    0x00, 0x00, 0x00, 0x00, 0x00, 0x00, 0x00, 0x00, 0x00, 0x00, 0x00, 0x00, 0x00, 0x00, 0x00, 0x00,
    0x00, 0x00, 0x00, 0x00, 0x00, 0x00, 0x00, 0x00, 0x00, 0x00, 0x00, 0x00, 0x00, 0x00, 0x00, 0x00,
    0xFE, 0xEB, 0xE9, 0xEA, 0xDB, 0x58, 0x62, 0x59, 0xFD, 0xE3, 0xD6, 0xD6, 0xEB, 0xEB, 0xE3, 0xD6,
    0xDA, 0xE3, 0xCF, 0xDA, 0xDC, 0xD6, 0xDA, 0xD4, 0xD6, 0xCE, 0xB0, 0xC2, 0xD4, 0xCE, 0xCE, 0xC2,
    0xCD, 0xC5, 0xC7, 0xCE, 0xCD, 0xD4, 0xD4, 0xCE, 0xB9, 0xC2, 0xC1, 0xC2, 0xBE, 0xC5, 0xB9, 0xAB,
    0xB6, 0xC2, 0xBF, 0xB9, 0xAD, 0xB6, 0xBF, 0xB7, 0xB7, 0x98, 0xB2, 0xB2, 0x9F, 0x96, 0xB7, 0xB2,
    0x8D, 0x6C, 0x6B, 0x8F, 0x8F, 0xB1, 0x81, 0x85, 0x90, 0x72, 0x86, 0x84, 0x9D, 0x9E, 0x7E, 0x87,
    0x87, 0x97, 0x84, 0x87, 0x98, 0x8D, 0x71, 0x81, 0x88, 0x88, 0x7B, 0x67, 0x72, 0x82, 0x7E, 0x5D,
    0x7A, 0x66, 0x66, 0x7A, 0x63, 0x6D, 0x37, 0x28, 0x4D, 0x63, 0x4E, 0x4D, 0x3A, 0x4D, 0x48, 0x4C,
    0x66, 0x5C, 0x71, 0x66, 0x4A, 0x4B, 0x4A, 0x4D, 0x63, 0x4A, 0x49, 0x3E, 0x34, 0x5D, 0x5C, 0x4A,
    0x4C, 0x3E, 0x4D, 0x66, 0x4D, 0x3A, 0x3A, 0x34, 0x3E, 0x27, 0x3A, 0x3A, 0x25, 0x1C, 0x27, 0x3D,
    0x3B, 0x35, 0x23, 0x35, 0x34, 0x47, 0x63, 0x4C, 0x5C, 0x48, 0x3A, 0x34, 0x3A, 0x48, 0x48, 0x4A,
    0x3D, 0x27, 0x3D, 0x4C, 0x3D, 0x3E, 0x29, 0x47, 0x47, 0x40, 0x3B, 0x3A, 0x34, 0x3B, 0x34, 0x3B,
    0x29, 0x25, 0x1C, 0x28, 0x34, 0x3A, 0x49, 0x3A, 0x3A, 0x40, 0x43, 0x4E, 0x3C, 0x5E, 0x64, 0x47,
    0x53, 0x51, 0x51, 0x51, 0x51, 0x6E, 0x65, 0x53, 0x79, 0x6D, 0x66, 0x4E, 0x4A, 0x67, 0x64, 0x4F,
    0x49, 0x64, 0x4C, 0x40, 0x65, 0x5D, 0x5C, 0x36, 0x2F, 0x51, 0x70, 0x71, 0x66, 0x48, 0x70, 0x7A,
    0x65, 0x70, 0x71, 0x87, 0x81, 0x63, 0x7F, 0x71, 0x7A, 0x6D, 0x82, 0x87, 0x7A, 0x79, 0x97, 0x82,
    0x82, 0x81, 0x72, 0x82, 0x88, 0x7F, 0x6A, 0x87, 0x7D, 0x7E, 0x87, 0x96, 0xA3, 0x8D, 0x5F, 0xB6,
    0xB6, 0x9D, 0x9E, 0x82, 0x7F, 0x9E, 0x9A, 0xB1, 0xB1, 0xC0, 0xCB, 0xB8, 0xBE, 0xC0, 0xC0, 0xC0,
    0xBC, 0xC5, 0xB9, 0xAD, 0xB3, 0xC5, 0xB7, 0xBE, 0xBA, 0xC2, 0xCE, 0xCE, 0xB9, 0xB9, 0xCE, 0xB7,
    0xC2, 0xC5, 0xC5, 0xC5, 0xA7, 0xB5, 0xCE, 0xC2, 0xCE, 0xC9, 0xD6, 0xE6, 0xD5, 0xDA, 0xE3, 0xF3,
    0xF8, 0xE7, 0xE0, 0xD6, 0xEA, 0xE3, 0xEF, 0xFE, 0x2D, 0x59, 0x59, 0xF1, 0xE6, 0xD6, 0xE3, 0xF9,
    0x00, 0x00, 0x00, 0x00, 0x00, 0x00, 0x00, 0x00, 0x00, 0x00, 0x00, 0x00, 0x00, 0x00, 0x00, 0x00,
    0x00, 0x00, 0x00, 0x00, 0x00, 0x00, 0x00, 0x00, 0x00, 0x00, 0x00, 0x00, 0x00, 0x00, 0x00, 0x00,
    0x00, 0x00, 0x00, 0x00, 0x00, 0x00, 0x00, 0x00, 0x00, 0x00, 0x00, 0x00, 0x00, 0x00, 0x00, 0x00,
    0x00, 0x00, 0x00, 0x00, 0x00, 0x00, 0x00, 0x00, 0x00, 0x00, 0x00, 0x00, 0x00, 0x00, 0x00, 0x00,
    0x00, 0x00, 0x00, 0x00, 0x00, 0x00, 0x00, 0x00, 0x00, 0x00, 0x00, 0x00, 0x00, 0x00, 0x00, 0x00,
    0x00, 0x00, 0x00, 0x00, 0x00, 0x00, 0x00, 0x00, 0x00, 0x00, 0x00, 0x00, 0x00, 0x00, 0x00, 0x00,
    0x00, 0x00, 0x00, 0x00, 0x00, 0x00, 0x00, 0x00, 0x00, 0x00, 0x00, 0x00, 0x00, 0x00, 0x00, 0x00,
    0x00, 0x00, 0x00, 0x00, 0x00, 0x00, 0x00, 0x00, 0x00, 0x00, 0x00, 0x00, 0x00, 0x00, 0x00, 0x00,
    0x00, 0x00, 0x00, 0x00, 0x00, 0x00, 0x00, 0x00, 0x00, 0x00, 0x00, 0x00, 0x00, 0x00, 0x00, 0x00,
    0x00, 0x00, 0x00, 0x00, 0x00, 0x00, 0x00, 0x00, 0x00, 0x00, 0x00, 0x00, 0x00, 0x00, 0x00, 0x00,
    0x00, 0x00, 0x00, 0x00, 0x00, 0x00, 0x00, 0x00, 0x00, 0x00, 0x00, 0x00, 0x00, 0x00, 0x00, 0x00,
    0x00, 0x00, 0x00, 0x00, 0x00, 0x00, 0x00, 0x00, 0x00, 0x00, 0x00, 0x00, 0x00, 0x00, 0x00, 0x00,
    0xFF, 0xF3, 0xE0, 0xEB, 0xEF, 0x58, 0x59, 0x59, 0xFD, 0xD6, 0xE3, 0xF3, 0xEB, 0xD6, 0xCF, 0xDA,
    0xCF, 0xD6, 0xCE, 0xE3, 0xE3, 0xDC, 0xE0, 0xCF, 0xCC, 0xD6, 0xC5, 0xCC, 0xD4, 0xCD, 0xD0, 0xC5,
    0xBF, 0xC5, 0xC6, 0xC5, 0xBF, 0xC2, 0xCE, 0xC2, 0xC2, 0xCD, 0xB9, 0xCD, 0xC0, 0xB7, 0xC2, 0xB7,
    0xB9, 0xC5, 0xC2, 0xB2, 0xA2, 0xB1, 0xB7, 0xB2, 0xB6, 0x9F, 0xB2, 0xA3, 0xA9, 0xB1, 0xAB, 0xB0,
    0x9A, 0x72, 0x77, 0xAD, 0xB1, 0xA3, 0x87, 0x8D, 0x8F, 0x75, 0x87, 0x7F, 0x7F, 0x7E, 0x7E, 0x9F,
    0x87, 0x96, 0x8D, 0x87, 0xA3, 0x97, 0x75, 0x8F, 0x9D, 0x7F, 0x67, 0x6A, 0x64, 0x64, 0x75, 0x6A,
    0x6E, 0x66, 0x66, 0x6D, 0x4D, 0x71, 0x6B, 0x42, 0x5F, 0x64, 0x49, 0x4C, 0x3E, 0x4C, 0x49, 0x52,
    0x67, 0x48, 0x4C, 0x48, 0x3A, 0x4E, 0x64, 0x64, 0x40, 0x28, 0x48, 0x4E, 0x49, 0x67, 0x4C, 0x48,
    0x34, 0x39, 0x3A, 0x48, 0x3B, 0x3E, 0x3B, 0x34, 0x3E, 0x27, 0x27, 0x36, 0x28, 0x20, 0x31, 0x34,
    0x3D, 0x29, 0x24, 0x36, 0x28, 0x49, 0x4D, 0x3A, 0x3F, 0x29, 0x34, 0x3A, 0x4C, 0x3F, 0x29, 0x4C,
    0x48, 0x4C, 0x66, 0x63, 0x3A, 0x23, 0x23, 0x3A, 0x4D, 0x44, 0x31, 0x3B, 0x29, 0x2B, 0x27, 0x34,
    0x3B, 0x31, 0x21, 0x36, 0x3E, 0x3A, 0x29, 0x29, 0x40, 0x48, 0x47, 0x53, 0x3C, 0x3C, 0x3E, 0x51,
    0x64, 0x51, 0x4B, 0x54, 0x53, 0x6D, 0x6E, 0x66, 0x81, 0x85, 0x72, 0x5C, 0x5C, 0x5C, 0x5C, 0x4D,
    0x5D, 0x65, 0x5D, 0x4D, 0x7B, 0x5C, 0x5C, 0x5E, 0x37, 0x67, 0x88, 0x6D, 0x66, 0x48, 0x5C, 0x71,
    0x60, 0x6D, 0x5C, 0x67, 0x6D, 0x6D, 0x88, 0x7A, 0x8F, 0x7B, 0x7A, 0x87, 0x87, 0x7D, 0x97, 0x84,
    0x7B, 0x71, 0x72, 0x7A, 0x7F, 0x7E, 0x77, 0x7F, 0x85, 0x84, 0x96, 0x87, 0xA2, 0x8D, 0x7F, 0xC1,
    0x9F, 0x9D, 0x9D, 0x82, 0x9F, 0xA4, 0x92, 0x97, 0xA9, 0xB7, 0xA3, 0xA9, 0xC0, 0xC0, 0xB7, 0xC2,
    0xAD, 0xB9, 0xC2, 0xC0, 0xB9, 0xCC, 0xC5, 0xAD, 0xB7, 0xBF, 0xBF, 0xB9, 0xC1, 0xC2, 0xCD, 0xBA,
    0xC5, 0xC5, 0xAD, 0xCC, 0xB9, 0xB7, 0xD6, 0xC5, 0xD4, 0xCF, 0xDE, 0xD6, 0xD6, 0xE3, 0xD6, 0xE7,
    0xE3, 0xD6, 0xE3, 0xE0, 0xEA, 0xF0, 0xDA, 0xFD, 0x57, 0x62, 0x62, 0xF4, 0xF0, 0xDA, 0xE6, 0xFB,
    0x00, 0x00, 0x00, 0x00, 0x00, 0x00, 0x00, 0x00, 0x00, 0x00, 0x00, 0x00, 0x00, 0x00, 0x00, 0x00,
    0x00, 0x00, 0x00, 0x00, 0x00, 0x00, 0x00, 0x00, 0x00, 0x00, 0x00, 0x00, 0x00, 0x00, 0x00, 0x00,
    0x00, 0x00, 0x00, 0x00, 0x00, 0x00, 0x00, 0x00, 0x00, 0x00, 0x00, 0x00, 0x00, 0x00, 0x00, 0x00,
    0x00, 0x00, 0x00, 0x00, 0x00, 0x00, 0x00, 0x00, 0x00, 0x00, 0x00, 0x00, 0x00, 0x00, 0x00, 0x00,
    0x00, 0x00, 0x00, 0x00, 0x00, 0x00, 0x00, 0x00, 0x00, 0x00, 0x00, 0x00, 0x00, 0x00, 0x00, 0x00,
    0x00, 0x00, 0x00, 0x00, 0x00, 0x00, 0x00, 0x00, 0x00, 0x00, 0x00, 0x00, 0x00, 0x00, 0x00, 0x00,
    0x00, 0x00, 0x00, 0x00, 0x00, 0x00, 0x00, 0x00, 0x00, 0x00, 0x00, 0x00, 0x00, 0x00, 0x00, 0x00,
    0x00, 0x00, 0x00, 0x00, 0x00, 0x00, 0x00, 0x00, 0x00, 0x00, 0x00, 0x00, 0x00, 0x00, 0x00, 0x00,
    0x00, 0x00, 0x00, 0x00, 0x00, 0x00, 0x00, 0x00, 0x00, 0x00, 0x00, 0x00, 0x00, 0x00, 0x00, 0x00,
    0x00, 0x00, 0x00, 0x00, 0x00, 0x00, 0x00, 0x00, 0x00, 0x00, 0x00, 0x00, 0x00, 0x00, 0x00, 0x00,
    0x00, 0x00, 0x00, 0x00, 0x00, 0x00, 0x00, 0x00, 0x00, 0x00, 0x00, 0x00, 0x00, 0x00, 0x00, 0x00,
    0x00, 0x00, 0x00, 0x00, 0x00, 0x00, 0x00, 0x00, 0x00, 0x00, 0x00, 0x00, 0x00, 0x00, 0x00, 0x00,
    0xFF, 0xF4, 0xEA, 0xF8, 0xEF, 0x57, 0x59, 0x59, 0xFD, 0xDA, 0xD4, 0xD6, 0xEB, 0xDA, 0xDA, 0xE6,
    0xDA, 0xE3, 0xDA, 0xD6, 0xD6, 0xD6, 0xDC, 0xD6, 0xBA, 0xDA, 0xCE, 0xCF, 0xCE, 0xAD, 0xC5, 0xC5,
    0xC2, 0xC5, 0xBC, 0xAD, 0xC2, 0xC2, 0xCE, 0xC2, 0xC2, 0xC2, 0xB9, 0xC2, 0xC0, 0xBC, 0xB9, 0xB6,
    0xB7, 0xB7, 0xB7, 0xA9, 0xBF, 0xC2, 0xB7, 0xA2, 0xAB, 0xB2, 0xA3, 0x8D, 0xA2, 0xC1, 0xAB, 0x8D,
    0xB2, 0x87, 0xA3, 0x9F, 0x67, 0x72, 0x8D, 0x97, 0x97, 0x72, 0x73, 0x76, 0x8D, 0x96, 0x7F, 0x87,
    0x85, 0xA2, 0x80, 0x87, 0x8E, 0x87, 0x77, 0x96, 0x96, 0x60, 0x5F, 0x96, 0x75, 0x60, 0x6A, 0x60,
    0x6E, 0x6D, 0x51, 0x42, 0x44, 0x44, 0x6B, 0x4B, 0x45, 0x2A, 0x21, 0x35, 0x4E, 0x5C, 0x54, 0x39,
    0x39, 0x48, 0x64, 0x63, 0x48, 0x47, 0x49, 0x71, 0x40, 0x3E, 0x4D, 0x53, 0x4E, 0x49, 0x3A, 0x34,
    0x3B, 0x66, 0x48, 0x3A, 0x34, 0x3B, 0x34, 0x34, 0x34, 0x25, 0x1B, 0x24, 0x3C, 0x2A, 0x31, 0x20,
    0x25, 0x25, 0x24, 0x27, 0x34, 0x31, 0x31, 0x44, 0x48, 0x29, 0x3A, 0x27, 0x3E, 0x3D, 0x34, 0x4C,
    0x48, 0x48, 0x4A, 0x48, 0x3A, 0x29, 0x5A, 0x39, 0x25, 0x31, 0x3E, 0x34, 0x25, 0x25, 0x20, 0x1E,
    0x34, 0x3C, 0x28, 0x40, 0x29, 0x21, 0x31, 0x34, 0x3C, 0x54, 0x3A, 0x48, 0x43, 0x51, 0x4D, 0x4E,
    0x4C, 0x4A, 0x69, 0x4F, 0x5C, 0x6D, 0x5D, 0x5D, 0x66, 0x6D, 0x4A, 0x66, 0x8F, 0x7D, 0x66, 0x5E,
    0x51, 0x4B, 0x4F, 0x43, 0x75, 0x37, 0x21, 0x75, 0x45, 0x86, 0x40, 0x36, 0x6E, 0x51, 0x7E, 0x6A,
    0x54, 0x63, 0x67, 0x7E, 0x71, 0x66, 0x81, 0x7D, 0x7E, 0x71, 0x87, 0x96, 0x96, 0x87, 0x85, 0x7F,
    0x67, 0x81, 0x9E, 0x82, 0x71, 0x71, 0x87, 0x82, 0x85, 0x7F, 0x87, 0x87, 0x9E, 0x96, 0x87, 0xA6,
    0x70, 0x96, 0xB6, 0x97, 0xA3, 0xB2, 0x8D, 0xB1, 0xA2, 0xB6, 0xB6, 0xAB, 0xB7, 0xAD, 0xC2, 0xC5,
    0xAF, 0xB9, 0xC2, 0xC0, 0xBF, 0xB7, 0xB3, 0xAD, 0xC5, 0xD4, 0xB0, 0xB9, 0xC2, 0xB3, 0xB7, 0xB9,
    0xBC, 0xC9, 0xAB, 0xC5, 0xBC, 0xC1, 0xD6, 0xAD, 0xC5, 0xD6, 0xD6, 0xD6, 0xD6, 0xD5, 0xCE, 0xE0,
    0xEB, 0xCF, 0xE3, 0xEB, 0xE0, 0xD3, 0xD2, 0xFE, 0x57, 0x62, 0x62, 0xE2, 0xE0, 0xE0, 0xF8, 0xFE,
    0x00, 0x00, 0x00, 0x00, 0x00, 0x00, 0x00, 0x00, 0x00, 0x00, 0x00, 0x00, 0x00, 0x00, 0x00, 0x00,
    0x00, 0x00, 0x00, 0x00, 0x00, 0x00, 0x00, 0x00, 0x00, 0x00, 0x00, 0x00, 0x00, 0x00, 0x00, 0x00,
    0x00, 0x00, 0x00, 0x00, 0x00, 0x00, 0x00, 0x00, 0x00, 0x00, 0x00, 0x00, 0x00, 0x00, 0x00, 0x00,
    0x00, 0x00, 0x00, 0x00, 0x00, 0x00, 0x00, 0x00, 0x00, 0x00, 0x00, 0x00, 0x00, 0x00, 0x00, 0x00,
    0x00, 0x00, 0x00, 0x00, 0x00, 0x00, 0x00, 0x00, 0x00, 0x00, 0x00, 0x00, 0x00, 0x00, 0x00, 0x00,
    0x00, 0x00, 0x00, 0x00, 0x00, 0x00, 0x00, 0x00, 0x00, 0x00, 0x00, 0x00, 0x00, 0x00, 0x00, 0x00,
    0x00, 0x00, 0x00, 0x00, 0x00, 0x00, 0x00, 0x00, 0x00, 0x00, 0x00, 0x00, 0x00, 0x00, 0x00, 0x00,
    0x00, 0x00, 0x00, 0x00, 0x00, 0x00, 0x00, 0x00, 0x00, 0x00, 0x00, 0x00, 0x00, 0x00, 0x00, 0x00,
    0x00, 0x00, 0x00, 0x00, 0x00, 0x00, 0x00, 0x00, 0x00, 0x00, 0x00, 0x00, 0x00, 0x00, 0x00, 0x00,
    0x00, 0x00, 0x00, 0x00, 0x00, 0x00, 0x00, 0x00, 0x00, 0x00, 0x00, 0x00, 0x00, 0x00, 0x00, 0x00,
    0x00, 0x00, 0x00, 0x00, 0x00, 0x00, 0x00, 0x00, 0x00, 0x00, 0x00, 0x00, 0x00, 0x00, 0x00, 0x00,
    0x00, 0x00, 0x00, 0x00, 0x00, 0x00, 0x00, 0x00, 0x00, 0x00, 0x00, 0x00, 0x00, 0x00, 0x00, 0x00,
    0xF9, 0xF1, 0xF4, 0xF8, 0xEF, 0x57, 0x95, 0x62, 0xFD, 0xE6, 0xD5, 0xCF, 0xE6, 0xEA, 0xEB, 0xF3,
    0xE3, 0xF3, 0xF3, 0xDF, 0xCF, 0xCE, 0xC7, 0xD2, 0xC9, 0xCC, 0xC7, 0xC7, 0xC1, 0xC1, 0xB3, 0xB9,
    0xCD, 0xCE, 0xC5, 0xB7, 0xC5, 0xCD, 0xCD, 0xC2, 0xC2, 0xBA, 0xB9, 0xC2, 0xBF, 0xB9, 0xB7, 0xB7,
    0xBA, 0xB9, 0xC2, 0xC2, 0xC2, 0xC5, 0xB9, 0xB6, 0xB2, 0xB7, 0xA3, 0x8D, 0x98, 0x8E, 0x87, 0x60,
    0x92, 0xA4, 0x9A, 0x76, 0x6B, 0x5D, 0x90, 0xA3, 0xA2, 0x8D, 0x87, 0x97, 0xA3, 0xA3, 0x7F, 0x85,
    0x87, 0xA3, 0x9A, 0x98, 0x8D, 0x8E, 0x7E, 0x97, 0x88, 0x85, 0x87, 0x82, 0x7E, 0x72, 0x87, 0x84,
    0x66, 0x66, 0x44, 0x5A, 0x77, 0x44, 0x44, 0x50, 0x37, 0x36, 0x32, 0x31, 0x66, 0x79, 0x79, 0x53,
    0x4E, 0x6E, 0x82, 0x7E, 0x4D, 0x4C, 0x47, 0x6E, 0x49, 0x47, 0x53, 0x4A, 0x47, 0x53, 0x4C, 0x49,
    0x49, 0x5D, 0x48, 0x47, 0x4D, 0x4A, 0x3C, 0x29, 0x20, 0x28, 0x24, 0x1B, 0x31, 0x3C, 0x36, 0x1F,
    0x20, 0x15, 0x23, 0x3A, 0x3E, 0x29, 0x36, 0x49, 0x48, 0x3D, 0x3A, 0x3A, 0x29, 0x36, 0x3E, 0x47,
    0x48, 0x3E, 0x4A, 0x3B, 0x48, 0x4C, 0x7A, 0x3B, 0x3A, 0x4C, 0x47, 0x3E, 0x24, 0x1F, 0x21, 0x20,
    0x15, 0x32, 0x40, 0x36, 0x25, 0x21, 0x16, 0x36, 0x4C, 0x53, 0x4A, 0x5C, 0x64, 0x6E, 0x64, 0x4E,
    0x5C, 0x51, 0x6A, 0x7B, 0x7A, 0x64, 0x7E, 0x79, 0x6D, 0x6E, 0x7B, 0x7F, 0x7F, 0x7D, 0x66, 0x7B,
    0x7E, 0x51, 0x4F, 0x32, 0x35, 0x42, 0x26, 0x5E, 0x61, 0x5F, 0x40, 0x5F, 0x40, 0x5C, 0x72, 0x7F,
    0x71, 0x7E, 0x82, 0x9D, 0x88, 0x6D, 0x7D, 0x71, 0x8D, 0x86, 0x96, 0x96, 0x88, 0xA2, 0x96, 0x97,
    0x8D, 0x88, 0x9D, 0x96, 0x85, 0x9E, 0x97, 0x88, 0x85, 0x7D, 0x85, 0x8F, 0x9E, 0x72, 0x7F, 0x87,
    0x97, 0xB6, 0x9D, 0x9F, 0xB7, 0xBF, 0xB7, 0xB2, 0xB7, 0xC2, 0xCE, 0xB7, 0xB1, 0xAB, 0xB6, 0xC2,
    0xB9, 0xB9, 0xB9, 0xBA, 0xCD, 0xC2, 0xC1, 0xC5, 0xD4, 0xCD, 0xBF, 0xCD, 0xCE, 0xC2, 0xAD, 0xB3,
    0xA0, 0xB7, 0xB9, 0xBC, 0xC9, 0xC7, 0xBF, 0xC1, 0xC5, 0xBC, 0xD5, 0xDB, 0xDF, 0xE0, 0xF3, 0xF3,
    0xF8, 0xDA, 0xCF, 0xDE, 0xCE, 0xD4, 0xE6, 0xFF, 0x2D, 0x59, 0x95, 0xDA, 0xD4, 0xDE, 0xF8, 0xFE,
    0x00, 0x00, 0x00, 0x00, 0x00, 0x00, 0x00, 0x00, 0x00, 0x00, 0x00, 0x00, 0x00, 0x00, 0x00, 0x00,
    0x00, 0x00, 0x00, 0x00, 0x00, 0x00, 0x00, 0x00, 0x00, 0x00, 0x00, 0x00, 0x00, 0x00, 0x00, 0x00,
    0x00, 0x00, 0x00, 0x00, 0x00, 0x00, 0x00, 0x00, 0x00, 0x00, 0x00, 0x00, 0x00, 0x00, 0x00, 0x00,
    0x00, 0x00, 0x00, 0x00, 0x00, 0x00, 0x00, 0x00, 0x00, 0x00, 0x00, 0x00, 0x00, 0x00, 0x00, 0x00,
    0x00, 0x00, 0x00, 0x00, 0x00, 0x00, 0x00, 0x00, 0x00, 0x00, 0x00, 0x00, 0x00, 0x00, 0x00, 0x00,
    0x00, 0x00, 0x00, 0x00, 0x00, 0x00, 0x00, 0x00, 0x00, 0x00, 0x00, 0x00, 0x00, 0x00, 0x00, 0x00,
    0x00, 0x00, 0x00, 0x00, 0x00, 0x00, 0x00, 0x00, 0x00, 0x00, 0x00, 0x00, 0x00, 0x00, 0x00, 0x00,
    0x00, 0x00, 0x00, 0x00, 0x00, 0x00, 0x00, 0x00, 0x00, 0x00, 0x00, 0x00, 0x00, 0x00, 0x00, 0x00,
    0x00, 0x00, 0x00, 0x00, 0x00, 0x00, 0x00, 0x00, 0x00, 0x00, 0x00, 0x00, 0x00, 0x00, 0x00, 0x00,
    0x00, 0x00, 0x00, 0x00, 0x00, 0x00, 0x00, 0x00, 0x00, 0x00, 0x00, 0x00, 0x00, 0x00, 0x00, 0x00,
    0x00, 0x00, 0x00, 0x00, 0x00, 0x00, 0x00, 0x00, 0x00, 0x00, 0x00, 0x00, 0x00, 0x00, 0x00, 0x00,
    0x00, 0x00, 0x00, 0x00, 0x00, 0x00, 0x00, 0x00, 0x00, 0x00, 0x00, 0x00, 0x00, 0x00, 0x00, 0x00,
    0xF9, 0xF7, 0xF9, 0xF9, 0xEF, 0x58, 0x62, 0x59, 0xFD, 0xDA, 0xDA, 0xF3, 0xF3, 0xEB, 0xDF, 0xD6,
    0xE9, 0xE4, 0xE9, 0xE0, 0xE6, 0xD2, 0xC7, 0xDB, 0xDA, 0xC7, 0xBC, 0xC7, 0xCC, 0xDA, 0xCF, 0xC5,
    0xC9, 0xCE, 0xC5, 0xC9, 0xCE, 0xCD, 0xCD, 0xCD, 0xCD, 0xCD, 0xC1, 0xBF, 0xBF, 0xB9, 0xB7, 0xB7,
    0xC0, 0xB9, 0xB9, 0xBE, 0xAD, 0xB7, 0xB3, 0xB9, 0xB2, 0xAB, 0xB7, 0xAD, 0x9F, 0x8D, 0x98, 0x9A,
    0x92, 0x7F, 0x80, 0x92, 0x98, 0x80, 0x8F, 0x97, 0x9E, 0x98, 0x97, 0x98, 0x96, 0xA2, 0xA2, 0xA3,
    0x96, 0x9D, 0x96, 0x97, 0x98, 0x87, 0x98, 0x97, 0x7D, 0x85, 0x87, 0x7A, 0x7F, 0x97, 0x7E, 0x7A,
    0x7D, 0x70, 0x67, 0x6A, 0x7B, 0x52, 0x44, 0x44, 0x37, 0x82, 0x82, 0x67, 0x70, 0x81, 0x6D, 0x79,
    0x7A, 0x79, 0x63, 0x6D, 0x70, 0x7A, 0x63, 0x4E, 0x49, 0x51, 0x41, 0x47, 0x4D, 0x4D, 0x48, 0x47,
    0x35, 0x3B, 0x5C, 0x39, 0x3E, 0x47, 0x3B, 0x3B, 0x27, 0x3C, 0x44, 0x2A, 0x21, 0x25, 0x28, 0x37,
    0x35, 0x26, 0x34, 0x3E, 0x36, 0x48, 0x3E, 0x34, 0x34, 0x3A, 0x66, 0x66, 0x3D, 0x3B, 0x40, 0x40,
    0x3B, 0x3E, 0x48, 0x3C, 0x31, 0x34, 0x34, 0x3B, 0x3E, 0x48, 0x3A, 0x3E, 0x48, 0x2B, 0x37, 0x40,
    0x3B, 0x21, 0x28, 0x28, 0x37, 0x37, 0x26, 0x35, 0x4A, 0x48, 0x4E, 0x79, 0x4E, 0x4A, 0x71, 0x6D,
    0x7E, 0x6E, 0x6D, 0x71, 0x7A, 0x7A, 0x79, 0x7D, 0x7D, 0x67, 0x6E, 0x72, 0x64, 0x72, 0x84, 0x7A,
    0x7A, 0x67, 0x7F, 0x37, 0x43, 0x8E, 0x61, 0x44, 0x42, 0x4D, 0x5F, 0x87, 0x4C, 0x6A, 0x7E, 0x72,
    0x7D, 0x84, 0x82, 0x81, 0x88, 0x96, 0x87, 0x7A, 0x7E, 0x87, 0x87, 0x85, 0x96, 0x96, 0x88, 0x85,
    0x85, 0x7D, 0x85, 0x9D, 0x9D, 0x85, 0x85, 0x9D, 0xA2, 0xAB, 0x8F, 0x9E, 0x9F, 0x75, 0x7F, 0xB3,
    0xB9, 0xAB, 0x9D, 0xA9, 0xCD, 0xC2, 0xB9, 0xC2, 0xC2, 0xC0, 0xC0, 0xC2, 0xCD, 0xBA, 0xAD, 0xB7,
    0xB9, 0xC2, 0xC0, 0xBE, 0xB9, 0xB9, 0xC0, 0xC9, 0xC2, 0xB7, 0xCD, 0xCD, 0xC2, 0xCD, 0xC5, 0xCE,
    0xAF, 0xC5, 0xCF, 0xC8, 0xB9, 0xBC, 0xC7, 0xC7, 0xCF, 0xBC, 0xD6, 0xDA, 0xD6, 0xE0, 0xE3, 0xF3,
    0xF3, 0xF4, 0xE6, 0xE3, 0xE3, 0xE6, 0xF4, 0xFF, 0x57, 0x62, 0x59, 0xE6, 0xF4, 0xE6, 0xE6, 0xF4,
    0x00, 0x00, 0x00, 0x00, 0x00, 0x00, 0x00, 0x00, 0x00, 0x00, 0x00, 0x00, 0x00, 0x00, 0x00, 0x00,
    0x00, 0x00, 0x00, 0x00, 0x00, 0x00, 0x00, 0x00, 0x00, 0x00, 0x00, 0x00, 0x00, 0x00, 0x00, 0x00,
    0x00, 0x00, 0x00, 0x00, 0x00, 0x00, 0x00, 0x00, 0x00, 0x00, 0x00, 0x00, 0x00, 0x00, 0x00, 0x00,
    0x00, 0x00, 0x00, 0x00, 0x00, 0x00, 0x00, 0x00, 0x00, 0x00, 0x00, 0x00, 0x00, 0x00, 0x00, 0x00,
    0x00, 0x00, 0x00, 0x00, 0x00, 0x00, 0x00, 0x00, 0x00, 0x00, 0x00, 0x00, 0x00, 0x00, 0x00, 0x00,
    0x00, 0x00, 0x00, 0x00, 0x00, 0x00, 0x00, 0x00, 0x00, 0x00, 0x00, 0x00, 0x00, 0x00, 0x00, 0x00,
    0x00, 0x00, 0x00, 0x00, 0x00, 0x00, 0x00, 0x00, 0x00, 0x00, 0x00, 0x00, 0x00, 0x00, 0x00, 0x00,
    0x00, 0x00, 0x00, 0x00, 0x00, 0x00, 0x00, 0x00, 0x00, 0x00, 0x00, 0x00, 0x00, 0x00, 0x00, 0x00,
    0x00, 0x00, 0x00, 0x00, 0x00, 0x00, 0x00, 0x00, 0x00, 0x00, 0x00, 0x00, 0x00, 0x00, 0x00, 0x00,
    0x00, 0x00, 0x00, 0x00, 0x00, 0x00, 0x00, 0x00, 0x00, 0x00, 0x00, 0x00, 0x00, 0x00, 0x00, 0x00,
    0x00, 0x00, 0x00, 0x00, 0x00, 0x00, 0x00, 0x00, 0x00, 0x00, 0x00, 0x00, 0x00, 0x00, 0x00, 0x00,
    0x00, 0x00, 0x00, 0x00, 0x00, 0x00, 0x00, 0x00, 0x00, 0x00, 0x00, 0x00, 0x00, 0x00, 0x00, 0x00,
    0xFA, 0xFA, 0xF8, 0xF0, 0xEF, 0x57, 0x59, 0x58, 0xFD, 0xD6, 0xD6, 0xE3, 0xE3, 0xEA, 0xC9, 0xC9,
    0xEB, 0xEB, 0xD6, 0xD4, 0xE3, 0xDA, 0xCC, 0xD3, 0xCF, 0xCC, 0xC7, 0xCC, 0xCF, 0xC8, 0xC2, 0xCE,
    0xCE, 0xC1, 0xC1, 0xC2, 0xB9, 0xC2, 0xC2, 0xCD, 0xD4, 0xD4, 0xC2, 0xC2, 0xC2, 0x9B, 0x93, 0xC2,
    0xC2, 0xBA, 0xB9, 0xC2, 0xB7, 0x9F, 0xB3, 0xAD, 0xB3, 0xAB, 0xA4, 0xB7, 0x9E, 0x90, 0xC1, 0x97,
    0x8D, 0x8E, 0x80, 0x92, 0x6B, 0x60, 0x9E, 0x97, 0x7E, 0x7F, 0x86, 0x7F, 0x7E, 0x97, 0xB1, 0xB6,
    0xA3, 0xAB, 0xA3, 0x90, 0x61, 0x8C, 0x98, 0x8F, 0x88, 0x8D, 0x7F, 0x72, 0x87, 0x8D, 0x7E, 0x7B,
    0x7E, 0x88, 0x81, 0x7A, 0x71, 0x7F, 0x50, 0x44, 0x5A, 0x82, 0x5E, 0x5E, 0x72, 0x54, 0x4B, 0x6D,
    0x81, 0x55, 0x4A, 0x79, 0x88, 0x90, 0x6E, 0x6D, 0x64, 0x4B, 0x1D, 0x37, 0x4E, 0x40, 0x40, 0x4A,
    0x4C, 0x39, 0x43, 0x40, 0x34, 0x39, 0x40, 0x4E, 0x40, 0x21, 0x2F, 0x2B, 0x2A, 0x31, 0x36, 0x25,
    0x21, 0x21, 0x3A, 0x31, 0x29, 0x3D, 0x3D, 0x34, 0x29, 0x3E, 0x79, 0x66, 0x48, 0x4C, 0x3E, 0x19,
    0x26, 0x49, 0x3D, 0x3B, 0x39, 0x3B, 0x27, 0x3A, 0x3E, 0x29, 0x36, 0x34, 0x4C, 0x48, 0x25, 0x37,
    0x31, 0x25, 0x2B, 0x31, 0x28, 0x28, 0x29, 0x48, 0x3A, 0x3A, 0x4E, 0x4C, 0x53, 0x48, 0x66, 0x8F,
    0x85, 0x7D, 0x87, 0x85, 0x72, 0x46, 0x7B, 0x7D, 0x7B, 0x7E, 0x7A, 0x6D, 0x67, 0x72, 0x7B, 0x84,
    0x71, 0x71, 0x7A, 0x50, 0x42, 0x6A, 0x45, 0x45, 0x42, 0x42, 0x5A, 0x5A, 0x51, 0x81, 0x64, 0x5D,
    0x67, 0x64, 0x65, 0x71, 0x85, 0x9D, 0xA3, 0x84, 0x8D, 0x8D, 0x61, 0x38, 0x8D, 0x97, 0x88, 0x88,
    0x96, 0x96, 0x7E, 0xA2, 0x9D, 0x85, 0x87, 0x9D, 0xC0, 0xA9, 0x8F, 0x9F, 0xB6, 0x87, 0x80, 0xAD,
    0xAB, 0xAB, 0xAB, 0xBE, 0xBE, 0xB6, 0xB3, 0xC5, 0xC2, 0xAD, 0xB9, 0xCE, 0xD4, 0xC2, 0xB9, 0xBF,
    0xC2, 0xA6, 0xAF, 0xC1, 0xC0, 0xBF, 0xC2, 0xB7, 0xAD, 0xB9, 0xB9, 0xC0, 0xB9, 0xBE, 0xCE, 0xCD,
    0xA0, 0xC5, 0xCF, 0xC5, 0xBC, 0xBC, 0xC4, 0xC7, 0xB9, 0xCF, 0xD6, 0xC5, 0xD2, 0xCF, 0xCF, 0xDA,
    0xEB, 0xF3, 0xF4, 0xF0, 0xF3, 0xE3, 0xE5, 0xFF, 0x57, 0x62, 0x95, 0xF1, 0xF5, 0xDD, 0xDD, 0xF0,
    0x00, 0x00, 0x00, 0x00, 0x00, 0x00, 0x00, 0x00, 0x00, 0x00, 0x00, 0x00, 0x00, 0x00, 0x00, 0x00,
    0x00, 0x00, 0x00, 0x00, 0x00, 0x00, 0x00, 0x00, 0x00, 0x00, 0x00, 0x00, 0x00, 0x00, 0x00, 0x00,
    0x00, 0x00, 0x00, 0x00, 0x00, 0x00, 0x00, 0x00, 0x00, 0x00, 0x00, 0x00, 0x00, 0x00, 0x00, 0x00,
    0x00, 0x00, 0x00, 0x00, 0x00, 0x00, 0x00, 0x00, 0x00, 0x00, 0x00, 0x00, 0x00, 0x00, 0x00, 0x00,
    0x00, 0x00, 0x00, 0x00, 0x00, 0x00, 0x00, 0x00, 0x00, 0x00, 0x00, 0x00, 0x00, 0x00, 0x00, 0x00,
    0x00, 0x00, 0x00, 0x00, 0x00, 0x00, 0x00, 0x00, 0x00, 0x00, 0x00, 0x00, 0x00, 0x00, 0x00, 0x00,
    0x00, 0x00, 0x00, 0x00, 0x00, 0x00, 0x00, 0x00, 0x00, 0x00, 0x00, 0x00, 0x00, 0x00, 0x00, 0x00,
    0x00, 0x00, 0x00, 0x00, 0x00, 0x00, 0x00, 0x00, 0x00, 0x00, 0x00, 0x00, 0x00, 0x00, 0x00, 0x00,
    0x00, 0x00, 0x00, 0x00, 0x00, 0x00, 0x00, 0x00, 0x00, 0x00, 0x00, 0x00, 0x00, 0x00, 0x00, 0x00,
    0x00, 0x00, 0x00, 0x00, 0x00, 0x00, 0x00, 0x00, 0x00, 0x00, 0x00, 0x00, 0x00, 0x00, 0x00, 0x00,
    0x00, 0x00, 0x00, 0x00, 0x00, 0x00, 0x00, 0x00, 0x00, 0x00, 0x00, 0x00, 0x00, 0x00, 0x00, 0x00,
    0x00, 0x00, 0x00, 0x00, 0x00, 0x00, 0x00, 0x00, 0x00, 0x00, 0x00, 0x00, 0x00, 0x00, 0x00, 0x00,
    0xFA, 0xF9, 0xF8, 0xF3, 0xEF, 0x62, 0x59, 0x58, 0xFD, 0xDA, 0xD6, 0xE3, 0xE3, 0xF0, 0xDF, 0xDF,
    0xEB, 0xE0, 0xD4, 0xD5, 0xE3, 0xD6, 0xD6, 0xCE, 0xCE, 0xCE, 0xCF, 0xCF, 0xCE, 0xD5, 0xC4, 0xC5,
    0xCD, 0xC1, 0xC1, 0xC0, 0xC2, 0xC5, 0xC2, 0xCD, 0xCE, 0xCD, 0xBF, 0xC5, 0xCD, 0xB0, 0xA7, 0xC9,
    0xC0, 0xBA, 0xC2, 0xCD, 0xC2, 0xAD, 0xAD, 0xB7, 0xBF, 0xAB, 0x9F, 0xAD, 0x9A, 0xAB, 0xBF, 0x87,
    0x98, 0x98, 0x7F, 0x8D, 0x80, 0x7F, 0x9D, 0xA2, 0x7F, 0x7F, 0x97, 0x87, 0x87, 0x87, 0xB2, 0xAB,
    0xA3, 0xA4, 0xA3, 0x9F, 0x76, 0x9A, 0xA9, 0x97, 0x90, 0x9A, 0x8F, 0x72, 0x8D, 0x90, 0x82, 0x7F,
    0x7F, 0x8A, 0x72, 0x64, 0x82, 0x87, 0x51, 0x49, 0x72, 0x82, 0x6E, 0x65, 0x69, 0x69, 0x6A, 0x7A,
    0x6E, 0x64, 0x53, 0x79, 0x82, 0x7A, 0x64, 0x4C, 0x6D, 0x49, 0x37, 0x4B, 0x53, 0x47, 0x3E, 0x5C,
    0x79, 0x3E, 0x47, 0x4D, 0x4D, 0x3C, 0x40, 0x4E, 0x49, 0x25, 0x44, 0x4D, 0x3B, 0x35, 0x36, 0x2B,
    0x35, 0x31, 0x3B, 0x3C, 0x29, 0x48, 0x48, 0x3D, 0x29, 0x48, 0x48, 0x48, 0x4C, 0x48, 0x49, 0x2A,
    0x35, 0x4A, 0x3E, 0x3B, 0x3B, 0x70, 0x4D, 0x47, 0x51, 0x3C, 0x3E, 0x3E, 0x49, 0x3B, 0x26, 0x3C,
    0x3C, 0x37, 0x3B, 0x49, 0x3B, 0x37, 0x34, 0x3A, 0x4E, 0x3A, 0x4C, 0x4C, 0x53, 0x47, 0x63, 0x8F,
    0x7B, 0x71, 0x85, 0x88, 0x87, 0x77, 0x84, 0x96, 0x82, 0x7B, 0x82, 0x9E, 0x72, 0x82, 0x97, 0x7E,
    0x7E, 0x7E, 0x67, 0x7B, 0x71, 0x4D, 0x32, 0x5A, 0x6B, 0x5E, 0x67, 0x7F, 0x51, 0x66, 0x6E, 0x63,
    0x6E, 0x7B, 0x6A, 0x64, 0x7E, 0x9D, 0x8F, 0x82, 0x7F, 0x8D, 0x86, 0x61, 0x97, 0x97, 0x87, 0x85,
    0xB1, 0xA3, 0x7E, 0x97, 0x9E, 0x97, 0x8F, 0x9D, 0xAB, 0x8F, 0x81, 0x98, 0x9F, 0x7F, 0x8D, 0x9E,
    0x9E, 0xA3, 0xAB, 0xC2, 0xBA, 0xAB, 0xAD, 0xC5, 0xC2, 0xB5, 0xB9, 0xCE, 0xCE, 0xC2, 0xB7, 0xB7,
    0xC9, 0xB3, 0xA6, 0xCE, 0xC2, 0xC0, 0xC2, 0xD4, 0xC5, 0xB9, 0xC2, 0xC2, 0xC0, 0xB7, 0xBF, 0xC0,
    0xB9, 0xC5, 0xC5, 0xBC, 0xC7, 0xC5, 0xC1, 0xE3, 0xCF, 0xC5, 0xD6, 0xCF, 0xD2, 0xDA, 0xCE, 0xCF,
    0xE3, 0xF3, 0xEF, 0xF0, 0xD3, 0xCE, 0xEF, 0xFF, 0x57, 0x62, 0x62, 0xF4, 0xF1, 0xDA, 0xDD, 0xFB,
    0x00, 0x00, 0x00, 0x00, 0x00, 0x00, 0x00, 0x00, 0x00, 0x00, 0x00, 0x00, 0x00, 0x00, 0x00, 0x00,
    0x00, 0x00, 0x00, 0x00, 0x00, 0x00, 0x00, 0x00, 0x00, 0x00, 0x00, 0x00, 0x00, 0x00, 0x00, 0x00,
    0x00, 0x00, 0x00, 0x00, 0x00, 0x00, 0x00, 0x00, 0x00, 0x00, 0x00, 0x00, 0x00, 0x00, 0x00, 0x00,
    0x00, 0x00, 0x00, 0x00, 0x00, 0x00, 0x00, 0x00, 0x00, 0x00, 0x00, 0x00, 0x00, 0x00, 0x00, 0x00,
    0x00, 0x00, 0x00, 0x00, 0x00, 0x00, 0x00, 0x00, 0x00, 0x00, 0x00, 0x00, 0x00, 0x00, 0x00, 0x00,
    0x00, 0x00, 0x00, 0x00, 0x00, 0x00, 0x00, 0x00, 0x00, 0x00, 0x00, 0x00, 0x00, 0x00, 0x00, 0x00,
    0x00, 0x00, 0x00, 0x00, 0x00, 0x00, 0x00, 0x00, 0x00, 0x00, 0x00, 0x00, 0x00, 0x00, 0x00, 0x00,
    0x00, 0x00, 0x00, 0x00, 0x00, 0x00, 0x00, 0x00, 0x00, 0x00, 0x00, 0x00, 0x00, 0x00, 0x00, 0x00,
    0x00, 0x00, 0x00, 0x00, 0x00, 0x00, 0x00, 0x00, 0x00, 0x00, 0x00, 0x00, 0x00, 0x00, 0x00, 0x00,
    0x00, 0x00, 0x00, 0x00, 0x00, 0x00, 0x00, 0x00, 0x00, 0x00, 0x00, 0x00, 0x00, 0x00, 0x00, 0x00,
    0x00, 0x00, 0x00, 0x00, 0x00, 0x00, 0x00, 0x00, 0x00, 0x00, 0x00, 0x00, 0x00, 0x00, 0x00, 0x00,
    0x00, 0x00, 0x00, 0x00, 0x00, 0x00, 0x00, 0x00, 0x00, 0x00, 0x00, 0x00, 0x00, 0x00, 0x00, 0x00,
    0xFA, 0xF5, 0xF0, 0xF3, 0xEF, 0x95, 0x62, 0x58, 0xFE, 0xE6, 0xCE, 0xDA, 0xF4, 0xF4, 0xE6, 0xE3,
    0xE3, 0xE0, 0xEB, 0xDA, 0xCF, 0xD2, 0xD6, 0xCF, 0xD2, 0xC9, 0xBD, 0xCE, 0xC7, 0xDA, 0xD6, 0xC2,
    0xCB, 0xCE, 0xB9, 0xC2, 0xCE, 0xC2, 0xC5, 0xC9, 0xB9, 0xC0, 0xCD, 0xCD, 0xBF, 0xCD, 0xCB, 0xB9,
    0xC0, 0xC0, 0xC2, 0xC0, 0xC2, 0xB7, 0xAD, 0xAB, 0xB9, 0xC2, 0xAD, 0x9F, 0x9F, 0x9E, 0x7F, 0x98,
    0xA4, 0x8D, 0x8E, 0x6A, 0x87, 0x97, 0x85, 0x9D, 0x97, 0x7F, 0x96, 0x87, 0x8D, 0x97, 0x8F, 0x9E,
    0xAB, 0xAB, 0x9F, 0x9E, 0xB5, 0x9E, 0x9F, 0xA4, 0x9F, 0x8D, 0x98, 0x8F, 0x90, 0x90, 0x98, 0x8F,
    0x82, 0x7B, 0x7F, 0x8D, 0x8F, 0x70, 0x5A, 0x52, 0x67, 0x7E, 0x7B, 0x7B, 0x64, 0x90, 0x7B, 0x7B,
    0x67, 0x64, 0x54, 0x64, 0x4A, 0x6D, 0x6D, 0x6D, 0x5D, 0x4B, 0x63, 0x48, 0x43, 0x40, 0x48, 0x63,
    0x53, 0x4E, 0x3E, 0x48, 0x5D, 0x52, 0x49, 0x39, 0x3A, 0x47, 0x4D, 0x29, 0x37, 0x36, 0x31, 0x3E,
    0x3E, 0x3D, 0x31, 0x40, 0x34, 0x3B, 0x4C, 0x3D, 0x48, 0x3D, 0x29, 0x3D, 0x3E, 0x40, 0x4B, 0x52,
    0x3C, 0x3C, 0x39, 0x39, 0x3E, 0x4E, 0x66, 0x48, 0x5D, 0x53, 0x5D, 0x53, 0x36, 0x29, 0x3C, 0x31,
    0x2A, 0x35, 0x25, 0x43, 0x35, 0x40, 0x3B, 0x34, 0x4A, 0x4C, 0x3D, 0x4C, 0x4E, 0x4A, 0x6E, 0x64,
    0x6F, 0x87, 0x82, 0x7F, 0x8F, 0x9D, 0x81, 0x99, 0x96, 0x84, 0x6F, 0x9F, 0x82, 0x8F, 0x84, 0x85,
    0xA3, 0x75, 0x67, 0x6E, 0x7B, 0x32, 0x45, 0x6B, 0x51, 0x5F, 0x5D, 0x96, 0x5F, 0x48, 0x7B, 0x6D,
    0x64, 0x6D, 0x71, 0x72, 0x7E, 0x7A, 0x88, 0x84, 0x75, 0x87, 0x96, 0xA9, 0x96, 0x8D, 0x82, 0x96,
    0xA2, 0x96, 0x87, 0x87, 0x8D, 0xAB, 0xAB, 0x9E, 0x87, 0x90, 0x98, 0xB5, 0x80, 0x86, 0x87, 0x98,
    0xB9, 0xAB, 0xB7, 0x9F, 0xBA, 0xB7, 0xB2, 0xB3, 0xB9, 0xC5, 0xC2, 0xB6, 0xC0, 0xBA, 0xB7, 0xB9,
    0xC2, 0xC9, 0xC2, 0xC0, 0xC2, 0xC0, 0xB9, 0xCD, 0xC2, 0xAF, 0xB9, 0xC1, 0xCE, 0xC9, 0xB9, 0xC2,
    0xC2, 0xB7, 0x92, 0xB4, 0xC7, 0xC7, 0xB9, 0xC7, 0xD6, 0xC5, 0xCF, 0xD3, 0xC7, 0xCF, 0xCF, 0xE3,
    0xE0, 0xEB, 0xE7, 0xE6, 0xDA, 0xC2, 0xE6, 0xFF, 0x57, 0x62, 0x62, 0xF1, 0xE3, 0xDF, 0xDA, 0xFB,
    0x00, 0x00, 0x00, 0x00, 0x00, 0x00, 0x00, 0x00, 0x00, 0x00, 0x00, 0x00, 0x00, 0x00, 0x00, 0x00,
    0x00, 0x00, 0x00, 0x00, 0x00, 0x00, 0x00, 0x00, 0x00, 0x00, 0x00, 0x00, 0x00, 0x00, 0x00, 0x00,
    0x00, 0x00, 0x00, 0x00, 0x00, 0x00, 0x00, 0x00, 0x00, 0x00, 0x00, 0x00, 0x00, 0x00, 0x00, 0x00,
    0x00, 0x00, 0x00, 0x00, 0x00, 0x00, 0x00, 0x00, 0x00, 0x00, 0x00, 0x00, 0x00, 0x00, 0x00, 0x00,
    0x00, 0x00, 0x00, 0x00, 0x00, 0x00, 0x00, 0x00, 0x00, 0x00, 0x00, 0x00, 0x00, 0x00, 0x00, 0x00,
    0x00, 0x00, 0x00, 0x00, 0x00, 0x00, 0x00, 0x00, 0x00, 0x00, 0x00, 0x00, 0x00, 0x00, 0x00, 0x00,
    0x00, 0x00, 0x00, 0x00, 0x00, 0x00, 0x00, 0x00, 0x00, 0x00, 0x00, 0x00, 0x00, 0x00, 0x00, 0x00,
    0x00, 0x00, 0x00, 0x00, 0x00, 0x00, 0x00, 0x00, 0x00, 0x00, 0x00, 0x00, 0x00, 0x00, 0x00, 0x00,
    0x00, 0x00, 0x00, 0x00, 0x00, 0x00, 0x00, 0x00, 0x00, 0x00, 0x00, 0x00, 0x00, 0x00, 0x00, 0x00,
    0x00, 0x00, 0x00, 0x00, 0x00, 0x00, 0x00, 0x00, 0x00, 0x00, 0x00, 0x00, 0x00, 0x00, 0x00, 0x00,
    0x00, 0x00, 0x00, 0x00, 0x00, 0x00, 0x00, 0x00, 0x00, 0x00, 0x00, 0x00, 0x00, 0x00, 0x00, 0x00,
    0x00, 0x00, 0x00, 0x00, 0x00, 0x00, 0x00, 0x00, 0x00, 0x00, 0x00, 0x00, 0x00, 0x00, 0x00, 0x00,
    0xFB, 0xF5, 0xDC, 0xE0, 0xEF, 0x62, 0x62, 0x59, 0xFD, 0xEF, 0xD6, 0xE0, 0xE3, 0xF8, 0xF8, 0xF8,
    0xE3, 0xDF, 0xE3, 0xDA, 0xCF, 0xCF, 0xE3, 0xE3, 0xCF, 0xC7, 0xCE, 0xCE, 0xB9, 0xCE, 0xD6, 0xC2,
    0xC5, 0xC2, 0xCE, 0xD4, 0xCE, 0xC2, 0xCD, 0xC2, 0xC0, 0xC2, 0xC2, 0xBA, 0xBC, 0xC5, 0xC2, 0xC2,
    0xC5, 0xC2, 0xB9, 0xC0, 0xC5, 0xBA, 0xC5, 0xB7, 0xAF, 0xC1, 0xB9, 0xAB, 0x98, 0x9E, 0xA4, 0xAD,
    0x9A, 0x8D, 0x92, 0x98, 0xA3, 0x97, 0x82, 0xA2, 0xA2, 0x96, 0xA2, 0x96, 0x82, 0x90, 0x7F, 0x98,
    0xAD, 0xB7, 0xAB, 0xAB, 0x9A, 0x9F, 0x9E, 0x90, 0xAB, 0x97, 0xAB, 0xAD, 0xAF, 0x90, 0x92, 0x8E,
    0x7F, 0x7E, 0x7F, 0x9E, 0x88, 0x82, 0x60, 0x5E, 0x5E, 0x7B, 0x71, 0x6E, 0x7C, 0x92, 0x82, 0x72,
    0x87, 0x5D, 0x51, 0x51, 0x4A, 0x63, 0x7D, 0x79, 0x49, 0x63, 0x64, 0x48, 0x3D, 0x4D, 0x48, 0x3E,
    0x5C, 0x66, 0x66, 0x64, 0x63, 0x5E, 0x43, 0x39, 0x36, 0x4B, 0x4B, 0x3B, 0x3C, 0x2B, 0x29, 0x3A,
    0x3D, 0x3A, 0x36, 0x4A, 0x48, 0x51, 0x40, 0x3A, 0x48, 0x34, 0x34, 0x3D, 0x3E, 0x4D, 0x49, 0x5E,
    0x43, 0x34, 0x3B, 0x48, 0x3D, 0x66, 0x63, 0x51, 0x67, 0x67, 0x64, 0x4B, 0x43, 0x43, 0x43, 0x49,
    0x3C, 0x2A, 0x26, 0x2B, 0x47, 0x4A, 0x3D, 0x31, 0x4A, 0x66, 0x63, 0x64, 0x40, 0x49, 0x53, 0x4A,
    0x6E, 0x97, 0x87, 0x87, 0x82, 0x87, 0x87, 0x84, 0x97, 0x82, 0x7B, 0x9D, 0x8F, 0x8F, 0x84, 0x98,
    0x8C, 0x6B, 0x6E, 0x67, 0x72, 0x6A, 0x5A, 0x4B, 0x44, 0x4C, 0x72, 0x87, 0x66, 0x4C, 0x6D, 0x6E,
    0x75, 0x72, 0x7A, 0x85, 0x72, 0x72, 0x82, 0x87, 0x87, 0x87, 0x9D, 0x96, 0x85, 0x7E, 0x88, 0x96,
    0x96, 0xA2, 0xB1, 0x9E, 0x98, 0xB7, 0xB7, 0xA3, 0x9D, 0x9F, 0x98, 0x9F, 0x80, 0xA4, 0x9E, 0x8D,
    0xB9, 0x9E, 0xB9, 0x9D, 0xAD, 0xB9, 0xC2, 0xC5, 0xB9, 0xB9, 0xB9, 0xB7, 0xB9, 0xB7, 0xBC, 0xC5,
    0xB9, 0xB9, 0xC2, 0xB7, 0xB7, 0xC2, 0xB9, 0xC2, 0xB9, 0xB9, 0xB9, 0xC1, 0xCE, 0xC5, 0xB7, 0xB3,
    0xB7, 0xC2, 0xBC, 0xC7, 0xB9, 0xC5, 0xCF, 0xC5, 0xCF, 0xCE, 0xCF, 0xD4, 0xCE, 0xD6, 0xE0, 0xE0,
    0xD6, 0xE3, 0xE0, 0xCF, 0xDD, 0xDC, 0xF1, 0xFF, 0x58, 0x95, 0x59, 0xE3, 0xE0, 0xEF, 0xF1, 0xFB,
    0x00, 0x00, 0x00, 0x00, 0x00, 0x00, 0x00, 0x00, 0x00, 0x00, 0x00, 0x00, 0x00, 0x00, 0x00, 0x00,
    0x00, 0x00, 0x00, 0x00, 0x00, 0x00, 0x00, 0x00, 0x00, 0x00, 0x00, 0x00, 0x00, 0x00, 0x00, 0x00,
    0x00, 0x00, 0x00, 0x00, 0x00, 0x00, 0x00, 0x00, 0x00, 0x00, 0x00, 0x00, 0x00, 0x00, 0x00, 0x00,
    0x00, 0x00, 0x00, 0x00, 0x00, 0x00, 0x00, 0x00, 0x00, 0x00, 0x00, 0x00, 0x00, 0x00, 0x00, 0x00,
    0x00, 0x00, 0x00, 0x00, 0x00, 0x00, 0x00, 0x00, 0x00, 0x00, 0x00, 0x00, 0x00, 0x00, 0x00, 0x00,
    0x00, 0x00, 0x00, 0x00, 0x00, 0x00, 0x00, 0x00, 0x00, 0x00, 0x00, 0x00, 0x00, 0x00, 0x00, 0x00,
    0x00, 0x00, 0x00, 0x00, 0x00, 0x00, 0x00, 0x00, 0x00, 0x00, 0x00, 0x00, 0x00, 0x00, 0x00, 0x00,
    0x00, 0x00, 0x00, 0x00, 0x00, 0x00, 0x00, 0x00, 0x00, 0x00, 0x00, 0x00, 0x00, 0x00, 0x00, 0x00,
    0x00, 0x00, 0x00, 0x00, 0x00, 0x00, 0x00, 0x00, 0x00, 0x00, 0x00, 0x00, 0x00, 0x00, 0x00, 0x00,
    0x00, 0x00, 0x00, 0x00, 0x00, 0x00, 0x00, 0x00, 0x00, 0x00, 0x00, 0x00, 0x00, 0x00, 0x00, 0x00,
    0x00, 0x00, 0x00, 0x00, 0x00, 0x00, 0x00, 0x00, 0x00, 0x00, 0x00, 0x00, 0x00, 0x00, 0x00, 0x00,
    0x00, 0x00, 0x00, 0x00, 0x00, 0x00, 0x00, 0x00, 0x00, 0x00, 0x00, 0x00, 0x00, 0x00, 0x00, 0x00,
    0xFB, 0xF4, 0xE3, 0xDC, 0xD8, 0x59, 0x62, 0x59, 0xFD, 0xCC, 0xD3, 0xF3, 0xF3, 0xF8, 0xF0, 0xDD,
    0xEF, 0xF3, 0xDA, 0xDA, 0xDF, 0xDF, 0xE3, 0xE3, 0xD2, 0xCF, 0xC3, 0xD2, 0xC5, 0xAB, 0xD6, 0xD4,
    0xE3, 0xCE, 0xCF, 0xC2, 0xC2, 0xD4, 0xC2, 0xC2, 0xC5, 0xC0, 0xC2, 0xB7, 0xC5, 0xC2, 0xC1, 0xC0,
    0xC2, 0xC0, 0xC2, 0xC2, 0xC0, 0xB5, 0xC7, 0xC5, 0xC5, 0xAD, 0xAF, 0xB7, 0xB2, 0xA3, 0xA3, 0xA3,
    0x8A, 0x75, 0x8E, 0xA3, 0x87, 0x97, 0x97, 0xB1, 0xB1, 0x96, 0xB1, 0x9D, 0x96, 0x82, 0x97, 0x8D,
    0xB2, 0xB2, 0x9E, 0xAB, 0xA0, 0xA0, 0xA3, 0x9F, 0x9A, 0xAB, 0xAD, 0x9F, 0xA0, 0xA0, 0x9A, 0x7C,
    0x75, 0x8D, 0x9A, 0x8D, 0x82, 0x8F, 0x75, 0x51, 0x6A, 0x84, 0x5E, 0x7C, 0x84, 0x84, 0x6F, 0x75,
    0x7F, 0x7F, 0x60, 0x3C, 0x53, 0x85, 0x8F, 0x72, 0x4B, 0x65, 0x4F, 0x53, 0x5C, 0x4C, 0x4C, 0x48,
    0x6D, 0x5C, 0x84, 0x66, 0x5D, 0x51, 0x32, 0x43, 0x49, 0x49, 0x3E, 0x48, 0x36, 0x28, 0x35, 0x34,
    0x29, 0x29, 0x3E, 0x48, 0x53, 0x51, 0x51, 0x4D, 0x34, 0x3C, 0x3A, 0x3D, 0x51, 0x4B, 0x5E, 0x44,
    0x48, 0x48, 0x48, 0x4C, 0x4C, 0x5D, 0x49, 0x75, 0x64, 0x5E, 0x6A, 0x3C, 0x4D, 0x49, 0x3E, 0x40,
    0x35, 0x2A, 0x21, 0x2B, 0x47, 0x40, 0x44, 0x48, 0x4C, 0x6D, 0x79, 0x6D, 0x5A, 0x4F, 0x4B, 0x53,
    0x7B, 0x90, 0x76, 0x7F, 0x7F, 0x80, 0x98, 0x76, 0x8E, 0x8A, 0x84, 0x81, 0x8A, 0x84, 0xAB, 0x92,
    0x6B, 0x69, 0xAB, 0x7E, 0x71, 0x52, 0x56, 0x50, 0x42, 0x85, 0x6D, 0x51, 0x72, 0x6A, 0x72, 0x7B,
    0x75, 0x84, 0x8F, 0x7B, 0x67, 0x7E, 0x8F, 0xAB, 0x87, 0x7E, 0x96, 0x87, 0x87, 0x87, 0x9D, 0x96,
    0x97, 0xB6, 0xB9, 0x98, 0x98, 0xB3, 0xB2, 0x8E, 0xAD, 0xB7, 0x9F, 0x75, 0x6A, 0xB2, 0xAD, 0x84,
    0xAD, 0x98, 0xB9, 0xC2, 0xB7, 0xB9, 0xCE, 0xC5, 0xC5, 0xBC, 0xAF, 0xCF, 0xC5, 0xC2, 0xC2, 0xBF,
    0xB9, 0xB9, 0xB9, 0xB7, 0xB7, 0xC2, 0xC2, 0xC2, 0xB9, 0xBF, 0xB9, 0xCF, 0xC1, 0xAD, 0xC2, 0xCE,
    0xBC, 0xC9, 0xBC, 0xC5, 0xBC, 0xC5, 0xDA, 0xC7, 0xC7, 0xD4, 0xD6, 0xDA, 0xDA, 0xDB, 0xF3, 0xDC,
    0xD6, 0xEB, 0xF3, 0xEA, 0xDC, 0xD8, 0xDD, 0xFE, 0x59, 0x95, 0x62, 0xE6, 0xEB, 0xF4, 0xF1, 0xF9,
    0x00, 0x00, 0x00, 0x00, 0x00, 0x00, 0x00, 0x00, 0x00, 0x00, 0x00, 0x00, 0x00, 0x00, 0x00, 0x00,
    0x00, 0x00, 0x00, 0x00, 0x00, 0x00, 0x00, 0x00, 0x00, 0x00, 0x00, 0x00, 0x00, 0x00, 0x00, 0x00,
    0x00, 0x00, 0x00, 0x00, 0x00, 0x00, 0x00, 0x00, 0x00, 0x00, 0x00, 0x00, 0x00, 0x00, 0x00, 0x00,
    0x00, 0x00, 0x00, 0x00, 0x00, 0x00, 0x00, 0x00, 0x00, 0x00, 0x00, 0x00, 0x00, 0x00, 0x00, 0x00,
    0x00, 0x00, 0x00, 0x00, 0x00, 0x00, 0x00, 0x00, 0x00, 0x00, 0x00, 0x00, 0x00, 0x00, 0x00, 0x00,
    0x00, 0x00, 0x00, 0x00, 0x00, 0x00, 0x00, 0x00, 0x00, 0x00, 0x00, 0x00, 0x00, 0x00, 0x00, 0x00,
    0x00, 0x00, 0x00, 0x00, 0x00, 0x00, 0x00, 0x00, 0x00, 0x00, 0x00, 0x00, 0x00, 0x00, 0x00, 0x00,
    0x00, 0x00, 0x00, 0x00, 0x00, 0x00, 0x00, 0x00, 0x00, 0x00, 0x00, 0x00, 0x00, 0x00, 0x00, 0x00,
    0x00, 0x00, 0x00, 0x00, 0x00, 0x00, 0x00, 0x00, 0x00, 0x00, 0x00, 0x00, 0x00, 0x00, 0x00, 0x00,
    0x00, 0x00, 0x00, 0x00, 0x00, 0x00, 0x00, 0x00, 0x00, 0x00, 0x00, 0x00, 0x00, 0x00, 0x00, 0x00,
    0x00, 0x00, 0x00, 0x00, 0x00, 0x00, 0x00, 0x00, 0x00, 0x00, 0x00, 0x00, 0x00, 0x00, 0x00, 0x00,
    0x00, 0x00, 0x00, 0x00, 0x00, 0x00, 0x00, 0x00, 0x00, 0x00, 0x00, 0x00, 0x00, 0x00, 0x00, 0x00,
    0xF9, 0xEF, 0xE7, 0xE9, 0xD9, 0x59, 0x95, 0x59, 0xFC, 0xDA, 0xDC, 0xF3, 0xF3, 0xF8, 0xDC, 0xD2,
    0xDC, 0xF3, 0xDA, 0xC9, 0xE3, 0xF3, 0xE3, 0xDA, 0xDB, 0xCF, 0xBA, 0xC5, 0xD4, 0xC0, 0xD4, 0xCF,
    0xCE, 0xCE, 0xC5, 0xC2, 0xCE, 0xD4, 0xC0, 0xB9, 0xB9, 0xC2, 0xCD, 0xCD, 0xC2, 0xBF, 0xB9, 0xC0,
    0xC0, 0xCE, 0xC5, 0xAD, 0xB2, 0xB3, 0xB7, 0xC5, 0xB9, 0xB0, 0xA4, 0xB9, 0xB9, 0xAB, 0xAB, 0xA4,
    0x8A, 0x75, 0x75, 0x97, 0x87, 0xB3, 0x97, 0x88, 0xA3, 0x97, 0xA2, 0xA9, 0x98, 0x8D, 0x96, 0x9E,
    0xAB, 0xAB, 0x9A, 0xAF, 0xAB, 0xAD, 0xB7, 0xAD, 0x9F, 0xA6, 0xB9, 0x92, 0x7F, 0xA3, 0xAD, 0x8B,
    0x74, 0xA0, 0x9A, 0x98, 0x80, 0x97, 0x8A, 0x43, 0x8E, 0x75, 0x6F, 0x9F, 0x84, 0x90, 0x69, 0x6B,
    0x76, 0x80, 0x6A, 0x51, 0x82, 0x8F, 0x7F, 0x5E, 0x69, 0x66, 0x4B, 0x5C, 0x4A, 0x4E, 0x79, 0x5C,
    0x4A, 0x67, 0x54, 0x66, 0x67, 0x47, 0x37, 0x5E, 0x72, 0x5D, 0x4C, 0x4D, 0x35, 0x2B, 0x49, 0x3D,
    0x49, 0x48, 0x48, 0x48, 0x43, 0x51, 0x54, 0x49, 0x31, 0x34, 0x31, 0x48, 0x6D, 0x53, 0x4B, 0x40,
    0x3E, 0x3A, 0x5C, 0x6D, 0x49, 0x3E, 0x5F, 0x5D, 0x60, 0x6A, 0x5E, 0x51, 0x71, 0x7E, 0x70, 0x4D,
    0x3E, 0x32, 0x22, 0x5D, 0x4E, 0x66, 0x67, 0x4D, 0x4D, 0x5D, 0x64, 0x79, 0x7A, 0x52, 0x4B, 0x84,
    0x97, 0x82, 0x72, 0x84, 0x98, 0x7F, 0x84, 0x90, 0x7C, 0x90, 0xA2, 0x9D, 0x56, 0x74, 0xA0, 0x92,
    0x76, 0x61, 0x9E, 0x9F, 0x8E, 0x6A, 0x6A, 0x50, 0x44, 0x5E, 0x7D, 0x72, 0x7E, 0x60, 0x72, 0x6F,
    0x7C, 0x84, 0x87, 0x7E, 0x7D, 0x85, 0xB3, 0xA3, 0x85, 0x87, 0x8D, 0x85, 0x87, 0x87, 0xA9, 0xA4,
    0x7F, 0x97, 0xA4, 0xA4, 0x9A, 0xA4, 0x80, 0x8D, 0xC2, 0xCC, 0xC2, 0x7F, 0x8D, 0xB3, 0xB3, 0x8C,
    0xA0, 0x98, 0xC2, 0xC2, 0xC0, 0xAD, 0xB9, 0xC2, 0xC5, 0xB9, 0xB9, 0xCE, 0xD4, 0xCF, 0xCE, 0xB7,
    0xB9, 0xB7, 0xAD, 0xAD, 0xC9, 0xCF, 0xC2, 0xB2, 0xC5, 0xC2, 0xB9, 0xC5, 0xBC, 0xA6, 0xCE, 0xCF,
    0xC7, 0xCE, 0xC2, 0xCE, 0xBC, 0xBC, 0xCE, 0xCF, 0xE0, 0xE0, 0xD6, 0xDA, 0xD6, 0xD2, 0xE3, 0xDC,
    0xD6, 0xF2, 0xF5, 0xF9, 0xF3, 0xDC, 0xE6, 0xFE, 0x59, 0x95, 0x62, 0xEF, 0xEF, 0xDA, 0xE6, 0xF9,
    0x00, 0x00, 0x00, 0x00, 0x00, 0x00, 0x00, 0x00, 0x00, 0x00, 0x00, 0x00, 0x00, 0x00, 0x00, 0x00,
    0x00, 0x00, 0x00, 0x00, 0x00, 0x00, 0x00, 0x00, 0x00, 0x00, 0x00, 0x00, 0x00, 0x00, 0x00, 0x00,
    0x00, 0x00, 0x00, 0x00, 0x00, 0x00, 0x00, 0x00, 0x00, 0x00, 0x00, 0x00, 0x00, 0x00, 0x00, 0x00,
    0x00, 0x00, 0x00, 0x00, 0x00, 0x00, 0x00, 0x00, 0x00, 0x00, 0x00, 0x00, 0x00, 0x00, 0x00, 0x00,
    0x00, 0x00, 0x00, 0x00, 0x00, 0x00, 0x00, 0x00, 0x00, 0x00, 0x00, 0x00, 0x00, 0x00, 0x00, 0x00,
    0x00, 0x00, 0x00, 0x00, 0x00, 0x00, 0x00, 0x00, 0x00, 0x00, 0x00, 0x00, 0x00, 0x00, 0x00, 0x00,
    0x00, 0x00, 0x00, 0x00, 0x00, 0x00, 0x00, 0x00, 0x00, 0x00, 0x00, 0x00, 0x00, 0x00, 0x00, 0x00,
    0x00, 0x00, 0x00, 0x00, 0x00, 0x00, 0x00, 0x00, 0x00, 0x00, 0x00, 0x00, 0x00, 0x00, 0x00, 0x00,
    0x00, 0x00, 0x00, 0x00, 0x00, 0x00, 0x00, 0x00, 0x00, 0x00, 0x00, 0x00, 0x00, 0x00, 0x00, 0x00,
    0x00, 0x00, 0x00, 0x00, 0x00, 0x00, 0x00, 0x00, 0x00, 0x00, 0x00, 0x00, 0x00, 0x00, 0x00, 0x00,
    0x00, 0x00, 0x00, 0x00, 0x00, 0x00, 0x00, 0x00, 0x00, 0x00, 0x00, 0x00, 0x00, 0x00, 0x00, 0x00,
    0x00, 0x00, 0x00, 0x00, 0x00, 0x00, 0x00, 0x00, 0x00, 0x00, 0x00, 0x00, 0x00, 0x00, 0x00, 0x00,
    0xF9, 0xEF, 0xEA, 0xF3, 0xEF, 0x62, 0x95, 0x59, 0xFC, 0xE6, 0xF4, 0xF3, 0xF8, 0xF0, 0xE6, 0xE6,
    0xDA, 0xDC, 0xE2, 0xC7, 0xE3, 0xEB, 0xE3, 0xCF, 0xDA, 0xCF, 0xB7, 0xC2, 0xCF, 0xC5, 0xCE, 0xD6,
    0xCE, 0xC2, 0xC1, 0xCE, 0xCD, 0xC2, 0xD4, 0xC9, 0xB2, 0xB7, 0xCD, 0xCF, 0xB8, 0xC0, 0xC2, 0xC2,
    0xC9, 0xC2, 0xBC, 0xCE, 0xCE, 0xB9, 0x9F, 0xAB, 0xB7, 0xB3, 0xA0, 0xBF, 0xC0, 0xB1, 0xA9, 0x9E,
    0x8D, 0x75, 0x75, 0x97, 0x97, 0xB2, 0xB2, 0x97, 0x8D, 0x8F, 0xA2, 0xA2, 0x87, 0x97, 0x98, 0xA3,
    0xB2, 0xB7, 0xAD, 0xAB, 0xAB, 0xAD, 0xB9, 0xB9, 0xC2, 0xC5, 0xB9, 0x98, 0x9E, 0x9E, 0x98, 0x90,
    0x7C, 0xA1, 0x9F, 0xA6, 0x8E, 0x98, 0x61, 0x32, 0xA4, 0x9F, 0x84, 0x9F, 0xA9, 0x9F, 0x75, 0x7C,
    0x87, 0x66, 0x66, 0x7F, 0x75, 0x7F, 0x7C, 0x7C, 0x6D, 0x4D, 0x63, 0x63, 0x6D, 0x6D, 0x67, 0x7A,
    0x72, 0x56, 0x3C, 0x4D, 0x66, 0x4D, 0x43, 0x51, 0x6D, 0x5C, 0x4D, 0x40, 0x35, 0x31, 0x51, 0x3E,
    0x4E, 0x6E, 0x4D, 0x40, 0x3C, 0x48, 0x3E, 0x34, 0x3B, 0x48, 0x3D, 0x63, 0x6D, 0x4E, 0x47, 0x4A,
    0x4C, 0x4D, 0x66, 0x53, 0x51, 0x7E, 0x72, 0x43, 0x4D, 0x71, 0x6D, 0x52, 0x70, 0x85, 0x7D, 0x4D,
    0x49, 0x2B, 0x26, 0x5E, 0x4C, 0x63, 0x85, 0x70, 0x5E, 0x4F, 0x53, 0x6E, 0x4A, 0x5C, 0x72, 0x87,
    0x7A, 0x84, 0x84, 0x84, 0x80, 0x8C, 0x8E, 0x9A, 0x9A, 0x9E, 0xB6, 0x8D, 0x7C, 0x7C, 0x84, 0x8F,
    0x6B, 0x6B, 0x98, 0xB2, 0x7F, 0x5D, 0x67, 0x4D, 0x40, 0x5A, 0x70, 0x81, 0x90, 0x87, 0x85, 0x6F,
    0x7B, 0x87, 0x72, 0x82, 0x97, 0x96, 0xA2, 0x9D, 0xA2, 0x85, 0x87, 0x8D, 0x9A, 0x96, 0x96, 0xA2,
    0xAD, 0x98, 0x87, 0x8D, 0x96, 0xAD, 0x8E, 0x9A, 0xC2, 0xCC, 0xBC, 0x87, 0x77, 0x8E, 0x8E, 0x8C,
    0x75, 0x9E, 0xCE, 0xCC, 0xC5, 0xB5, 0xB9, 0xC2, 0xC0, 0xB7, 0xB9, 0xC7, 0xCF, 0xD6, 0xC5, 0xB7,
    0xAD, 0xB7, 0xBC, 0xC1, 0xC9, 0xC2, 0xC5, 0xCF, 0xCE, 0xB9, 0xB3, 0xB7, 0xBA, 0xB7, 0xC2, 0xCF,
    0xCF, 0xC2, 0xC7, 0xCE, 0xAF, 0xB0, 0xCE, 0xC5, 0xDC, 0xE3, 0xE3, 0xD6, 0xCF, 0xDF, 0xD6, 0xD6,
    0xD6, 0xF0, 0xF9, 0xF9, 0xF8, 0xF4, 0xEF, 0xFE, 0x62, 0x95, 0x62, 0xF4, 0xF3, 0xE3, 0xF4, 0xFA,
    0x00, 0x00, 0x00, 0x00, 0x00, 0x00, 0x00, 0x00, 0x00, 0x00, 0x00, 0x00, 0x00, 0x00, 0x00, 0x00,
    0x00, 0x00, 0x00, 0x00, 0x00, 0x00, 0x00, 0x00, 0x00, 0x00, 0x00, 0x00, 0x00, 0x00, 0x00, 0x00,
    0x00, 0x00, 0x00, 0x00, 0x00, 0x00, 0x00, 0x00, 0x00, 0x00, 0x00, 0x00, 0x00, 0x00, 0x00, 0x00,
    0x00, 0x00, 0x00, 0x00, 0x00, 0x00, 0x00, 0x00, 0x00, 0x00, 0x00, 0x00, 0x00, 0x00, 0x00, 0x00,
    0x00, 0x00, 0x00, 0x00, 0x00, 0x00, 0x00, 0x00, 0x00, 0x00, 0x00, 0x00, 0x00, 0x00, 0x00, 0x00,
    0x00, 0x00, 0x00, 0x00, 0x00, 0x00, 0x00, 0x00, 0x00, 0x00, 0x00, 0x00, 0x00, 0x00, 0x00, 0x00,
    0x00, 0x00, 0x00, 0x00, 0x00, 0x00, 0x00, 0x00, 0x00, 0x00, 0x00, 0x00, 0x00, 0x00, 0x00, 0x00,
    0x00, 0x00, 0x00, 0x00, 0x00, 0x00, 0x00, 0x00, 0x00, 0x00, 0x00, 0x00, 0x00, 0x00, 0x00, 0x00,
    0x00, 0x00, 0x00, 0x00, 0x00, 0x00, 0x00, 0x00, 0x00, 0x00, 0x00, 0x00, 0x00, 0x00, 0x00, 0x00,
    0x00, 0x00, 0x00, 0x00, 0x00, 0x00, 0x00, 0x00, 0x00, 0x00, 0x00, 0x00, 0x00, 0x00, 0x00, 0x00,
    0x00, 0x00, 0x00, 0x00, 0x00, 0x00, 0x00, 0x00, 0x00, 0x00, 0x00, 0x00, 0x00, 0x00, 0x00, 0x00,
    0x00, 0x00, 0x00, 0x00, 0x00, 0x00, 0x00, 0x00, 0x00, 0x00, 0x00, 0x00, 0x00, 0x00, 0x00, 0x00,
    0xFA, 0xF9, 0xE6, 0xDC, 0xDB, 0x59, 0x62, 0x59, 0xFD, 0xF3, 0xF3, 0xE6, 0xF0, 0xDD, 0xE3, 0xDB,
    0xCF, 0xE0, 0xF0, 0xEF, 0xDA, 0xE3, 0xD2, 0xCF, 0xDA, 0xDF, 0xD4, 0xDA, 0xCE, 0xCE, 0xC5, 0xCD,
    0xCE, 0xD4, 0xD4, 0xCE, 0xCE, 0xCD, 0xD6, 0xD3, 0xC2, 0xC2, 0xC2, 0xC5, 0xC2, 0xCD, 0xCE, 0xCE,
    0xCE, 0xC0, 0xB3, 0xC5, 0xC5, 0xAF, 0xAD, 0xAB, 0xB9, 0xC5, 0xBC, 0xA0, 0xC2, 0xB6, 0xA2, 0x97,
    0xB1, 0xA3, 0xA9, 0x9E, 0x99, 0x97, 0xA3, 0x9A, 0x9E, 0x97, 0x9D, 0xA9, 0x97, 0xAB, 0xAB, 0x97,
    0xB7, 0x9F, 0xA4, 0xAB, 0xB9, 0xB3, 0xAD, 0xAD, 0x9A, 0xA0, 0xA0, 0xAB, 0xA0, 0x9F, 0xA4, 0xA4,
    0x9A, 0x89, 0x9A, 0x84, 0x7F, 0x8E, 0x8F, 0x7B, 0x98, 0x84, 0x84, 0x82, 0x7F, 0x7C, 0xA4, 0x8F,
    0x7F, 0x7B, 0x6F, 0x8D, 0x5D, 0x67, 0x5D, 0x6E, 0x6D, 0x6D, 0x7D, 0x79, 0x88, 0x7E, 0x4D, 0x66,
    0x7F, 0x5E, 0x49, 0x47, 0x4D, 0x66, 0x49, 0x37, 0x49, 0x40, 0x3C, 0x47, 0x49, 0x52, 0x52, 0x49,
    0x40, 0x4A, 0x49, 0x3E, 0x4D, 0x4D, 0x48, 0x40, 0x4A, 0x63, 0x66, 0x63, 0x64, 0x64, 0x63, 0x5E,
    0x66, 0x82, 0x66, 0x49, 0x4B, 0x65, 0x5E, 0x60, 0x51, 0x6A, 0x7A, 0x6F, 0x50, 0x71, 0x4D, 0x3C,
    0x48, 0x4D, 0x47, 0x67, 0x5D, 0x51, 0x63, 0x66, 0x52, 0x6F, 0x65, 0x64, 0x6D, 0x72, 0x8F, 0x71,
    0x7D, 0x8D, 0x75, 0x65, 0x7B, 0x9E, 0x8F, 0x7F, 0x80, 0x72, 0x80, 0x82, 0x9E, 0x6C, 0x74, 0x8E,
    0xAB, 0x90, 0x76, 0x7F, 0x6A, 0x6E, 0x67, 0x7E, 0x72, 0x85, 0x71, 0x66, 0x70, 0x71, 0x8F, 0xAB,
    0x9D, 0x9D, 0x87, 0x82, 0xA9, 0x96, 0x96, 0x97, 0x8E, 0x87, 0x97, 0xA3, 0xA3, 0xB7, 0xA3, 0x88,
    0x97, 0x9F, 0x97, 0x8D, 0xA4, 0xB3, 0xBF, 0xAF, 0xA0, 0xAF, 0xB3, 0xB7, 0xB3, 0x9F, 0x8A, 0x9A,
    0x9F, 0xA3, 0xA3, 0xB9, 0xAF, 0xC9, 0xCE, 0xCE, 0xC5, 0xC2, 0xCD, 0xBD, 0xCE, 0xB9, 0xB7, 0xC2,
    0xB9, 0xC9, 0xCF, 0xCE, 0xBF, 0xB9, 0xB9, 0xCF, 0xC2, 0xBD, 0xB9, 0xC2, 0xCE, 0xCE, 0xBC, 0xD2,
    0xCF, 0xC2, 0xCE, 0xCF, 0xCF, 0xCF, 0xCE, 0xCE, 0xCE, 0xD6, 0xD6, 0xE2, 0xDC, 0xDA, 0xE3, 0xE3,
    0xF3, 0xE3, 0xDC, 0xF8, 0xE6, 0xF3, 0xF0, 0xFE, 0x62, 0x95, 0x62, 0xF3, 0xF4, 0xF4, 0xF9, 0xFA,
    0x00, 0x00, 0x00, 0x00, 0x00, 0x00, 0x00, 0x00, 0x00, 0x00, 0x00, 0x00, 0x00, 0x00, 0x00, 0x00,
    0x00, 0x00, 0x00, 0x00, 0x00, 0x00, 0x00, 0x00, 0x00, 0x00, 0x00, 0x00, 0x00, 0x00, 0x00, 0x00,
    0x00, 0x00, 0x00, 0x00, 0x00, 0x00, 0x00, 0x00, 0x00, 0x00, 0x00, 0x00, 0x00, 0x00, 0x00, 0x00,
    0x00, 0x00, 0x00, 0x00, 0x00, 0x00, 0x00, 0x00, 0x00, 0x00, 0x00, 0x00, 0x00, 0x00, 0x00, 0x00,
    0x00, 0x00, 0x00, 0x00, 0x00, 0x00, 0x00, 0x00, 0x00, 0x00, 0x00, 0x00, 0x00, 0x00, 0x00, 0x00,
    0x00, 0x00, 0x00, 0x00, 0x00, 0x00, 0x00, 0x00, 0x00, 0x00, 0x00, 0x00, 0x00, 0x00, 0x00, 0x00,
    0x00, 0x00, 0x00, 0x00, 0x00, 0x00, 0x00, 0x00, 0x00, 0x00, 0x00, 0x00, 0x00, 0x00, 0x00, 0x00,
    0x00, 0x00, 0x00, 0x00, 0x00, 0x00, 0x00, 0x00, 0x00, 0x00, 0x00, 0x00, 0x00, 0x00, 0x00, 0x00,
    0x00, 0x00, 0x00, 0x00, 0x00, 0x00, 0x00, 0x00, 0x00, 0x00, 0x00, 0x00, 0x00, 0x00, 0x00, 0x00,
    0x00, 0x00, 0x00, 0x00, 0x00, 0x00, 0x00, 0x00, 0x00, 0x00, 0x00, 0x00, 0x00, 0x00, 0x00, 0x00,
    0x00, 0x00, 0x00, 0x00, 0x00, 0x00, 0x00, 0x00, 0x00, 0x00, 0x00, 0x00, 0x00, 0x00, 0x00, 0x00,
    0x00, 0x00, 0x00, 0x00, 0x00, 0x00, 0x00, 0x00, 0x00, 0x00, 0x00, 0x00, 0x00, 0x00, 0x00, 0x00,
    0xFE, 0xF4, 0xDA, 0xDC, 0xDB, 0x59, 0x95, 0x62, 0xFE, 0xF3, 0xEA, 0xDA, 0xC8, 0xD5, 0xE3, 0xD2,
    0xC4, 0xDE, 0xEB, 0xF4, 0xE2, 0xC7, 0xD6, 0xE0, 0xCF, 0xD6, 0xDE, 0xD6, 0xCD, 0xD4, 0xE0, 0xCE,
    0xC2, 0xD6, 0xCE, 0xB7, 0xCF, 0xCE, 0xCC, 0xD3, 0xD4, 0xDA, 0xC0, 0xC2, 0xC5, 0xC9, 0xCE, 0xCF,
    0xCE, 0xCD, 0xC5, 0xB7, 0xB1, 0xB9, 0xAB, 0xA4, 0xB9, 0xC5, 0xCE, 0xAD, 0x9A, 0xAD, 0xA3, 0x97,
    0xAB, 0xB6, 0xA3, 0x98, 0xA5, 0xA3, 0x97, 0x8F, 0xB6, 0xB7, 0x96, 0xA9, 0xA9, 0xB7, 0xA0, 0xAB,
    0xBC, 0x9F, 0xAD, 0xB7, 0xAD, 0xAB, 0xB2, 0xAD, 0xAF, 0x8E, 0x8A, 0xAB, 0xA3, 0x8E, 0xAD, 0xB9,
    0xBC, 0x7C, 0x69, 0x98, 0x90, 0x7F, 0x98, 0xAB, 0x9E, 0x8D, 0x9E, 0xA9, 0x84, 0x7A, 0xA9, 0x82,
    0x6A, 0x82, 0x73, 0x8E, 0x6A, 0x5D, 0x67, 0x48, 0x5D, 0x66, 0x71, 0x72, 0x7A, 0x5D, 0x5E, 0x51,
    0x4C, 0x5C, 0x48, 0x3A, 0x4A, 0x71, 0x71, 0x37, 0x37, 0x60, 0x49, 0x40, 0x4E, 0x5C, 0x3C, 0x44,
    0x64, 0x4B, 0x3C, 0x48, 0x51, 0x47, 0x5D, 0x48, 0x47, 0x6D, 0x5D, 0x6A, 0x48, 0x4D, 0x5E, 0x5E,
    0x5D, 0x71, 0x53, 0x6E, 0x72, 0x49, 0x4B, 0x5D, 0x36, 0x4D, 0x7B, 0x87, 0x50, 0x43, 0x5E, 0x40,
    0x3C, 0x5D, 0x5E, 0x49, 0x72, 0x72, 0x7D, 0x53, 0x52, 0x6E, 0x7A, 0x72, 0x82, 0x7E, 0x90, 0x73,
    0x8F, 0x84, 0x64, 0x6A, 0x7C, 0x82, 0x87, 0x7E, 0x70, 0x6F, 0x6A, 0x7E, 0x8F, 0x6B, 0x60, 0x98,
    0xB9, 0xB9, 0x75, 0x56, 0x7F, 0x71, 0x5C, 0x72, 0x80, 0x72, 0x6E, 0x72, 0x7B, 0x75, 0x87, 0xB2,
    0xAB, 0x88, 0x9F, 0x87, 0xA3, 0xA4, 0xB1, 0x80, 0x77, 0x97, 0x97, 0x97, 0xA4, 0xB1, 0xA3, 0xB1,
    0x87, 0x85, 0x97, 0x7E, 0x87, 0xB2, 0xCE, 0xC5, 0x8A, 0x9F, 0xAF, 0xB2, 0xB6, 0xC0, 0xC1, 0xAD,
    0xA4, 0xB9, 0xBC, 0xA1, 0xAD, 0xC9, 0xC7, 0xC5, 0xD6, 0xC5, 0xC5, 0xB9, 0xB9, 0xC2, 0xC2, 0xD4,
    0xCE, 0xC5, 0xC5, 0xCE, 0xC9, 0xD6, 0xC8, 0xB9, 0xBC, 0xBD, 0xAD, 0xAF, 0xCF, 0xE3, 0xCF, 0xB0,
    0xC7, 0xD4, 0xC2, 0xCE, 0xD6, 0xD2, 0xCF, 0xCE, 0xD6, 0xCF, 0xCF, 0xE3, 0xDF, 0xCC, 0xD6, 0xE3,
    0xF8, 0xEB, 0xD3, 0xE3, 0xE6, 0xF1, 0xF0, 0xFE, 0x59, 0x95, 0x95, 0xEF, 0xF0, 0xF4, 0xF4, 0xFA,
    0x00, 0x00, 0x00, 0x00, 0x00, 0x00, 0x00, 0x00, 0x00, 0x00, 0x00, 0x00, 0x00, 0x00, 0x00, 0x00,
    0x00, 0x00, 0x00, 0x00, 0x00, 0x00, 0x00, 0x00, 0x00, 0x00, 0x00, 0x00, 0x00, 0x00, 0x00, 0x00,
    0x00, 0x00, 0x00, 0x00, 0x00, 0x00, 0x00, 0x00, 0x00, 0x00, 0x00, 0x00, 0x00, 0x00, 0x00, 0x00,
    0x00, 0x00, 0x00, 0x00, 0x00, 0x00, 0x00, 0x00, 0x00, 0x00, 0x00, 0x00, 0x00, 0x00, 0x00, 0x00,
    0x00, 0x00, 0x00, 0x00, 0x00, 0x00, 0x00, 0x00, 0x00, 0x00, 0x00, 0x00, 0x00, 0x00, 0x00, 0x00,
    0x00, 0x00, 0x00, 0x00, 0x00, 0x00, 0x00, 0x00, 0x00, 0x00, 0x00, 0x00, 0x00, 0x00, 0x00, 0x00,
    0x00, 0x00, 0x00, 0x00, 0x00, 0x00, 0x00, 0x00, 0x00, 0x00, 0x00, 0x00, 0x00, 0x00, 0x00, 0x00,
    0x00, 0x00, 0x00, 0x00, 0x00, 0x00, 0x00, 0x00, 0x00, 0x00, 0x00, 0x00, 0x00, 0x00, 0x00, 0x00,
    0x00, 0x00, 0x00, 0x00, 0x00, 0x00, 0x00, 0x00, 0x00, 0x00, 0x00, 0x00, 0x00, 0x00, 0x00, 0x00,
    0x00, 0x00, 0x00, 0x00, 0x00, 0x00, 0x00, 0x00, 0x00, 0x00, 0x00, 0x00, 0x00, 0x00, 0x00, 0x00,
    0x00, 0x00, 0x00, 0x00, 0x00, 0x00, 0x00, 0x00, 0x00, 0x00, 0x00, 0x00, 0x00, 0x00, 0x00, 0x00,
    0x00, 0x00, 0x00, 0x00, 0x00, 0x00, 0x00, 0x00, 0x00, 0x00, 0x00, 0x00, 0x00, 0x00, 0x00, 0x00,
    0xFB, 0xE3, 0xDA, 0xE0, 0xDB, 0x95, 0x95, 0x95, 0xFD, 0xDA, 0xDF, 0xCE, 0xD5, 0xCF, 0xDF, 0xDA,
    0xD6, 0xE3, 0xDA, 0xD6, 0xE3, 0xD6, 0xD6, 0xE3, 0xDA, 0xDA, 0xD6, 0xD6, 0xCD, 0xC2, 0xCD, 0xD4,
    0xD6, 0xCF, 0xCE, 0xB6, 0xBD, 0xCF, 0xCD, 0xD4, 0xD6, 0xD4, 0xC2, 0xC2, 0xC9, 0xB9, 0xBD, 0xC0,
    0xB9, 0xAD, 0xC5, 0xB2, 0xAD, 0xBD, 0xB7, 0xC2, 0xC2, 0xAF, 0xB9, 0xC2, 0x98, 0x9F, 0xB3, 0xB2,
    0xB6, 0xB2, 0xAB, 0x97, 0xA2, 0xA2, 0xA2, 0xB6, 0xB6, 0xB2, 0x87, 0x97, 0xA2, 0xB6, 0xB9, 0xAD,
    0xB5, 0xAB, 0x9F, 0xA4, 0x8A, 0x90, 0xAD, 0x7F, 0x9F, 0xA0, 0x84, 0x9E, 0xAB, 0xA3, 0xAD, 0x9E,
    0x90, 0x90, 0x75, 0x92, 0x98, 0x97, 0xA3, 0x97, 0x90, 0x8D, 0x84, 0x7F, 0x84, 0x8A, 0x90, 0x72,
    0x4B, 0x84, 0x82, 0x85, 0x87, 0x66, 0x64, 0x49, 0x5D, 0x4B, 0x43, 0x51, 0x63, 0x3E, 0x51, 0x51,
    0x3D, 0x5D, 0x4C, 0x4D, 0x5C, 0x4A, 0x48, 0x48, 0x43, 0x67, 0x5D, 0x51, 0x4E, 0x53, 0x43, 0x3C,
    0x3E, 0x4D, 0x48, 0x4A, 0x5E, 0x34, 0x3D, 0x4C, 0x4D, 0x6E, 0x4D, 0x5D, 0x3B, 0x3E, 0x43, 0x41,
    0x43, 0x4B, 0x39, 0x48, 0x6D, 0x3C, 0x3C, 0x4D, 0x44, 0x5E, 0x4E, 0x5D, 0x66, 0x44, 0x5D, 0x65,
    0x4B, 0x5E, 0x5E, 0x53, 0x53, 0x4C, 0x6D, 0x64, 0x6E, 0x7F, 0x67, 0x67, 0x7B, 0x7A, 0x8D, 0x7F,
    0x7B, 0x72, 0x5D, 0x65, 0x65, 0x67, 0x82, 0x6D, 0x66, 0x6A, 0x54, 0x6D, 0x97, 0x7E, 0x87, 0x92,
    0x84, 0x90, 0x90, 0x6A, 0x84, 0x7E, 0x72, 0x7B, 0x75, 0x72, 0x65, 0x6E, 0x6A, 0x8A, 0xA2, 0xAB,
    0xA2, 0x7A, 0x97, 0x96, 0x87, 0x98, 0x8E, 0x7F, 0x6A, 0x7F, 0x84, 0x7F, 0x9F, 0x85, 0x7D, 0xA3,
    0x87, 0x73, 0xA3, 0x96, 0xA2, 0xB9, 0xAD, 0xAF, 0xAF, 0x92, 0xBD, 0xB3, 0xB7, 0xB9, 0xB9, 0xB9,
    0xAF, 0x9F, 0xAF, 0xA1, 0xB9, 0xCE, 0xB9, 0x9F, 0xBC, 0xB9, 0xC9, 0xB9, 0xA6, 0xB9, 0xB7, 0xC2,
    0xCD, 0xBA, 0xB9, 0xC5, 0xB9, 0xC2, 0xCE, 0xB3, 0xAF, 0xC7, 0xB0, 0xCE, 0xCE, 0xCD, 0xD4, 0xC9,
    0xCF, 0xDA, 0xCF, 0xCF, 0xCC, 0xCE, 0xCF, 0xC9, 0xCF, 0xD2, 0xD5, 0xE3, 0xE0, 0xC7, 0xCE, 0xD6,
    0xE3, 0xF3, 0xDF, 0xD6, 0xF0, 0xE6, 0xDB, 0xFD, 0x95, 0x95, 0x95, 0xDA, 0xDB, 0xE6, 0xF0, 0xF5,
    0x00, 0x00, 0x00, 0x00, 0x00, 0x00, 0x00, 0x00, 0x00, 0x00, 0x00, 0x00, 0x00, 0x00, 0x00, 0x00,
    0x00, 0x00, 0x00, 0x00, 0x00, 0x00, 0x00, 0x00, 0x00, 0x00, 0x00, 0x00, 0x00, 0x00, 0x00, 0x00,
    0x00, 0x00, 0x00, 0x00, 0x00, 0x00, 0x00, 0x00, 0x00, 0x00, 0x00, 0x00, 0x00, 0x00, 0x00, 0x00,
    0x00, 0x00, 0x00, 0x00, 0x00, 0x00, 0x00, 0x00, 0x00, 0x00, 0x00, 0x00, 0x00, 0x00, 0x00, 0x00,
    0x00, 0x00, 0x00, 0x00, 0x00, 0x00, 0x00, 0x00, 0x00, 0x00, 0x00, 0x00, 0x00, 0x00, 0x00, 0x00,
    0x00, 0x00, 0x00, 0x00, 0x00, 0x00, 0x00, 0x00, 0x00, 0x00, 0x00, 0x00, 0x00, 0x00, 0x00, 0x00,
    0x00, 0x00, 0x00, 0x00, 0x00, 0x00, 0x00, 0x00, 0x00, 0x00, 0x00, 0x00, 0x00, 0x00, 0x00, 0x00,
    0x00, 0x00, 0x00, 0x00, 0x00, 0x00, 0x00, 0x00, 0x00, 0x00, 0x00, 0x00, 0x00, 0x00, 0x00, 0x00,
    0x00, 0x00, 0x00, 0x00, 0x00, 0x00, 0x00, 0x00, 0x00, 0x00, 0x00, 0x00, 0x00, 0x00, 0x00, 0x00,
    0x00, 0x00, 0x00, 0x00, 0x00, 0x00, 0x00, 0x00, 0x00, 0x00, 0x00, 0x00, 0x00, 0x00, 0x00, 0x00,
    0x00, 0x00, 0x00, 0x00, 0x00, 0x00, 0x00, 0x00, 0x00, 0x00, 0x00, 0x00, 0x00, 0x00, 0x00, 0x00,
    0x00, 0x00, 0x00, 0x00, 0x00, 0x00, 0x00, 0x00, 0x00, 0x00, 0x00, 0x00, 0x00, 0x00, 0x00, 0x00,
    0xFB, 0xE0, 0xDE, 0xE9, 0xDB, 0x62, 0x95, 0x95, 0xFD, 0xE3, 0xF3, 0xDA, 0xDA, 0xD6, 0xE0, 0xEB,
    0xF3, 0xDB, 0xC7, 0xC7, 0xDA, 0xE3, 0xD2, 0xE0, 0xD6, 0xD2, 0xCF, 0xCE, 0xCD, 0xC2, 0xCC, 0xD4,
    0xCE, 0xBD, 0xC7, 0xC9, 0xC2, 0xC5, 0xCD, 0xD4, 0xD4, 0xC0, 0xC2, 0xC2, 0xC5, 0xBC, 0xB9, 0xBF,
    0xBF, 0xB7, 0xBC, 0xBE, 0xC0, 0xC5, 0xD4, 0xCE, 0xB7, 0xAB, 0xAD, 0xB7, 0xC1, 0xC1, 0xAD, 0xA9,
    0xAB, 0xA4, 0x8D, 0x7E, 0x96, 0xA3, 0x9E, 0xA3, 0x96, 0xA2, 0xB1, 0xA9, 0xA9, 0xA2, 0xC2, 0xC7,
    0xC1, 0x98, 0xAD, 0xA0, 0x92, 0x9F, 0x9F, 0x8A, 0x76, 0x84, 0x9E, 0xAD, 0xC2, 0xBD, 0xA0, 0x7B,
    0x72, 0x90, 0xB7, 0x9A, 0x98, 0x87, 0x8D, 0x8D, 0x72, 0x72, 0x75, 0x80, 0x87, 0x79, 0x5D, 0x6B,
    0x67, 0x7A, 0x9E, 0x81, 0x82, 0x7C, 0x60, 0x56, 0x54, 0x52, 0x4F, 0x66, 0x5C, 0x66, 0x5A, 0x4B,
    0x5C, 0x66, 0x7F, 0x87, 0x66, 0x34, 0x3A, 0x53, 0x67, 0x51, 0x51, 0x3E, 0x43, 0x40, 0x3C, 0x40,
    0x44, 0x5C, 0x3D, 0x35, 0x4B, 0x47, 0x3E, 0x6D, 0x63, 0x5C, 0x5E, 0x3C, 0x29, 0x4B, 0x43, 0x41,
    0x48, 0x4F, 0x43, 0x4B, 0x47, 0x4C, 0x48, 0x6A, 0x80, 0x54, 0x48, 0x47, 0x64, 0x72, 0x5E, 0x6A,
    0x51, 0x4F, 0x54, 0x3C, 0x49, 0x49, 0x66, 0x70, 0x5C, 0x64, 0x66, 0x53, 0x8F, 0x6E, 0x67, 0x84,
    0x80, 0x7F, 0x65, 0x72, 0x67, 0x65, 0x7A, 0x71, 0x72, 0x60, 0x5E, 0x81, 0x9E, 0xB7, 0xAB, 0x7C,
    0x65, 0x6D, 0x8F, 0xAF, 0x8B, 0x8A, 0x75, 0x6A, 0x6F, 0x4B, 0x4A, 0x63, 0x72, 0x8D, 0x7D, 0x7E,
    0x88, 0x82, 0xA2, 0xA3, 0x8D, 0x97, 0x7F, 0x6B, 0x75, 0x7F, 0x76, 0x80, 0x97, 0xA2, 0x87, 0x87,
    0x8D, 0x8E, 0xA5, 0xBF, 0xC1, 0xB7, 0x90, 0x92, 0xCC, 0xC7, 0xAF, 0xB3, 0xAB, 0xAF, 0xAD, 0xA9,
    0x9E, 0x8D, 0xA0, 0xAD, 0xB7, 0xB0, 0xAF, 0x9F, 0xB7, 0xB9, 0xAD, 0xBC, 0xB3, 0xAD, 0xAD, 0xC5,
    0xC2, 0xBC, 0xC5, 0xC7, 0xB9, 0xB9, 0xB7, 0xC2, 0xB9, 0xCF, 0xDA, 0xDA, 0xC5, 0xC0, 0xC9, 0xDA,
    0xDA, 0xD6, 0xCF, 0xCE, 0xCF, 0xC3, 0xBC, 0xC5, 0xCF, 0xD4, 0xC9, 0xCF, 0xD2, 0xD6, 0xDA, 0xD6,
    0xD3, 0xEB, 0xF8, 0xE3, 0xDA, 0xDC, 0xDA, 0xFD, 0x95, 0xA8, 0x95, 0xCF, 0xC2, 0xD6, 0xDA, 0xF9,
    0x00, 0x00, 0x00, 0x00, 0x00, 0x00, 0x00, 0x00, 0x00, 0x00, 0x00, 0x00, 0x00, 0x00, 0x00, 0x00,
    0x00, 0x00, 0x00, 0x00, 0x00, 0x00, 0x00, 0x00, 0x00, 0x00, 0x00, 0x00, 0x00, 0x00, 0x00, 0x00,
    0x00, 0x00, 0x00, 0x00, 0x00, 0x00, 0x00, 0x00, 0x00, 0x00, 0x00, 0x00, 0x00, 0x00, 0x00, 0x00,
    0x00, 0x00, 0x00, 0x00, 0x00, 0x00, 0x00, 0x00, 0x00, 0x00, 0x00, 0x00, 0x00, 0x00, 0x00, 0x00,
    0x00, 0x00, 0x00, 0x00, 0x00, 0x00, 0x00, 0x00, 0x00, 0x00, 0x00, 0x00, 0x00, 0x00, 0x00, 0x00,
    0x00, 0x00, 0x00, 0x00, 0x00, 0x00, 0x00, 0x00, 0x00, 0x00, 0x00, 0x00, 0x00, 0x00, 0x00, 0x00,
    0x00, 0x00, 0x00, 0x00, 0x00, 0x00, 0x00, 0x00, 0x00, 0x00, 0x00, 0x00, 0x00, 0x00, 0x00, 0x00,
    0x00, 0x00, 0x00, 0x00, 0x00, 0x00, 0x00, 0x00, 0x00, 0x00, 0x00, 0x00, 0x00, 0x00, 0x00, 0x00,
    0x00, 0x00, 0x00, 0x00, 0x00, 0x00, 0x00, 0x00, 0x00, 0x00, 0x00, 0x00, 0x00, 0x00, 0x00, 0x00,
    0x00, 0x00, 0x00, 0x00, 0x00, 0x00, 0x00, 0x00, 0x00, 0x00, 0x00, 0x00, 0x00, 0x00, 0x00, 0x00,
    0x00, 0x00, 0x00, 0x00, 0x00, 0x00, 0x00, 0x00, 0x00, 0x00, 0x00, 0x00, 0x00, 0x00, 0x00, 0x00,
    0x00, 0x00, 0x00, 0x00, 0x00, 0x00, 0x00, 0x00, 0x00, 0x00, 0x00, 0x00, 0x00, 0x00, 0x00, 0x00,
    0xFB, 0xEB, 0xE0, 0xEB, 0xEF, 0x59, 0xA8, 0xCA, 0xFB, 0xF9, 0xF8, 0xF4, 0xD8, 0xDA, 0xEA, 0xF3,
    0xEA, 0xDC, 0xD3, 0xDA, 0xD3, 0xCF, 0xE0, 0xEB, 0xEB, 0xD4, 0xCE, 0xCF, 0xDE, 0xEB, 0xE6, 0xD6,
    0xBA, 0xC7, 0xCC, 0xD6, 0xCF, 0xCE, 0xD3, 0xD6, 0xCF, 0xC1, 0xD6, 0xCF, 0xC5, 0xC5, 0xC2, 0xB7,
    0xC5, 0xCE, 0xBC, 0xBC, 0xCF, 0xD3, 0xCE, 0xC2, 0xBE, 0xBA, 0xC5, 0xB7, 0xAD, 0xB9, 0xC5, 0xC5,
    0xA4, 0x6C, 0x8E, 0xA3, 0xBF, 0xC2, 0xA3, 0x8F, 0x8F, 0xA2, 0xB6, 0xB6, 0xBF, 0xB7, 0xA4, 0xA4,
    0xA4, 0xB5, 0xB9, 0xAD, 0xA0, 0x9F, 0x9F, 0xAD, 0xAF, 0x6C, 0x98, 0xC0, 0xC2, 0xB5, 0xA0, 0x8E,
    0x97, 0x84, 0x8F, 0xAB, 0xBF, 0xAB, 0x7B, 0x75, 0x7B, 0x87, 0xB3, 0xB1, 0x88, 0x63, 0x5E, 0x7F,
    0x8F, 0x6D, 0x7A, 0x81, 0x6E, 0x54, 0x51, 0x7F, 0x54, 0x65, 0x67, 0x63, 0x49, 0x84, 0x7F, 0x50,
    0x72, 0x82, 0x8F, 0x66, 0x66, 0x63, 0x4D, 0x53, 0x52, 0x69, 0x84, 0x5E, 0x40, 0x35, 0x67, 0x71,
    0x81, 0x7D, 0x3E, 0x35, 0x47, 0x63, 0x4D, 0x66, 0x66, 0x53, 0x4B, 0x40, 0x4F, 0x52, 0x52, 0x4B,
    0x4A, 0x3C, 0x6F, 0x7C, 0x4F, 0x48, 0x6E, 0x6A, 0x54, 0x4B, 0x5D, 0x64, 0x54, 0x5E, 0x5F, 0x87,
    0x72, 0x4B, 0x41, 0x4F, 0x67, 0x88, 0x9D, 0x55, 0x4B, 0x5D, 0x75, 0x75, 0x82, 0x90, 0x82, 0x65,
    0x5E, 0x6A, 0x82, 0x84, 0x7F, 0x6E, 0x6E, 0x82, 0x9E, 0x90, 0x69, 0x8F, 0xA9, 0xB2, 0x9E, 0x7B,
    0x82, 0x85, 0x6A, 0x75, 0xA4, 0xBF, 0x90, 0x54, 0x5E, 0x7A, 0x84, 0xA9, 0x9E, 0x71, 0x6D, 0x7F,
    0x96, 0x9D, 0x9D, 0x8D, 0x98, 0x8D, 0x80, 0x7F, 0x8F, 0x9E, 0x98, 0x98, 0x84, 0xAB, 0xB9, 0x98,
    0x80, 0xB3, 0xBF, 0xC5, 0xBD, 0xB7, 0xB0, 0xA4, 0xAB, 0xC2, 0xC5, 0xC5, 0xB7, 0xA0, 0x9F, 0xB7,
    0xB9, 0xB9, 0xCD, 0xBA, 0xA0, 0x9A, 0xB3, 0xB7, 0xB5, 0xCE, 0xB9, 0xBA, 0xB5, 0xB9, 0xCF, 0xCE,
    0xC5, 0xC7, 0xC5, 0xBC, 0xD4, 0xDC, 0xC5, 0xB0, 0xC8, 0xD6, 0xDF, 0xD2, 0xD4, 0xD6, 0xCF, 0xC5,
    0xD5, 0xE3, 0xDF, 0xCF, 0xC5, 0xC7, 0xCC, 0xDC, 0xEA, 0xCF, 0xC5, 0xCF, 0xD6, 0xE3, 0xE0, 0xE3,
    0xDC, 0xE3, 0xEA, 0xF3, 0xDC, 0xF0, 0xF4, 0xF9, 0xEF, 0xDB, 0x59, 0xDA, 0xCF, 0xE0, 0xDA, 0xF4,
    0x00, 0x00, 0x00, 0x00, 0x00, 0x00, 0x00, 0x00, 0x00, 0x00, 0x00, 0x00, 0x00, 0x00, 0x00, 0x00,
    0x00, 0x00, 0x00, 0x00, 0x00, 0x00, 0x00, 0x00, 0x00, 0x00, 0x00, 0x00, 0x00, 0x00, 0x00, 0x00,
    0x00, 0x00, 0x00, 0x00, 0x00, 0x00, 0x00, 0x00, 0x00, 0x00, 0x00, 0x00, 0x00, 0x00, 0x00, 0x00,
    0x00, 0x00, 0x00, 0x00, 0x00, 0x00, 0x00, 0x00, 0x00, 0x00, 0x00, 0x00, 0x00, 0x00, 0x00, 0x00,
    0x00, 0x00, 0x00, 0x00, 0x00, 0x00, 0x00, 0x00, 0x00, 0x00, 0x00, 0x00, 0x00, 0x00, 0x00, 0x00,
    0x00, 0x00, 0x00, 0x00, 0x00, 0x00, 0x00, 0x00, 0x00, 0x00, 0x00, 0x00, 0x00, 0x00, 0x00, 0x00,
    0x00, 0x00, 0x00, 0x00, 0x00, 0x00, 0x00, 0x00, 0x00, 0x00, 0x00, 0x00, 0x00, 0x00, 0x00, 0x00,
    0x00, 0x00, 0x00, 0x00, 0x00, 0x00, 0x00, 0x00, 0x00, 0x00, 0x00, 0x00, 0x00, 0x00, 0x00, 0x00,
    0x00, 0x00, 0x00, 0x00, 0x00, 0x00, 0x00, 0x00, 0x00, 0x00, 0x00, 0x00, 0x00, 0x00, 0x00, 0x00,
    0x00, 0x00, 0x00, 0x00, 0x00, 0x00, 0x00, 0x00, 0x00, 0x00, 0x00, 0x00, 0x00, 0x00, 0x00, 0x00,
    0x00, 0x00, 0x00, 0x00, 0x00, 0x00, 0x00, 0x00, 0x00, 0x00, 0x00, 0x00, 0x00, 0x00, 0x00, 0x00,
    0x00, 0x00, 0x00, 0x00, 0x00, 0x00, 0x00, 0x00, 0x00, 0x00, 0x00, 0x00, 0x00, 0x00, 0x00, 0x00,
    0xF9, 0xEF, 0xE7, 0xF3, 0xEF, 0x59, 0xF4, 0xFD, 0xF8, 0xF8, 0xDB, 0xF0, 0xDA, 0xD2, 0xE5, 0xDB,
    0xDC, 0xDA, 0xDC, 0xD6, 0xCF, 0xCF, 0xE6, 0xDC, 0xE3, 0xE0, 0xCF, 0xD6, 0xE0, 0xDA, 0xCE, 0xBD,
    0xBA, 0xCF, 0xD6, 0xD6, 0xCF, 0xD6, 0xDC, 0xCE, 0xC5, 0xCD, 0xCD, 0xD2, 0xB9, 0xC5, 0xCE, 0xC2,
    0xCD, 0xC2, 0xC2, 0xBD, 0xBC, 0xC2, 0xC2, 0xB7, 0xC2, 0xC2, 0xB7, 0xB6, 0x9F, 0xB9, 0xCF, 0xCD,
    0xB3, 0xA3, 0xB7, 0xB6, 0xA3, 0x97, 0x8D, 0x87, 0xAB, 0xB9, 0xB2, 0xB1, 0xB6, 0xC2, 0xA4, 0x9A,
    0x9F, 0xB7, 0xBD, 0xAB, 0xAB, 0x98, 0xAB, 0x9F, 0xAB, 0x7C, 0x87, 0xA9, 0x9F, 0x97, 0x87, 0x97,
    0x8F, 0x7D, 0x82, 0x9F, 0x8D, 0x90, 0x96, 0x82, 0x97, 0xA3, 0x82, 0x66, 0x63, 0x66, 0x82, 0x82,
    0x85, 0x7A, 0x64, 0x79, 0x5C, 0x5C, 0x66, 0x7B, 0x64, 0x6E, 0x7A, 0x67, 0x51, 0x71, 0x7A, 0x6A,
    0x5E, 0x67, 0x66, 0x66, 0x5D, 0x67, 0x47, 0x49, 0x51, 0x65, 0x66, 0x5D, 0x53, 0x53, 0x79, 0x70,
    0x4A, 0x3A, 0x3A, 0x43, 0x5D, 0x67, 0x64, 0x5C, 0x5C, 0x4A, 0x47, 0x49, 0x4D, 0x51, 0x4A, 0x5D,
    0x4D, 0x47, 0x7B, 0x7B, 0x52, 0x43, 0x49, 0x4A, 0x51, 0x49, 0x64, 0x4E, 0x4E, 0x66, 0x5E, 0x6E,
    0x79, 0x64, 0x56, 0x75, 0x6A, 0x53, 0x48, 0x3E, 0x4C, 0x72, 0x7F, 0x80, 0x6F, 0x7D, 0x8F, 0x69,
    0x65, 0x63, 0x88, 0x85, 0x7F, 0x71, 0x7A, 0x82, 0x9E, 0x9E, 0x6B, 0x6A, 0x7F, 0x80, 0x82, 0x7F,
    0x82, 0x81, 0x64, 0x6A, 0x9F, 0x8D, 0x97, 0x7F, 0x7B, 0x90, 0x87, 0x6D, 0x66, 0x4E, 0x7A, 0x9F,
    0xA3, 0xA2, 0x85, 0x97, 0x8D, 0x75, 0x85, 0x82, 0xA3, 0xA5, 0xA3, 0x9E, 0x9D, 0xAB, 0xAD, 0xA4,
    0x92, 0x9F, 0xBC, 0xB9, 0xB9, 0xA0, 0xAF, 0x9A, 0x9E, 0xB9, 0xC5, 0xAD, 0xAF, 0xB3, 0xAF, 0xC2,
    0xC2, 0xB9, 0x9F, 0x90, 0x98, 0xB7, 0xC2, 0xC2, 0xB7, 0xB6, 0xC0, 0xBA, 0xB7, 0xBF, 0xC5, 0xCE,
    0xCE, 0xC2, 0xC9, 0xC5, 0xCF, 0xD6, 0xCE, 0xB7, 0xC3, 0xC9, 0xD4, 0xCE, 0xC5, 0xCE, 0xCC, 0xC2,
    0xCF, 0xDC, 0xD6, 0xDF, 0xCF, 0xD3, 0xDA, 0xCE, 0xCE, 0xC5, 0xC3, 0xDA, 0xE0, 0xE7, 0xDF, 0xD6,
    0xE3, 0xE3, 0xDA, 0xF3, 0xF0, 0xF9, 0xF5, 0xFB, 0xFE, 0xEF, 0x58, 0xF3, 0xF4, 0xE6, 0xEA, 0xF8,
    0x00, 0x00, 0x00, 0x00, 0x00, 0x00, 0x00, 0x00, 0x00, 0x00, 0x00, 0x00, 0x00, 0x00, 0x00, 0x00,
    0x00, 0x00, 0x00, 0x00, 0x00, 0x00, 0x00, 0x00, 0x00, 0x00, 0x00, 0x00, 0x00, 0x00, 0x00, 0x00,
    0x00, 0x00, 0x00, 0x00, 0x00, 0x00, 0x00, 0x00, 0x00, 0x00, 0x00, 0x00, 0x00, 0x00, 0x00, 0x00,
    0x00, 0x00, 0x00, 0x00, 0x00, 0x00, 0x00, 0x00, 0x00, 0x00, 0x00, 0x00, 0x00, 0x00, 0x00, 0x00,
    0x00, 0x00, 0x00, 0x00, 0x00, 0x00, 0x00, 0x00, 0x00, 0x00, 0x00, 0x00, 0x00, 0x00, 0x00, 0x00,
    0x00, 0x00, 0x00, 0x00, 0x00, 0x00, 0x00, 0x00, 0x00, 0x00, 0x00, 0x00, 0x00, 0x00, 0x00, 0x00,
    0x00, 0x00, 0x00, 0x00, 0x00, 0x00, 0x00, 0x00, 0x00, 0x00, 0x00, 0x00, 0x00, 0x00, 0x00, 0x00,
    0x00, 0x00, 0x00, 0x00, 0x00, 0x00, 0x00, 0x00, 0x00, 0x00, 0x00, 0x00, 0x00, 0x00, 0x00, 0x00,
    0x00, 0x00, 0x00, 0x00, 0x00, 0x00, 0x00, 0x00, 0x00, 0x00, 0x00, 0x00, 0x00, 0x00, 0x00, 0x00,
    0x00, 0x00, 0x00, 0x00, 0x00, 0x00, 0x00, 0x00, 0x00, 0x00, 0x00, 0x00, 0x00, 0x00, 0x00, 0x00,
    0x00, 0x00, 0x00, 0x00, 0x00, 0x00, 0x00, 0x00, 0x00, 0x00, 0x00, 0x00, 0x00, 0x00, 0x00, 0x00,
    0x00, 0x00, 0x00, 0x00, 0x00, 0x00, 0x00, 0x00, 0x00, 0x00, 0x00, 0x00, 0x00, 0x00, 0x00, 0x00,
    0xFA, 0xF4, 0xF0, 0xF3, 0xDB, 0x59, 0xFD, 0x62, 0xF2, 0xEB, 0xE3, 0xD6, 0xE3, 0xE6, 0xDA, 0xD5,
    0xE3, 0xE3, 0xE0, 0xCF, 0xCF, 0xCF, 0xC8, 0xDA, 0xDA, 0xE9, 0xDC, 0xD6, 0xD6, 0xC7, 0xCF, 0xDA,
    0xCF, 0xD3, 0xD3, 0xDA, 0xDA, 0xCF, 0xCF, 0xCE, 0xD4, 0xCD, 0xC0, 0xCD, 0xC0, 0xC2, 0xC5, 0xC0,
    0xB6, 0xB7, 0xC5, 0xCB, 0xBC, 0xBF, 0xBE, 0xB7, 0xC0, 0xBF, 0xB7, 0xBE, 0xB9, 0xBC, 0xBF, 0xC0,
    0xCD, 0xCD, 0xB9, 0xB9, 0xA3, 0xA4, 0xAD, 0xAB, 0xB7, 0xB2, 0xB9, 0xB6, 0xB2, 0xAD, 0xB9, 0xC2,
    0xB7, 0xAD, 0x98, 0xA9, 0xAB, 0xAD, 0x87, 0x7E, 0x90, 0x9F, 0x9E, 0x8F, 0x87, 0x97, 0x87, 0x85,
    0x7E, 0x98, 0x8A, 0x7F, 0x8E, 0x90, 0xA0, 0x98, 0x90, 0x7E, 0x6E, 0x7E, 0x7D, 0x7E, 0x87, 0x7B,
    0x87, 0x6D, 0x64, 0x6E, 0x70, 0x66, 0x66, 0x66, 0x67, 0x4D, 0x4B, 0x53, 0x4A, 0x4A, 0x6D, 0x66,
    0x53, 0x5A, 0x63, 0x5C, 0x4D, 0x4D, 0x51, 0x64, 0x49, 0x39, 0x5C, 0x71, 0x81, 0x72, 0x53, 0x66,
    0x51, 0x67, 0x4A, 0x4A, 0x5D, 0x6E, 0x64, 0x4C, 0x5C, 0x4C, 0x4C, 0x3E, 0x48, 0x51, 0x39, 0x47,
    0x4C, 0x4A, 0x4E, 0x53, 0x47, 0x39, 0x43, 0x47, 0x40, 0x51, 0x5C, 0x66, 0x6D, 0x51, 0x49, 0x6E,
    0x6E, 0x84, 0x72, 0x6B, 0x5E, 0x49, 0x51, 0x5C, 0x5D, 0x7E, 0x7E, 0x80, 0x6B, 0x65, 0x72, 0x7F,
    0x9E, 0x88, 0x7A, 0x66, 0x5C, 0x66, 0x5D, 0x4E, 0x7D, 0x79, 0x88, 0x82, 0x77, 0x7E, 0x81, 0x82,
    0x81, 0x7A, 0x87, 0x7F, 0x75, 0x8D, 0x97, 0xAD, 0x97, 0x84, 0x7F, 0x67, 0x7E, 0x88, 0x88, 0xA2,
    0x9E, 0xAD, 0x7F, 0x75, 0x8C, 0x90, 0xA2, 0x85, 0x87, 0x9D, 0xA9, 0xA3, 0xA9, 0x81, 0x81, 0xAD,
    0xC2, 0xAB, 0xA4, 0xB3, 0xAF, 0x9F, 0x9F, 0xAD, 0xB7, 0xAD, 0xA0, 0xB9, 0xB7, 0xCC, 0xC5, 0xB9,
    0xAD, 0xA0, 0xA0, 0xAD, 0xAB, 0xC2, 0xB9, 0xC5, 0xC5, 0xAD, 0xB7, 0xBA, 0xCE, 0xCE, 0xC2, 0xC2,
    0xBF, 0xC2, 0xC5, 0xC2, 0xB7, 0xBA, 0xC2, 0xCE, 0xBC, 0xBC, 0xCF, 0xCE, 0xC5, 0xC5, 0xC7, 0xC7,
    0xBC, 0xCF, 0xD6, 0xDA, 0xE0, 0xDA, 0xDA, 0xCE, 0xCF, 0xE0, 0xD6, 0xE0, 0xE0, 0xE3, 0xE3, 0xDA,
    0xDA, 0xE3, 0xDF, 0xEB, 0xEA, 0xF4, 0xF5, 0xF6, 0xA8, 0xEF, 0x58, 0xF4, 0xE6, 0xDA, 0xE3, 0xF4,
    0x00, 0x00, 0x00, 0x00, 0x00, 0x00, 0x00, 0x00, 0x00, 0x00, 0x00, 0x00, 0x00, 0x00, 0x00, 0x00,
    0x00, 0x00, 0x00, 0x00, 0x00, 0x00, 0x00, 0x00, 0x00, 0x00, 0x00, 0x00, 0x00, 0x00, 0x00, 0x00,
    0x00, 0x00, 0x00, 0x00, 0x00, 0x00, 0x00, 0x00, 0x00, 0x00, 0x00, 0x00, 0x00, 0x00, 0x00, 0x00,
    0x00, 0x00, 0x00, 0x00, 0x00, 0x00, 0x00, 0x00, 0x00, 0x00, 0x00, 0x00, 0x00, 0x00, 0x00, 0x00,
    0x00, 0x00, 0x00, 0x00, 0x00, 0x00, 0x00, 0x00, 0x00, 0x00, 0x00, 0x00, 0x00, 0x00, 0x00, 0x00,
    0x00, 0x00, 0x00, 0x00, 0x00, 0x00, 0x00, 0x00, 0x00, 0x00, 0x00, 0x00, 0x00, 0x00, 0x00, 0x00,
    0x00, 0x00, 0x00, 0x00, 0x00, 0x00, 0x00, 0x00, 0x00, 0x00, 0x00, 0x00, 0x00, 0x00, 0x00, 0x00,
    0x00, 0x00, 0x00, 0x00, 0x00, 0x00, 0x00, 0x00, 0x00, 0x00, 0x00, 0x00, 0x00, 0x00, 0x00, 0x00,
    0x00, 0x00, 0x00, 0x00, 0x00, 0x00, 0x00, 0x00, 0x00, 0x00, 0x00, 0x00, 0x00, 0x00, 0x00, 0x00,
    0x00, 0x00, 0x00, 0x00, 0x00, 0x00, 0x00, 0x00, 0x00, 0x00, 0x00, 0x00, 0x00, 0x00, 0x00, 0x00,
    0x00, 0x00, 0x00, 0x00, 0x00, 0x00, 0x00, 0x00, 0x00, 0x00, 0x00, 0x00, 0x00, 0x00, 0x00, 0x00,
    0x00, 0x00, 0x00, 0x00, 0x00, 0x00, 0x00, 0x00, 0x00, 0x00, 0x00, 0x00, 0x00, 0x00, 0x00, 0x00,
    0xFA, 0xF1, 0xE3, 0xE6, 0xDB, 0x95, 0x2C, 0x01, 0x17, 0xFE, 0xD9, 0xE3, 0xE7, 0xE3, 0xDA, 0xD2,
    0xDA, 0xDA, 0xE0, 0xE6, 0xE3, 0xD4, 0xBC, 0xE0, 0xEB, 0xE3, 0xDA, 0xD6, 0xD6, 0xCF, 0xCF, 0xE0,
    0xE6, 0xD6, 0xD6, 0xCF, 0xD2, 0xCF, 0xC5, 0xC5, 0xCE, 0xE3, 0xCF, 0xCE, 0xCD, 0xAF, 0xAD, 0xCD,
    0xCD, 0xC5, 0xD6, 0xD4, 0xC5, 0xB3, 0xB3, 0xCD, 0xC0, 0xC5, 0xCF, 0xD4, 0xD4, 0xB6, 0xAD, 0xD4,
    0xD0, 0xC2, 0xAB, 0xB7, 0xAD, 0xB2, 0xB7, 0xCD, 0xB5, 0xB2, 0xC2, 0xB7, 0xA4, 0xA0, 0xAD, 0xB7,
    0xCC, 0xBC, 0xB5, 0xAB, 0x75, 0x8D, 0x9D, 0x8D, 0x9F, 0xAD, 0x96, 0x77, 0x80, 0x97, 0x8F, 0x96,
    0xA2, 0x9E, 0x7E, 0x7D, 0x9E, 0xAB, 0xA3, 0x8F, 0x84, 0x82, 0x71, 0x71, 0x7E, 0x8D, 0x85, 0x72,
    0x6A, 0x7A, 0x60, 0x4D, 0x70, 0x7E, 0x82, 0x66, 0x6D, 0x4C, 0x2F, 0x36, 0x66, 0x66, 0x71, 0x64,
    0x49, 0x45, 0x4B, 0x72, 0x67, 0x5E, 0x7B, 0x84, 0x67, 0x48, 0x70, 0x85, 0x82, 0x66, 0x71, 0x66,
    0x53, 0x5D, 0x7E, 0x6D, 0x54, 0x5E, 0x5D, 0x51, 0x44, 0x5C, 0x6D, 0x67, 0x5E, 0x4D, 0x4B, 0x22,
    0x3E, 0x6D, 0x40, 0x4D, 0x71, 0x48, 0x3C, 0x42, 0x5E, 0x6A, 0x79, 0x87, 0x6D, 0x53, 0x5C, 0x7F,
    0x7F, 0x7B, 0x65, 0x5E, 0x6B, 0x4D, 0x51, 0x82, 0x8F, 0x7F, 0x7F, 0x75, 0x60, 0x45, 0x60, 0x72,
    0x8F, 0xAB, 0x7B, 0x7B, 0x67, 0x35, 0x5E, 0x66, 0x70, 0x9F, 0x97, 0x87, 0x80, 0x84, 0x8F, 0x7E,
    0x88, 0x9D, 0xA4, 0x6F, 0x6D, 0xAB, 0xA6, 0xA4, 0x84, 0x80, 0x80, 0x7E, 0x7A, 0xA2, 0xB6, 0xA3,
    0xA3, 0x8D, 0x87, 0x6B, 0x61, 0x85, 0x9E, 0xA9, 0xA9, 0x9D, 0x8F, 0x5A, 0xA9, 0x8F, 0x8F, 0xC5,
    0xC0, 0xAF, 0x9A, 0x9F, 0xAD, 0xAD, 0xB3, 0xC5, 0xAD, 0x90, 0xA0, 0xC7, 0xC5, 0xC5, 0xAD, 0xB9,
    0xBA, 0xA0, 0xAC, 0xC0, 0xCD, 0xC5, 0xC2, 0xBA, 0xB9, 0xAD, 0xA0, 0xAD, 0xC2, 0xCE, 0xCF, 0xC1,
    0xBF, 0xA7, 0x9B, 0xC1, 0xB7, 0xC5, 0xD6, 0xCE, 0xB0, 0xC7, 0xCF, 0xCE, 0xCF, 0xD4, 0xD6, 0xC7,
    0xB9, 0xCF, 0xE3, 0xE9, 0xDA, 0xD6, 0xE0, 0xD4, 0xCE, 0xE0, 0xE9, 0xE9, 0xDA, 0xD6, 0xD6, 0xDA,
    0xD2, 0xDF, 0xE9, 0xE9, 0xEB, 0xEF, 0xFE, 0x17, 0x05, 0x62, 0x62, 0xE6, 0xE3, 0xD4, 0xDC, 0xF4,
    0x00, 0x00, 0x00, 0x00, 0x00, 0x00, 0x00, 0x00, 0x00, 0x00, 0x00, 0x00, 0x00, 0x00, 0x00, 0x00,
    0x00, 0x00, 0x00, 0x00, 0x00, 0x00, 0x00, 0x00, 0x00, 0x00, 0x00, 0x00, 0x00, 0x00, 0x00, 0x00,
    0x00, 0x00, 0x00, 0x00, 0x00, 0x00, 0x00, 0x00, 0x00, 0x00, 0x00, 0x00, 0x00, 0x00, 0x00, 0x00,
    0x00, 0x00, 0x00, 0x00, 0x00, 0x00, 0x00, 0x00, 0x00, 0x00, 0x00, 0x00, 0x00, 0x00, 0x00, 0x00,
    0x00, 0x00, 0x00, 0x00, 0x00, 0x00, 0x00, 0x00, 0x00, 0x00, 0x00, 0x00, 0x00, 0x00, 0x00, 0x00,
    0x00, 0x00, 0x00, 0x00, 0x00, 0x00, 0x00, 0x00, 0x00, 0x00, 0x00, 0x00, 0x00, 0x00, 0x00, 0x00,
    0x00, 0x00, 0x00, 0x00, 0x00, 0x00, 0x00, 0x00, 0x00, 0x00, 0x00, 0x00, 0x00, 0x00, 0x00, 0x00,
    0x00, 0x00, 0x00, 0x00, 0x00, 0x00, 0x00, 0x00, 0x00, 0x00, 0x00, 0x00, 0x00, 0x00, 0x00, 0x00,
    0x00, 0x00, 0x00, 0x00, 0x00, 0x00, 0x00, 0x00, 0x00, 0x00, 0x00, 0x00, 0x00, 0x00, 0x00, 0x00,
    0x00, 0x00, 0x00, 0x00, 0x00, 0x00, 0x00, 0x00, 0x00, 0x00, 0x00, 0x00, 0x00, 0x00, 0x00, 0x00,
    0x00, 0x00, 0x00, 0x00, 0x00, 0x00, 0x00, 0x00, 0x00, 0x00, 0x00, 0x00, 0x00, 0x00, 0x00, 0x00,
    0x00, 0x00, 0x00, 0x00, 0x00, 0x00, 0x00, 0x00, 0x00, 0x00, 0x00, 0x00, 0x00, 0x00, 0x00, 0x00,
    0xFA, 0xF4, 0xE0, 0xE6, 0xDB, 0x58, 0x95, 0x02, 0x05, 0xFB, 0xFD, 0xDA, 0xE0, 0xE3, 0xE6, 0xDA,
    0xE3, 0xDC, 0xEA, 0xF3, 0xE3, 0xD4, 0xC5, 0xE0, 0xE0, 0xCF, 0xD6, 0xD6, 0xC5, 0xCF, 0xD6, 0xD6,
    0xD6, 0xD6, 0xDB, 0xCF, 0xD6, 0xD6, 0xDA, 0xEA, 0xD2, 0xD3, 0xCC, 0xC2, 0xCE, 0xBC, 0xB9, 0xBE,
    0xC2, 0xC5, 0xCD, 0xCD, 0xD6, 0xC9, 0xB9, 0xCD, 0xCB, 0xC5, 0xD6, 0xCF, 0xCD, 0xAB, 0x9F, 0xBE,
    0xC0, 0xB9, 0xB7, 0xA3, 0x9F, 0xB9, 0xAD, 0xA6, 0xAD, 0xAD, 0xC1, 0xCF, 0xC2, 0xC2, 0xB9, 0xB7,
    0xC5, 0xAD, 0xAB, 0xAA, 0x80, 0x8D, 0xB1, 0x8D, 0xAB, 0x98, 0x8D, 0x9E, 0x9A, 0x80, 0x97, 0xA2,
    0xAB, 0x97, 0x87, 0x7E, 0x88, 0x87, 0x84, 0x8F, 0x84, 0x63, 0x71, 0x71, 0x85, 0x7F, 0x72, 0x71,
    0x71, 0x7E, 0x6A, 0x7F, 0x82, 0x7A, 0x6D, 0x71, 0x4C, 0x4D, 0x5A, 0x3C, 0x53, 0x71, 0x4A, 0x4C,
    0x67, 0x6A, 0x5D, 0x79, 0x6A, 0x75, 0x7F, 0x90, 0x6D, 0x5E, 0x4E, 0x6A, 0x5D, 0x72, 0x5E, 0x48,
    0x64, 0x5C, 0x71, 0x67, 0x54, 0x5E, 0x6D, 0x6A, 0x6A, 0x71, 0x6D, 0x4D, 0x67, 0x48, 0x51, 0x56,
    0x4B, 0x66, 0x4C, 0x64, 0x7E, 0x67, 0x65, 0x5E, 0x75, 0x67, 0x85, 0x81, 0x64, 0x6D, 0x5D, 0x64,
    0x6A, 0x5E, 0x69, 0x52, 0x4B, 0x5D, 0x5E, 0x66, 0x79, 0x6D, 0x72, 0x7F, 0x80, 0x6A, 0x87, 0x8F,
    0x7E, 0x91, 0x51, 0x60, 0x75, 0x56, 0x60, 0x67, 0x7B, 0x97, 0x97, 0x9F, 0x84, 0x90, 0x97, 0x8F,
    0xA3, 0x9E, 0x84, 0x6A, 0x5D, 0x8F, 0x8A, 0x8D, 0x8D, 0x77, 0x5F, 0x7F, 0x84, 0x96, 0x8F, 0x97,
    0xA3, 0x8F, 0x97, 0x8D, 0x96, 0xA9, 0x98, 0x9E, 0x91, 0x8F, 0x8D, 0x85, 0x87, 0x9F, 0xAD, 0xAD,
    0xAD, 0xC5, 0xBC, 0xAD, 0x9A, 0xA4, 0xC5, 0xC5, 0xAD, 0xA9, 0xAB, 0xBC, 0xB9, 0xAF, 0xB9, 0xAD,
    0x9F, 0xB7, 0xA0, 0xB7, 0xCB, 0xB5, 0xAD, 0xB9, 0xB9, 0xBC, 0xBC, 0xC5, 0xC5, 0xC2, 0xC1, 0xAD,
    0xC5, 0xB0, 0x9B, 0xC5, 0xB7, 0xC2, 0xCF, 0xD2, 0xCF, 0xC1, 0xC7, 0xD6, 0xD6, 0xD6, 0xDC, 0xCF,
    0xBC, 0xBD, 0xD6, 0xCF, 0xD6, 0xD6, 0xD6, 0xC9, 0xCF, 0xE0, 0xD6, 0xD6, 0xDA, 0xDC, 0xE3, 0xDC,
    0xE6, 0xEB, 0xE9, 0xE3, 0xF3, 0xFE, 0xF2, 0x05, 0x09, 0xDB, 0x58, 0xEB, 0xE3, 0xE6, 0xDD, 0xF4,
    0x00, 0x00, 0x00, 0x00, 0x00, 0x00, 0x00, 0x00, 0x00, 0x00, 0x00, 0x00, 0x00, 0x00, 0x00, 0x00,
    0x00, 0x00, 0x00, 0x00, 0x00, 0x00, 0x00, 0x00, 0x00, 0x00, 0x00, 0x00, 0x00, 0x00, 0x00, 0x00,
    0x00, 0x00, 0x00, 0x00, 0x00, 0x00, 0x00, 0x00, 0x00, 0x00, 0x00, 0x00, 0x00, 0x00, 0x00, 0x00,
    0x00, 0x00, 0x00, 0x00, 0x00, 0x00, 0x00, 0x00, 0x00, 0x00, 0x00, 0x00, 0x00, 0x00, 0x00, 0x00,
    0x00, 0x00, 0x00, 0x00, 0x00, 0x00, 0x00, 0x00, 0x00, 0x00, 0x00, 0x00, 0x00, 0x00, 0x00, 0x00,
    0x00, 0x00, 0x00, 0x00, 0x00, 0x00, 0x00, 0x00, 0x00, 0x00, 0x00, 0x00, 0x00, 0x00, 0x00, 0x00,
    0x00, 0x00, 0x00, 0x00, 0x00, 0x00, 0x00, 0x00, 0x00, 0x00, 0x00, 0x00, 0x00, 0x00, 0x00, 0x00,
    0x00, 0x00, 0x00, 0x00, 0x00, 0x00, 0x00, 0x00, 0x00, 0x00, 0x00, 0x00, 0x00, 0x00, 0x00, 0x00,
    0x00, 0x00, 0x00, 0x00, 0x00, 0x00, 0x00, 0x00, 0x00, 0x00, 0x00, 0x00, 0x00, 0x00, 0x00, 0x00,
    0x00, 0x00, 0x00, 0x00, 0x00, 0x00, 0x00, 0x00, 0x00, 0x00, 0x00, 0x00, 0x00, 0x00, 0x00, 0x00,
    0x00, 0x00, 0x00, 0x00, 0x00, 0x00, 0x00, 0x00, 0x00, 0x00, 0x00, 0x00, 0x00, 0x00, 0x00, 0x00,
    0x00, 0x00, 0x00, 0x00, 0x00, 0x00, 0x00, 0x00, 0x00, 0x00, 0x00, 0x00, 0x00, 0x00, 0x00, 0x00,
    0xF4, 0xE3, 0xF3, 0xF4, 0xDD, 0x2D, 0xF8, 0x62, 0x0E, 0x02, 0x58, 0xF4, 0xD5, 0xE3, 0xE6, 0xE3,
    0xF3, 0xDC, 0xE3, 0xE3, 0xD3, 0xDA, 0xCE, 0xD6, 0xD6, 0xC7, 0xDC, 0xD6, 0xC7, 0xE0, 0xDA, 0xDA,
    0xC5, 0xCF, 0xE3, 0xE3, 0xE3, 0xD3, 0xD2, 0xEA, 0xDB, 0xCE, 0xCE, 0xB7, 0xC2, 0xC5, 0xC5, 0xB9,
    0xB9, 0xBD, 0xCE, 0xBA, 0xCE, 0xCE, 0xC0, 0xC2, 0xB7, 0xC0, 0xC2, 0xB5, 0xC0, 0xC0, 0xC0, 0xC0,
    0xAD, 0xB9, 0xC5, 0xB2, 0xB7, 0xC5, 0xB9, 0xAD, 0xC5, 0xCE, 0xC5, 0xCF, 0xAF, 0xB9, 0xCF, 0xBC,
    0xC1, 0x8E, 0x8F, 0x90, 0x8D, 0x8E, 0xA3, 0xA2, 0xB2, 0x8E, 0x7F, 0x9F, 0x80, 0x8D, 0x7F, 0x7E,
    0x97, 0x7E, 0x87, 0x7E, 0x87, 0x7F, 0x7E, 0x97, 0x72, 0x70, 0x7D, 0x85, 0x7F, 0x5E, 0x67, 0x7E,
    0x88, 0x84, 0x6A, 0x7B, 0x82, 0x6E, 0x72, 0x6E, 0x48, 0x49, 0x5D, 0x4B, 0x4D, 0x4D, 0x5E, 0x60,
    0x4D, 0x7A, 0x67, 0x67, 0x5D, 0x54, 0x7B, 0x67, 0x67, 0x5D, 0x5D, 0x52, 0x51, 0x7A, 0x53, 0x5C,
    0x7A, 0x7A, 0x63, 0x51, 0x81, 0x7E, 0x71, 0x53, 0x4D, 0x64, 0x63, 0x5E, 0x65, 0x49, 0x49, 0x6A,
    0x54, 0x5D, 0x70, 0x87, 0x6A, 0x72, 0x97, 0x7C, 0x6B, 0x7E, 0x6D, 0x67, 0x5D, 0x72, 0x51, 0x51,
    0x51, 0x5E, 0x6A, 0x51, 0x4A, 0x6F, 0x6F, 0x64, 0x63, 0x7B, 0x7B, 0x84, 0x8A, 0x5E, 0x87, 0x7F,
    0x8F, 0x97, 0x5E, 0x4D, 0x69, 0x75, 0x6A, 0x67, 0x84, 0x8D, 0x7C, 0x9F, 0x7C, 0x76, 0x9E, 0x82,
    0x87, 0x82, 0x67, 0x75, 0x67, 0x7E, 0x6F, 0x72, 0x9E, 0x7E, 0x72, 0xA2, 0x8E, 0x90, 0x71, 0x9D,
    0xA3, 0xB2, 0xA3, 0x85, 0xA9, 0x9D, 0x98, 0x90, 0x7A, 0x82, 0x7F, 0x8D, 0x75, 0x8D, 0x9F, 0xAF,
    0x9F, 0xC7, 0xB0, 0xA0, 0xAF, 0xA4, 0xB2, 0xB7, 0xB2, 0xBF, 0x9F, 0xAD, 0xAD, 0xAD, 0xB9, 0x9E,
    0x9E, 0xC2, 0xC5, 0xB9, 0xAD, 0xBA, 0xB9, 0xC2, 0xC7, 0xAD, 0xAD, 0xC5, 0xC7, 0xCF, 0xC5, 0x9F,
    0xAF, 0xA7, 0xB0, 0xB3, 0xAD, 0xC2, 0xC2, 0xC2, 0xD2, 0xBC, 0xC7, 0xD4, 0xC5, 0xD4, 0xCF, 0xCC,
    0xD3, 0xCF, 0xD6, 0xC7, 0xD6, 0xE3, 0xCF, 0xD6, 0xE6, 0xE3, 0xCE, 0xCF, 0xDC, 0xE3, 0xF3, 0xE3,
    0xDC, 0xF4, 0xF4, 0xEF, 0xFB, 0x17, 0x02, 0x17, 0x95, 0xFB, 0x57, 0xF3, 0xE6, 0xF1, 0xF0, 0xF4,
    0x00, 0x00, 0x00, 0x00, 0x00, 0x00, 0x00, 0x00, 0x00, 0x00, 0x00, 0x00, 0x00, 0x00, 0x00, 0x00,
    0x00, 0x00, 0x00, 0x00, 0x00, 0x00, 0x00, 0x00, 0x00, 0x00, 0x00, 0x00, 0x00, 0x00, 0x00, 0x00,
    0x00, 0x00, 0x00, 0x00, 0x00, 0x00, 0x00, 0x00, 0x00, 0x00, 0x00, 0x00, 0x00, 0x00, 0x00, 0x00,
    0x00, 0x00, 0x00, 0x00, 0x00, 0x00, 0x00, 0x00, 0x00, 0x00, 0x00, 0x00, 0x00, 0x00, 0x00, 0x00,
    0x00, 0x00, 0x00, 0x00, 0x00, 0x00, 0x00, 0x00, 0x00, 0x00, 0x00, 0x00, 0x00, 0x00, 0x00, 0x00,
    0x00, 0x00, 0x00, 0x00, 0x00, 0x00, 0x00, 0x00, 0x00, 0x00, 0x00, 0x00, 0x00, 0x00, 0x00, 0x00,
    0x00, 0x00, 0x00, 0x00, 0x00, 0x00, 0x00, 0x00, 0x00, 0x00, 0x00, 0x00, 0x00, 0x00, 0x00, 0x00,
    0x00, 0x00, 0x00, 0x00, 0x00, 0x00, 0x00, 0x00, 0x00, 0x00, 0x00, 0x00, 0x00, 0x00, 0x00, 0x00,
    0x00, 0x00, 0x00, 0x00, 0x00, 0x00, 0x00, 0x00, 0x00, 0x00, 0x00, 0x00, 0x00, 0x00, 0x00, 0x00,
    0x00, 0x00, 0x00, 0x00, 0x00, 0x00, 0x00, 0x00, 0x00, 0x00, 0x00, 0x00, 0x00, 0x00, 0x00, 0x00,
    0x00, 0x00, 0x00, 0x00, 0x00, 0x00, 0x00, 0x00, 0x00, 0x00, 0x00, 0x00, 0x00, 0x00, 0x00, 0x00,
    0x00, 0x00, 0x00, 0x00, 0x00, 0x00, 0x00, 0x00, 0x00, 0x00, 0x00, 0x00, 0x00, 0x00, 0x00, 0x00,
    0xF3, 0xDA, 0xF8, 0xF8, 0xEF, 0x2D, 0xA8, 0x09, 0x95, 0x01, 0x0A, 0xFF, 0xD2, 0xDA, 0xE3, 0xE6,
    0xE3, 0xD6, 0xDA, 0xDA, 0xD6, 0xD6, 0xD6, 0xE0, 0xD6, 0xD6, 0xDC, 0xDC, 0xD6, 0xD6, 0xDA, 0xD5,
    0xC2, 0xD3, 0xCE, 0xCE, 0xD6, 0xD6, 0xDA, 0xCF, 0xC5, 0xCE, 0xD6, 0xCE, 0xC2, 0xC5, 0xC5, 0xB3,
    0xB9, 0xCE, 0xC5, 0xB7, 0xC0, 0xC2, 0xCE, 0xC0, 0xAB, 0xB7, 0xB7, 0xB5, 0xB9, 0xC2, 0xD6, 0xCD,
    0xB7, 0xC5, 0xC2, 0xB7, 0xC5, 0xC2, 0xAF, 0xB0, 0xC4, 0xC2, 0xAD, 0xB9, 0xC5, 0xB9, 0xAF, 0x9F,
    0xA0, 0xAF, 0xA3, 0x98, 0x98, 0x8D, 0x77, 0xA4, 0x96, 0x73, 0x73, 0x7F, 0x8D, 0x87, 0x85, 0x96,
    0x87, 0x72, 0x84, 0x8D, 0xA3, 0x85, 0x85, 0x8F, 0x7D, 0x8F, 0x7E, 0x85, 0x72, 0x5D, 0x75, 0x7B,
    0x6D, 0x71, 0x7F, 0x72, 0x53, 0x4A, 0x7A, 0x7B, 0x5E, 0x52, 0x5E, 0x50, 0x41, 0x52, 0x71, 0x4D,
    0x3E, 0x5D, 0x67, 0x72, 0x67, 0x5E, 0x6D, 0x54, 0x5D, 0x64, 0x82, 0x71, 0x66, 0x72, 0x71, 0x7D,
    0x66, 0x67, 0x4D, 0x66, 0x82, 0x5D, 0x5D, 0x66, 0x51, 0x47, 0x43, 0x6A, 0x6E, 0x56, 0x4F, 0x6A,
    0x5E, 0x56, 0x7E, 0x85, 0x5D, 0x87, 0x8F, 0x75, 0x80, 0x7F, 0x71, 0x6E, 0x5D, 0x65, 0x65, 0x87,
    0x5E, 0x65, 0x7E, 0x6E, 0x64, 0x65, 0x54, 0x51, 0x70, 0x90, 0x67, 0x64, 0x80, 0x7C, 0x72, 0x5D,
    0x70, 0x97, 0x87, 0x6B, 0x72, 0x72, 0x6A, 0x75, 0x8A, 0x71, 0x64, 0x80, 0x8A, 0x8E, 0x8F, 0x7A,
    0x87, 0x7E, 0x67, 0x75, 0x8D, 0x9E, 0x7A, 0x7E, 0xA2, 0x9D, 0x96, 0xA2, 0x87, 0x7A, 0x87, 0xB2,
    0x7E, 0x7E, 0x97, 0xA9, 0x96, 0x7E, 0x7D, 0x88, 0x7C, 0x7F, 0x87, 0x8D, 0x7F, 0x76, 0x9F, 0x98,
    0x98, 0xB0, 0xBC, 0xB0, 0xAF, 0xAD, 0xAB, 0xAB, 0xA9, 0xBF, 0xB7, 0xC5, 0xB2, 0xAD, 0xC0, 0xA9,
    0xBC, 0xC5, 0xC5, 0xB7, 0xAB, 0xC5, 0xCE, 0xAD, 0xB5, 0xAF, 0xB7, 0xB7, 0xAC, 0xC1, 0xD3, 0xB9,
    0xAD, 0xB0, 0xBC, 0xB0, 0xBC, 0xCE, 0xB7, 0xB3, 0xC9, 0xC9, 0xCF, 0xC9, 0xC9, 0xD6, 0xC7, 0xC7,
    0xD8, 0xDA, 0xDA, 0xCE, 0xD6, 0xE3, 0xE0, 0xE3, 0xE9, 0xDA, 0xD3, 0xDA, 0xE0, 0xD4, 0xE0, 0xE9,
    0xE3, 0xEA, 0xEF, 0xD9, 0xFF, 0x05, 0x02, 0xF2, 0x05, 0xEF, 0x57, 0xF8, 0xDA, 0xE3, 0xF4, 0xF5,
    0x00, 0x00, 0x00, 0x00, 0x00, 0x00, 0x00, 0x00, 0x00, 0x00, 0x00, 0x00, 0x00, 0x00, 0x00, 0x00,
    0x00, 0x00, 0x00, 0x00, 0x00, 0x00, 0x00, 0x00, 0x00, 0x00, 0x00, 0x00, 0x00, 0x00, 0x00, 0x00,
    0x00, 0x00, 0x00, 0x00, 0x00, 0x00, 0x00, 0x00, 0x00, 0x00, 0x00, 0x00, 0x00, 0x00, 0x00, 0x00,
    0x00, 0x00, 0x00, 0x00, 0x00, 0x00, 0x00, 0x00, 0x00, 0x00, 0x00, 0x00, 0x00, 0x00, 0x00, 0x00,
    0x00, 0x00, 0x00, 0x00, 0x00, 0x00, 0x00, 0x00, 0x00, 0x00, 0x00, 0x00, 0x00, 0x00, 0x00, 0x00,
    0x00, 0x00, 0x00, 0x00, 0x00, 0x00, 0x00, 0x00, 0x00, 0x00, 0x00, 0x00, 0x00, 0x00, 0x00, 0x00,
    0x00, 0x00, 0x00, 0x00, 0x00, 0x00, 0x00, 0x00, 0x00, 0x00, 0x00, 0x00, 0x00, 0x00, 0x00, 0x00,
    0x00, 0x00, 0x00, 0x00, 0x00, 0x00, 0x00, 0x00, 0x00, 0x00, 0x00, 0x00, 0x00, 0x00, 0x00, 0x00,
    0x00, 0x00, 0x00, 0x00, 0x00, 0x00, 0x00, 0x00, 0x00, 0x00, 0x00, 0x00, 0x00, 0x00, 0x00, 0x00,
    0x00, 0x00, 0x00, 0x00, 0x00, 0x00, 0x00, 0x00, 0x00, 0x00, 0x00, 0x00, 0x00, 0x00, 0x00, 0x00,
    0x00, 0x00, 0x00, 0x00, 0x00, 0x00, 0x00, 0x00, 0x00, 0x00, 0x00, 0x00, 0x00, 0x00, 0x00, 0x00,
    0x00, 0x00, 0x00, 0x00, 0x00, 0x00, 0x00, 0x00, 0x00, 0x00, 0x00, 0x00, 0x00, 0x00, 0x00, 0x00,
    0xFA, 0xE6, 0xE6, 0xF0, 0xDB, 0x57, 0x95, 0x09, 0x09, 0x03, 0xEF, 0xEF, 0xE6, 0xEF, 0xDC, 0xE6,
    0xE4, 0xE3, 0xE6, 0xE3, 0xDF, 0xCF, 0xC7, 0xD6, 0xD6, 0xD6, 0xD6, 0xE0, 0xCF, 0xCF, 0xD6, 0xCF,
    0xD6, 0xDC, 0xD6, 0xD4, 0xCF, 0xE9, 0xE0, 0xD4, 0xC2, 0xCF, 0xC7, 0xAF, 0xC1, 0xC5, 0xC5, 0xAF,
    0xAF, 0xBD, 0xC2, 0xCB, 0xC2, 0xCE, 0xCF, 0xD4, 0xCF, 0xC2, 0xC0, 0xBF, 0xC2, 0xAD, 0xC5, 0xCE,
    0xC2, 0xC5, 0xC2, 0xB9, 0xC5, 0xC5, 0xB3, 0xBC, 0xBC, 0xB9, 0xC5, 0xCD, 0xC7, 0xC7, 0xB7, 0xA4,
    0xA0, 0xAF, 0x8B, 0x8E, 0xA0, 0x80, 0x60, 0x77, 0x96, 0x8D, 0x8A, 0x80, 0x9A, 0x98, 0xA3, 0x9E,
    0x97, 0x80, 0x72, 0x6A, 0x8D, 0x85, 0x87, 0x85, 0x85, 0x81, 0x87, 0x86, 0x82, 0x96, 0xA2, 0x8D,
    0x7F, 0x7E, 0x90, 0x80, 0x72, 0x5D, 0x67, 0x67, 0x51, 0x5A, 0x52, 0x50, 0x44, 0x42, 0x50, 0x66,
    0x64, 0x64, 0x7A, 0x82, 0x84, 0x7A, 0x63, 0x49, 0x51, 0x51, 0x67, 0x6A, 0x67, 0x66, 0x72, 0x70,
    0x71, 0x7B, 0x72, 0x82, 0x7B, 0x64, 0x71, 0x7E, 0x72, 0x6A, 0x4F, 0x4F, 0x76, 0x4F, 0x52, 0x6A,
    0x56, 0x60, 0x5A, 0x66, 0x7F, 0x97, 0x7E, 0x7F, 0x9E, 0x8D, 0x87, 0x84, 0x6A, 0x5E, 0x4B, 0x6A,
    0x6A, 0x67, 0x6A, 0x6F, 0x67, 0x67, 0x6A, 0x72, 0x87, 0x8F, 0x7F, 0x7B, 0x82, 0x9F, 0x80, 0x66,
    0x67, 0x72, 0x6B, 0x5D, 0x66, 0x77, 0x60, 0x60, 0x56, 0x77, 0x90, 0x84, 0x8A, 0x92, 0x90, 0x8F,
    0x9E, 0xB2, 0x75, 0x5E, 0x60, 0x97, 0x87, 0x8D, 0x8F, 0xA2, 0x96, 0xA3, 0x97, 0x8D, 0xA3, 0xA4,
    0x98, 0x8A, 0xA9, 0xBE, 0x9D, 0x80, 0x7B, 0x8A, 0x6B, 0x6A, 0x8D, 0x8F, 0x75, 0x7C, 0x80, 0xA4,
    0xB9, 0xAD, 0xBC, 0xC5, 0xB9, 0xB9, 0xC5, 0xC2, 0xAB, 0x9E, 0x9F, 0xBC, 0xAD, 0xBF, 0xB7, 0xB7,
    0xBC, 0xB9, 0xC2, 0xC2, 0xC5, 0xC7, 0xBD, 0xB7, 0xB9, 0xC7, 0xCF, 0xBC, 0xAD, 0x9A, 0xB0, 0xA6,
    0xAF, 0xBC, 0xC3, 0xAF, 0xB0, 0xC1, 0xC2, 0xCE, 0xCE, 0xD5, 0xD6, 0xDF, 0xD3, 0xD6, 0xCF, 0xCF,
    0xC7, 0xC7, 0xD6, 0xD6, 0xDA, 0xDF, 0xE3, 0xE0, 0xE3, 0xE0, 0xE3, 0xE0, 0xE3, 0xE3, 0xEB, 0xEB,
    0xF3, 0xF8, 0xE6, 0xE3, 0xF5, 0xEF, 0x05, 0x09, 0x09, 0xA8, 0x57, 0xFB, 0xF3, 0xDA, 0xF4, 0xFA,
    0x00, 0x00, 0x00, 0x00, 0x00, 0x00, 0x00, 0x00, 0x00, 0x00, 0x00, 0x00, 0x00, 0x00, 0x00, 0x00,
    0x00, 0x00, 0x00, 0x00, 0x00, 0x00, 0x00, 0x00, 0x00, 0x00, 0x00, 0x00, 0x00, 0x00, 0x00, 0x00,
    0x00, 0x00, 0x00, 0x00, 0x00, 0x00, 0x00, 0x00, 0x00, 0x00, 0x00, 0x00, 0x00, 0x00, 0x00, 0x00,
    0x00, 0x00, 0x00, 0x00, 0x00, 0x00, 0x00, 0x00, 0x00, 0x00, 0x00, 0x00, 0x00, 0x00, 0x00, 0x00,
    0x00, 0x00, 0x00, 0x00, 0x00, 0x00, 0x00, 0x00, 0x00, 0x00, 0x00, 0x00, 0x00, 0x00, 0x00, 0x00,
    0x00, 0x00, 0x00, 0x00, 0x00, 0x00, 0x00, 0x00, 0x00, 0x00, 0x00, 0x00, 0x00, 0x00, 0x00, 0x00,
    0x00, 0x00, 0x00, 0x00, 0x00, 0x00, 0x00, 0x00, 0x00, 0x00, 0x00, 0x00, 0x00, 0x00, 0x00, 0x00,
    0x00, 0x00, 0x00, 0x00, 0x00, 0x00, 0x00, 0x00, 0x00, 0x00, 0x00, 0x00, 0x00, 0x00, 0x00, 0x00,
    0x00, 0x00, 0x00, 0x00, 0x00, 0x00, 0x00, 0x00, 0x00, 0x00, 0x00, 0x00, 0x00, 0x00, 0x00, 0x00,
    0x00, 0x00, 0x00, 0x00, 0x00, 0x00, 0x00, 0x00, 0x00, 0x00, 0x00, 0x00, 0x00, 0x00, 0x00, 0x00,
    0x00, 0x00, 0x00, 0x00, 0x00, 0x00, 0x00, 0x00, 0x00, 0x00, 0x00, 0x00, 0x00, 0x00, 0x00, 0x00,
    0x00, 0x00, 0x00, 0x00, 0x00, 0x00, 0x00, 0x00, 0x00, 0x00, 0x00, 0x00, 0x00, 0x00, 0x00, 0x00,
    0xFA, 0xF9, 0xE3, 0xDA, 0xDB, 0x57, 0x95, 0x0E, 0x57, 0x95, 0xFF, 0xFD, 0xEF, 0xEF, 0xE5, 0xE6,
    0xEB, 0xEB, 0xE3, 0xE6, 0xE3, 0xE0, 0xCF, 0xCF, 0xDA, 0xDA, 0xD2, 0xD6, 0xCE, 0xCF, 0xCF, 0xC7,
    0xCF, 0xCF, 0xCC, 0xCF, 0xD6, 0xD6, 0xDA, 0xCF, 0xC5, 0xC5, 0xC2, 0xBC, 0xC5, 0xC7, 0xBC, 0xAF,
    0xBC, 0xAF, 0xAD, 0xB5, 0xC5, 0xCF, 0xC5, 0xB9, 0xC2, 0xC2, 0xC9, 0xCE, 0xCD, 0xAB, 0xA0, 0xC4,
    0xC5, 0xB9, 0xBC, 0xAF, 0xB9, 0xBC, 0xBD, 0xC5, 0xBC, 0xC7, 0xC5, 0xC5, 0xC3, 0xC5, 0xC0, 0xAD,
    0x92, 0x8C, 0x6C, 0x8D, 0x86, 0x85, 0x7F, 0x76, 0x7F, 0x82, 0x85, 0x98, 0x8E, 0x97, 0x8D, 0x7F,
    0x97, 0x9D, 0x8D, 0x72, 0x7F, 0x97, 0x87, 0x7F, 0x87, 0x7E, 0x7F, 0x75, 0x82, 0x96, 0x82, 0x7C,
    0x88, 0x8F, 0x7B, 0x82, 0x7A, 0x52, 0x4B, 0x5E, 0x60, 0x5E, 0x60, 0x52, 0x42, 0x50, 0x44, 0x4C,
    0x66, 0x75, 0x72, 0x72, 0x6D, 0x6D, 0x66, 0x64, 0x6D, 0x4D, 0x4B, 0x6B, 0x60, 0x52, 0x66, 0x64,
    0x71, 0x64, 0x7B, 0x71, 0x5D, 0x67, 0x81, 0x7A, 0x7A, 0x7B, 0x54, 0x42, 0x69, 0x69, 0x6A, 0x72,
    0x6B, 0x6A, 0x6A, 0x5A, 0x45, 0x75, 0x84, 0x8F, 0x7B, 0x8F, 0x82, 0x84, 0x85, 0x7B, 0x4D, 0x4D,
    0x6F, 0x5E, 0x56, 0x6A, 0x67, 0x7E, 0x5F, 0x6D, 0x71, 0x65, 0x84, 0x9E, 0xA3, 0x7E, 0x80, 0x6A,
    0x60, 0x6B, 0x7F, 0x67, 0x67, 0x75, 0x6B, 0x75, 0x72, 0x67, 0x82, 0x8F, 0x92, 0x8A, 0x8D, 0x98,
    0x90, 0xAB, 0x87, 0x7E, 0x5E, 0x71, 0x98, 0x90, 0x80, 0x85, 0x7F, 0x8D, 0x77, 0x80, 0x76, 0x8E,
    0x8D, 0x98, 0x97, 0x9D, 0x97, 0x82, 0x6F, 0x6B, 0x80, 0x7C, 0x80, 0x80, 0x80, 0x8A, 0x7E, 0x7F,
    0x90, 0xB5, 0xBD, 0xB7, 0xBF, 0xB9, 0xB7, 0xCD, 0xB7, 0xB7, 0x90, 0xAB, 0xB9, 0xB7, 0xAD, 0xAF,
    0xB9, 0xAD, 0xA0, 0xAD, 0xC5, 0xAF, 0xAD, 0xC2, 0xC2, 0xCC, 0xC7, 0xB9, 0xB9, 0xA4, 0xB9, 0xB0,
    0xAF, 0xC3, 0xC3, 0xB9, 0xC5, 0xC5, 0xB9, 0xC9, 0xD4, 0xD4, 0xCF, 0xCF, 0xD6, 0xD6, 0xDA, 0xDA,
    0xD4, 0xC5, 0xD5, 0xDA, 0xDA, 0xDA, 0xD6, 0xCF, 0xD6, 0xD2, 0xD6, 0xDA, 0xE3, 0xD6, 0xE3, 0xEB,
    0xE6, 0xF0, 0xDB, 0xF1, 0xFE, 0xFF, 0x95, 0x2C, 0x09, 0xCA, 0x57, 0xF9, 0xF3, 0xDB, 0xF9, 0xFA,
    0x00, 0x00, 0x00, 0x00, 0x00, 0x00, 0x00, 0x00, 0x00, 0x00, 0x00, 0x00, 0x00, 0x00, 0x00, 0x00,
    0x00, 0x00, 0x00, 0x00, 0x00, 0x00, 0x00, 0x00, 0x00, 0x00, 0x00, 0x00, 0x00, 0x00, 0x00, 0x00,
    0x00, 0x00, 0x00, 0x00, 0x00, 0x00, 0x00, 0x00, 0x00, 0x00, 0x00, 0x00, 0x00, 0x00, 0x00, 0x00,
    0x00, 0x00, 0x00, 0x00, 0x00, 0x00, 0x00, 0x00, 0x00, 0x00, 0x00, 0x00, 0x00, 0x00, 0x00, 0x00,
    0x00, 0x00, 0x00, 0x00, 0x00, 0x00, 0x00, 0x00, 0x00, 0x00, 0x00, 0x00, 0x00, 0x00, 0x00, 0x00,
    0x00, 0x00, 0x00, 0x00, 0x00, 0x00, 0x00, 0x00, 0x00, 0x00, 0x00, 0x00, 0x00, 0x00, 0x00, 0x00,
    0x00, 0x00, 0x00, 0x00, 0x00, 0x00, 0x00, 0x00, 0x00, 0x00, 0x00, 0x00, 0x00, 0x00, 0x00, 0x00,
    0x00, 0x00, 0x00, 0x00, 0x00, 0x00, 0x00, 0x00, 0x00, 0x00, 0x00, 0x00, 0x00, 0x00, 0x00, 0x00,
    0x00, 0x00, 0x00, 0x00, 0x00, 0x00, 0x00, 0x00, 0x00, 0x00, 0x00, 0x00, 0x00, 0x00, 0x00, 0x00,
    0x00, 0x00, 0x00, 0x00, 0x00, 0x00, 0x00, 0x00, 0x00, 0x00, 0x00, 0x00, 0x00, 0x00, 0x00, 0x00,
    0x00, 0x00, 0x00, 0x00, 0x00, 0x00, 0x00, 0x00, 0x00, 0x00, 0x00, 0x00, 0x00, 0x00, 0x00, 0x00,
    0x00, 0x00, 0x00, 0x00, 0x00, 0x00, 0x00, 0x00, 0x00, 0x00, 0x00, 0x00, 0x00, 0x00, 0x00, 0x00,
    0xFB, 0xF9, 0xF0, 0xDD, 0xDB, 0x57, 0x95, 0x17, 0x57, 0x17, 0x58, 0x95, 0xF3, 0xE6, 0xDA, 0xD6,
    0xE3, 0xD6, 0xD6, 0xD6, 0xE0, 0xEB, 0xE3, 0xD6, 0xDA, 0xDC, 0xB4, 0xC9, 0xD6, 0xD6, 0xD6, 0xD6,
    0xC7, 0xB5, 0xC2, 0xCF, 0xCF, 0xCE, 0xCE, 0xCF, 0xC3, 0xB0, 0xBD, 0xC7, 0xB5, 0xAF, 0xB9, 0xAF,
    0xAF, 0xA6, 0xAD, 0xBF, 0xB7, 0xAD, 0xC0, 0xB7, 0xAB, 0xB7, 0xB9, 0xCE, 0xD4, 0xC5, 0xB9, 0xC5,
    0xC2, 0x8B, 0xAF, 0xC2, 0xC5, 0xC2, 0xC2, 0xC2, 0xB7, 0xBC, 0xAB, 0xB5, 0xB9, 0xB9, 0xC2, 0xB5,
    0x8A, 0x9A, 0x80, 0x92, 0x8D, 0x98, 0x8D, 0x87, 0x75, 0x76, 0x88, 0x71, 0x85, 0x7E, 0x66, 0x7E,
    0x7F, 0x9D, 0xB6, 0x90, 0x8F, 0xA2, 0x96, 0x56, 0x76, 0x97, 0x8F, 0x8D, 0x81, 0x81, 0x6E, 0x7B,
    0x8F, 0x72, 0x6E, 0x67, 0x72, 0x4F, 0x50, 0x5A, 0x5D, 0x60, 0x52, 0x4B, 0x43, 0x45, 0x50, 0x50,
    0x64, 0x47, 0x5D, 0x66, 0x4A, 0x63, 0x66, 0x9D, 0x88, 0x71, 0x67, 0x7B, 0x60, 0x33, 0x6A, 0x7E,
    0x7A, 0x71, 0x6E, 0x5D, 0x4A, 0x7A, 0x71, 0x63, 0x63, 0x6D, 0x72, 0x5A, 0x6A, 0x72, 0x7E, 0x6A,
    0x6A, 0x5E, 0x7E, 0x6B, 0x60, 0x7B, 0x5E, 0x6E, 0x81, 0x6E, 0x65, 0x6D, 0x9D, 0x8F, 0x72, 0x6F,
    0x7B, 0x60, 0x33, 0x6B, 0x7A, 0x71, 0x7E, 0x71, 0x52, 0x51, 0x7F, 0x79, 0x7E, 0x6E, 0x6D, 0x7A,
    0x52, 0x5E, 0x6A, 0x5E, 0x66, 0x5E, 0x7F, 0x61, 0x6B, 0x60, 0x75, 0x82, 0x6D, 0x84, 0x84, 0x70,
    0x85, 0x82, 0x98, 0xAD, 0x84, 0x84, 0x97, 0x80, 0x56, 0x8E, 0x92, 0x8D, 0x8D, 0x85, 0x7F, 0x66,
    0x7B, 0x8D, 0x72, 0x7A, 0x85, 0x87, 0x5A, 0x60, 0x80, 0x69, 0x6B, 0x75, 0x76, 0x6A, 0x7F, 0x75,
    0x97, 0x9F, 0x92, 0xB9, 0xAD, 0x98, 0xAB, 0xB6, 0xC2, 0xCD, 0xB5, 0xAD, 0xC2, 0xAF, 0x93, 0xB7,
    0xC1, 0xB7, 0xC1, 0xAD, 0xA4, 0x98, 0xBA, 0xB7, 0xB6, 0xBA, 0xAD, 0xB9, 0xAD, 0x9F, 0xAF, 0xB0,
    0xA1, 0xAD, 0xBC, 0xC7, 0xC5, 0xC7, 0xBC, 0xCE, 0xC0, 0xB9, 0xCF, 0xC5, 0xC5, 0xD3, 0xCF, 0xE3,
    0xE3, 0xD6, 0xD6, 0xE0, 0xC3, 0xC8, 0xE0, 0xDF, 0xE0, 0xD6, 0xD6, 0xCF, 0xDA, 0xD6, 0xD6, 0xD6,
    0xD6, 0xDE, 0xF4, 0xFF, 0x95, 0x95, 0x09, 0x57, 0x0E, 0xDB, 0x57, 0xF8, 0xE3, 0xF1, 0xFA, 0xFA,
    0x00, 0x00, 0x00, 0x00, 0x00, 0x00, 0x00, 0x00, 0x00, 0x00, 0x00, 0x00, 0x00, 0x00, 0x00, 0x00,
    0x00, 0x00, 0x00, 0x00, 0x00, 0x00, 0x00, 0x00, 0x00, 0x00, 0x00, 0x00, 0x00, 0x00, 0x00, 0x00,
    0x00, 0x00, 0x00, 0x00, 0x00, 0x00, 0x00, 0x00, 0x00, 0x00, 0x00, 0x00, 0x00, 0x00, 0x00, 0x00,
    0x00, 0x00, 0x00, 0x00, 0x00, 0x00, 0x00, 0x00, 0x00, 0x00, 0x00, 0x00, 0x00, 0x00, 0x00, 0x00,
    0x00, 0x00, 0x00, 0x00, 0x00, 0x00, 0x00, 0x00, 0x00, 0x00, 0x00, 0x00, 0x00, 0x00, 0x00, 0x00,
    0x00, 0x00, 0x00, 0x00, 0x00, 0x00, 0x00, 0x00, 0x00, 0x00, 0x00, 0x00, 0x00, 0x00, 0x00, 0x00,
    0x00, 0x00, 0x00, 0x00, 0x00, 0x00, 0x00, 0x00, 0x00, 0x00, 0x00, 0x00, 0x00, 0x00, 0x00, 0x00,
    0x00, 0x00, 0x00, 0x00, 0x00, 0x00, 0x00, 0x00, 0x00, 0x00, 0x00, 0x00, 0x00, 0x00, 0x00, 0x00,
    0x00, 0x00, 0x00, 0x00, 0x00, 0x00, 0x00, 0x00, 0x00, 0x00, 0x00, 0x00, 0x00, 0x00, 0x00, 0x00,
    0x00, 0x00, 0x00, 0x00, 0x00, 0x00, 0x00, 0x00, 0x00, 0x00, 0x00, 0x00, 0x00, 0x00, 0x00, 0x00,
    0x00, 0x00, 0x00, 0x00, 0x00, 0x00, 0x00, 0x00, 0x00, 0x00, 0x00, 0x00, 0x00, 0x00, 0x00, 0x00,
    0x00, 0x00, 0x00, 0x00, 0x00, 0x00, 0x00, 0x00, 0x00, 0x00, 0x00, 0x00, 0x00, 0x00, 0x00, 0x00,
    0xFA, 0xEA, 0xDA, 0xE6, 0xDB, 0x57, 0x95, 0x2C, 0x59, 0x95, 0x02, 0x01, 0xFE, 0xEF, 0xDB, 0xCF,
    0xDA, 0xDA, 0xD6, 0xCF, 0xDA, 0xE6, 0xCF, 0xD2, 0xE0, 0xE3, 0xC7, 0xD6, 0xD6, 0xCF, 0xC5, 0xCF,
    0xD2, 0xCE, 0xCF, 0xCF, 0xD3, 0xD6, 0xCF, 0xCF, 0xC5, 0xC3, 0xC7, 0xB9, 0xB9, 0xC2, 0xB0, 0xAF,
    0xA7, 0xC3, 0xAD, 0xB9, 0xB3, 0xAD, 0xC2, 0xB9, 0xAD, 0xB9, 0xB7, 0xBF, 0xC5, 0xB7, 0xB9, 0xC5,
    0xCE, 0xB0, 0xC5, 0xC5, 0xB9, 0xC2, 0xCE, 0xCF, 0xCC, 0xC3, 0xC5, 0xC5, 0xC9, 0xC2, 0xC5, 0x92,
    0x92, 0x9B, 0x76, 0x6A, 0x8D, 0x87, 0x7F, 0x8E, 0x80, 0x60, 0x8F, 0x71, 0x77, 0x80, 0x72, 0x87,
    0x7F, 0x8E, 0x92, 0x87, 0x97, 0xB1, 0xA2, 0x77, 0x90, 0x9E, 0x7D, 0x7D, 0x87, 0x96, 0x8F, 0x7B,
    0x7E, 0x75, 0x7E, 0x6E, 0x6A, 0x52, 0x60, 0x7F, 0x4D, 0x71, 0x5E, 0x50, 0x42, 0x52, 0x4F, 0x51,
    0x64, 0x4B, 0x6D, 0x6D, 0x52, 0x5D, 0x63, 0x66, 0x7A, 0x5C, 0x5D, 0x7B, 0x7A, 0x60, 0x71, 0x71,
    0x71, 0x71, 0x7F, 0x7B, 0x60, 0x72, 0x7E, 0x7E, 0x71, 0x6E, 0x80, 0x5A, 0x6A, 0x6A, 0x84, 0x6A,
    0x5A, 0x4F, 0x80, 0x6B, 0x52, 0x75, 0x5E, 0x72, 0x8F, 0x72, 0x7B, 0x6A, 0x66, 0x82, 0x6E, 0x67,
    0x82, 0x74, 0x5A, 0x75, 0x84, 0x6E, 0x6E, 0x7B, 0x85, 0x65, 0x72, 0x7E, 0x87, 0x7E, 0x71, 0x7A,
    0x6E, 0x6A, 0x6C, 0x5E, 0x66, 0x60, 0x6B, 0x5E, 0x6B, 0x69, 0x72, 0x8F, 0x7A, 0x7E, 0x96, 0x85,
    0x9E, 0x82, 0x97, 0x92, 0x72, 0x82, 0xA3, 0x80, 0x76, 0x8F, 0x8F, 0x75, 0x7E, 0x9E, 0x97, 0x67,
    0x87, 0x8D, 0x82, 0x82, 0x87, 0x8F, 0x67, 0x80, 0x61, 0x5A, 0x6C, 0x6C, 0x6A, 0x67, 0x98, 0x7C,
    0x7F, 0xAB, 0x92, 0xB9, 0xB9, 0xA0, 0x9F, 0xAB, 0xC0, 0xB7, 0xB5, 0xB7, 0xC2, 0xB3, 0xAD, 0xB9,
    0xAD, 0xAD, 0xB3, 0xB7, 0xB7, 0xA0, 0xB7, 0xC0, 0xC0, 0xC2, 0xB9, 0xBC, 0xBC, 0xAD, 0xC6, 0xA1,
    0xA6, 0xB0, 0xC3, 0xC5, 0xAF, 0xB0, 0xAF, 0xC5, 0xC5, 0xB9, 0xCD, 0xCF, 0xD4, 0xCF, 0xD6, 0xE0,
    0xE0, 0xCF, 0xE0, 0xE9, 0xCF, 0xD5, 0xD6, 0xDA, 0xD6, 0xD6, 0xE6, 0xD6, 0xCF, 0xE3, 0xE3, 0xD6,
    0xE2, 0xDA, 0xFB, 0x59, 0x01, 0x17, 0x58, 0x57, 0x17, 0xDB, 0x57, 0xEB, 0xE6, 0xEF, 0xE6, 0xF5,
    0x00, 0x00, 0x00, 0x00, 0x00, 0x00, 0x00, 0x00, 0x00, 0x00, 0x00, 0x00, 0x00, 0x00, 0x00, 0x00,
    0x00, 0x00, 0x00, 0x00, 0x00, 0x00, 0x00, 0x00, 0x00, 0x00, 0x00, 0x00, 0x00, 0x00, 0x00, 0x00,
    0x00, 0x00, 0x00, 0x00, 0x00, 0x00, 0x00, 0x00, 0x00, 0x00, 0x00, 0x00, 0x00, 0x00, 0x00, 0x00,
    0x00, 0x00, 0x00, 0x00, 0x00, 0x00, 0x00, 0x00, 0x00, 0x00, 0x00, 0x00, 0x00, 0x00, 0x00, 0x00,
    0x00, 0x00, 0x00, 0x00, 0x00, 0x00, 0x00, 0x00, 0x00, 0x00, 0x00, 0x00, 0x00, 0x00, 0x00, 0x00,
    0x00, 0x00, 0x00, 0x00, 0x00, 0x00, 0x00, 0x00, 0x00, 0x00, 0x00, 0x00, 0x00, 0x00, 0x00, 0x00,
    0x00, 0x00, 0x00, 0x00, 0x00, 0x00, 0x00, 0x00, 0x00, 0x00, 0x00, 0x00, 0x00, 0x00, 0x00, 0x00,
    0x00, 0x00, 0x00, 0x00, 0x00, 0x00, 0x00, 0x00, 0x00, 0x00, 0x00, 0x00, 0x00, 0x00, 0x00, 0x00,
    0x00, 0x00, 0x00, 0x00, 0x00, 0x00, 0x00, 0x00, 0x00, 0x00, 0x00, 0x00, 0x00, 0x00, 0x00, 0x00,
    0x00, 0x00, 0x00, 0x00, 0x00, 0x00, 0x00, 0x00, 0x00, 0x00, 0x00, 0x00, 0x00, 0x00, 0x00, 0x00,
    0x00, 0x00, 0x00, 0x00, 0x00, 0x00, 0x00, 0x00, 0x00, 0x00, 0x00, 0x00, 0x00, 0x00, 0x00, 0x00,
    0x00, 0x00, 0x00, 0x00, 0x00, 0x00, 0x00, 0x00, 0x00, 0x00, 0x00, 0x00, 0x00, 0x00, 0x00, 0x00,
    0xF9, 0xE6, 0xD4, 0xE0, 0xEF, 0x2D, 0x95, 0x57, 0x09, 0x03, 0x05, 0x05, 0xFE, 0xEF, 0xD8, 0xD6,
    0xCF, 0xDA, 0xD2, 0xDA, 0xDA, 0xD2, 0xC5, 0xCF, 0xD6, 0xDA, 0xDA, 0xDA, 0xDA, 0xC5, 0xC0, 0xCE,
    0xDC, 0xE3, 0xD6, 0xCC, 0xD6, 0xD2, 0xDA, 0xCF, 0xC2, 0xB9, 0xC7, 0xBC, 0xC5, 0xC4, 0xBD, 0xB9,
    0xAF, 0xC7, 0xAD, 0xB7, 0xB9, 0xC5, 0xC2, 0xB7, 0xB7, 0xCD, 0xC1, 0xB2, 0xA9, 0xA3, 0xB9, 0xB9,
    0xCE, 0xC7, 0xCC, 0xC2, 0xAD, 0xC2, 0xCC, 0xC2, 0xCC, 0xC7, 0xC7, 0xBC, 0xC5, 0xCE, 0xCC, 0x9A,
    0x89, 0x92, 0x7F, 0x8C, 0x8C, 0x85, 0x77, 0x86, 0x77, 0x67, 0xA9, 0x7F, 0x71, 0x84, 0x7F, 0x97,
    0x90, 0x7F, 0x7B, 0x88, 0xA2, 0x97, 0xA2, 0xA3, 0xA2, 0x87, 0x6D, 0x7E, 0x85, 0x88, 0x9D, 0x7F,
    0x7D, 0x7E, 0x81, 0x88, 0x6E, 0x66, 0x5E, 0x6A, 0x6A, 0x5F, 0x67, 0x5A, 0x50, 0x6A, 0x65, 0x4C,
    0x64, 0x64, 0x64, 0x66, 0x51, 0x6A, 0x6D, 0x4D, 0x4B, 0x4D, 0x67, 0x64, 0x7E, 0x7E, 0x77, 0x51,
    0x5C, 0x7F, 0x8D, 0x7E, 0x71, 0x5E, 0x82, 0x7E, 0x97, 0x7B, 0x64, 0x54, 0x67, 0x86, 0x77, 0x7F,
    0x6B, 0x56, 0x76, 0x6B, 0x44, 0x5E, 0x75, 0x7E, 0x7F, 0x7F, 0x97, 0x75, 0x4D, 0x67, 0x66, 0x5E,
    0x5E, 0x8D, 0x7F, 0x77, 0x5F, 0x5D, 0x67, 0x7E, 0x9D, 0x6B, 0x6A, 0x98, 0x84, 0x7F, 0x81, 0x6D,
    0x67, 0x6A, 0x60, 0x72, 0x7E, 0x76, 0x72, 0x77, 0x6C, 0x60, 0x60, 0x87, 0x96, 0x7E, 0x97, 0x8F,
    0x9E, 0x90, 0x7A, 0x7E, 0x7A, 0x7E, 0x88, 0x98, 0x9F, 0x88, 0x7E, 0x66, 0x7F, 0x98, 0x85, 0x97,
    0x87, 0x87, 0x8D, 0x97, 0x96, 0x84, 0x72, 0x65, 0x7C, 0x7C, 0x75, 0x8A, 0x8A, 0x72, 0xA4, 0x7F,
    0x7E, 0x9F, 0xA6, 0xAF, 0xAF, 0xA0, 0xAD, 0xB7, 0x9F, 0xA3, 0xAB, 0xAD, 0xA4, 0xC0, 0xB9, 0xC5,
    0xA6, 0x92, 0x98, 0xA4, 0xBF, 0xC2, 0xB5, 0xB5, 0xB9, 0xB9, 0xCE, 0xB9, 0xB0, 0xAD, 0xB4, 0xC2,
    0xB9, 0xC2, 0xBC, 0xB7, 0xB0, 0xC7, 0xB9, 0xC2, 0xCC, 0xCE, 0xCD, 0xD6, 0xE0, 0xD6, 0xD6, 0xCF,
    0xD4, 0xD6, 0xD2, 0xD6, 0xDC, 0xE3, 0xDA, 0xC7, 0xC7, 0xD6, 0xE0, 0xE3, 0xD5, 0xE3, 0xE6, 0xE3,
    0xE6, 0xD8, 0xF5, 0xA8, 0x05, 0x09, 0x17, 0x0E, 0x17, 0xF5, 0x57, 0xF3, 0xEF, 0xE6, 0xDA, 0xF0,
    0x00, 0x00, 0x00, 0x00, 0x00, 0x00, 0x00, 0x00, 0x00, 0x00, 0x00, 0x00, 0x00, 0x00, 0x00, 0x00,
    0x00, 0x00, 0x00, 0x00, 0x00, 0x00, 0x00, 0x00, 0x00, 0x00, 0x00, 0x00, 0x00, 0x00, 0x00, 0x00,
    0x00, 0x00, 0x00, 0x00, 0x00, 0x00, 0x00, 0x00, 0x00, 0x00, 0x00, 0x00, 0x00, 0x00, 0x00, 0x00,
    0x00, 0x00, 0x00, 0x00, 0x00, 0x00, 0x00, 0x00, 0x00, 0x00, 0x00, 0x00, 0x00, 0x00, 0x00, 0x00,
    0x00, 0x00, 0x00, 0x00, 0x00, 0x00, 0x00, 0x00, 0x00, 0x00, 0x00, 0x00, 0x00, 0x00, 0x00, 0x00,
    0x00, 0x00, 0x00, 0x00, 0x00, 0x00, 0x00, 0x00, 0x00, 0x00, 0x00, 0x00, 0x00, 0x00, 0x00, 0x00,
    0x00, 0x00, 0x00, 0x00, 0x00, 0x00, 0x00, 0x00, 0x00, 0x00, 0x00, 0x00, 0x00, 0x00, 0x00, 0x00,
    0x00, 0x00, 0x00, 0x00, 0x00, 0x00, 0x00, 0x00, 0x00, 0x00, 0x00, 0x00, 0x00, 0x00, 0x00, 0x00,
    0x00, 0x00, 0x00, 0x00, 0x00, 0x00, 0x00, 0x00, 0x00, 0x00, 0x00, 0x00, 0x00, 0x00, 0x00, 0x00,
    0x00, 0x00, 0x00, 0x00, 0x00, 0x00, 0x00, 0x00, 0x00, 0x00, 0x00, 0x00, 0x00, 0x00, 0x00, 0x00,
    0x00, 0x00, 0x00, 0x00, 0x00, 0x00, 0x00, 0x00, 0x00, 0x00, 0x00, 0x00, 0x00, 0x00, 0x00, 0x00,
    0x00, 0x00, 0x00, 0x00, 0x00, 0x00, 0x00, 0x00, 0x00, 0x00, 0x00, 0x00, 0x00, 0x00, 0x00, 0x00,
    0xF9, 0xF0, 0xDC, 0xE0, 0xE6, 0x57, 0xA8, 0x2C, 0x05, 0x17, 0xF1, 0xFE, 0xDB, 0xFF, 0xFD, 0xE2,
    0xDA, 0xD2, 0xD2, 0xD6, 0xCF, 0xCC, 0xCF, 0xE3, 0xDA, 0xDF, 0xDA, 0xDA, 0xD6, 0xC5, 0xCF, 0xD6,
    0xCF, 0xD6, 0xCF, 0xD2, 0xD6, 0xD6, 0xD6, 0xC2, 0xC0, 0xC5, 0xCE, 0xC5, 0xB0, 0xBC, 0xB9, 0xB3,
    0xB9, 0xB0, 0xC2, 0xB6, 0xC5, 0xBD, 0xB9, 0xCE, 0xC5, 0xB9, 0xB2, 0xB7, 0xB7, 0xBE, 0xC5, 0xCE,
    0xCC, 0xC5, 0xB9, 0xC2, 0xC1, 0xC1, 0xB9, 0xAD, 0xC7, 0xC7, 0xB9, 0xAF, 0xBC, 0xBC, 0xAB, 0xA9,
    0x8E, 0x8E, 0x8E, 0x98, 0x80, 0x80, 0x8D, 0x77, 0x86, 0x87, 0x8F, 0x8A, 0x8D, 0xA3, 0x98, 0x87,
    0x80, 0x8D, 0x9E, 0x9E, 0xAB, 0x9E, 0xB6, 0xB1, 0x97, 0x85, 0x8F, 0x9E, 0x88, 0xA3, 0x77, 0x6A,
    0x7E, 0x87, 0x85, 0x85, 0x66, 0x67, 0x71, 0x6E, 0x5E, 0x60, 0x60, 0x4B, 0x50, 0x45, 0x67, 0x5C,
    0x63, 0x72, 0x5F, 0x72, 0x73, 0x6E, 0x5D, 0x53, 0x5D, 0x71, 0x7E, 0x71, 0x82, 0x72, 0x72, 0x72,
    0x72, 0x7B, 0x7C, 0x77, 0x5D, 0x67, 0x7B, 0x7F, 0x77, 0x6B, 0x60, 0x65, 0x75, 0x61, 0x7F, 0x72,
    0x5A, 0x56, 0x69, 0x6B, 0x5E, 0x5D, 0x75, 0x72, 0x87, 0x8D, 0x72, 0x67, 0x6A, 0x7F, 0x7E, 0x87,
    0x7E, 0x7F, 0x75, 0x87, 0x70, 0x7E, 0x7E, 0x7F, 0x97, 0x60, 0x6A, 0x87, 0x7A, 0x81, 0x7E, 0x51,
    0x51, 0x6E, 0x6A, 0x6A, 0x7E, 0x60, 0x67, 0x6A, 0x6B, 0x76, 0x71, 0x87, 0x97, 0x87, 0xAB, 0x9D,
    0x8D, 0x7F, 0x7E, 0x85, 0x88, 0x9E, 0x8F, 0xA2, 0x9D, 0x84, 0x8F, 0x9E, 0xAD, 0x9E, 0xA3, 0x97,
    0x72, 0x98, 0x9E, 0x98, 0x87, 0x72, 0x7E, 0x84, 0x7C, 0x7B, 0x80, 0x80, 0x8D, 0x7F, 0x96, 0xA3,
    0x87, 0x9A, 0xAF, 0x9F, 0xB9, 0xB7, 0xB3, 0xAB, 0xA3, 0xB7, 0xB7, 0xAD, 0xB7, 0xC5, 0xB7, 0xBC,
    0xAD, 0xAD, 0xC2, 0xAD, 0xC5, 0xB2, 0xA4, 0xC5, 0xCF, 0xC2, 0xC9, 0xB3, 0x9F, 0xB9, 0xB0, 0xAD,
    0xAD, 0xAF, 0xAF, 0xBC, 0xB0, 0xC5, 0xC2, 0xBD, 0xCF, 0xCE, 0xD6, 0xE0, 0xD6, 0xCF, 0xCF, 0xDA,
    0xD6, 0xDF, 0xDA, 0xE0, 0xE3, 0xDA, 0xD6, 0xCF, 0xDA, 0xE0, 0xE3, 0xE2, 0xD2, 0xD2, 0xD6, 0xEA,
    0xF3, 0xFD, 0xFD, 0xDB, 0xF5, 0x95, 0x2C, 0x05, 0x2C, 0xFF, 0x57, 0xF8, 0xE6, 0xE3, 0xE3, 0xF4,
    0x00, 0x00, 0x00, 0x00, 0x00, 0x00, 0x00, 0x00, 0x00, 0x00, 0x00, 0x00, 0x00, 0x00, 0x00, 0x00,
    0x00, 0x00, 0x00, 0x00, 0x00, 0x00, 0x00, 0x00, 0x00, 0x00, 0x00, 0x00, 0x00, 0x00, 0x00, 0x00,
    0x00, 0x00, 0x00, 0x00, 0x00, 0x00, 0x00, 0x00, 0x00, 0x00, 0x00, 0x00, 0x00, 0x00, 0x00, 0x00,
    0x00, 0x00, 0x00, 0x00, 0x00, 0x00, 0x00, 0x00, 0x00, 0x00, 0x00, 0x00, 0x00, 0x00, 0x00, 0x00,
    0x00, 0x00, 0x00, 0x00, 0x00, 0x00, 0x00, 0x00, 0x00, 0x00, 0x00, 0x00, 0x00, 0x00, 0x00, 0x00,
    0x00, 0x00, 0x00, 0x00, 0x00, 0x00, 0x00, 0x00, 0x00, 0x00, 0x00, 0x00, 0x00, 0x00, 0x00, 0x00,
    0x00, 0x00, 0x00, 0x00, 0x00, 0x00, 0x00, 0x00, 0x00, 0x00, 0x00, 0x00, 0x00, 0x00, 0x00, 0x00,
    0x00, 0x00, 0x00, 0x00, 0x00, 0x00, 0x00, 0x00, 0x00, 0x00, 0x00, 0x00, 0x00, 0x00, 0x00, 0x00,
    0x00, 0x00, 0x00, 0x00, 0x00, 0x00, 0x00, 0x00, 0x00, 0x00, 0x00, 0x00, 0x00, 0x00, 0x00, 0x00,
    0x00, 0x00, 0x00, 0x00, 0x00, 0x00, 0x00, 0x00, 0x00, 0x00, 0x00, 0x00, 0x00, 0x00, 0x00, 0x00,
    0x00, 0x00, 0x00, 0x00, 0x00, 0x00, 0x00, 0x00, 0x00, 0x00, 0x00, 0x00, 0x00, 0x00, 0x00, 0x00,
    0x00, 0x00, 0x00, 0x00, 0x00, 0x00, 0x00, 0x00, 0x00, 0x00, 0x00, 0x00, 0x00, 0x00, 0x00, 0x00,
    0xFA, 0xF8, 0xF8, 0xE9, 0xDB, 0x2D, 0xCA, 0x0E, 0x57, 0x2C, 0x17, 0x09, 0x05, 0x03, 0x2D, 0xFE,
    0xDB, 0xDA, 0xDA, 0xCF, 0xD2, 0xE3, 0xE3, 0xE6, 0xD6, 0xD2, 0xDC, 0xD6, 0xD8, 0xDA, 0xE3, 0xCF,
    0xC5, 0xD2, 0xCF, 0xDC, 0xC5, 0xD6, 0xCE, 0xC5, 0xD6, 0xD6, 0xD6, 0xB9, 0xB0, 0xC4, 0xBC, 0xB3,
    0xAF, 0xB9, 0xC2, 0xC2, 0xC5, 0xB3, 0xB9, 0xC5, 0xC5, 0xB7, 0xB2, 0xC2, 0xC9, 0xCF, 0xD4, 0xC5,
    0xC1, 0xC3, 0xB9, 0xB9, 0xC5, 0xBC, 0xC2, 0xC2, 0xCF, 0xB9, 0x9F, 0xB3, 0xB0, 0xA0, 0xA3, 0xB2,
    0x9F, 0x8E, 0x86, 0x75, 0x80, 0x77, 0x6B, 0x75, 0xA3, 0x8D, 0x87, 0x90, 0x97, 0x87, 0x97, 0x7B,
    0x7F, 0xAB, 0xB7, 0xB5, 0xA9, 0x96, 0xA9, 0xA3, 0x98, 0x8D, 0x99, 0x96, 0x7E, 0x98, 0x6A, 0x6B,
    0x6B, 0x87, 0x81, 0x70, 0x7D, 0x88, 0x88, 0x7B, 0x5C, 0x5E, 0x5A, 0x50, 0x50, 0x52, 0x72, 0x6E,
    0x7B, 0x71, 0x5F, 0x51, 0x6E, 0x5E, 0x5D, 0x6E, 0x81, 0x7B, 0x7E, 0x7B, 0x7A, 0x71, 0x71, 0x77,
    0x77, 0x67, 0x60, 0x72, 0x6A, 0x6E, 0x51, 0x77, 0x5A, 0x6A, 0x7A, 0x82, 0x75, 0x60, 0x6B, 0x6A,
    0x6A, 0x4F, 0x4F, 0x6F, 0x6F, 0x72, 0x6A, 0x6B, 0x6B, 0x84, 0x6A, 0x60, 0x90, 0x8F, 0x96, 0x9E,
    0x84, 0x7F, 0x77, 0x7D, 0x85, 0x97, 0x7D, 0x5D, 0x77, 0x6B, 0x72, 0x5D, 0x85, 0x84, 0x72, 0x67,
    0x72, 0x7B, 0x60, 0x4B, 0x5D, 0x60, 0x67, 0x51, 0x65, 0x7F, 0x71, 0x90, 0x96, 0x8D, 0x87, 0x98,
    0x72, 0x71, 0x96, 0xB5, 0xB5, 0x9E, 0x96, 0x96, 0x96, 0x86, 0x90, 0xAD, 0xA2, 0x7E, 0xA4, 0x7F,
    0x86, 0x90, 0x9E, 0x8D, 0x7F, 0x7E, 0x8D, 0x97, 0x87, 0x6E, 0x84, 0x90, 0x7E, 0x7F, 0x8D, 0x9D,
    0x97, 0xA0, 0x92, 0x9A, 0xAB, 0xB7, 0xAB, 0xAB, 0xC2, 0xCF, 0xC5, 0xB9, 0xB9, 0xB9, 0xB9, 0xA6,
    0xA3, 0xAF, 0xCD, 0xB3, 0xB9, 0xB9, 0xBF, 0xC5, 0xC5, 0xB9, 0xB3, 0xB7, 0xB7, 0xC2, 0xAF, 0xA0,
    0x9A, 0xB0, 0xB0, 0xB0, 0xAF, 0xC5, 0xC9, 0xC2, 0xCF, 0xCE, 0xCE, 0xCF, 0xD6, 0xC5, 0xD6, 0xEB,
    0xE3, 0xE0, 0xDA, 0xD6, 0xDA, 0xD6, 0xD6, 0xDA, 0xEB, 0xDA, 0xDA, 0xDA, 0xD6, 0xD6, 0xE3, 0xF2,
    0xFE, 0x2C, 0x05, 0x05, 0x09, 0x17, 0x59, 0x2C, 0x0E, 0xFE, 0x57, 0xF8, 0xE3, 0xE0, 0xE6, 0xFB,
    0x00, 0x00, 0x00, 0x00, 0x00, 0x00, 0x00, 0x00, 0x00, 0x00, 0x00, 0x00, 0x00, 0x00, 0x00, 0x00,
    0x00, 0x00, 0x00, 0x00, 0x00, 0x00, 0x00, 0x00, 0x00, 0x00, 0x00, 0x00, 0x00, 0x00, 0x00, 0x00,
    0x00, 0x00, 0x00, 0x00, 0x00, 0x00, 0x00, 0x00, 0x00, 0x00, 0x00, 0x00, 0x00, 0x00, 0x00, 0x00,
    0x00, 0x00, 0x00, 0x00, 0x00, 0x00, 0x00, 0x00, 0x00, 0x00, 0x00, 0x00, 0x00, 0x00, 0x00, 0x00,
    0x00, 0x00, 0x00, 0x00, 0x00, 0x00, 0x00, 0x00, 0x00, 0x00, 0x00, 0x00, 0x00, 0x00, 0x00, 0x00,
    0x00, 0x00, 0x00, 0x00, 0x00, 0x00, 0x00, 0x00, 0x00, 0x00, 0x00, 0x00, 0x00, 0x00, 0x00, 0x00,
    0x00, 0x00, 0x00, 0x00, 0x00, 0x00, 0x00, 0x00, 0x00, 0x00, 0x00, 0x00, 0x00, 0x00, 0x00, 0x00,
    0x00, 0x00, 0x00, 0x00, 0x00, 0x00, 0x00, 0x00, 0x00, 0x00, 0x00, 0x00, 0x00, 0x00, 0x00, 0x00,
    0x00, 0x00, 0x00, 0x00, 0x00, 0x00, 0x00, 0x00, 0x00, 0x00, 0x00, 0x00, 0x00, 0x00, 0x00, 0x00,
    0x00, 0x00, 0x00, 0x00, 0x00, 0x00, 0x00, 0x00, 0x00, 0x00, 0x00, 0x00, 0x00, 0x00, 0x00, 0x00,
    0x00, 0x00, 0x00, 0x00, 0x00, 0x00, 0x00, 0x00, 0x00, 0x00, 0x00, 0x00, 0x00, 0x00, 0x00, 0x00,
    0x00, 0x00, 0x00, 0x00, 0x00, 0x00, 0x00, 0x00, 0x00, 0x00, 0x00, 0x00, 0x00, 0x00, 0x00, 0x00,
    0xFF, 0xF9, 0xF8, 0xF8, 0xEF, 0x2D, 0xA8, 0x2C, 0x17, 0x0E, 0x2E, 0x59, 0x59, 0x0E, 0x01, 0x0A,
    0xFD, 0xE6, 0xE5, 0xE3, 0xDC, 0xDA, 0xDC, 0xDA, 0xCC, 0xD3, 0xDA, 0xCF, 0xD6, 0xCF, 0xDC, 0xDA,
    0xCF, 0xD6, 0xDA, 0xDA, 0xCC, 0xC7, 0xC4, 0xC7, 0xDA, 0xDA, 0xCE, 0xC2, 0xBC, 0xBC, 0xB0, 0xB6,
    0xC1, 0xB9, 0xC0, 0xBC, 0xB9, 0xC5, 0xC5, 0xB7, 0xC2, 0xC0, 0xC2, 0xDA, 0xD6, 0xD6, 0xC5, 0xA4,
    0xB9, 0xBC, 0xBC, 0xC2, 0xB7, 0xC7, 0xCE, 0xCE, 0xAD, 0xA0, 0xA0, 0xAF, 0xAD, 0x92, 0xAD, 0xAF,
    0xA3, 0xB1, 0x8E, 0x77, 0x8D, 0x77, 0x7F, 0x84, 0x87, 0x8D, 0x72, 0x8D, 0x8D, 0x85, 0x98, 0x7F,
    0x9E, 0xB7, 0x92, 0x9F, 0x8F, 0x88, 0x9E, 0x98, 0x98, 0x97, 0x99, 0x97, 0x75, 0x67, 0x7E, 0x8C,
    0x6B, 0x8D, 0x86, 0x68, 0x85, 0x97, 0x84, 0x6E, 0x6D, 0x5E, 0x56, 0x51, 0x51, 0x67, 0x75, 0x67,
    0x5E, 0x51, 0x60, 0x5D, 0x7A, 0x6A, 0x6E, 0x7F, 0x8F, 0x90, 0x75, 0x5D, 0x72, 0x72, 0x72, 0x7B,
    0x7E, 0x7E, 0x60, 0x5E, 0x6B, 0x52, 0x5A, 0x77, 0x61, 0x6A, 0x7F, 0x84, 0x75, 0x67, 0x60, 0x5E,
    0x4F, 0x60, 0x52, 0x71, 0x67, 0x65, 0x65, 0x72, 0x61, 0x80, 0x7F, 0x6A, 0x8D, 0x80, 0xAB, 0x8D,
    0x60, 0x7F, 0x71, 0x67, 0x8D, 0x82, 0x8F, 0x67, 0x4D, 0x7E, 0x75, 0x6A, 0x90, 0x8E, 0x6A, 0x7F,
    0x7F, 0x75, 0x72, 0x6A, 0x52, 0x45, 0x56, 0x7B, 0x6F, 0x72, 0x66, 0x6D, 0x7E, 0x7F, 0x76, 0x9F,
    0x7E, 0x82, 0xC2, 0xB9, 0xB3, 0x85, 0x85, 0x96, 0x87, 0x96, 0x87, 0xAB, 0xA2, 0x75, 0x7E, 0x85,
    0x8E, 0x75, 0x97, 0x8E, 0x7F, 0x96, 0x88, 0x88, 0xA3, 0x8D, 0x6A, 0x7F, 0x75, 0x8E, 0x87, 0x8F,
    0x87, 0x84, 0x8B, 0xA0, 0xA0, 0xC3, 0xA0, 0xB9, 0xC7, 0xB7, 0xCE, 0xB9, 0x9E, 0xA4, 0xAF, 0xAD,
    0xC2, 0xB3, 0xAB, 0x9F, 0xAD, 0xC2, 0xB9, 0xB2, 0xC5, 0xC5, 0xA1, 0xC2, 0xC5, 0xC2, 0xB5, 0xC5,
    0xB0, 0xA1, 0xA1, 0xB9, 0xBA, 0xCE, 0xC9, 0xBE, 0xC2, 0xD4, 0xBC, 0xCF, 0xD6, 0xC5, 0xE3, 0xF3,
    0xEB, 0xE3, 0xC7, 0xD6, 0xD6, 0xDA, 0xE3, 0xD6, 0xDA, 0xDA, 0xCF, 0xDA, 0xE3, 0xD9, 0xEA, 0xFE,
    0x05, 0x03, 0x2D, 0x94, 0x62, 0x57, 0x17, 0x17, 0x2C, 0xFB, 0x57, 0xF8, 0xE6, 0xF3, 0xF4, 0xFA,
    0x00, 0x00, 0x00, 0x00, 0x00, 0x00, 0x00, 0x00, 0x00, 0x00, 0x00, 0x00, 0x00, 0x00, 0x00, 0x00,
    0x00, 0x00, 0x00, 0x00, 0x00, 0x00, 0x00, 0x00, 0x00, 0x00, 0x00, 0x00, 0x00, 0x00, 0x00, 0x00,
    0x00, 0x00, 0x00, 0x00, 0x00, 0x00, 0x00, 0x00, 0x00, 0x00, 0x00, 0x00, 0x00, 0x00, 0x00, 0x00,
    0x00, 0x00, 0x00, 0x00, 0x00, 0x00, 0x00, 0x00, 0x00, 0x00, 0x00, 0x00, 0x00, 0x00, 0x00, 0x00,
    0x00, 0x00, 0x00, 0x00, 0x00, 0x00, 0x00, 0x00, 0x00, 0x00, 0x00, 0x00, 0x00, 0x00, 0x00, 0x00,
    0x00, 0x00, 0x00, 0x00, 0x00, 0x00, 0x00, 0x00, 0x00, 0x00, 0x00, 0x00, 0x00, 0x00, 0x00, 0x00,
    0x00, 0x00, 0x00, 0x00, 0x00, 0x00, 0x00, 0x00, 0x00, 0x00, 0x00, 0x00, 0x00, 0x00, 0x00, 0x00,
    0x00, 0x00, 0x00, 0x00, 0x00, 0x00, 0x00, 0x00, 0x00, 0x00, 0x00, 0x00, 0x00, 0x00, 0x00, 0x00,
    0x00, 0x00, 0x00, 0x00, 0x00, 0x00, 0x00, 0x00, 0x00, 0x00, 0x00, 0x00, 0x00, 0x00, 0x00, 0x00,
    0x00, 0x00, 0x00, 0x00, 0x00, 0x00, 0x00, 0x00, 0x00, 0x00, 0x00, 0x00, 0x00, 0x00, 0x00, 0x00,
    0x00, 0x00, 0x00, 0x00, 0x00, 0x00, 0x00, 0x00, 0x00, 0x00, 0x00, 0x00, 0x00, 0x00, 0x00, 0x00,
    0x00, 0x00, 0x00, 0x00, 0x00, 0x00, 0x00, 0x00, 0x00, 0x00, 0x00, 0x00, 0x00, 0x00, 0x00, 0x00,
    0xFB, 0xF3, 0xE3, 0xE0, 0xEF, 0x57, 0xDB, 0x57, 0x57, 0xB4, 0x58, 0x17, 0x17, 0x62, 0x17, 0x59,
    0x95, 0xA8, 0xFD, 0xD6, 0xD3, 0xDC, 0xEA, 0xDC, 0xDA, 0xDA, 0xD6, 0xDF, 0xE2, 0xD6, 0xD2, 0xE9,
    0xEA, 0xDA, 0xD5, 0xD6, 0xD2, 0xD6, 0xCF, 0xC5, 0xC8, 0xC5, 0xC1, 0xB7, 0xC0, 0xB0, 0xAF, 0xC0,
    0xAD, 0xA6, 0xB9, 0xC1, 0xC5, 0xC5, 0xC2, 0xC5, 0xCF, 0xD4, 0xCE, 0xCE, 0xCF, 0xCC, 0xB9, 0xB9,
    0xBD, 0xC3, 0xC5, 0xB5, 0x9E, 0xB7, 0xCF, 0xC9, 0xA6, 0xB9, 0xC2, 0xC2, 0xAF, 0x9A, 0xA0, 0xA4,
    0x9D, 0xA9, 0x99, 0x77, 0x77, 0x75, 0x87, 0x82, 0x71, 0x8D, 0x8D, 0x8D, 0x97, 0x97, 0x98, 0x9F,
    0x9A, 0x87, 0x80, 0x9A, 0x97, 0xA3, 0x8D, 0x9F, 0xA3, 0x97, 0x7E, 0x97, 0x98, 0x8C, 0x85, 0x8D,
    0x76, 0x8D, 0x86, 0x7E, 0x82, 0x7B, 0x60, 0x5D, 0x6D, 0x5E, 0x45, 0x51, 0x5D, 0x4B, 0x60, 0x6B,
    0x5E, 0x56, 0x6A, 0x6B, 0x7F, 0x7E, 0x7F, 0x67, 0x6A, 0x7B, 0x72, 0x84, 0x7E, 0x7B, 0x75, 0x6A,
    0x66, 0x5D, 0x75, 0x6B, 0x60, 0x5A, 0x77, 0x7F, 0x61, 0x56, 0x61, 0x60, 0x6A, 0x67, 0x60, 0x52,
    0x52, 0x64, 0x4D, 0x5D, 0x60, 0x6A, 0x6A, 0x75, 0x61, 0x76, 0x8D, 0x7F, 0x75, 0x80, 0x97, 0x72,
    0x7B, 0x7E, 0x71, 0x7B, 0x6E, 0x6D, 0x8A, 0x8D, 0x6E, 0x72, 0x75, 0x7E, 0x8F, 0x97, 0x6B, 0x7F,
    0x67, 0x5E, 0x6E, 0x67, 0x50, 0x45, 0x5A, 0x66, 0x4F, 0x67, 0x7F, 0x72, 0x6A, 0x75, 0x80, 0x98,
    0x97, 0x82, 0x9A, 0x9A, 0x90, 0x87, 0x87, 0x8F, 0x9E, 0x87, 0x96, 0x85, 0x97, 0xA4, 0x97, 0x97,
    0x9F, 0x9F, 0x9E, 0x9A, 0x7F, 0x97, 0x7E, 0x7E, 0x8D, 0x7F, 0x6A, 0x77, 0x85, 0x8F, 0x75, 0x84,
    0x9F, 0x90, 0x8B, 0x9B, 0xB7, 0xB9, 0xB9, 0xB9, 0xAD, 0xB3, 0xCE, 0xB9, 0xAD, 0xAD, 0xAF, 0xBC,
    0xBC, 0xB6, 0xB2, 0xB7, 0xC5, 0xB9, 0xB9, 0xB9, 0xC2, 0xD6, 0xB9, 0xB9, 0xC2, 0xAB, 0xB9, 0xBC,
    0xB9, 0x9A, 0xA6, 0xB5, 0xB7, 0xC2, 0xC2, 0xCE, 0xCE, 0xC7, 0xC7, 0xCF, 0xE0, 0xD6, 0xD6, 0xDA,
    0xEB, 0xE0, 0xD2, 0xDA, 0xDC, 0xE0, 0xE3, 0xDC, 0xDA, 0xE3, 0xE6, 0xE3, 0xE6, 0xFD, 0xA8, 0x95,
    0x58, 0x58, 0x58, 0x0E, 0x2C, 0x62, 0xD8, 0x2C, 0x57, 0xFD, 0x57, 0xF1, 0xEF, 0xF9, 0xF9, 0xFA,
    0x00, 0x00, 0x00, 0x00, 0x00, 0x00, 0x00, 0x00, 0x00, 0x00, 0x00, 0x00, 0x00, 0x00, 0x00, 0x00,
    0x00, 0x00, 0x00, 0x00, 0x00, 0x00, 0x00, 0x00, 0x00, 0x00, 0x00, 0x00, 0x00, 0x00, 0x00, 0x00,
    0x00, 0x00, 0x00, 0x00, 0x00, 0x00, 0x00, 0x00, 0x00, 0x00, 0x00, 0x00, 0x00, 0x00, 0x00, 0x00,
    0x00, 0x00, 0x00, 0x00, 0x00, 0x00, 0x00, 0x00, 0x00, 0x00, 0x00, 0x00, 0x00, 0x00, 0x00, 0x00,
    0x00, 0x00, 0x00, 0x00, 0x00, 0x00, 0x00, 0x00, 0x00, 0x00, 0x00, 0x00, 0x00, 0x00, 0x00, 0x00,
    0x00, 0x00, 0x00, 0x00, 0x00, 0x00, 0x00, 0x00, 0x00, 0x00, 0x00, 0x00, 0x00, 0x00, 0x00, 0x00,
    0x00, 0x00, 0x00, 0x00, 0x00, 0x00, 0x00, 0x00, 0x00, 0x00, 0x00, 0x00, 0x00, 0x00, 0x00, 0x00,
    0x00, 0x00, 0x00, 0x00, 0x00, 0x00, 0x00, 0x00, 0x00, 0x00, 0x00, 0x00, 0x00, 0x00, 0x00, 0x00,
    0x00, 0x00, 0x00, 0x00, 0x00, 0x00, 0x00, 0x00, 0x00, 0x00, 0x00, 0x00, 0x00, 0x00, 0x00, 0x00,
    0x00, 0x00, 0x00, 0x00, 0x00, 0x00, 0x00, 0x00, 0x00, 0x00, 0x00, 0x00, 0x00, 0x00, 0x00, 0x00,
    0x00, 0x00, 0x00, 0x00, 0x00, 0x00, 0x00, 0x00, 0x00, 0x00, 0x00, 0x00, 0x00, 0x00, 0x00, 0x00,
    0x00, 0x00, 0x00, 0x00, 0x00, 0x00, 0x00, 0x00, 0x00, 0x00, 0x00, 0x00, 0x00, 0x00, 0x00, 0x00,
    0xF9, 0xE6, 0xEB, 0xF3, 0xEF, 0x57, 0xCA, 0x2C, 0x95, 0x59, 0x17, 0x03, 0x02, 0x0E, 0x2E, 0xEA,
    0x05, 0x05, 0x2C, 0xFD, 0xDA, 0xD2, 0xD2, 0xD6, 0xD6, 0xE0, 0xDA, 0xE3, 0xE3, 0xE0, 0xD5, 0xD2,
    0xCF, 0xD6, 0xD6, 0xCF, 0xDA, 0xE0, 0xD6, 0xC9, 0xB9, 0xC2, 0xC4, 0xB9, 0xC2, 0xB9, 0xC2, 0xC2,
    0xC5, 0xAF, 0xAF, 0xAF, 0xBC, 0xC7, 0xB7, 0xB9, 0xCF, 0xCD, 0xCD, 0xB9, 0xC2, 0xB7, 0xAD, 0xB9,
    0xC5, 0xCF, 0xC7, 0xC2, 0xC5, 0xAD, 0xB7, 0xB5, 0xC9, 0xC2, 0xB7, 0xB3, 0xAD, 0x9F, 0x9A, 0x98,
    0xB1, 0xA3, 0x96, 0x8E, 0x77, 0x8D, 0x8D, 0x8A, 0x7B, 0x84, 0x84, 0x8D, 0x96, 0xA3, 0xA3, 0x8D,
    0x8D, 0x76, 0x9A, 0x8A, 0x97, 0xA3, 0xA3, 0xB2, 0xB1, 0xA6, 0xA4, 0x82, 0x7E, 0x90, 0x96, 0x7E,
    0x7F, 0x96, 0x85, 0x71, 0x61, 0x67, 0x54, 0x6E, 0x64, 0x5D, 0x51, 0x71, 0x70, 0x5E, 0x5D, 0x4D,
    0x5E, 0x6B, 0x67, 0x77, 0x7E, 0x66, 0x70, 0x72, 0x77, 0x54, 0x72, 0x7F, 0x7F, 0x7B, 0x6A, 0x72,
    0x66, 0x4D, 0x5A, 0x6A, 0x61, 0x6B, 0x6B, 0x6B, 0x60, 0x56, 0x5A, 0x52, 0x5D, 0x66, 0x5E, 0x5D,
    0x7A, 0x7A, 0x72, 0x50, 0x4D, 0x5A, 0x6B, 0x72, 0x76, 0x8A, 0x7F, 0x7D, 0x75, 0x86, 0x66, 0x71,
    0x7B, 0x84, 0x7F, 0x6B, 0x80, 0x67, 0x60, 0x6E, 0x6E, 0x7F, 0x7F, 0x86, 0x7E, 0x72, 0x7C, 0x69,
    0x65, 0x75, 0x5E, 0x4A, 0x5E, 0x5E, 0x7E, 0x72, 0x52, 0x4D, 0x66, 0x72, 0x87, 0x71, 0x8D, 0x8A,
    0x82, 0x80, 0x80, 0x8E, 0x71, 0x97, 0x9E, 0xA3, 0xA9, 0x9D, 0xB3, 0xA3, 0x87, 0x87, 0xA4, 0xA2,
    0x96, 0x97, 0x9F, 0x8F, 0x8F, 0x75, 0x80, 0x98, 0x87, 0x72, 0x80, 0x7F, 0x98, 0x87, 0x8E, 0x84,
    0x90, 0x90, 0x9A, 0xA3, 0xB7, 0xAB, 0xAB, 0xAF, 0xAF, 0xCF, 0xAA, 0xAB, 0xB9, 0xC5, 0xC2, 0xC1,
    0xC2, 0xBA, 0xAB, 0xAD, 0xAF, 0xBF, 0xB9, 0xC1, 0xCE, 0xD0, 0xC2, 0xB0, 0xB0, 0xB9, 0xBC, 0xB7,
    0xB7, 0xB0, 0xB9, 0xC2, 0xC2, 0xB9, 0xB7, 0xC2, 0xC5, 0xCD, 0xC7, 0xE0, 0xD6, 0xCF, 0xCF, 0xE0,
    0xDC, 0xD6, 0xDA, 0xD6, 0xD2, 0xD6, 0xE0, 0xD6, 0xD4, 0xE3, 0xE3, 0xE2, 0xFD, 0x2D, 0x09, 0x05,
    0xF2, 0x59, 0x09, 0x02, 0x03, 0x2D, 0x62, 0x62, 0x2C, 0xF9, 0x57, 0xF8, 0xF1, 0xEF, 0xF5, 0xF9,
    0x00, 0x00, 0x00, 0x00, 0x00, 0x00, 0x00, 0x00, 0x00, 0x00, 0x00, 0x00, 0x00, 0x00, 0x00, 0x00,
    0x00, 0x00, 0x00, 0x00, 0x00, 0x00, 0x00, 0x00, 0x00, 0x00, 0x00, 0x00, 0x00, 0x00, 0x00, 0x00,
    0x00, 0x00, 0x00, 0x00, 0x00, 0x00, 0x00, 0x00, 0x00, 0x00, 0x00, 0x00, 0x00, 0x00, 0x00, 0x00,
    0x00, 0x00, 0x00, 0x00, 0x00, 0x00, 0x00, 0x00, 0x00, 0x00, 0x00, 0x00, 0x00, 0x00, 0x00, 0x00,
    0x00, 0x00, 0x00, 0x00, 0x00, 0x00, 0x00, 0x00, 0x00, 0x00, 0x00, 0x00, 0x00, 0x00, 0x00, 0x00,
    0x00, 0x00, 0x00, 0x00, 0x00, 0x00, 0x00, 0x00, 0x00, 0x00, 0x00, 0x00, 0x00, 0x00, 0x00, 0x00,
    0x00, 0x00, 0x00, 0x00, 0x00, 0x00, 0x00, 0x00, 0x00, 0x00, 0x00, 0x00, 0x00, 0x00, 0x00, 0x00,
    0x00, 0x00, 0x00, 0x00, 0x00, 0x00, 0x00, 0x00, 0x00, 0x00, 0x00, 0x00, 0x00, 0x00, 0x00, 0x00,
    0x00, 0x00, 0x00, 0x00, 0x00, 0x00, 0x00, 0x00, 0x00, 0x00, 0x00, 0x00, 0x00, 0x00, 0x00, 0x00,
    0x00, 0x00, 0x00, 0x00, 0x00, 0x00, 0x00, 0x00, 0x00, 0x00, 0x00, 0x00, 0x00, 0x00, 0x00, 0x00,
    0x00, 0x00, 0x00, 0x00, 0x00, 0x00, 0x00, 0x00, 0x00, 0x00, 0x00, 0x00, 0x00, 0x00, 0x00, 0x00,
    0x00, 0x00, 0x00, 0x00, 0x00, 0x00, 0x00, 0x00, 0x00, 0x00, 0x00, 0x00, 0x00, 0x00, 0x00, 0x00,
    0xFB, 0xEF, 0xEA, 0xF9, 0xF1, 0x57, 0xA8, 0x57, 0x62, 0x59, 0x09, 0x02, 0x02, 0x09, 0x59, 0x59,
    0xFD, 0x2D, 0x02, 0x58, 0xFD, 0xEE, 0xC8, 0xD8, 0xE2, 0xE3, 0xCF, 0xCF, 0xCF, 0xC5, 0xD5, 0xCF,
    0xC9, 0xD6, 0xE3, 0xCF, 0xCF, 0xE3, 0xDA, 0xCE, 0xB0, 0xC9, 0xC3, 0xB9, 0xC5, 0xCE, 0xC7, 0xC9,
    0xC5, 0xB0, 0xC5, 0xC4, 0xBC, 0xC5, 0xAD, 0xB2, 0xD4, 0xCE, 0xCF, 0xB3, 0xA0, 0xC2, 0xB9, 0xC2,
    0xCD, 0xB9, 0xB3, 0xC1, 0xB7, 0xAB, 0xB7, 0xB9, 0xC2, 0xC2, 0xA3, 0xA3, 0xB2, 0xBA, 0xA4, 0x7C,
    0x97, 0x8D, 0xA2, 0x9E, 0x98, 0x98, 0x8C, 0x86, 0x98, 0x90, 0x97, 0x8D, 0x73, 0x8D, 0xA4, 0x98,
    0x90, 0x8E, 0x8A, 0x9A, 0x92, 0x9E, 0xA4, 0x9E, 0xA9, 0x9E, 0x7F, 0x97, 0x85, 0x7F, 0x97, 0x8D,
    0x72, 0x87, 0x85, 0x77, 0x6B, 0x38, 0x5A, 0x60, 0x6E, 0x67, 0x72, 0x7B, 0x6A, 0x6A, 0x6B, 0x56,
    0x6B, 0x6A, 0x5E, 0x6A, 0x7F, 0x71, 0x72, 0x7F, 0x72, 0x7F, 0x72, 0x6A, 0x69, 0x56, 0x69, 0x56,
    0x6A, 0x77, 0x61, 0x5E, 0x75, 0x5E, 0x60, 0x6B, 0x60, 0x6B, 0x42, 0x56, 0x6C, 0x5A, 0x71, 0x72,
    0x72, 0x6A, 0x6A, 0x6B, 0x61, 0x5A, 0x6A, 0x5F, 0x72, 0x8D, 0x7E, 0x87, 0x72, 0x5D, 0x7E, 0x80,
    0x6B, 0x6B, 0x56, 0x61, 0x61, 0x5D, 0x6F, 0x7B, 0x72, 0x86, 0x72, 0x67, 0x87, 0x7D, 0x84, 0x6B,
    0x56, 0x69, 0x67, 0x67, 0x6A, 0x81, 0x72, 0x66, 0x6A, 0x75, 0x75, 0x82, 0x80, 0x67, 0x6A, 0x8E,
    0x8E, 0x8D, 0x6B, 0x69, 0x80, 0x9E, 0x9D, 0x8F, 0x84, 0x9E, 0x97, 0x97, 0xA3, 0x97, 0x80, 0xA4,
    0x97, 0x71, 0x97, 0x9F, 0xAB, 0x75, 0x6C, 0x98, 0x82, 0x84, 0x8E, 0x80, 0x80, 0x92, 0x97, 0x90,
    0x90, 0xA3, 0xA4, 0x90, 0xA0, 0xBC, 0xAB, 0xB9, 0xAD, 0xB5, 0xB3, 0xB7, 0xB7, 0xC2, 0xB9, 0xB7,
    0xB3, 0xB9, 0xC5, 0xBA, 0xB7, 0xC3, 0xBC, 0xA0, 0xC2, 0xCE, 0xCD, 0xC9, 0xA1, 0xB9, 0xB9, 0xBF,
    0xBF, 0xC9, 0xC5, 0xBC, 0xC2, 0xCE, 0xD4, 0xC9, 0xCE, 0xC9, 0xBC, 0xD5, 0xDF, 0xCE, 0xCE, 0xD3,
    0xDA, 0xDA, 0xCF, 0xD3, 0xCF, 0xCF, 0xDF, 0xDA, 0xD9, 0xD9, 0xFD, 0xFD, 0x59, 0x03, 0x62, 0xFF,
    0x59, 0x57, 0x05, 0x01, 0x02, 0x17, 0x94, 0x58, 0x17, 0xEF, 0x57, 0xEA, 0xE3, 0xDD, 0xDD, 0xFA,
    0x00, 0x00, 0x00, 0x00, 0x00, 0x00, 0x00, 0x00, 0x00, 0x00, 0x00, 0x00, 0x00, 0x00, 0x00, 0x00,
    0x00, 0x00, 0x00, 0x00, 0x00, 0x00, 0x00, 0x00, 0x00, 0x00, 0x00, 0x00, 0x00, 0x00, 0x00, 0x00,
    0x00, 0x00, 0x00, 0x00, 0x00, 0x00, 0x00, 0x00, 0x00, 0x00, 0x00, 0x00, 0x00, 0x00, 0x00, 0x00,
    0x00, 0x00, 0x00, 0x00, 0x00, 0x00, 0x00, 0x00, 0x00, 0x00, 0x00, 0x00, 0x00, 0x00, 0x00, 0x00,
    0x00, 0x00, 0x00, 0x00, 0x00, 0x00, 0x00, 0x00, 0x00, 0x00, 0x00, 0x00, 0x00, 0x00, 0x00, 0x00,
    0x00, 0x00, 0x00, 0x00, 0x00, 0x00, 0x00, 0x00, 0x00, 0x00, 0x00, 0x00, 0x00, 0x00, 0x00, 0x00,
    0x00, 0x00, 0x00, 0x00, 0x00, 0x00, 0x00, 0x00, 0x00, 0x00, 0x00, 0x00, 0x00, 0x00, 0x00, 0x00,
    0x00, 0x00, 0x00, 0x00, 0x00, 0x00, 0x00, 0x00, 0x00, 0x00, 0x00, 0x00, 0x00, 0x00, 0x00, 0x00,
    0x00, 0x00, 0x00, 0x00, 0x00, 0x00, 0x00, 0x00, 0x00, 0x00, 0x00, 0x00, 0x00, 0x00, 0x00, 0x00,
    0x00, 0x00, 0x00, 0x00, 0x00, 0x00, 0x00, 0x00, 0x00, 0x00, 0x00, 0x00, 0x00, 0x00, 0x00, 0x00,
    0x00, 0x00, 0x00, 0x00, 0x00, 0x00, 0x00, 0x00, 0x00, 0x00, 0x00, 0x00, 0x00, 0x00, 0x00, 0x00,
    0x00, 0x00, 0x00, 0x00, 0x00, 0x00, 0x00, 0x00, 0x00, 0x00, 0x00, 0x00, 0x00, 0x00, 0x00, 0x00,
    0xFF, 0xF4, 0xDB, 0xE6, 0xEF, 0x57, 0xA8, 0x17, 0x58, 0x58, 0x17, 0x05, 0x09, 0x17, 0x62, 0x58,
    0xDB, 0x2D, 0x02, 0x17, 0x95, 0x57, 0xFF, 0xFE, 0xE2, 0xD2, 0xC3, 0xB4, 0xC8, 0xC4, 0xC3, 0xDA,
    0xC8, 0xC8, 0xE6, 0xC8, 0xBC, 0xC7, 0xC8, 0xC4, 0xD2, 0xCA, 0xB4, 0xBC, 0xC6, 0xC4, 0xBC, 0xB0,
    0xB0, 0xB0, 0xB0, 0xC6, 0xB0, 0xCF, 0xC2, 0xA4, 0xC1, 0xC9, 0xC5, 0xA7, 0x93, 0xA7, 0x9B, 0xBC,
    0xB0, 0xA1, 0x9B, 0x9B, 0x9B, 0x8A, 0xA6, 0xA0, 0xB0, 0xAD, 0x98, 0x92, 0x92, 0xB3, 0x92, 0x8E,
    0x98, 0x78, 0x98, 0x8A, 0x8A, 0x61, 0x61, 0x6C, 0x8C, 0x8D, 0x98, 0x98, 0x98, 0x80, 0x9A, 0xA4,
    0x92, 0x93, 0x61, 0x6C, 0x9A, 0x93, 0x8A, 0x75, 0x6B, 0x6B, 0x6A, 0x60, 0x77, 0x60, 0xA3, 0x9A,
    0x6B, 0x60, 0x6B, 0x75, 0x56, 0x5A, 0x56, 0x45, 0x75, 0x61, 0x75, 0x56, 0x56, 0x56, 0x61, 0x45,
    0x56, 0x80, 0x6B, 0x56, 0x50, 0x56, 0x61, 0x56, 0x45, 0x67, 0x61, 0x56, 0x38, 0x46, 0x83, 0x63,
    0x42, 0x50, 0x45, 0x60, 0x80, 0x52, 0x42, 0x5A, 0x5F, 0x5E, 0x52, 0x56, 0x5A, 0x61, 0x75, 0x7D,
    0x6E, 0x45, 0x60, 0x5A, 0x5A, 0x5A, 0x75, 0x6A, 0x51, 0x50, 0x52, 0x6B, 0x50, 0x3C, 0x5A, 0x8D,
    0xA9, 0x56, 0x38, 0x33, 0x45, 0x42, 0x43, 0x43, 0x75, 0x80, 0x6A, 0x51, 0x75, 0x56, 0x61, 0x56,
    0x46, 0x56, 0x60, 0x61, 0x45, 0x5E, 0x42, 0x44, 0x5A, 0x6C, 0x61, 0x6B, 0x8C, 0x61, 0x45, 0x6C,
    0x9A, 0x6C, 0x61, 0x46, 0x6C, 0x76, 0x8E, 0x6C, 0x6B, 0x6B, 0x8C, 0x60, 0x77, 0x93, 0x75, 0x93,
    0x9A, 0x6A, 0x77, 0x8E, 0x92, 0x8D, 0x9A, 0x80, 0x61, 0x77, 0x76, 0x76, 0x61, 0x80, 0x75, 0x74,
    0x8E, 0x9B, 0xA1, 0x9A, 0x8E, 0xAF, 0xA7, 0xC4, 0xA1, 0x89, 0xB9, 0xC4, 0xB4, 0x93, 0x9B, 0x9B,
    0x9A, 0xA3, 0xAF, 0xA7, 0xBC, 0xC8, 0xC3, 0xA7, 0xB0, 0xA7, 0xAF, 0xC7, 0xA7, 0xBC, 0xB0, 0xC4,
    0xC4, 0xBC, 0xBC, 0xB0, 0xB0, 0xC9, 0xC7, 0xC2, 0xCF, 0xD2, 0xB4, 0xB4, 0xD5, 0xD5, 0xC8, 0xBC,
    0xDA, 0xDF, 0xCF, 0xCF, 0xCA, 0xD5, 0xDA, 0xEB, 0xFF, 0xFF, 0x58, 0x57, 0x17, 0x02, 0x2C, 0xFE,
    0x2E, 0x62, 0x09, 0x05, 0x09, 0x57, 0x62, 0x2C, 0x09, 0xFE, 0x57, 0xF8, 0xDB, 0xDC, 0xD3, 0xF1,
    0x00, 0x00, 0x00, 0x00, 0x00, 0x00, 0x00, 0x00, 0x00, 0x00, 0x00, 0x00, 0x00, 0x00, 0x00, 0x00,
    0x00, 0x00, 0x00, 0x00, 0x00, 0x00, 0x00, 0x00, 0x00, 0x00, 0x00, 0x00, 0x00, 0x00, 0x00, 0x00,
    0x00, 0x00, 0x00, 0x00, 0x00, 0x00, 0x00, 0x00, 0x00, 0x00, 0x00, 0x00, 0x00, 0x00, 0x00, 0x00,
    0x00, 0x00, 0x00, 0x00, 0x00, 0x00, 0x00, 0x00, 0x00, 0x00, 0x00, 0x00, 0x00, 0x00, 0x00, 0x00,
    0x00, 0x00, 0x00, 0x00, 0x00, 0x00, 0x00, 0x00, 0x00, 0x00, 0x00, 0x00, 0x00, 0x00, 0x00, 0x00,
    0x00, 0x00, 0x00, 0x00, 0x00, 0x00, 0x00, 0x00, 0x00, 0x00, 0x00, 0x00, 0x00, 0x00, 0x00, 0x00,
    0x00, 0x00, 0x00, 0x00, 0x00, 0x00, 0x00, 0x00, 0x00, 0x00, 0x00, 0x00, 0x00, 0x00, 0x00, 0x00,
    0x00, 0x00, 0x00, 0x00, 0x00, 0x00, 0x00, 0x00, 0x00, 0x00, 0x00, 0x00, 0x00, 0x00, 0x00, 0x00,
    0x00, 0x00, 0x00, 0x00, 0x00, 0x00, 0x00, 0x00, 0x00, 0x00, 0x00, 0x00, 0x00, 0x00, 0x00, 0x00,
    0x00, 0x00, 0x00, 0x00, 0x00, 0x00, 0x00, 0x00, 0x00, 0x00, 0x00, 0x00, 0x00, 0x00, 0x00, 0x00,
    0x00, 0x00, 0x00, 0x00, 0x00, 0x00, 0x00, 0x00, 0x00, 0x00, 0x00, 0x00, 0x00, 0x00, 0x00, 0x00,
    0x00, 0x00, 0x00, 0x00, 0x00, 0x00, 0x00, 0x00, 0x00, 0x00, 0x00, 0x00, 0x00, 0x00, 0x00, 0x00,
    0xFF, 0xF4, 0xDA, 0xE3, 0xEF, 0x58, 0xF2, 0x17, 0x0E, 0xC8, 0x59, 0x2C, 0x2C, 0x58, 0x2D, 0xA8,
    0xA8, 0x05, 0x05, 0xFF, 0x17, 0x02, 0x05, 0x0A, 0xFB, 0xD8, 0xEC, 0xFD, 0xE9, 0xD9, 0xDB, 0xD2,
    0xE0, 0xE0, 0xE9, 0xE0, 0xD7, 0xD7, 0xD7, 0xE0, 0xE9, 0xCE, 0xDE, 0xE9, 0xE8, 0xD7, 0xD7, 0xD7,
    0xE9, 0xEC, 0xD7, 0xD7, 0xD7, 0xE8, 0xD0, 0xE8, 0xDE, 0xE8, 0xD7, 0xE8, 0xE8, 0xCB, 0xD7, 0xED,
    0xE8, 0xD0, 0xD7, 0xCB, 0xD7, 0xD0, 0xE8, 0xCB, 0xD7, 0xED, 0xD7, 0xB8, 0xB8, 0xCB, 0xCB, 0xE8,
    0xB8, 0xCB, 0xCB, 0xCB, 0xA9, 0xA9, 0xA9, 0xD7, 0xD0, 0xE8, 0xCB, 0xE8, 0xE8, 0xCB, 0xCB, 0xCB,
    0xD0, 0xA9, 0xA9, 0xCB, 0xD0, 0xCB, 0xCB, 0xA9, 0xA9, 0xA9, 0xCB, 0xA9, 0xA9, 0xA9, 0xCB, 0xA9,
    0xB6, 0x91, 0xA9, 0xA9, 0xA9, 0x83, 0x83, 0xA9, 0xA9, 0x83, 0x9D, 0x88, 0x83, 0xCB, 0xB6, 0xA9,
    0xA9, 0xCB, 0xA9, 0x91, 0x9D, 0x91, 0x83, 0x83, 0x83, 0x6D, 0xA9, 0x88, 0x88, 0xA9, 0x0B, 0x1A,
    0x91, 0x83, 0x6E, 0x6F, 0x82, 0x72, 0x5A, 0x4B, 0x5A, 0x72, 0x8C, 0x6B, 0x6A, 0x5A, 0x67, 0x46,
    0x33, 0x6F, 0x6C, 0x61, 0x45, 0x41, 0x6F, 0x88, 0x8F, 0x69, 0x67, 0x65, 0x5E, 0x7E, 0x70, 0x86,
    0x0F, 0x1A, 0x61, 0x56, 0x65, 0x6D, 0x83, 0x70, 0x7D, 0x91, 0xA9, 0x91, 0x83, 0x83, 0x88, 0x88,
    0xB8, 0xB8, 0xA9, 0x91, 0x88, 0x83, 0x83, 0x91, 0xD7, 0xB8, 0xCB, 0x91, 0xA9, 0xA9, 0xA9, 0xA9,
    0xCB, 0xB6, 0xA9, 0xA9, 0x91, 0xD0, 0xB6, 0xB6, 0xB6, 0xA9, 0xA9, 0xA9, 0xB8, 0xB8, 0xB8, 0xE8,
    0xCB, 0xB6, 0xCB, 0xCB, 0xCB, 0xCB, 0xCB, 0xA9, 0xCB, 0xB8, 0xA9, 0xA9, 0xA9, 0xCB, 0xD0, 0xE8,
    0xCB, 0xB8, 0xD7, 0xD0, 0xD0, 0xD0, 0xE8, 0xD0, 0xD0, 0xE8, 0xE8, 0xE8, 0xE8, 0xD0, 0xD0, 0xD7,
    0xD7, 0xD0, 0xD7, 0xD7, 0xD7, 0xDE, 0xD7, 0xE8, 0xD7, 0xD0, 0xD7, 0xD0, 0xDE, 0xEE, 0xED, 0xD7,
    0xD0, 0xD0, 0xCD, 0xE8, 0xEC, 0xE0, 0xE0, 0xED, 0xDE, 0xDE, 0xD7, 0xD7, 0xD0, 0xE9, 0xEC, 0xD6,
    0xCA, 0xE2, 0xEF, 0xF3, 0xFD, 0xFD, 0xEF, 0xF5, 0x09, 0x05, 0x02, 0x2C, 0xDB, 0x03, 0x09, 0xF9,
    0x9C, 0x2D, 0x57, 0x2C, 0x2C, 0x62, 0x9C, 0x03, 0x17, 0xFE, 0x57, 0xF8, 0xE6, 0xD4, 0xD6, 0xF8,
    0x00, 0x00, 0x00, 0x00, 0x00, 0x00, 0x00, 0x00, 0x00, 0x00, 0x00, 0x00, 0x00, 0x00, 0x00, 0x00,
    0x00, 0x00, 0x00, 0x00, 0x00, 0x00, 0x00, 0x00, 0x00, 0x00, 0x00, 0x00, 0x00, 0x00, 0x00, 0x00,
    0x00, 0x00, 0x00, 0x00, 0x00, 0x00, 0x00, 0x00, 0x00, 0x00, 0x00, 0x00, 0x00, 0x00, 0x00, 0x00,
    0x00, 0x00, 0x00, 0x00, 0x00, 0x00, 0x00, 0x00, 0x00, 0x00, 0x00, 0x00, 0x00, 0x00, 0x00, 0x00,
    0x00, 0x00, 0x00, 0x00, 0x00, 0x00, 0x00, 0x00, 0x00, 0x00, 0x00, 0x00, 0x00, 0x00, 0x00, 0x00,
    0x00, 0x00, 0x00, 0x00, 0x00, 0x00, 0x00, 0x00, 0x00, 0x00, 0x00, 0x00, 0x00, 0x00, 0x00, 0x00,
    0x00, 0x00, 0x00, 0x00, 0x00, 0x00, 0x00, 0x00, 0x00, 0x00, 0x00, 0x00, 0x00, 0x00, 0x00, 0x00,
    0x00, 0x00, 0x00, 0x00, 0x00, 0x00, 0x00, 0x00, 0x00, 0x00, 0x00, 0x00, 0x00, 0x00, 0x00, 0x00,
    0x00, 0x00, 0x00, 0x00, 0x00, 0x00, 0x00, 0x00, 0x00, 0x00, 0x00, 0x00, 0x00, 0x00, 0x00, 0x00,
    0x00, 0x00, 0x00, 0x00, 0x00, 0x00, 0x00, 0x00, 0x00, 0x00, 0x00, 0x00, 0x00, 0x00, 0x00, 0x00,
    0x00, 0x00, 0x00, 0x00, 0x00, 0x00, 0x00, 0x00, 0x00, 0x00, 0x00, 0x00, 0x00, 0x00, 0x00, 0x00,
    0x00, 0x00, 0x00, 0x00, 0x00, 0x00, 0x00, 0x00, 0x00, 0x00, 0x00, 0x00, 0x00, 0x00, 0x00, 0x00,
    0xFF, 0xF4, 0xE6, 0xF8, 0xEF, 0x58, 0xA8, 0x2C, 0x05, 0x0E, 0x95, 0xA8, 0x95, 0x58, 0x58, 0xA8,
    0x0E, 0x05, 0x58, 0x0E, 0x2C, 0x58, 0x05, 0x01, 0x09, 0xFF, 0x2C, 0x05, 0xCA, 0xF8, 0xFD, 0xFE,
    0x95, 0x95, 0x62, 0x59, 0x59, 0x59, 0x58, 0x59, 0x58, 0x58, 0x59, 0x57, 0x57, 0x2E, 0x2D, 0x57,
    0x2D, 0x2D, 0x2D, 0x2D, 0x2C, 0x2C, 0x2D, 0x2D, 0x2D, 0x2D, 0x2D, 0x2C, 0x2C, 0x2C, 0x2C, 0x2C,
    0x17, 0x17, 0x17, 0x17, 0x17, 0x17, 0x2C, 0x2C, 0x17, 0x17, 0x17, 0x17, 0x17, 0x17, 0x17, 0x17,
    0x17, 0x17, 0x17, 0x17, 0x0E, 0x17, 0x17, 0x17, 0x17, 0x0E, 0x0E, 0x0E, 0x0E, 0x17, 0x17, 0x17,
    0x17, 0x0E, 0x0E, 0x0E, 0x0E, 0x0E, 0x0E, 0x0E, 0x0E, 0x0A, 0x0A, 0x0E, 0x0E, 0x0E, 0x0E, 0x0E,
    0x0E, 0x0E, 0x0A, 0x0A, 0x0A, 0x0A, 0x0A, 0x0E, 0x0E, 0x17, 0x0E, 0x0A, 0x0A, 0x0A, 0x0A, 0x0E,
    0x0E, 0x0A, 0x0A, 0x0A, 0x0A, 0x0A, 0x0A, 0x0E, 0x0E, 0x18, 0x18, 0x18, 0x1A, 0x0A, 0x01, 0x05,
    0x0A, 0x1A, 0x6C, 0xAB, 0x78, 0x6C, 0x78, 0x8E, 0xCB, 0x9A, 0xE8, 0xB1, 0xB6, 0xB8, 0x9D, 0x05,
    0x05, 0xCB, 0x88, 0x88, 0xA9, 0xA9, 0x8A, 0xA7, 0x78, 0x30, 0x30, 0x30, 0x6C, 0x30, 0x0E, 0x05,
    0x02, 0x01, 0x1A, 0x1A, 0x1A, 0x0E, 0x0E, 0x0F, 0x0A, 0x0E, 0x0A, 0x0A, 0x0A, 0x0A, 0x0A, 0x0E,
    0x0A, 0x0A, 0x0A, 0x0E, 0x0E, 0x0A, 0x0A, 0x0A, 0x0A, 0x0E, 0x0E, 0x0A, 0x0E, 0x0E, 0x0E, 0x0E,
    0x0E, 0x0E, 0x0A, 0x0A, 0x0A, 0x0E, 0x0E, 0x0E, 0x0A, 0x0A, 0x0A, 0x0E, 0x0E, 0x0E, 0x0E, 0x0E,
    0x0E, 0x0E, 0x0E, 0x0E, 0x17, 0x17, 0x0E, 0x17, 0x17, 0x17, 0x17, 0x0E, 0x17, 0x17, 0x0E, 0x17,
    0x17, 0x17, 0x17, 0x17, 0x17, 0x17, 0x17, 0x17, 0x2C, 0x17, 0x17, 0x17, 0x17, 0x17, 0x17, 0x2C,
    0x2C, 0x2C, 0x2C, 0x2C, 0x2C, 0x2C, 0x2D, 0x2C, 0x2D, 0x2D, 0x2D, 0x2D, 0x57, 0x2D, 0x57, 0x57,
    0x2D, 0x2E, 0x2E, 0x58, 0x57, 0x58, 0x58, 0x58, 0x57, 0x57, 0x58, 0x58, 0x57, 0x62, 0x62, 0xA8,
    0xFF, 0xFD, 0xF5, 0xA8, 0x05, 0x17, 0xFF, 0x09, 0x02, 0x09, 0x2C, 0x0E, 0x17, 0x95, 0x05, 0x05,
    0x58, 0x59, 0x59, 0x95, 0x95, 0x2C, 0x02, 0x02, 0x2C, 0xA8, 0x57, 0xF3, 0xE3, 0xDC, 0xF7, 0xFE,
    0x00, 0x00, 0x00, 0x00, 0x00, 0x00, 0x00, 0x00, 0x00, 0x00, 0x00, 0x00, 0x00, 0x00, 0x00, 0x00,
    0x00, 0x00, 0x00, 0x00, 0x00, 0x00, 0x00, 0x00, 0x00, 0x00, 0x00, 0x00, 0x00, 0x00, 0x00, 0x00,
    0x00, 0x00, 0x00, 0x00, 0x00, 0x00, 0x00, 0x00, 0x00, 0x00, 0x00, 0x00, 0x00, 0x00, 0x00, 0x00,
    0x00, 0x00, 0x00, 0x00, 0x00, 0x00, 0x00, 0x00, 0x00, 0x00, 0x00, 0x00, 0x00, 0x00, 0x00, 0x00,
    0x00, 0x00, 0x00, 0x00, 0x00, 0x00, 0x00, 0x00, 0x00, 0x00, 0x00, 0x00, 0x00, 0x00, 0x00, 0x00,
    0x00, 0x00, 0x00, 0x00, 0x00, 0x00, 0x00, 0x00, 0x00, 0x00, 0x00, 0x00, 0x00, 0x00, 0x00, 0x00,
    0x00, 0x00, 0x00, 0x00, 0x00, 0x00, 0x00, 0x00, 0x00, 0x00, 0x00, 0x00, 0x00, 0x00, 0x00, 0x00,
    0x00, 0x00, 0x00, 0x00, 0x00, 0x00, 0x00, 0x00, 0x00, 0x00, 0x00, 0x00, 0x00, 0x00, 0x00, 0x00,
    0x00, 0x00, 0x00, 0x00, 0x00, 0x00, 0x00, 0x00, 0x00, 0x00, 0x00, 0x00, 0x00, 0x00, 0x00, 0x00,
    0x00, 0x00, 0x00, 0x00, 0x00, 0x00, 0x00, 0x00, 0x00, 0x00, 0x00, 0x00, 0x00, 0x00, 0x00, 0x00,
    0x00, 0x00, 0x00, 0x00, 0x00, 0x00, 0x00, 0x00, 0x00, 0x00, 0x00, 0x00, 0x00, 0x00, 0x00, 0x00,
    0x00, 0x00, 0x00, 0x00, 0x00, 0x00, 0x00, 0x00, 0x00, 0x00, 0x00, 0x00, 0x00, 0x00, 0x00, 0x00,
    0xF9, 0xE6, 0xF0, 0xF4, 0xEF, 0x58, 0xA8, 0x09, 0x2C, 0x09, 0x05, 0x05, 0x09, 0x09, 0x09, 0x0E,
    0x17, 0x62, 0x2C, 0x05, 0x17, 0x0E, 0x57, 0x95, 0x17, 0x0E, 0x05, 0x03, 0x09, 0x62, 0x2D, 0x09,
    0xA8, 0xCA, 0xA8, 0x95, 0x95, 0x95, 0x95, 0x95, 0x95, 0x9C, 0x95, 0x62, 0x62, 0x5B, 0x5B, 0x62,
    0x62, 0x62, 0x62, 0x59, 0x59, 0x62, 0x62, 0x62, 0x94, 0x5B, 0x62, 0x59, 0x5B, 0x59, 0x58, 0x58,
    0x57, 0x57, 0x58, 0x2E, 0x57, 0x57, 0x59, 0x59, 0x57, 0x2E, 0x59, 0x57, 0x58, 0x57, 0x2E, 0x2E,
    0x2E, 0x2E, 0x2E, 0x2E, 0x2D, 0x2E, 0x2E, 0x2E, 0x2E, 0x2D, 0x2D, 0x2C, 0x2C, 0x2E, 0x2E, 0x2E,
    0x2E, 0x2E, 0x2D, 0x2D, 0x18, 0x2D, 0x2D, 0x1A, 0x1A, 0x18, 0x18, 0x18, 0x18, 0x2D, 0x1A, 0x1A,
    0x18, 0x1A, 0x18, 0x18, 0x18, 0x18, 0x18, 0x18, 0x1A, 0x30, 0x18, 0x18, 0x18, 0x18, 0x18, 0x18,
    0x18, 0x1A, 0x18, 0x18, 0x18, 0x18, 0x1A, 0x1A, 0x30, 0x18, 0x0E, 0x02, 0x01, 0x17, 0x78, 0x0F,
    0x03, 0x03, 0x02, 0x03, 0x18, 0x1A, 0x30, 0x0F, 0x03, 0x02, 0x03, 0x30, 0x1A, 0x18, 0x0E, 0x03,
    0x05, 0x1A, 0x0F, 0x0E, 0x0A, 0x02, 0x03, 0x0A, 0x18, 0x30, 0x1A, 0x0A, 0x02, 0x02, 0x03, 0x2E,
    0x1A, 0x0E, 0x18, 0x01, 0x02, 0x0A, 0x18, 0x30, 0x18, 0x18, 0x18, 0x1A, 0x18, 0x18, 0x1A, 0x18,
    0x18, 0x18, 0x18, 0x18, 0x18, 0x18, 0x18, 0x18, 0x1A, 0x1A, 0x18, 0x18, 0x18, 0x18, 0x1A, 0x1A,
    0x18, 0x18, 0x18, 0x18, 0x18, 0x18, 0x2C, 0x2D, 0x18, 0x18, 0x18, 0x18, 0x2D, 0x2D, 0x2D, 0x18,
    0x2C, 0x2D, 0x2E, 0x2E, 0x2E, 0x2E, 0x2E, 0x2E, 0x2E, 0x2E, 0x30, 0x2D, 0x2E, 0x2E, 0x2E, 0x2E,
    0x2E, 0x58, 0x57, 0x30, 0x57, 0x2E, 0x2E, 0x58, 0x58, 0x58, 0x57, 0x57, 0x57, 0x57, 0x58, 0x59,
    0x59, 0x5B, 0x5B, 0x59, 0x5B, 0x59, 0x5B, 0x62, 0x62, 0x62, 0x62, 0x95, 0x95, 0x62, 0x62, 0x95,
    0x62, 0x62, 0x95, 0x95, 0x95, 0x95, 0x95, 0x95, 0x95, 0x95, 0x95, 0x95, 0x95, 0xA8, 0xCA, 0x2D,
    0x09, 0x2D, 0xFF, 0x0E, 0x02, 0x0E, 0x17, 0x17, 0x62, 0x2C, 0x17, 0x0E, 0x0E, 0x57, 0xA8, 0x17,
    0x09, 0x09, 0x09, 0x05, 0x03, 0x02, 0x03, 0x95, 0x09, 0xA8, 0x59, 0xDD, 0xE3, 0xF4, 0xF1, 0xF5,
    0x00, 0x00, 0x00, 0x00, 0x00, 0x00, 0x00, 0x00, 0x00, 0x00, 0x00, 0x00, 0x00, 0x00, 0x00, 0x00,
    0x00, 0x00, 0x00, 0x00, 0x00, 0x00, 0x00, 0x00, 0x00, 0x00, 0x00, 0x00, 0x00, 0x00, 0x00, 0x00,
    0x00, 0x00, 0x00, 0x00, 0x00, 0x00, 0x00, 0x00, 0x00, 0x00, 0x00, 0x00, 0x00, 0x00, 0x00, 0x00,
    0x00, 0x00, 0x00, 0x00, 0x00, 0x00, 0x00, 0x00, 0x00, 0x00, 0x00, 0x00, 0x00, 0x00, 0x00, 0x00,
    0x00, 0x00, 0x00, 0x00, 0x00, 0x00, 0x00, 0x00, 0x00, 0x00, 0x00, 0x00, 0x00, 0x00, 0x00, 0x00,
    0x00, 0x00, 0x00, 0x00, 0x00, 0x00, 0x00, 0x00, 0x00, 0x00, 0x00, 0x00, 0x00, 0x00, 0x00, 0x00,
    0x00, 0x00, 0x00, 0x00, 0x00, 0x00, 0x00, 0x00, 0x00, 0x00, 0x00, 0x00, 0x00, 0x00, 0x00, 0x00,
    0x00, 0x00, 0x00, 0x00, 0x00, 0x00, 0x00, 0x00, 0x00, 0x00, 0x00, 0x00, 0x00, 0x00, 0x00, 0x00,
    0x00, 0x00, 0x00, 0x00, 0x00, 0x00, 0x00, 0x00, 0x00, 0x00, 0x00, 0x00, 0x00, 0x00, 0x00, 0x00,
    0x00, 0x00, 0x00, 0x00, 0x00, 0x00, 0x00, 0x00, 0x00, 0x00, 0x00, 0x00, 0x00, 0x00, 0x00, 0x00,
    0x00, 0x00, 0x00, 0x00, 0x00, 0x00, 0x00, 0x00, 0x00, 0x00, 0x00, 0x00, 0x00, 0x00, 0x00, 0x00,
    0x00, 0x00, 0x00, 0x00, 0x00, 0x00, 0x00, 0x00, 0x00, 0x00, 0x00, 0x00, 0x00, 0x00, 0x00, 0x00,
    0xF9, 0xF4, 0xF9, 0xF9, 0xEF, 0x59, 0x95, 0x95, 0xA8, 0xA8, 0x2D, 0x0E, 0x0E, 0x2C, 0x57, 0x59,
    0x95, 0x59, 0x2C, 0x57, 0x62, 0x57, 0x2C, 0x57, 0x2C, 0x0E, 0x17, 0x95, 0x2D, 0x95, 0x09, 0x02,
    0xCA, 0x2D, 0x95, 0x62, 0x62, 0x95, 0x62, 0x95, 0x95, 0x62, 0x62, 0x95, 0x95, 0x62, 0x62, 0x95,
    0x62, 0x62, 0x95, 0x62, 0x62, 0x5B, 0x62, 0x59, 0x58, 0x5B, 0x5B, 0x59, 0x5B, 0x5B, 0x59, 0x59,
    0x5B, 0x59, 0x5B, 0x5B, 0x58, 0x59, 0x5B, 0x62, 0x5B, 0x5B, 0x59, 0x2E, 0x30, 0x59, 0x58, 0x58,
    0x30, 0x2E, 0x2E, 0x58, 0x30, 0x58, 0x58, 0x58, 0x58, 0x2E, 0x30, 0x30, 0x30, 0x30, 0x30, 0x1A,
    0x30, 0x2E, 0x2E, 0x30, 0x30, 0x30, 0x30, 0x1A, 0x30, 0x30, 0x30, 0x30, 0x30, 0x1A, 0x30, 0x30,
    0x1A, 0x1A, 0x1A, 0x18, 0x18, 0x30, 0x1A, 0x1A, 0x1A, 0x1A, 0x1A, 0x1A, 0x1A, 0x18, 0x1A, 0x30,
    0x18, 0x0E, 0x0A, 0x18, 0x1A, 0x18, 0x05, 0x05, 0x05, 0x01, 0x01, 0x01, 0x02, 0x0A, 0x1A, 0x0F,
    0x0A, 0x0A, 0x0A, 0x02, 0x02, 0x02, 0x02, 0x02, 0x03, 0x0A, 0x02, 0x03, 0x05, 0x03, 0x0A, 0x0A,
    0x09, 0x09, 0x03, 0x05, 0x02, 0x01, 0x0E, 0x05, 0x02, 0x02, 0x02, 0x02, 0x03, 0x0A, 0x0E, 0x18,
    0x18, 0x1A, 0x0A, 0x05, 0x02, 0x01, 0x01, 0x09, 0x0A, 0x0E, 0x18, 0x0E, 0x1A, 0x1A, 0x0F, 0x1A,
    0x1A, 0x1A, 0x30, 0x1A, 0x1A, 0x18, 0x1A, 0x1A, 0x30, 0x30, 0x18, 0x30, 0x30, 0x30, 0x1A, 0x2D,
    0x1A, 0x1A, 0x30, 0x30, 0x30, 0x30, 0x30, 0x1A, 0x18, 0x30, 0x30, 0x30, 0x30, 0x30, 0x30, 0x30,
    0x30, 0x30, 0x2E, 0x2E, 0x30, 0x30, 0x30, 0x2E, 0x30, 0x30, 0x58, 0x2E, 0x58, 0x30, 0x58, 0x30,
    0x2E, 0x5B, 0x2E, 0x58, 0x59, 0x58, 0x59, 0x5B, 0x59, 0x59, 0x62, 0x5B, 0x58, 0x59, 0x59, 0x57,
    0x58, 0x5B, 0x5B, 0x58, 0x59, 0x59, 0x58, 0x59, 0x5B, 0x5B, 0x62, 0x62, 0x62, 0x5B, 0x62, 0x62,
    0x62, 0x62, 0x62, 0x62, 0x5B, 0x95, 0x95, 0x95, 0x95, 0x95, 0x95, 0x95, 0xA8, 0x57, 0x95, 0x09,
    0x02, 0x17, 0x95, 0x58, 0x2C, 0x17, 0x09, 0x0E, 0x17, 0x17, 0x2C, 0x57, 0x95, 0x57, 0x58, 0xA8,
    0x95, 0x2C, 0x17, 0x0E, 0x09, 0x57, 0xF2, 0x59, 0x57, 0xA8, 0x95, 0xF1, 0xF1, 0xF8, 0xEF, 0xF9,
    0x00, 0x00, 0x00, 0x00, 0x00, 0x00, 0x00, 0x00, 0x00, 0x00, 0x00, 0x00, 0x00, 0x00, 0x00, 0x00,
    0x00, 0x00, 0x00, 0x00, 0x00, 0x00, 0x00, 0x00, 0x00, 0x00, 0x00, 0x00, 0x00, 0x00, 0x00, 0x00,
    0x00, 0x00, 0x00, 0x00, 0x00, 0x00, 0x00, 0x00, 0x00, 0x00, 0x00, 0x00, 0x00, 0x00, 0x00, 0x00,
    0x00, 0x00, 0x00, 0x00, 0x00, 0x00, 0x00, 0x00, 0x00, 0x00, 0x00, 0x00, 0x00, 0x00, 0x00, 0x00,
    0x00, 0x00, 0x00, 0x00, 0x00, 0x00, 0x00, 0x00, 0x00, 0x00, 0x00, 0x00, 0x00, 0x00, 0x00, 0x00,
    0x00, 0x00, 0x00, 0x00, 0x00, 0x00, 0x00, 0x00, 0x00, 0x00, 0x00, 0x00, 0x00, 0x00, 0x00, 0x00,
    0x00, 0x00, 0x00, 0x00, 0x00, 0x00, 0x00, 0x00, 0x00, 0x00, 0x00, 0x00, 0x00, 0x00, 0x00, 0x00,
    0x00, 0x00, 0x00, 0x00, 0x00, 0x00, 0x00, 0x00, 0x00, 0x00, 0x00, 0x00, 0x00, 0x00, 0x00, 0x00,
    0x00, 0x00, 0x00, 0x00, 0x00, 0x00, 0x00, 0x00, 0x00, 0x00, 0x00, 0x00, 0x00, 0x00, 0x00, 0x00,
    0x00, 0x00, 0x00, 0x00, 0x00, 0x00, 0x00, 0x00, 0x00, 0x00, 0x00, 0x00, 0x00, 0x00, 0x00, 0x00,
    0x00, 0x00, 0x00, 0x00, 0x00, 0x00, 0x00, 0x00, 0x00, 0x00, 0x00, 0x00, 0x00, 0x00, 0x00, 0x00,
    0x00, 0x00, 0x00, 0x00, 0x00, 0x00, 0x00, 0x00, 0x00, 0x00, 0x00, 0x00, 0x00, 0x00, 0x00, 0x00,
    0xF4, 0xF0, 0xF4, 0xEA, 0xF4, 0x95, 0xA8, 0x95, 0x95, 0x59, 0x95, 0xA8, 0xA8, 0x95, 0x95, 0x59,
    0x58, 0x59, 0x62, 0x59, 0x59, 0x59, 0x59, 0x59, 0x59, 0x62, 0x62, 0x59, 0x95, 0x62, 0xA8, 0xFD,
    0x58, 0x17, 0x59, 0x57, 0x2E, 0x2E, 0x2D, 0x2D, 0x2D, 0x2D, 0x2C, 0x2D, 0x2D, 0x2D, 0x2C, 0x2D,
    0x2D, 0x2D, 0x2D, 0x2C, 0x2C, 0x2C, 0x2C, 0x17, 0x17, 0x18, 0x17, 0x17, 0x2C, 0x17, 0x17, 0x18,
    0x17, 0x17, 0x17, 0x17, 0x17, 0x17, 0x17, 0x17, 0x17, 0x17, 0x17, 0x0E, 0x0E, 0x17, 0x17, 0x0E,
    0x0E, 0x0E, 0x0E, 0x0E, 0x0E, 0x0E, 0x0E, 0x0E, 0x0E, 0x0E, 0x0E, 0x0E, 0x0E, 0x0A, 0x0A, 0x0A,
    0x0A, 0x0E, 0x0E, 0x0A, 0x0E, 0x0A, 0x0A, 0x0A, 0x0E, 0x0A, 0x0A, 0x0A, 0x0A, 0x0A, 0x0A, 0x0A,
    0x0A, 0x0A, 0x0A, 0x0A, 0x06, 0x0A, 0x0A, 0x0A, 0x0A, 0x0A, 0x0A, 0x0A, 0x0B, 0x0A, 0x0A, 0x0F,
    0x0A, 0x03, 0x09, 0x0A, 0x0B, 0x0A, 0x0E, 0x18, 0x0F, 0x06, 0x1A, 0x0A, 0x1A, 0x38, 0x0A, 0x0B,
    0x0B, 0x0B, 0x05, 0x0A, 0x1A, 0x38, 0x33, 0x70, 0x91, 0x1A, 0x1A, 0x83, 0x56, 0x5E, 0x22, 0x05,
    0x05, 0x38, 0x7A, 0x7A, 0xA9, 0x75, 0x6D, 0x66, 0x50, 0x33, 0x18, 0x0A, 0x0B, 0x08, 0x0F, 0x0E,
    0x0A, 0x05, 0x6C, 0x0A, 0x05, 0x18, 0x09, 0x0A, 0x1A, 0x0A, 0x0F, 0x0A, 0x05, 0x06, 0x05, 0x0A,
    0x0B, 0x0A, 0x0A, 0x0A, 0x0A, 0x0A, 0x0A, 0x08, 0x0A, 0x08, 0x0A, 0x0A, 0x0E, 0x0A, 0x0A, 0x0A,
    0x0A, 0x0A, 0x0A, 0x0A, 0x0A, 0x0A, 0x0A, 0x0A, 0x06, 0x0A, 0x0A, 0x0A, 0x0A, 0x0A, 0x0A, 0x0A,
    0x0E, 0x0A, 0x0A, 0x0E, 0x0E, 0x0A, 0x0E, 0x0E, 0x0E, 0x0E, 0x18, 0x0E, 0x0E, 0x0E, 0x0E, 0x0E,
    0x17, 0x17, 0x17, 0x18, 0x18, 0x17, 0x17, 0x17, 0x17, 0x0E, 0x17, 0x17, 0x0E, 0x17, 0x17, 0x0E,
    0x0E, 0x17, 0x17, 0x17, 0x17, 0x17, 0x17, 0x17, 0x17, 0x17, 0x2C, 0x2C, 0x2C, 0x17, 0x2C, 0x2D,
    0x2D, 0x2D, 0x2D, 0x2C, 0x18, 0x2D, 0x2D, 0x2D, 0x2D, 0x2D, 0x2D, 0x2D, 0x58, 0x2D, 0x2D, 0xE2,
    0xFE, 0x9C, 0x2E, 0x2E, 0x58, 0x59, 0x95, 0x62, 0x59, 0x62, 0x59, 0x58, 0x58, 0x59, 0x57, 0x58,
    0x58, 0x95, 0x95, 0xA8, 0x95, 0x59, 0x58, 0x59, 0x95, 0xA8, 0x95, 0xF0, 0xE3, 0xDC, 0xD6, 0xF8,
    0x00, 0x00, 0x00, 0x00, 0x00, 0x00, 0x00, 0x00, 0x00, 0x00, 0x00, 0x00, 0x00, 0x00, 0x00, 0x00,
    0x00, 0x00, 0x00, 0x00, 0x00, 0x00, 0x00, 0x00, 0x00, 0x00, 0x00, 0x00, 0x00, 0x00, 0x00, 0x00,
    0x00, 0x00, 0x00, 0x00, 0x00, 0x00, 0x00, 0x00, 0x00, 0x00, 0x00, 0x00, 0x00, 0x00, 0x00, 0x00,
    0x00, 0x00, 0x00, 0x00, 0x00, 0x00, 0x00, 0x00, 0x00, 0x00, 0x00, 0x00, 0x00, 0x00, 0x00, 0x00,
    0x00, 0x00, 0x00, 0x00, 0x00, 0x00, 0x00, 0x00, 0x00, 0x00, 0x00, 0x00, 0x00, 0x00, 0x00, 0x00,
    0x00, 0x00, 0x00, 0x00, 0x00, 0x00, 0x00, 0x00, 0x00, 0x00, 0x00, 0x00, 0x00, 0x00, 0x00, 0x00,
    0x00, 0x00, 0x00, 0x00, 0x00, 0x00, 0x00, 0x00, 0x00, 0x00, 0x00, 0x00, 0x00, 0x00, 0x00, 0x00,
    0x00, 0x00, 0x00, 0x00, 0x00, 0x00, 0x00, 0x00, 0x00, 0x00, 0x00, 0x00, 0x00, 0x00, 0x00, 0x00,
    0x00, 0x00, 0x00, 0x00, 0x00, 0x00, 0x00, 0x00, 0x00, 0x00, 0x00, 0x00, 0x00, 0x00, 0x00, 0x00,
    0x00, 0x00, 0x00, 0x00, 0x00, 0x00, 0x00, 0x00, 0x00, 0x00, 0x00, 0x00, 0x00, 0x00, 0x00, 0x00,
    0x00, 0x00, 0x00, 0x00, 0x00, 0x00, 0x00, 0x00, 0x00, 0x00, 0x00, 0x00, 0x00, 0x00, 0x00, 0x00,
    0x00, 0x00, 0x00, 0x00, 0x00, 0x00, 0x00, 0x00, 0x00, 0x00, 0x00, 0x00, 0x00, 0x00, 0x00, 0x00,
    0xF9, 0xE3, 0xE0, 0xE0, 0xEF, 0x95, 0xA8, 0xCA, 0xFD, 0xFD, 0xFC, 0xFC, 0xF8, 0xEC, 0xEC, 0xEC,
    0xE9, 0xDE, 0xD7, 0xD6, 0xDC, 0xE0, 0xDC, 0xD7, 0xD7, 0xDC, 0xD0, 0xD0, 0xE9, 0xD7, 0xC5, 0xB4,
    0xCC, 0xE8, 0xD7, 0xD7, 0xD0, 0xCB, 0xD7, 0xD7, 0xD7, 0xD0, 0xCB, 0xBA, 0xC5, 0xB8, 0xA9, 0xD0,
    0xD7, 0xCB, 0xBE, 0xD7, 0xD0, 0xCB, 0xA9, 0xD7, 0xD0, 0xD0, 0xD7, 0xD0, 0xD0, 0xB8, 0xCB, 0xB8,
    0xB8, 0xA9, 0xA9, 0xB8, 0xD7, 0xCB, 0xB8, 0xCB, 0xAB, 0xB6, 0xA9, 0xB6, 0x9D, 0xA9, 0xD0, 0xCB,
    0xA9, 0xA9, 0xB8, 0xA9, 0x83, 0x83, 0xA9, 0xB6, 0xA9, 0xA9, 0xA9, 0xB6, 0x9D, 0x9D, 0x81, 0x9D,
    0xA9, 0xA9, 0xA9, 0x83, 0x91, 0xA9, 0x79, 0x70, 0x83, 0x63, 0x83, 0x70, 0x88, 0x83, 0x83, 0x79,
    0x79, 0x63, 0x63, 0x83, 0x83, 0x83, 0x79, 0x63, 0x83, 0x4C, 0x4A, 0x4C, 0x79, 0x79, 0x4C, 0x66,
    0x6D, 0x4A, 0x4A, 0x4A, 0x3A, 0x3A, 0x48, 0x4A, 0x28, 0x3A, 0x21, 0x15, 0x1C, 0x37, 0x03, 0x02,
    0x06, 0x08, 0x0F, 0x2B, 0x36, 0x2A, 0x42, 0x1D, 0x1D, 0x2B, 0x3C, 0x2F, 0x2B, 0x32, 0x4E, 0x06,
    0x0B, 0x63, 0x22, 0x22, 0x33, 0x45, 0x1D, 0x16, 0x2F, 0x41, 0x4A, 0x4A, 0x0F, 0x08, 0x03, 0x06,
    0x03, 0x03, 0x4D, 0x11, 0x2B, 0x4A, 0x4E, 0x4E, 0x3C, 0x4A, 0x39, 0x39, 0x48, 0x39, 0x4E, 0x88,
    0x70, 0x79, 0x83, 0x63, 0x70, 0x4A, 0x63, 0x63, 0x83, 0x79, 0x83, 0x70, 0x83, 0x83, 0x83, 0x83,
    0x83, 0x91, 0x88, 0x83, 0x7D, 0x83, 0x91, 0x79, 0x70, 0x83, 0xA9, 0xB8, 0x83, 0xA9, 0xB6, 0x91,
    0xA9, 0xA9, 0xA9, 0x9D, 0xA9, 0xCB, 0xCB, 0xB8, 0xCB, 0x9D, 0x85, 0x83, 0xA9, 0xCB, 0xB6, 0xCB,
    0xCB, 0xA9, 0xCB, 0xA9, 0xB8, 0xB8, 0xA9, 0xB8, 0xD7, 0xCB, 0xB6, 0xD0, 0xCB, 0xB8, 0x9D, 0xCB,
    0xD7, 0xCB, 0xD0, 0xD7, 0xD0, 0xCB, 0xCB, 0xCB, 0xD0, 0xD0, 0xD7, 0xD0, 0xD7, 0xD0, 0xD0, 0xD0,
    0xCB, 0xB5, 0xAA, 0xD0, 0xD6, 0xD0, 0xED, 0xD7, 0xD7, 0xE9, 0xD7, 0xD7, 0xD0, 0xED, 0xED, 0xCE,
    0xC7, 0xCF, 0xD7, 0xDE, 0xC5, 0xBA, 0xD3, 0xDC, 0xDC, 0xDE, 0xE9, 0xE9, 0xE9, 0xE9, 0xE9, 0xE9,
    0xEC, 0xFD, 0xFC, 0xF8, 0xFC, 0xFD, 0xFD, 0xFD, 0xA8, 0xDB, 0x62, 0xDB, 0xE0, 0xD6, 0xD6, 0xF3,
    0x00, 0x00, 0x00, 0x00, 0x00, 0x00, 0x00, 0x00, 0x00, 0x00, 0x00, 0x00, 0x00, 0x00, 0x00, 0x00,
    0x00, 0x00, 0x00, 0x00, 0x00, 0x00, 0x00, 0x00, 0x00, 0x00, 0x00, 0x00, 0x00, 0x00, 0x00, 0x00,
    0x00, 0x00, 0x00, 0x00, 0x00, 0x00, 0x00, 0x00, 0x00, 0x00, 0x00, 0x00, 0x00, 0x00, 0x00, 0x00,
    0x00, 0x00, 0x00, 0x00, 0x00, 0x00, 0x00, 0x00, 0x00, 0x00, 0x00, 0x00, 0x00, 0x00, 0x00, 0x00,
    0x00, 0x00, 0x00, 0x00, 0x00, 0x00, 0x00, 0x00, 0x00, 0x00, 0x00, 0x00, 0x00, 0x00, 0x00, 0x00,
    0x00, 0x00, 0x00, 0x00, 0x00, 0x00, 0x00, 0x00, 0x00, 0x00, 0x00, 0x00, 0x00, 0x00, 0x00, 0x00,
    0x00, 0x00, 0x00, 0x00, 0x00, 0x00, 0x00, 0x00, 0x00, 0x00, 0x00, 0x00, 0x00, 0x00, 0x00, 0x00,
    0x00, 0x00, 0x00, 0x00, 0x00, 0x00, 0x00, 0x00, 0x00, 0x00, 0x00, 0x00, 0x00, 0x00, 0x00, 0x00,
    0x00, 0x00, 0x00, 0x00, 0x00, 0x00, 0x00, 0x00, 0x00, 0x00, 0x00, 0x00, 0x00, 0x00, 0x00, 0x00,
    0x00, 0x00, 0x00, 0x00, 0x00, 0x00, 0x00, 0x00, 0x00, 0x00, 0x00, 0x00, 0x00, 0x00, 0x00, 0x00,
    0x00, 0x00, 0x00, 0x00, 0x00, 0x00, 0x00, 0x00, 0x00, 0x00, 0x00, 0x00, 0x00, 0x00, 0x00, 0x00,
    0x00, 0x00, 0x00, 0x00, 0x00, 0x00, 0x00, 0x00, 0x00, 0x00, 0x00, 0x00, 0x00, 0x00, 0x00, 0x00,
    0xFB, 0xDA, 0xC7, 0xE3, 0xEF, 0x62, 0x95, 0x95, 0xFC, 0xD8, 0xD2, 0xE2, 0xE3, 0xD2, 0xCF, 0xC7,
    0xC9, 0xC7, 0xA1, 0xBC, 0xC8, 0xC4, 0xC3, 0xBC, 0xAF, 0xBC, 0xAF, 0xA1, 0xBC, 0xC5, 0xBC, 0xAF,
    0xB4, 0xB0, 0xB9, 0xA0, 0xB0, 0xA6, 0xB0, 0xC4, 0xA0, 0xA6, 0xA7, 0x8B, 0x93, 0x80, 0x6B, 0x98,
    0xA7, 0x92, 0x8A, 0x9B, 0xB4, 0xA4, 0x75, 0x8D, 0xA7, 0x8B, 0x9B, 0xA7, 0x9A, 0x8A, 0x6B, 0x80,
    0x7C, 0x6B, 0x61, 0x75, 0x90, 0x72, 0x69, 0x8A, 0x78, 0x61, 0x6A, 0x6B, 0x61, 0x5E, 0x92, 0x78,
    0x5A, 0x61, 0x61, 0x56, 0x45, 0x45, 0x5A, 0x80, 0x69, 0x56, 0x69, 0x5A, 0x5A, 0x56, 0x46, 0x38,
    0x61, 0x4F, 0x61, 0x45, 0x42, 0x5A, 0x33, 0x33, 0x41, 0x37, 0x45, 0x37, 0x44, 0x5A, 0x37, 0x1F,
    0x26, 0x2A, 0x26, 0x45, 0x42, 0x26, 0x37, 0x33, 0x33, 0x2A, 0x16, 0x19, 0x22, 0x42, 0x22, 0x21,
    0x33, 0x33, 0x16, 0x19, 0x22, 0x22, 0x19, 0x16, 0x1D, 0x16, 0x15, 0x15, 0x16, 0x16, 0x3A, 0x48,
    0x3D, 0x4C, 0x31, 0x1F, 0x16, 0x19, 0x2A, 0x16, 0x19, 0x1D, 0x1C, 0x20, 0x21, 0x1C, 0x1D, 0x48,
    0x34, 0x22, 0x15, 0x21, 0x21, 0x2F, 0x26, 0x15, 0x15, 0x41, 0x2F, 0x2A, 0x31, 0x3A, 0x3D, 0x5C,
    0x4E, 0x3F, 0x19, 0x16, 0x16, 0x1C, 0x16, 0x32, 0x26, 0x1D, 0x19, 0x21, 0x26, 0x1C, 0x26, 0x41,
    0x32, 0x32, 0x33, 0x2A, 0x26, 0x21, 0x19, 0x38, 0x38, 0x33, 0x22, 0x46, 0x33, 0x21, 0x41, 0x45,
    0x37, 0x45, 0x2A, 0x37, 0x41, 0x2A, 0x52, 0x42, 0x42, 0x3C, 0x60, 0x4F, 0x41, 0x52, 0x89, 0x56,
    0x2A, 0x50, 0x6C, 0x56, 0x46, 0x46, 0x4F, 0x50, 0x61, 0x6B, 0x50, 0x50, 0x50, 0x75, 0x6C, 0x6B,
    0x6B, 0x92, 0x75, 0x5A, 0x72, 0x77, 0x56, 0x8C, 0x8C, 0x6B, 0x75, 0x75, 0x61, 0x75, 0x75, 0x6B,
    0x93, 0x8E, 0x89, 0x8A, 0x8B, 0x93, 0x89, 0x9B, 0x92, 0xA6, 0xB0, 0x80, 0x9A, 0xA1, 0xA1, 0xA1,
    0x8E, 0x6C, 0x6C, 0x93, 0xB4, 0x93, 0xA7, 0xB4, 0xC7, 0xC5, 0xA1, 0xAF, 0xA1, 0xC4, 0xC8, 0xAF,
    0xBC, 0xB0, 0xAE, 0xC3, 0xA0, 0x8B, 0xBC, 0xD8, 0xC7, 0xC3, 0xC8, 0xD2, 0xB0, 0xC7, 0xD2, 0xC8,
    0xD5, 0xDA, 0xD2, 0xC7, 0xDC, 0xE6, 0xDB, 0xFD, 0x95, 0xA8, 0x95, 0xDB, 0xE6, 0xDD, 0xDD, 0xF9,
    0x00, 0x00, 0x00, 0x00, 0x00, 0x00, 0x00, 0x00, 0x00, 0x00, 0x00, 0x00, 0x00, 0x00, 0x00, 0x00,
    0x00, 0x00, 0x00, 0x00, 0x00, 0x00, 0x00, 0x00, 0x00, 0x00, 0x00, 0x00, 0x00, 0x00, 0x00, 0x00,
    0x00, 0x00, 0x00, 0x00, 0x00, 0x00, 0x00, 0x00, 0x00, 0x00, 0x00, 0x00, 0x00, 0x00, 0x00, 0x00,
    0x00, 0x00, 0x00, 0x00, 0x00, 0x00, 0x00, 0x00, 0x00, 0x00, 0x00, 0x00, 0x00, 0x00, 0x00, 0x00,
    0x00, 0x00, 0x00, 0x00, 0x00, 0x00, 0x00, 0x00, 0x00, 0x00, 0x00, 0x00, 0x00, 0x00, 0x00, 0x00,
    0x00, 0x00, 0x00, 0x00, 0x00, 0x00, 0x00, 0x00, 0x00, 0x00, 0x00, 0x00, 0x00, 0x00, 0x00, 0x00,
    0x00, 0x00, 0x00, 0x00, 0x00, 0x00, 0x00, 0x00, 0x00, 0x00, 0x00, 0x00, 0x00, 0x00, 0x00, 0x00,
    0x00, 0x00, 0x00, 0x00, 0x00, 0x00, 0x00, 0x00, 0x00, 0x00, 0x00, 0x00, 0x00, 0x00, 0x00, 0x00,
    0x00, 0x00, 0x00, 0x00, 0x00, 0x00, 0x00, 0x00, 0x00, 0x00, 0x00, 0x00, 0x00, 0x00, 0x00, 0x00,
    0x00, 0x00, 0x00, 0x00, 0x00, 0x00, 0x00, 0x00, 0x00, 0x00, 0x00, 0x00, 0x00, 0x00, 0x00, 0x00,
    0x00, 0x00, 0x00, 0x00, 0x00, 0x00, 0x00, 0x00, 0x00, 0x00, 0x00, 0x00, 0x00, 0x00, 0x00, 0x00,
    0x00, 0x00, 0x00, 0x00, 0x00, 0x00, 0x00, 0x00, 0x00, 0x00, 0x00, 0x00, 0x00, 0x00, 0x00, 0x00,
    0xF1, 0xF0, 0xDD, 0xF4, 0xEF, 0x95, 0xA8, 0x95, 0xFD, 0xDA, 0xD4, 0xDA, 0xE3, 0xD6, 0xCF, 0xCF,
    0xC7, 0xD3, 0xCE, 0xCF, 0xC7, 0xB0, 0xCF, 0xCE, 0xAF, 0xC5, 0xAF, 0xB9, 0xAD, 0xC5, 0xD3, 0xC2,
    0xCF, 0xC7, 0xB5, 0xAB, 0xC7, 0xC5, 0xC7, 0xB9, 0xB7, 0xC1, 0xBC, 0xAF, 0xA6, 0x90, 0x90, 0x90,
    0x9F, 0xB0, 0xA0, 0xAF, 0xC3, 0xAD, 0xA3, 0x9E, 0xB3, 0xA0, 0xA6, 0x98, 0x8F, 0xB6, 0x96, 0x87,
    0x87, 0x7E, 0x80, 0x7B, 0x7E, 0x7F, 0x75, 0x7F, 0x8A, 0x61, 0x5D, 0x8E, 0x77, 0x75, 0x6A, 0x5C,
    0x71, 0x80, 0x6A, 0x60, 0x52, 0x60, 0x47, 0x72, 0x8B, 0x5E, 0x60, 0x4B, 0x6B, 0x6B, 0x6C, 0x56,
    0x56, 0x48, 0x66, 0x7E, 0x52, 0x4B, 0x42, 0x40, 0x51, 0x5C, 0x51, 0x75, 0x4C, 0x66, 0x40, 0x27,
    0x3E, 0x45, 0x35, 0x45, 0x25, 0x25, 0x4D, 0x45, 0x36, 0x37, 0x1F, 0x2F, 0x25, 0x42, 0x4B, 0x37,
    0x2A, 0x56, 0x26, 0x2A, 0x56, 0x33, 0x22, 0x16, 0x2A, 0x21, 0x20, 0x32, 0x1F, 0x19, 0x1D, 0x1D,
    0x1C, 0x42, 0x37, 0x26, 0x22, 0x21, 0x33, 0x1D, 0x21, 0x2A, 0x1B, 0x31, 0x4D, 0x1C, 0x21, 0x1D,
    0x16, 0x2F, 0x2A, 0x50, 0x37, 0x32, 0x37, 0x21, 0x1F, 0x45, 0x26, 0x21, 0x2F, 0x26, 0x1D, 0x1F,
    0x19, 0x19, 0x19, 0x21, 0x25, 0x2F, 0x40, 0x3E, 0x37, 0x42, 0x28, 0x37, 0x43, 0x21, 0x2A, 0x3C,
    0x27, 0x47, 0x45, 0x37, 0x25, 0x26, 0x32, 0x49, 0x67, 0x60, 0x42, 0x43, 0x43, 0x31, 0x47, 0x51,
    0x3E, 0x36, 0x25, 0x4D, 0x71, 0x49, 0x43, 0x3C, 0x40, 0x40, 0x4D, 0x2B, 0x7B, 0x63, 0x67, 0x67,
    0x3C, 0x5E, 0x80, 0x74, 0x56, 0x37, 0x49, 0x77, 0x67, 0x72, 0x5E, 0x65, 0x64, 0x67, 0x98, 0x8D,
    0x7C, 0x92, 0x75, 0x5D, 0x85, 0xB1, 0x87, 0x86, 0x53, 0x67, 0x9F, 0x87, 0x7A, 0x75, 0x72, 0x90,
    0x85, 0xAB, 0xAD, 0x82, 0x8A, 0x92, 0x90, 0xA6, 0xAF, 0xB3, 0xA6, 0x80, 0x9E, 0xC2, 0xB9, 0xAD,
    0x9E, 0x80, 0x9A, 0xAD, 0xAD, 0xC5, 0xB5, 0xCE, 0xCF, 0xB9, 0xB7, 0xC5, 0xB9, 0xC5, 0xB3, 0xB3,
    0xCE, 0xCF, 0xBC, 0xBA, 0xAD, 0xB9, 0xBC, 0xD4, 0xD2, 0xC7, 0xCC, 0xDA, 0xCF, 0xCF, 0xDA, 0xD5,
    0xD6, 0xCF, 0xC7, 0xBC, 0xD6, 0xEA, 0xE6, 0xFD, 0x95, 0xA8, 0x95, 0xE6, 0xEF, 0xF1, 0xF1, 0xF9,
    0x00, 0x00, 0x00, 0x00, 0x00, 0x00, 0x00, 0x00, 0x00, 0x00, 0x00, 0x00, 0x00, 0x00, 0x00, 0x00,
    0x00, 0x00, 0x00, 0x00, 0x00, 0x00, 0x00, 0x00, 0x00, 0x00, 0x00, 0x00, 0x00, 0x00, 0x00, 0x00,
    0x00, 0x00, 0x00, 0x00, 0x00, 0x00, 0x00, 0x00, 0x00, 0x00, 0x00, 0x00, 0x00, 0x00, 0x00, 0x00,
    0x00, 0x00, 0x00, 0x00, 0x00, 0x00, 0x00, 0x00, 0x00, 0x00, 0x00, 0x00, 0x00, 0x00, 0x00, 0x00,
    0x00, 0x00, 0x00, 0x00, 0x00, 0x00, 0x00, 0x00, 0x00, 0x00, 0x00, 0x00, 0x00, 0x00, 0x00, 0x00,
    0x00, 0x00, 0x00, 0x00, 0x00, 0x00, 0x00, 0x00, 0x00, 0x00, 0x00, 0x00, 0x00, 0x00, 0x00, 0x00,
    0x00, 0x00, 0x00, 0x00, 0x00, 0x00, 0x00, 0x00, 0x00, 0x00, 0x00, 0x00, 0x00, 0x00, 0x00, 0x00,
    0x00, 0x00, 0x00, 0x00, 0x00, 0x00, 0x00, 0x00, 0x00, 0x00, 0x00, 0x00, 0x00, 0x00, 0x00, 0x00,
    0x00, 0x00, 0x00, 0x00, 0x00, 0x00, 0x00, 0x00, 0x00, 0x00, 0x00, 0x00, 0x00, 0x00, 0x00, 0x00,
    0x00, 0x00, 0x00, 0x00, 0x00, 0x00, 0x00, 0x00, 0x00, 0x00, 0x00, 0x00, 0x00, 0x00, 0x00, 0x00,
    0x00, 0x00, 0x00, 0x00, 0x00, 0x00, 0x00, 0x00, 0x00, 0x00, 0x00, 0x00, 0x00, 0x00, 0x00, 0x00,
    0x00, 0x00, 0x00, 0x00, 0x00, 0x00, 0x00, 0x00, 0x00, 0x00, 0x00, 0x00, 0x00, 0x00, 0x00, 0x00,
    0xF5, 0xF1, 0xDD, 0xF0, 0xEF, 0x62, 0x95, 0x95, 0xFD, 0xE6, 0xE7, 0xE3, 0xD6, 0xDA, 0xE3, 0xD6,
    0xCF, 0xD3, 0xDF, 0xD5, 0xC5, 0xC7, 0xDA, 0xD2, 0xCF, 0xD2, 0xC5, 0xCF, 0xC5, 0xCE, 0xD6, 0xD4,
    0xC7, 0xCE, 0xC5, 0xBC, 0xC8, 0xD3, 0xC5, 0xC7, 0xCF, 0xCF, 0xC5, 0xB9, 0xB9, 0xB7, 0xB7, 0xA0,
    0xA6, 0xC4, 0xBC, 0xC5, 0xB9, 0xB9, 0xC3, 0xB9, 0xAD, 0xB0, 0xAD, 0x97, 0x8F, 0x85, 0x86, 0x7E,
    0x8D, 0x80, 0x7F, 0x7E, 0x67, 0x80, 0x8A, 0x80, 0x7E, 0x8E, 0x75, 0x8E, 0x97, 0x80, 0x7E, 0x7D,
    0x98, 0x80, 0x60, 0x76, 0x8D, 0x84, 0x76, 0x6C, 0x8E, 0x8D, 0x80, 0x77, 0x75, 0x6B, 0x6C, 0x76,
    0x60, 0x67, 0x7F, 0x7F, 0x45, 0x36, 0x52, 0x3C, 0x51, 0x43, 0x56, 0x67, 0x66, 0x67, 0x52, 0x5A,
    0x52, 0x5A, 0x50, 0x3B, 0x40, 0x51, 0x52, 0x4F, 0x42, 0x31, 0x44, 0x4B, 0x3C, 0x4B, 0x50, 0x45,
    0x45, 0x43, 0x50, 0x3C, 0x44, 0x43, 0x41, 0x45, 0x42, 0x36, 0x31, 0x32, 0x1F, 0x1F, 0x22, 0x21,
    0x27, 0x3E, 0x37, 0x2F, 0x2F, 0x22, 0x2A, 0x42, 0x33, 0x2A, 0x3C, 0x69, 0x37, 0x2A, 0x2B, 0x22,
    0x37, 0x42, 0x6F, 0x45, 0x45, 0x45, 0x4B, 0x4F, 0x4F, 0x37, 0x32, 0x26, 0x25, 0x31, 0x37, 0x37,
    0x21, 0x21, 0x1F, 0x37, 0x31, 0x31, 0x3E, 0x3E, 0x37, 0x4B, 0x49, 0x42, 0x4F, 0x45, 0x41, 0x42,
    0x4D, 0x6A, 0x43, 0x43, 0x44, 0x4F, 0x56, 0x45, 0x6A, 0x60, 0x61, 0x5E, 0x5E, 0x56, 0x5E, 0x40,
    0x54, 0x4B, 0x54, 0x4A, 0x3C, 0x2B, 0x28, 0x3C, 0x35, 0x40, 0x35, 0x3C, 0x5D, 0x5C, 0x66, 0x72,
    0x74, 0x6E, 0x7C, 0x74, 0x74, 0x5E, 0x76, 0x8A, 0x6E, 0x6A, 0x75, 0x7F, 0x84, 0x80, 0x9A, 0x9A,
    0x8E, 0x8A, 0x9A, 0x92, 0x92, 0xAB, 0x9F, 0x6E, 0x64, 0x8F, 0x92, 0x97, 0x90, 0x90, 0x92, 0xAD,
    0x97, 0xAD, 0xA0, 0x8D, 0x98, 0x98, 0xAD, 0xA1, 0xBC, 0xB9, 0xAF, 0xBC, 0xBD, 0xC7, 0xA0, 0xB9,
    0xC1, 0xB3, 0xBC, 0xB3, 0xAF, 0xC5, 0xC0, 0xCE, 0xCE, 0xC5, 0xBC, 0xC7, 0xCE, 0xC5, 0xC5, 0xD6,
    0xD2, 0xC7, 0xC5, 0xC2, 0xC5, 0xD2, 0xCF, 0xD2, 0xDB, 0xD6, 0xCF, 0xD2, 0xDA, 0xDA, 0xE3, 0xD6,
    0xDA, 0xD6, 0xCF, 0xD6, 0xDA, 0xE6, 0xF0, 0xFD, 0x62, 0x95, 0x95, 0xE3, 0xE6, 0xF1, 0xF1, 0xF9,
    0x00, 0x00, 0x00, 0x00, 0x00, 0x00, 0x00, 0x00, 0x00, 0x00, 0x00, 0x00, 0x00, 0x00, 0x00, 0x00,
    0x00, 0x00, 0x00, 0x00, 0x00, 0x00, 0x00, 0x00, 0x00, 0x00, 0x00, 0x00, 0x00, 0x00, 0x00, 0x00,
    0x00, 0x00, 0x00, 0x00, 0x00, 0x00, 0x00, 0x00, 0x00, 0x00, 0x00, 0x00, 0x00, 0x00, 0x00, 0x00,
    0x00, 0x00, 0x00, 0x00, 0x00, 0x00, 0x00, 0x00, 0x00, 0x00, 0x00, 0x00, 0x00, 0x00, 0x00, 0x00,
    0x00, 0x00, 0x00, 0x00, 0x00, 0x00, 0x00, 0x00, 0x00, 0x00, 0x00, 0x00, 0x00, 0x00, 0x00, 0x00,
    0x00, 0x00, 0x00, 0x00, 0x00, 0x00, 0x00, 0x00, 0x00, 0x00, 0x00, 0x00, 0x00, 0x00, 0x00, 0x00,
    0x00, 0x00, 0x00, 0x00, 0x00, 0x00, 0x00, 0x00, 0x00, 0x00, 0x00, 0x00, 0x00, 0x00, 0x00, 0x00,
    0x00, 0x00, 0x00, 0x00, 0x00, 0x00, 0x00, 0x00, 0x00, 0x00, 0x00, 0x00, 0x00, 0x00, 0x00, 0x00,
    0x00, 0x00, 0x00, 0x00, 0x00, 0x00, 0x00, 0x00, 0x00, 0x00, 0x00, 0x00, 0x00, 0x00, 0x00, 0x00,
    0x00, 0x00, 0x00, 0x00, 0x00, 0x00, 0x00, 0x00, 0x00, 0x00, 0x00, 0x00, 0x00, 0x00, 0x00, 0x00,
    0x00, 0x00, 0x00, 0x00, 0x00, 0x00, 0x00, 0x00, 0x00, 0x00, 0x00, 0x00, 0x00, 0x00, 0x00, 0x00,
    0x00, 0x00, 0x00, 0x00, 0x00, 0x00, 0x00, 0x00, 0x00, 0x00, 0x00, 0x00, 0x00, 0x00, 0x00, 0x00,
    0xF9, 0xF4, 0xE6, 0xE3, 0xDB, 0x62, 0x95, 0x95, 0xFD, 0xDB, 0xD8, 0xDA, 0xCF, 0xCF, 0xD5, 0xC3,
    0xC7, 0xD6, 0xE3, 0xD6, 0xC3, 0xC7, 0xCE, 0xC4, 0xCF, 0xD8, 0xCF, 0xCF, 0xBC, 0x9F, 0xAD, 0xC9,
    0xC5, 0xCF, 0xC7, 0xA7, 0xC5, 0xD6, 0xCF, 0xD2, 0xD6, 0xC7, 0x9A, 0x8A, 0x90, 0xAD, 0xB7, 0xA0,
    0x89, 0x8B, 0xA4, 0xA4, 0x92, 0xAF, 0xC6, 0xAF, 0xA0, 0xB9, 0x9E, 0x8F, 0x97, 0x71, 0x5F, 0x75,
    0x77, 0x77, 0x72, 0x51, 0x49, 0x60, 0x75, 0x60, 0x80, 0x80, 0x75, 0x80, 0x9B, 0x98, 0x6E, 0x7A,
    0x84, 0x7C, 0x6B, 0x7C, 0x6F, 0x7F, 0x6B, 0x38, 0x33, 0x56, 0x80, 0x9F, 0x6B, 0x43, 0x6F, 0x8D,
    0x80, 0x90, 0x75, 0x31, 0x25, 0x2A, 0x2F, 0x40, 0x35, 0x21, 0x21, 0x2B, 0x51, 0x5A, 0x5A, 0x42,
    0x3C, 0x64, 0x6B, 0x44, 0x36, 0x44, 0x2A, 0x2B, 0x2A, 0x32, 0x4B, 0x4F, 0x32, 0x19, 0x1D, 0x2A,
    0x2A, 0x32, 0x41, 0x32, 0x42, 0x4F, 0x43, 0x4F, 0x42, 0x41, 0x21, 0x1B, 0x15, 0x16, 0x1C, 0x16,
    0x16, 0x2A, 0x2A, 0x2A, 0x22, 0x1D, 0x2A, 0x42, 0x45, 0x32, 0x37, 0x32, 0x21, 0x21, 0x2F, 0x2F,
    0x37, 0x37, 0x22, 0x1D, 0x2F, 0x42, 0x43, 0x4F, 0x41, 0x37, 0x32, 0x37, 0x45, 0x2A, 0x13, 0x2A,
    0x1F, 0x12, 0x1F, 0x21, 0x1F, 0x16, 0x21, 0x2A, 0x32, 0x42, 0x2B, 0x2F, 0x41, 0x56, 0x52, 0x35,
    0x45, 0x52, 0x41, 0x43, 0x4F, 0x45, 0x45, 0x1D, 0x1D, 0x37, 0x6A, 0x50, 0x6A, 0x4F, 0x4B, 0x47,
    0x47, 0x53, 0x4A, 0x35, 0x1E, 0x25, 0x25, 0x28, 0x27, 0x36, 0x25, 0x27, 0x3A, 0x40, 0x4C, 0x6F,
    0x69, 0x5E, 0x89, 0x8A, 0x8B, 0x7C, 0x7C, 0x6B, 0x40, 0x43, 0x60, 0x60, 0x77, 0x5E, 0x42, 0x38,
    0x75, 0x76, 0x9A, 0x92, 0x84, 0x84, 0x9E, 0x6D, 0x6E, 0x84, 0x6E, 0x6E, 0x90, 0x84, 0x8D, 0x9E,
    0x97, 0x61, 0x6C, 0x9A, 0x8A, 0x8A, 0x78, 0x9B, 0xC3, 0xC7, 0xC7, 0xCF, 0xC3, 0xA4, 0x87, 0x84,
    0xAD, 0xAD, 0xA1, 0x89, 0x6C, 0x92, 0xA0, 0xC1, 0xC2, 0xC2, 0xA1, 0xBC, 0xD6, 0xD4, 0xCD, 0xCE,
    0xB0, 0xAD, 0xCE, 0xCE, 0xCF, 0xD3, 0xC7, 0xB0, 0xC3, 0xCF, 0xD2, 0xD2, 0xDC, 0xCC, 0xC7, 0xD2,
    0xDA, 0xE3, 0xDC, 0xD6, 0xC3, 0xC7, 0xDA, 0xFD, 0x59, 0x95, 0x95, 0xE3, 0xE6, 0xDB, 0xEF, 0xFA,
    0x00, 0x00, 0x00, 0x00, 0x00, 0x00, 0x00, 0x00, 0x00, 0x00, 0x00, 0x00, 0x00, 0x00, 0x00, 0x00,
    0x00, 0x00, 0x00, 0x00, 0x00, 0x00, 0x00, 0x00, 0x00, 0x00, 0x00, 0x00, 0x00, 0x00, 0x00, 0x00,
    0x00, 0x00, 0x00, 0x00, 0x00, 0x00, 0x00, 0x00, 0x00, 0x00, 0x00, 0x00, 0x00, 0x00, 0x00, 0x00,
    0x00, 0x00, 0x00, 0x00, 0x00, 0x00, 0x00, 0x00, 0x00, 0x00, 0x00, 0x00, 0x00, 0x00, 0x00, 0x00,
    0x00, 0x00, 0x00, 0x00, 0x00, 0x00, 0x00, 0x00, 0x00, 0x00, 0x00, 0x00, 0x00, 0x00, 0x00, 0x00,
    0x00, 0x00, 0x00, 0x00, 0x00, 0x00, 0x00, 0x00, 0x00, 0x00, 0x00, 0x00, 0x00, 0x00, 0x00, 0x00,
    0x00, 0x00, 0x00, 0x00, 0x00, 0x00, 0x00, 0x00, 0x00, 0x00, 0x00, 0x00, 0x00, 0x00, 0x00, 0x00,
    0x00, 0x00, 0x00, 0x00, 0x00, 0x00, 0x00, 0x00, 0x00, 0x00, 0x00, 0x00, 0x00, 0x00, 0x00, 0x00,
    0x00, 0x00, 0x00, 0x00, 0x00, 0x00, 0x00, 0x00, 0x00, 0x00, 0x00, 0x00, 0x00, 0x00, 0x00, 0x00,
    0x00, 0x00, 0x00, 0x00, 0x00, 0x00, 0x00, 0x00, 0x00, 0x00, 0x00, 0x00, 0x00, 0x00, 0x00, 0x00,
    0x00, 0x00, 0x00, 0x00, 0x00, 0x00, 0x00, 0x00, 0x00, 0x00, 0x00, 0x00, 0x00, 0x00, 0x00, 0x00,
    0x00, 0x00, 0x00, 0x00, 0x00, 0x00, 0x00, 0x00, 0x00, 0x00, 0x00, 0x00, 0x00, 0x00, 0x00, 0x00,
    0xFE, 0xF8, 0xE0, 0xE3, 0xEF, 0x62, 0x95, 0x95, 0xFD, 0xE6, 0xD2, 0xD2, 0xD6, 0xC8, 0xC7, 0xCF,
    0xD6, 0xD2, 0xCF, 0xC7, 0xA1, 0xC7, 0xCF, 0xCF, 0xC1, 0xCF, 0xCE, 0xC5, 0xC2, 0xB0, 0xBC, 0xB9,
    0xB3, 0xBC, 0xC7, 0xC7, 0xCC, 0xC7, 0xC7, 0xBC, 0xAF, 0xB4, 0xA0, 0x92, 0x8B, 0x9F, 0xAD, 0xB9,
    0x9A, 0x9A, 0xA6, 0xA0, 0x8B, 0xA0, 0xC4, 0xBC, 0xAD, 0xAD, 0x98, 0x80, 0x9A, 0x77, 0x4D, 0x67,
    0x6A, 0x80, 0x77, 0x44, 0x4B, 0x5E, 0x80, 0x6C, 0x61, 0x8A, 0x98, 0x8E, 0x9A, 0x8D, 0x60, 0x45,
    0x5E, 0x8D, 0x5E, 0x4F, 0x56, 0x60, 0x69, 0x56, 0x38, 0x46, 0x56, 0x6B, 0x74, 0x69, 0x69, 0x61,
    0x6B, 0x77, 0x5E, 0x25, 0x21, 0x26, 0x1F, 0x51, 0x4D, 0x2A, 0x42, 0x32, 0x3C, 0x33, 0x33, 0x45,
    0x4B, 0x49, 0x50, 0x2F, 0x1D, 0x1C, 0x2A, 0x43, 0x25, 0x40, 0x28, 0x3C, 0x3C, 0x1C, 0x21, 0x25,
    0x1D, 0x2F, 0x32, 0x42, 0x42, 0x33, 0x41, 0x4F, 0x3C, 0x25, 0x15, 0x15, 0x21, 0x21, 0x2A, 0x26,
    0x21, 0x26, 0x31, 0x1D, 0x1D, 0x2F, 0x42, 0x41, 0x2F, 0x1D, 0x11, 0x21, 0x3C, 0x1F, 0x1F, 0x2A,
    0x2B, 0x35, 0x19, 0x22, 0x33, 0x22, 0x2A, 0x45, 0x41, 0x37, 0x32, 0x42, 0x45, 0x35, 0x12, 0x14,
    0x15, 0x16, 0x2A, 0x25, 0x21, 0x26, 0x36, 0x44, 0x22, 0x2A, 0x32, 0x43, 0x37, 0x43, 0x37, 0x1D,
    0x21, 0x43, 0x45, 0x28, 0x3C, 0x3C, 0x42, 0x32, 0x22, 0x37, 0x52, 0x40, 0x43, 0x45, 0x51, 0x49,
    0x40, 0x2B, 0x35, 0x3D, 0x24, 0x27, 0x27, 0x28, 0x44, 0x34, 0x32, 0x43, 0x43, 0x43, 0x46, 0x4F,
    0x6B, 0x76, 0x7C, 0x84, 0x75, 0x69, 0x75, 0x65, 0x43, 0x49, 0x52, 0x6B, 0x7F, 0x75, 0x60, 0x4F,
    0x8A, 0x7C, 0x69, 0x90, 0x98, 0x8D, 0x87, 0x75, 0x69, 0x7F, 0x88, 0x6D, 0x82, 0x7F, 0x8D, 0x84,
    0x8F, 0x90, 0x8E, 0x6B, 0x8A, 0x92, 0xA1, 0xA7, 0xAF, 0xA1, 0x9B, 0xC7, 0xBC, 0x9F, 0xA4, 0x8A,
    0x9E, 0xAF, 0xA7, 0x9B, 0x9B, 0xA0, 0xB0, 0xC3, 0xAD, 0xB7, 0xC5, 0xC5, 0xC7, 0xC7, 0xB2, 0xA6,
    0xAF, 0xAD, 0xC2, 0xCD, 0xBC, 0xC8, 0xC2, 0xB0, 0xC3, 0xC5, 0xC2, 0xCE, 0xD3, 0xD5, 0xC7, 0xCF,
    0xDA, 0xD6, 0xE3, 0xC7, 0xC3, 0xC9, 0xD5, 0xFD, 0x58, 0x95, 0x62, 0xEF, 0xDC, 0xD0, 0xE0, 0xFE,
    0x00, 0x00, 0x00, 0x00, 0x00, 0x00, 0x00, 0x00, 0x00, 0x00, 0x00, 0x00, 0x00, 0x00, 0x00, 0x00,
    0x00, 0x00, 0x00, 0x00, 0x00, 0x00, 0x00, 0x00, 0x00, 0x00, 0x00, 0x00, 0x00, 0x00, 0x00, 0x00,
    0x00, 0x00, 0x00, 0x00, 0x00, 0x00, 0x00, 0x00, 0x00, 0x00, 0x00, 0x00, 0x00, 0x00, 0x00, 0x00,
    0x00, 0x00, 0x00, 0x00, 0x00, 0x00, 0x00, 0x00, 0x00, 0x00, 0x00, 0x00, 0x00, 0x00, 0x00, 0x00,
    0x00, 0x00, 0x00, 0x00, 0x00, 0x00, 0x00, 0x00, 0x00, 0x00, 0x00, 0x00, 0x00, 0x00, 0x00, 0x00,
    0x00, 0x00, 0x00, 0x00, 0x00, 0x00, 0x00, 0x00, 0x00, 0x00, 0x00, 0x00, 0x00, 0x00, 0x00, 0x00,
    0x00, 0x00, 0x00, 0x00, 0x00, 0x00, 0x00, 0x00, 0x00, 0x00, 0x00, 0x00, 0x00, 0x00, 0x00, 0x00,
    0x00, 0x00, 0x00, 0x00, 0x00, 0x00, 0x00, 0x00, 0x00, 0x00, 0x00, 0x00, 0x00, 0x00, 0x00, 0x00,
    0x00, 0x00, 0x00, 0x00, 0x00, 0x00, 0x00, 0x00, 0x00, 0x00, 0x00, 0x00, 0x00, 0x00, 0x00, 0x00,
    0x00, 0x00, 0x00, 0x00, 0x00, 0x00, 0x00, 0x00, 0x00, 0x00, 0x00, 0x00, 0x00, 0x00, 0x00, 0x00,
    0x00, 0x00, 0x00, 0x00, 0x00, 0x00, 0x00, 0x00, 0x00, 0x00, 0x00, 0x00, 0x00, 0x00, 0x00, 0x00,
    0x00, 0x00, 0x00, 0x00, 0x00, 0x00, 0x00, 0x00, 0x00, 0x00, 0x00, 0x00, 0x00, 0x00, 0x00, 0x00,
    0xFE, 0xF9, 0xEB, 0xEB, 0xEF, 0x95, 0x95, 0x62, 0xEE, 0xE3, 0xDF, 0xCF, 0xDA, 0xC3, 0xC8, 0xD6,
    0xD6, 0xCF, 0xB0, 0xAF, 0xA7, 0xCF, 0xCF, 0xD2, 0xD5, 0xCE, 0xCE, 0xC2, 0xC0, 0xCE, 0xCE, 0xC0,
    0xB2, 0xA1, 0xC1, 0xCF, 0xC7, 0xB9, 0xB9, 0xAD, 0x92, 0xB0, 0xB9, 0xB3, 0xB3, 0xA4, 0x9F, 0xA0,
    0xBC, 0xBC, 0xB3, 0x9F, 0x9F, 0xA1, 0xA0, 0xB0, 0xA6, 0x82, 0x8D, 0x8E, 0x80, 0x8C, 0x77, 0x68,
    0x7F, 0x7F, 0x5E, 0x60, 0x6B, 0x80, 0x6E, 0x6A, 0x61, 0x7F, 0x87, 0x87, 0x7B, 0x67, 0x60, 0x5A,
    0x6A, 0x7A, 0x82, 0x60, 0x69, 0x54, 0x64, 0x72, 0x7E, 0x7E, 0x45, 0x45, 0x69, 0x6B, 0x56, 0x38,
    0x42, 0x5E, 0x3A, 0x40, 0x29, 0x28, 0x4B, 0x3E, 0x51, 0x5D, 0x43, 0x52, 0x2B, 0x21, 0x2A, 0x42,
    0x43, 0x37, 0x26, 0x21, 0x1F, 0x21, 0x3C, 0x5E, 0x4D, 0x36, 0x31, 0x31, 0x29, 0x37, 0x37, 0x29,
    0x19, 0x1D, 0x2F, 0x37, 0x2F, 0x22, 0x2F, 0x43, 0x2B, 0x21, 0x21, 0x21, 0x2B, 0x37, 0x26, 0x32,
    0x43, 0x4B, 0x27, 0x19, 0x22, 0x37, 0x2F, 0x2A, 0x16, 0x16, 0x1C, 0x34, 0x3B, 0x43, 0x31, 0x28,
    0x29, 0x25, 0x48, 0x47, 0x40, 0x21, 0x1D, 0x26, 0x2A, 0x37, 0x41, 0x32, 0x2B, 0x1F, 0x1F, 0x15,
    0x15, 0x22, 0x21, 0x23, 0x36, 0x3E, 0x4C, 0x3C, 0x20, 0x32, 0x37, 0x37, 0x26, 0x21, 0x1D, 0x21,
    0x36, 0x37, 0x4B, 0x4B, 0x43, 0x3C, 0x34, 0x3B, 0x67, 0x4F, 0x3C, 0x34, 0x31, 0x3C, 0x4A, 0x3B,
    0x21, 0x21, 0x36, 0x3D, 0x4A, 0x34, 0x27, 0x40, 0x40, 0x3E, 0x40, 0x51, 0x4E, 0x3D, 0x32, 0x37,
    0x5E, 0x67, 0x60, 0x60, 0x56, 0x51, 0x7A, 0x67, 0x7F, 0x71, 0x6A, 0x6B, 0x6E, 0x82, 0x92, 0x9E,
    0x7B, 0x69, 0x74, 0x6F, 0x6C, 0x5E, 0x4D, 0x56, 0x6A, 0x82, 0x9E, 0x88, 0x5F, 0x84, 0x72, 0x7F,
    0x84, 0x9E, 0x9E, 0x75, 0x7C, 0x8E, 0xA0, 0xAD, 0x9A, 0x9F, 0x8E, 0xA0, 0x9A, 0xAF, 0xAF, 0xAF,
    0xB9, 0xB9, 0xB0, 0xB9, 0xBC, 0xC5, 0xC5, 0xA0, 0xA0, 0xC2, 0xCF, 0xC5, 0xA6, 0xA1, 0xA0, 0xAF,
    0xC5, 0xCF, 0xCE, 0xCD, 0xB9, 0xB9, 0xB9, 0xCF, 0xCF, 0xC5, 0xC5, 0xC5, 0xCF, 0xD2, 0xD6, 0xD6,
    0xCF, 0xD6, 0xC5, 0xC2, 0xD6, 0xE7, 0xE3, 0xFD, 0x59, 0x95, 0x62, 0xE6, 0xEA, 0xDE, 0xE9, 0xFE,
    0x00, 0x00, 0x00, 0x00, 0x00, 0x00, 0x00, 0x00, 0x00, 0x00, 0x00, 0x00, 0x00, 0x00, 0x00, 0x00,
    0x00, 0x00, 0x00, 0x00, 0x00, 0x00, 0x00, 0x00, 0x00, 0x00, 0x00, 0x00, 0x00, 0x00, 0x00, 0x00,
    0x00, 0x00, 0x00, 0x00, 0x00, 0x00, 0x00, 0x00, 0x00, 0x00, 0x00, 0x00, 0x00, 0x00, 0x00, 0x00,
    0x00, 0x00, 0x00, 0x00, 0x00, 0x00, 0x00, 0x00, 0x00, 0x00, 0x00, 0x00, 0x00, 0x00, 0x00, 0x00,
    0x00, 0x00, 0x00, 0x00, 0x00, 0x00, 0x00, 0x00, 0x00, 0x00, 0x00, 0x00, 0x00, 0x00, 0x00, 0x00,
    0x00, 0x00, 0x00, 0x00, 0x00, 0x00, 0x00, 0x00, 0x00, 0x00, 0x00, 0x00, 0x00, 0x00, 0x00, 0x00,
    0x00, 0x00, 0x00, 0x00, 0x00, 0x00, 0x00, 0x00, 0x00, 0x00, 0x00, 0x00, 0x00, 0x00, 0x00, 0x00,
    0x00, 0x00, 0x00, 0x00, 0x00, 0x00, 0x00, 0x00, 0x00, 0x00, 0x00, 0x00, 0x00, 0x00, 0x00, 0x00,
    0x00, 0x00, 0x00, 0x00, 0x00, 0x00, 0x00, 0x00, 0x00, 0x00, 0x00, 0x00, 0x00, 0x00, 0x00, 0x00,
    0x00, 0x00, 0x00, 0x00, 0x00, 0x00, 0x00, 0x00, 0x00, 0x00, 0x00, 0x00, 0x00, 0x00, 0x00, 0x00,
    0x00, 0x00, 0x00, 0x00, 0x00, 0x00, 0x00, 0x00, 0x00, 0x00, 0x00, 0x00, 0x00, 0x00, 0x00, 0x00,
    0x00, 0x00, 0x00, 0x00, 0x00, 0x00, 0x00, 0x00, 0x00, 0x00, 0x00, 0x00, 0x00, 0x00, 0x00, 0x00,
    0xFB, 0xF0, 0xEB, 0xF8, 0xEF, 0x62, 0x95, 0x62, 0xFD, 0xD5, 0xCF, 0xC7, 0xC7, 0xC5, 0xDB, 0xDA,
    0xD4, 0xC5, 0xB9, 0xC5, 0xCF, 0xCF, 0xC5, 0xC1, 0xCF, 0xC9, 0xBC, 0xB7, 0xB7, 0xC2, 0xB6, 0xBF,
    0xB0, 0xA7, 0xB0, 0xC5, 0xAF, 0xA6, 0xAF, 0xAF, 0xA6, 0x9B, 0xB0, 0xA1, 0xBC, 0xBC, 0xA0, 0x93,
    0xB3, 0xAF, 0x9F, 0xB7, 0xB9, 0x9A, 0x8A, 0xA6, 0x92, 0x8A, 0x98, 0x8F, 0x6A, 0x6B, 0x80, 0x8D,
    0x75, 0x5A, 0x4B, 0x7B, 0x80, 0x7E, 0x5C, 0x67, 0x8E, 0x75, 0x71, 0x6A, 0x49, 0x63, 0x75, 0x8A,
    0x7B, 0x54, 0x6E, 0x6F, 0x5E, 0x4B, 0x44, 0x6A, 0x72, 0x67, 0x52, 0x60, 0x6A, 0x74, 0x61, 0x56,
    0x56, 0x37, 0x52, 0x4B, 0x41, 0x42, 0x52, 0x3C, 0x45, 0x42, 0x2B, 0x3E, 0x3C, 0x37, 0x5A, 0x60,
    0x37, 0x21, 0x1B, 0x2A, 0x40, 0x43, 0x29, 0x31, 0x48, 0x36, 0x2B, 0x20, 0x1E, 0x35, 0x36, 0x35,
    0x26, 0x2F, 0x32, 0x37, 0x1F, 0x37, 0x2F, 0x16, 0x32, 0x25, 0x2A, 0x37, 0x2F, 0x19, 0x21, 0x21,
    0x21, 0x32, 0x27, 0x37, 0x37, 0x2A, 0x2A, 0x16, 0x16, 0x25, 0x34, 0x25, 0x20, 0x3E, 0x31, 0x21,
    0x1F, 0x1B, 0x36, 0x29, 0x36, 0x3C, 0x2A, 0x26, 0x37, 0x2B, 0x45, 0x37, 0x1F, 0x1B, 0x25, 0x1F,
    0x25, 0x1D, 0x11, 0x1F, 0x28, 0x36, 0x31, 0x1F, 0x35, 0x45, 0x37, 0x2A, 0x21, 0x16, 0x1D, 0x48,
    0x3B, 0x35, 0x2B, 0x4F, 0x41, 0x28, 0x1B, 0x27, 0x40, 0x37, 0x26, 0x35, 0x3B, 0x47, 0x43, 0x29,
    0x41, 0x3C, 0x27, 0x29, 0x36, 0x34, 0x40, 0x2A, 0x28, 0x36, 0x43, 0x3B, 0x3B, 0x3E, 0x49, 0x5E,
    0x6A, 0x65, 0x41, 0x4B, 0x50, 0x66, 0x5D, 0x5E, 0x72, 0x7F, 0x75, 0x60, 0x47, 0x64, 0x92, 0x80,
    0x67, 0x6A, 0x8A, 0x7C, 0x6F, 0x54, 0x71, 0x6B, 0x66, 0x4C, 0x4A, 0x67, 0x72, 0x77, 0x61, 0x69,
    0x7E, 0x7B, 0x7A, 0x9E, 0x84, 0x8B, 0x8B, 0x9A, 0x8B, 0x9A, 0xB9, 0x89, 0x92, 0xB0, 0xAF, 0xAF,
    0xBC, 0xBC, 0xAF, 0x9A, 0xC5, 0xC3, 0xBC, 0xA0, 0xC1, 0xC9, 0xC5, 0xBC, 0x9F, 0x92, 0xBC, 0xBA,
    0xAB, 0xBD, 0xC5, 0xCD, 0xC2, 0xAD, 0xAD, 0xC9, 0xC2, 0xCE, 0xD2, 0xC7, 0xC8, 0xD5, 0xCF, 0xCF,
    0xCF, 0xC9, 0xC1, 0xD4, 0xD3, 0xDA, 0xDF, 0xFD, 0x58, 0x95, 0x95, 0xE6, 0xE3, 0xEA, 0xEA, 0xF9,
    0x00, 0x00, 0x00, 0x00, 0x00, 0x00, 0x00, 0x00, 0x00, 0x00, 0x00, 0x00, 0x00, 0x00, 0x00, 0x00,
    0x00, 0x00, 0x00, 0x00, 0x00, 0x00, 0x00, 0x00, 0x00, 0x00, 0x00, 0x00, 0x00, 0x00, 0x00, 0x00,
    0x00, 0x00, 0x00, 0x00, 0x00, 0x00, 0x00, 0x00, 0x00, 0x00, 0x00, 0x00, 0x00, 0x00, 0x00, 0x00,
    0x00, 0x00, 0x00, 0x00, 0x00, 0x00, 0x00, 0x00, 0x00, 0x00, 0x00, 0x00, 0x00, 0x00, 0x00, 0x00,
    0x00, 0x00, 0x00, 0x00, 0x00, 0x00, 0x00, 0x00, 0x00, 0x00, 0x00, 0x00, 0x00, 0x00, 0x00, 0x00,
    0x00, 0x00, 0x00, 0x00, 0x00, 0x00, 0x00, 0x00, 0x00, 0x00, 0x00, 0x00, 0x00, 0x00, 0x00, 0x00,
    0x00, 0x00, 0x00, 0x00, 0x00, 0x00, 0x00, 0x00, 0x00, 0x00, 0x00, 0x00, 0x00, 0x00, 0x00, 0x00,
    0x00, 0x00, 0x00, 0x00, 0x00, 0x00, 0x00, 0x00, 0x00, 0x00, 0x00, 0x00, 0x00, 0x00, 0x00, 0x00,
    0x00, 0x00, 0x00, 0x00, 0x00, 0x00, 0x00, 0x00, 0x00, 0x00, 0x00, 0x00, 0x00, 0x00, 0x00, 0x00,
    0x00, 0x00, 0x00, 0x00, 0x00, 0x00, 0x00, 0x00, 0x00, 0x00, 0x00, 0x00, 0x00, 0x00, 0x00, 0x00,
    0x00, 0x00, 0x00, 0x00, 0x00, 0x00, 0x00, 0x00, 0x00, 0x00, 0x00, 0x00, 0x00, 0x00, 0x00, 0x00,
    0x00, 0x00, 0x00, 0x00, 0x00, 0x00, 0x00, 0x00, 0x00, 0x00, 0x00, 0x00, 0x00, 0x00, 0x00, 0x00,
    0xFE, 0xF4, 0xF4, 0xF9, 0xF2, 0x95, 0x95, 0x62, 0xFD, 0xC8, 0xC3, 0xCF, 0xCF, 0xD2, 0xE3, 0xDA,
    0xD4, 0xAF, 0xBC, 0xD2, 0xD6, 0xCE, 0xCF, 0xC1, 0xB3, 0xC2, 0xAF, 0xAD, 0xB9, 0xC1, 0x9E, 0xB6,
    0xC5, 0xBC, 0xB9, 0xC1, 0xA0, 0x9A, 0xC2, 0xCC, 0xC8, 0xC4, 0xA7, 0xAF, 0xAF, 0xAF, 0xAF, 0xAA,
    0xAF, 0xAD, 0xB6, 0xBC, 0xC8, 0xA6, 0x8E, 0x9A, 0x80, 0x92, 0x9A, 0xA3, 0x7F, 0x72, 0x87, 0x7F,
    0x71, 0x6A, 0x60, 0x5D, 0x5E, 0x5C, 0x48, 0x87, 0x90, 0x6A, 0x71, 0x5E, 0x40, 0x67, 0x8E, 0x9F,
    0x75, 0x44, 0x72, 0x5D, 0x42, 0x42, 0x60, 0x4D, 0x54, 0x74, 0x6B, 0x80, 0x61, 0x60, 0x4F, 0x69,
    0x80, 0x6B, 0x75, 0x60, 0x56, 0x56, 0x37, 0x50, 0x32, 0x1C, 0x31, 0x23, 0x40, 0x76, 0x67, 0x50,
    0x32, 0x1F, 0x1F, 0x44, 0x5D, 0x5D, 0x27, 0x20, 0x31, 0x28, 0x1F, 0x21, 0x1E, 0x34, 0x34, 0x31,
    0x32, 0x47, 0x37, 0x32, 0x1D, 0x32, 0x3C, 0x26, 0x4B, 0x3C, 0x2B, 0x35, 0x26, 0x22, 0x2B, 0x19,
    0x16, 0x21, 0x26, 0x52, 0x44, 0x27, 0x21, 0x15, 0x32, 0x27, 0x28, 0x21, 0x1C, 0x1C, 0x1C, 0x16,
    0x16, 0x1F, 0x37, 0x23, 0x28, 0x44, 0x45, 0x2A, 0x2A, 0x21, 0x37, 0x37, 0x41, 0x2B, 0x25, 0x34,
    0x2B, 0x1D, 0x1D, 0x15, 0x1B, 0x28, 0x21, 0x2A, 0x3C, 0x45, 0x43, 0x27, 0x16, 0x1D, 0x41, 0x43,
    0x53, 0x3B, 0x25, 0x3C, 0x26, 0x16, 0x21, 0x34, 0x29, 0x31, 0x31, 0x4D, 0x64, 0x49, 0x3E, 0x29,
    0x4F, 0x51, 0x3D, 0x29, 0x27, 0x34, 0x31, 0x32, 0x37, 0x27, 0x29, 0x31, 0x20, 0x3D, 0x7B, 0x6B,
    0x6A, 0x52, 0x3C, 0x52, 0x6F, 0x87, 0x72, 0x47, 0x7C, 0x5D, 0x53, 0x60, 0x54, 0x53, 0x72, 0x9A,
    0x80, 0x80, 0xAD, 0x90, 0x72, 0x51, 0x6C, 0x75, 0x72, 0x4B, 0x4D, 0x4C, 0x71, 0x75, 0x76, 0x75,
    0x6A, 0x67, 0x5D, 0x9D, 0x96, 0x8D, 0x92, 0x92, 0xA0, 0xC2, 0xBC, 0xAF, 0xB0, 0xBC, 0xBC, 0xB9,
    0xA0, 0xB0, 0xC3, 0xA1, 0xBC, 0xB9, 0xC3, 0xC7, 0xCF, 0xCE, 0xB9, 0xAD, 0x9F, 0xB9, 0xBC, 0xC5,
    0xAB, 0xAD, 0xB7, 0xBF, 0xB3, 0xAF, 0xAD, 0xC2, 0xB9, 0xB9, 0xCE, 0xD2, 0xCF, 0xD4, 0xCE, 0xCE,
    0xD6, 0xD6, 0xC2, 0xD2, 0xD6, 0xC7, 0xDA, 0xFD, 0x58, 0x95, 0x95, 0xF3, 0xE7, 0xF3, 0xF0, 0xF5,
    0x00, 0x00, 0x00, 0x00, 0x00, 0x00, 0x00, 0x00, 0x00, 0x00, 0x00, 0x00, 0x00, 0x00, 0x00, 0x00,
    0x00, 0x00, 0x00, 0x00, 0x00, 0x00, 0x00, 0x00, 0x00, 0x00, 0x00, 0x00, 0x00, 0x00, 0x00, 0x00,
    0x00, 0x00, 0x00, 0x00, 0x00, 0x00, 0x00, 0x00, 0x00, 0x00, 0x00, 0x00, 0x00, 0x00, 0x00, 0x00,
    0x00, 0x00, 0x00, 0x00, 0x00, 0x00, 0x00, 0x00, 0x00, 0x00, 0x00, 0x00, 0x00, 0x00, 0x00, 0x00,
    0x00, 0x00, 0x00, 0x00, 0x00, 0x00, 0x00, 0x00, 0x00, 0x00, 0x00, 0x00, 0x00, 0x00, 0x00, 0x00,
    0x00, 0x00, 0x00, 0x00, 0x00, 0x00, 0x00, 0x00, 0x00, 0x00, 0x00, 0x00, 0x00, 0x00, 0x00, 0x00,
    0x00, 0x00, 0x00, 0x00, 0x00, 0x00, 0x00, 0x00, 0x00, 0x00, 0x00, 0x00, 0x00, 0x00, 0x00, 0x00,
    0x00, 0x00, 0x00, 0x00, 0x00, 0x00, 0x00, 0x00, 0x00, 0x00, 0x00, 0x00, 0x00, 0x00, 0x00, 0x00,
    0x00, 0x00, 0x00, 0x00, 0x00, 0x00, 0x00, 0x00, 0x00, 0x00, 0x00, 0x00, 0x00, 0x00, 0x00, 0x00,
    0x00, 0x00, 0x00, 0x00, 0x00, 0x00, 0x00, 0x00, 0x00, 0x00, 0x00, 0x00, 0x00, 0x00, 0x00, 0x00,
    0x00, 0x00, 0x00, 0x00, 0x00, 0x00, 0x00, 0x00, 0x00, 0x00, 0x00, 0x00, 0x00, 0x00, 0x00, 0x00,
    0x00, 0x00, 0x00, 0x00, 0x00, 0x00, 0x00, 0x00, 0x00, 0x00, 0x00, 0x00, 0x00, 0x00, 0x00, 0x00,
    0xFE, 0xFB, 0xF0, 0xF3, 0xF5, 0x95, 0x95, 0x59, 0xFD, 0xDA, 0xC7, 0xCF, 0xD2, 0xCF, 0xDA, 0xD5,
    0xCF, 0xC2, 0xC8, 0xD5, 0xCD, 0xCF, 0xDA, 0xC5, 0xA0, 0xBC, 0xB0, 0xA7, 0xAF, 0xAB, 0xAB, 0xBF,
    0x9F, 0xB7, 0xC5, 0xC2, 0xAD, 0xBD, 0xCE, 0xCE, 0xCF, 0xBD, 0xAD, 0xBC, 0xCC, 0xAF, 0xA0, 0xAB,
    0xAF, 0xB9, 0xBC, 0xAF, 0xAF, 0xA6, 0xAD, 0x90, 0xA4, 0xB2, 0x8F, 0x8D, 0x8F, 0x88, 0xA3, 0x98,
    0x82, 0x7E, 0x75, 0x5E, 0x6A, 0x5D, 0x4D, 0x5F, 0x60, 0x70, 0x7A, 0x60, 0x60, 0x80, 0x87, 0x71,
    0x67, 0x48, 0x51, 0x69, 0x4F, 0x52, 0x52, 0x50, 0x5E, 0x54, 0x64, 0x67, 0x6A, 0x6A, 0x60, 0x7F,
    0x72, 0x7F, 0x6A, 0x75, 0x65, 0x6A, 0x5E, 0x4D, 0x45, 0x44, 0x3C, 0x36, 0x31, 0x3B, 0x40, 0x42,
    0x35, 0x29, 0x4B, 0x54, 0x36, 0x34, 0x27, 0x20, 0x25, 0x2F, 0x22, 0x21, 0x25, 0x31, 0x25, 0x29,
    0x21, 0x2B, 0x31, 0x40, 0x37, 0x44, 0x40, 0x44, 0x53, 0x4F, 0x2B, 0x35, 0x32, 0x41, 0x45, 0x2F,
    0x32, 0x2A, 0x26, 0x22, 0x31, 0x36, 0x1E, 0x28, 0x36, 0x25, 0x1F, 0x25, 0x1F, 0x15, 0x1C, 0x19,
    0x16, 0x21, 0x27, 0x20, 0x32, 0x1F, 0x31, 0x2A, 0x22, 0x2A, 0x42, 0x45, 0x37, 0x4F, 0x37, 0x3E,
    0x4B, 0x37, 0x3C, 0x32, 0x27, 0x2B, 0x2A, 0x1F, 0x25, 0x35, 0x3C, 0x27, 0x35, 0x69, 0x44, 0x40,
    0x48, 0x3B, 0x1C, 0x2A, 0x26, 0x1F, 0x26, 0x21, 0x34, 0x3A, 0x3D, 0x36, 0x51, 0x4E, 0x4A, 0x43,
    0x4B, 0x40, 0x3D, 0x27, 0x29, 0x3B, 0x31, 0x3B, 0x3B, 0x27, 0x39, 0x36, 0x27, 0x34, 0x3D, 0x5D,
    0x60, 0x65, 0x6E, 0x7A, 0x7E, 0x7B, 0x6E, 0x5E, 0x7B, 0x7C, 0x5E, 0x6F, 0x8D, 0x72, 0x66, 0x7F,
    0x8F, 0x7F, 0x80, 0x7F, 0x90, 0x7F, 0x8D, 0x7B, 0x67, 0x51, 0x51, 0x6A, 0x5E, 0x67, 0x6A, 0x7F,
    0x72, 0x7E, 0x7B, 0x72, 0x82, 0xAB, 0x9F, 0x9F, 0xAF, 0xBC, 0xBC, 0xB7, 0xBC, 0xC3, 0xB9, 0xC7,
    0xC5, 0xAF, 0xC3, 0xC7, 0xB9, 0xBC, 0xC7, 0xB0, 0xB9, 0xBC, 0xBC, 0xB2, 0xC1, 0xB9, 0xAD, 0xAB,
    0xAB, 0xB1, 0xA9, 0xBF, 0xB9, 0xAF, 0xB0, 0xBC, 0xB9, 0xBF, 0xB9, 0xC7, 0xCF, 0xCE, 0xD6, 0xE6,
    0xDA, 0xCE, 0xD2, 0xC5, 0xCF, 0xD2, 0xE2, 0xFD, 0x59, 0x95, 0x95, 0xF0, 0xE6, 0xEA, 0xF4, 0xF4,
    0x00, 0x00, 0x00, 0x00, 0x00, 0x00, 0x00, 0x00, 0x00, 0x00, 0x00, 0x00, 0x00, 0x00, 0x00, 0x00,
    0x00, 0x00, 0x00, 0x00, 0x00, 0x00, 0x00, 0x00, 0x00, 0x00, 0x00, 0x00, 0x00, 0x00, 0x00, 0x00,
    0x00, 0x00, 0x00, 0x00, 0x00, 0x00, 0x00, 0x00, 0x00, 0x00, 0x00, 0x00, 0x00, 0x00, 0x00, 0x00,
    0x00, 0x00, 0x00, 0x00, 0x00, 0x00, 0x00, 0x00, 0x00, 0x00, 0x00, 0x00, 0x00, 0x00, 0x00, 0x00,
    0x00, 0x00, 0x00, 0x00, 0x00, 0x00, 0x00, 0x00, 0x00, 0x00, 0x00, 0x00, 0x00, 0x00, 0x00, 0x00,
    0x00, 0x00, 0x00, 0x00, 0x00, 0x00, 0x00, 0x00, 0x00, 0x00, 0x00, 0x00, 0x00, 0x00, 0x00, 0x00,
    0x00, 0x00, 0x00, 0x00, 0x00, 0x00, 0x00, 0x00, 0x00, 0x00, 0x00, 0x00, 0x00, 0x00, 0x00, 0x00,
    0x00, 0x00, 0x00, 0x00, 0x00, 0x00, 0x00, 0x00, 0x00, 0x00, 0x00, 0x00, 0x00, 0x00, 0x00, 0x00,
    0x00, 0x00, 0x00, 0x00, 0x00, 0x00, 0x00, 0x00, 0x00, 0x00, 0x00, 0x00, 0x00, 0x00, 0x00, 0x00,
    0x00, 0x00, 0x00, 0x00, 0x00, 0x00, 0x00, 0x00, 0x00, 0x00, 0x00, 0x00, 0x00, 0x00, 0x00, 0x00,
    0x00, 0x00, 0x00, 0x00, 0x00, 0x00, 0x00, 0x00, 0x00, 0x00, 0x00, 0x00, 0x00, 0x00, 0x00, 0x00,
    0x00, 0x00, 0x00, 0x00, 0x00, 0x00, 0x00, 0x00, 0x00, 0x00, 0x00, 0x00, 0x00, 0x00, 0x00, 0x00,
    0xFE, 0xF9, 0xF3, 0xF0, 0xEF, 0x95, 0x95, 0x62, 0xFD, 0xD2, 0xD6, 0xE0, 0xE3, 0xCF, 0xCF, 0xC7,
    0xC7, 0xC3, 0xCF, 0xC7, 0xCE, 0xDA, 0xC5, 0xCE, 0xBC, 0xBC, 0xB3, 0xB0, 0xBC, 0xAF, 0xC0, 0xCE,
    0xAB, 0xAF, 0xBC, 0xB3, 0xB3, 0xB9, 0xAF, 0x9A, 0xB3, 0xBC, 0xAD, 0xBC, 0xB5, 0xB9, 0xB7, 0xB9,
    0x9F, 0xAF, 0xB0, 0xA6, 0x92, 0x8E, 0x92, 0x8A, 0x8D, 0x9F, 0x8D, 0x71, 0x8D, 0xAB, 0xA3, 0x9A,
    0x98, 0x72, 0x75, 0x9A, 0x6A, 0x5D, 0x7F, 0x5A, 0x71, 0x82, 0x5C, 0x5D, 0x67, 0x72, 0x75, 0x6A,
    0x71, 0x67, 0x43, 0x56, 0x56, 0x4F, 0x45, 0x4F, 0x67, 0x40, 0x49, 0x4D, 0x5A, 0x5A, 0x45, 0x5E,
    0x48, 0x42, 0x60, 0x7E, 0x7B, 0x60, 0x5E, 0x51, 0x67, 0x72, 0x42, 0x4D, 0x32, 0x28, 0x37, 0x26,
    0x31, 0x27, 0x44, 0x40, 0x25, 0x27, 0x4C, 0x27, 0x21, 0x37, 0x2F, 0x1D, 0x22, 0x28, 0x27, 0x27,
    0x20, 0x20, 0x28, 0x21, 0x21, 0x28, 0x28, 0x28, 0x31, 0x32, 0x42, 0x41, 0x41, 0x37, 0x37, 0x45,
    0x43, 0x41, 0x21, 0x19, 0x1F, 0x21, 0x20, 0x31, 0x27, 0x1C, 0x21, 0x25, 0x28, 0x1C, 0x21, 0x21,
    0x1D, 0x1D, 0x1C, 0x21, 0x31, 0x20, 0x15, 0x1C, 0x1D, 0x1D, 0x19, 0x25, 0x21, 0x3C, 0x51, 0x3C,
    0x41, 0x41, 0x35, 0x4F, 0x4F, 0x32, 0x37, 0x26, 0x2B, 0x32, 0x26, 0x2F, 0x32, 0x52, 0x49, 0x29,
    0x35, 0x49, 0x21, 0x20, 0x26, 0x21, 0x25, 0x25, 0x36, 0x3A, 0x3D, 0x27, 0x21, 0x40, 0x40, 0x31,
    0x36, 0x27, 0x24, 0x27, 0x27, 0x49, 0x54, 0x40, 0x35, 0x54, 0x49, 0x34, 0x40, 0x3D, 0x3B, 0x5D,
    0x43, 0x52, 0x54, 0x52, 0x65, 0x53, 0x72, 0x6A, 0x54, 0x5E, 0x7C, 0x6F, 0x87, 0x7C, 0x5C, 0x66,
    0x87, 0x60, 0x52, 0x60, 0x60, 0x7C, 0x8D, 0x65, 0x5D, 0x4A, 0x47, 0x7C, 0x77, 0x5E, 0x6A, 0x8F,
    0x7B, 0x67, 0x72, 0x6A, 0x75, 0x9A, 0x92, 0xAF, 0x9A, 0x8E, 0x98, 0x9F, 0x9F, 0xB3, 0xBC, 0xC5,
    0xC5, 0xAF, 0xB0, 0xC5, 0xBC, 0xB0, 0xC3, 0xAD, 0xA0, 0x92, 0xA4, 0xB3, 0xB9, 0xAD, 0xB7, 0xB6,
    0xBE, 0xC0, 0xB6, 0xC0, 0xB0, 0xB0, 0xB0, 0xA0, 0xB7, 0xC2, 0xB9, 0xC5, 0xC5, 0xC5, 0xC7, 0xCF,
    0xDA, 0xD2, 0xDA, 0xEB, 0xE3, 0xC8, 0xD5, 0xFD, 0x62, 0x95, 0x95, 0xF1, 0xEF, 0xF1, 0xF9, 0xF5,
    0x00, 0x00, 0x00, 0x00, 0x00, 0x00, 0x00, 0x00, 0x00, 0x00, 0x00, 0x00, 0x00, 0x00, 0x00, 0x00,
    0x00, 0x00, 0x00, 0x00, 0x00, 0x00, 0x00, 0x00, 0x00, 0x00, 0x00, 0x00, 0x00, 0x00, 0x00, 0x00,
    0x00, 0x00, 0x00, 0x00, 0x00, 0x00, 0x00, 0x00, 0x00, 0x00, 0x00, 0x00, 0x00, 0x00, 0x00, 0x00,
    0x00, 0x00, 0x00, 0x00, 0x00, 0x00, 0x00, 0x00, 0x00, 0x00, 0x00, 0x00, 0x00, 0x00, 0x00, 0x00,
    0x00, 0x00, 0x00, 0x00, 0x00, 0x00, 0x00, 0x00, 0x00, 0x00, 0x00, 0x00, 0x00, 0x00, 0x00, 0x00,
    0x00, 0x00, 0x00, 0x00, 0x00, 0x00, 0x00, 0x00, 0x00, 0x00, 0x00, 0x00, 0x00, 0x00, 0x00, 0x00,
    0x00, 0x00, 0x00, 0x00, 0x00, 0x00, 0x00, 0x00, 0x00, 0x00, 0x00, 0x00, 0x00, 0x00, 0x00, 0x00,
    0x00, 0x00, 0x00, 0x00, 0x00, 0x00, 0x00, 0x00, 0x00, 0x00, 0x00, 0x00, 0x00, 0x00, 0x00, 0x00,
    0x00, 0x00, 0x00, 0x00, 0x00, 0x00, 0x00, 0x00, 0x00, 0x00, 0x00, 0x00, 0x00, 0x00, 0x00, 0x00,
    0x00, 0x00, 0x00, 0x00, 0x00, 0x00, 0x00, 0x00, 0x00, 0x00, 0x00, 0x00, 0x00, 0x00, 0x00, 0x00,
    0x00, 0x00, 0x00, 0x00, 0x00, 0x00, 0x00, 0x00, 0x00, 0x00, 0x00, 0x00, 0x00, 0x00, 0x00, 0x00,
    0x00, 0x00, 0x00, 0x00, 0x00, 0x00, 0x00, 0x00, 0x00, 0x00, 0x00, 0x00, 0x00, 0x00, 0x00, 0x00,
    0xF9, 0xF0, 0xEB, 0xE0, 0xE6, 0x95, 0x95, 0x62, 0xEE, 0xC8, 0xD5, 0xE3, 0xDA, 0xCF, 0xC7, 0xB0,
    0xB9, 0xB0, 0xC5, 0xC7, 0xC5, 0xCD, 0xC0, 0xB9, 0xBF, 0xC7, 0xB9, 0xBC, 0xB0, 0xA1, 0xB3, 0xB7,
    0xB7, 0xB3, 0xAF, 0x9F, 0x90, 0x8B, 0x98, 0x90, 0xAF, 0xAF, 0xB3, 0xB9, 0xA1, 0xBC, 0xBC, 0xBC,
    0xA6, 0xAF, 0xA6, 0xA4, 0x9A, 0x80, 0x77, 0x72, 0x5A, 0x72, 0x7F, 0x84, 0x98, 0x98, 0x98, 0x8E,
    0xA4, 0x80, 0x90, 0x8F, 0x84, 0x75, 0x8F, 0x72, 0x7E, 0x6E, 0x5C, 0x49, 0x67, 0x67, 0x5A, 0x5E,
    0x4F, 0x5A, 0x4F, 0x69, 0x56, 0x56, 0x56, 0x45, 0x52, 0x40, 0x51, 0x5A, 0x4D, 0x35, 0x31, 0x37,
    0x3C, 0x41, 0x31, 0x6A, 0x7F, 0x6F, 0x60, 0x69, 0x5A, 0x4B, 0x50, 0x50, 0x33, 0x41, 0x44, 0x26,
    0x21, 0x1C, 0x29, 0x35, 0x27, 0x25, 0x35, 0x2A, 0x1D, 0x2F, 0x2F, 0x2A, 0x1D, 0x26, 0x28, 0x31,
    0x25, 0x1F, 0x20, 0x16, 0x13, 0x21, 0x31, 0x2A, 0x1F, 0x21, 0x41, 0x42, 0x45, 0x37, 0x38, 0x4F,
    0x2F, 0x22, 0x26, 0x26, 0x20, 0x1C, 0x1B, 0x1C, 0x28, 0x21, 0x1C, 0x15, 0x21, 0x1C, 0x2F, 0x26,
    0x21, 0x1C, 0x16, 0x1F, 0x20, 0x21, 0x13, 0x12, 0x13, 0x10, 0x15, 0x1F, 0x21, 0x2B, 0x5D, 0x4B,
    0x43, 0x3C, 0x3C, 0x52, 0x3C, 0x2B, 0x43, 0x43, 0x44, 0x37, 0x2A, 0x26, 0x21, 0x29, 0x48, 0x27,
    0x20, 0x29, 0x21, 0x27, 0x28, 0x31, 0x25, 0x21, 0x25, 0x27, 0x34, 0x28, 0x21, 0x20, 0x1E, 0x1E,
    0x28, 0x36, 0x31, 0x1E, 0x31, 0x4D, 0x5D, 0x50, 0x43, 0x4D, 0x4C, 0x48, 0x48, 0x53, 0x4E, 0x48,
    0x35, 0x2B, 0x23, 0x3C, 0x4B, 0x65, 0x52, 0x6A, 0x6B, 0x6A, 0x7F, 0x7F, 0x75, 0x75, 0x5A, 0x5D,
    0x6E, 0x7B, 0x51, 0x47, 0x3C, 0x45, 0x6B, 0x74, 0x6D, 0x47, 0x5E, 0x80, 0x7F, 0x8A, 0x7F, 0x7C,
    0x80, 0x76, 0x75, 0x7F, 0x92, 0x8E, 0x97, 0x80, 0x77, 0x6A, 0x8E, 0xAF, 0x8D, 0x90, 0x9F, 0xB9,
    0xC7, 0xC7, 0xBC, 0xAF, 0xC5, 0xC3, 0xB9, 0xB9, 0x9A, 0x8D, 0x98, 0x90, 0x9E, 0xAD, 0xB7, 0xB6,
    0xB2, 0xB3, 0xA4, 0xC0, 0xB9, 0xBC, 0xA0, 0xA6, 0xB9, 0xBF, 0xC2, 0xB9, 0xAF, 0xAF, 0xAD, 0xBD,
    0xD6, 0xE3, 0xD6, 0xE0, 0xE0, 0xCF, 0xD9, 0xFD, 0x59, 0x95, 0x95, 0xF1, 0xF9, 0xF1, 0xF1, 0xF9,
    0x00, 0x00, 0x00, 0x00, 0x00, 0x00, 0x00, 0x00, 0x00, 0x00, 0x00, 0x00, 0x00, 0x00, 0x00, 0x00,
    0x00, 0x00, 0x00, 0x00, 0x00, 0x00, 0x00, 0x00, 0x00, 0x00, 0x00, 0x00, 0x00, 0x00, 0x00, 0x00,
    0x00, 0x00, 0x00, 0x00, 0x00, 0x00, 0x00, 0x00, 0x00, 0x00, 0x00, 0x00, 0x00, 0x00, 0x00, 0x00,
    0x00, 0x00, 0x00, 0x00, 0x00, 0x00, 0x00, 0x00, 0x00, 0x00, 0x00, 0x00, 0x00, 0x00, 0x00, 0x00,
    0x00, 0x00, 0x00, 0x00, 0x00, 0x00, 0x00, 0x00, 0x00, 0x00, 0x00, 0x00, 0x00, 0x00, 0x00, 0x00,
    0x00, 0x00, 0x00, 0x00, 0x00, 0x00, 0x00, 0x00, 0x00, 0x00, 0x00, 0x00, 0x00, 0x00, 0x00, 0x00,
    0x00, 0x00, 0x00, 0x00, 0x00, 0x00, 0x00, 0x00, 0x00, 0x00, 0x00, 0x00, 0x00, 0x00, 0x00, 0x00,
    0x00, 0x00, 0x00, 0x00, 0x00, 0x00, 0x00, 0x00, 0x00, 0x00, 0x00, 0x00, 0x00, 0x00, 0x00, 0x00,
    0x00, 0x00, 0x00, 0x00, 0x00, 0x00, 0x00, 0x00, 0x00, 0x00, 0x00, 0x00, 0x00, 0x00, 0x00, 0x00,
    0x00, 0x00, 0x00, 0x00, 0x00, 0x00, 0x00, 0x00, 0x00, 0x00, 0x00, 0x00, 0x00, 0x00, 0x00, 0x00,
    0x00, 0x00, 0x00, 0x00, 0x00, 0x00, 0x00, 0x00, 0x00, 0x00, 0x00, 0x00, 0x00, 0x00, 0x00, 0x00,
    0x00, 0x00, 0x00, 0x00, 0x00, 0x00, 0x00, 0x00, 0x00, 0x00, 0x00, 0x00, 0x00, 0x00, 0x00, 0x00,
    0xF4, 0xD6, 0xE4, 0xEB, 0xDB, 0x62, 0x95, 0x95, 0xFD, 0xE6, 0xE3, 0xD5, 0xCF, 0xCC, 0xC8, 0xC5,
    0xC7, 0xC5, 0xCF, 0xC7, 0xC9, 0xC1, 0xC2, 0xBC, 0xB9, 0xC5, 0xBC, 0xC1, 0xB0, 0xB0, 0xB0, 0x92,
    0xB3, 0xC2, 0xAB, 0xB7, 0xA0, 0xAD, 0x8F, 0xB7, 0xB7, 0xBC, 0xB9, 0xB9, 0xBC, 0xBC, 0xBC, 0x92,
    0xB0, 0xBC, 0x9A, 0xAB, 0xAB, 0x84, 0x82, 0x98, 0x8E, 0x6B, 0x9A, 0xA4, 0xB3, 0xAB, 0xA9, 0x97,
    0x8D, 0x8E, 0x8A, 0x7F, 0x8D, 0x5D, 0x7B, 0x72, 0x82, 0x66, 0x6E, 0x67, 0x7B, 0x6F, 0x6A, 0x7E,
    0x56, 0x56, 0x56, 0x60, 0x60, 0x60, 0x4F, 0x56, 0x41, 0x3C, 0x51, 0x5E, 0x5E, 0x42, 0x5A, 0x37,
    0x4B, 0x4B, 0x37, 0x56, 0x80, 0x7C, 0x6B, 0x56, 0x45, 0x37, 0x37, 0x37, 0x33, 0x33, 0x44, 0x2A,
    0x32, 0x25, 0x39, 0x3C, 0x47, 0x28, 0x21, 0x1D, 0x22, 0x19, 0x2F, 0x32, 0x1D, 0x22, 0x1D, 0x27,
    0x27, 0x40, 0x26, 0x33, 0x22, 0x21, 0x40, 0x25, 0x2B, 0x32, 0x45, 0x50, 0x56, 0x45, 0x2F, 0x2F,
    0x1D, 0x1D, 0x1D, 0x22, 0x31, 0x21, 0x27, 0x28, 0x31, 0x32, 0x27, 0x16, 0x19, 0x21, 0x31, 0x32,
    0x28, 0x21, 0x21, 0x19, 0x14, 0x15, 0x28, 0x19, 0x19, 0x21, 0x21, 0x26, 0x26, 0x50, 0x51, 0x52,
    0x43, 0x45, 0x45, 0x33, 0x2A, 0x25, 0x2B, 0x3C, 0x43, 0x37, 0x26, 0x26, 0x25, 0x40, 0x3E, 0x36,
    0x36, 0x28, 0x27, 0x27, 0x40, 0x32, 0x27, 0x28, 0x25, 0x25, 0x31, 0x29, 0x37, 0x25, 0x36, 0x3E,
    0x3D, 0x4D, 0x4C, 0x27, 0x3C, 0x5A, 0x5E, 0x50, 0x45, 0x48, 0x4C, 0x31, 0x3D, 0x5C, 0x5D, 0x4B,
    0x35, 0x4F, 0x39, 0x4B, 0x4B, 0x87, 0x4D, 0x4B, 0x6B, 0x6B, 0x72, 0x8D, 0x7C, 0x7F, 0x6A, 0x67,
    0x5D, 0x71, 0x5D, 0x5A, 0x5A, 0x56, 0x5A, 0x84, 0x85, 0x82, 0x6F, 0x6A, 0x8C, 0x8D, 0x7C, 0x7C,
    0x80, 0x6A, 0x87, 0x9E, 0xA0, 0x87, 0x87, 0x9E, 0xA4, 0x90, 0x8F, 0xB5, 0xB7, 0xB5, 0xAB, 0xB9,
    0xC3, 0xC3, 0xC5, 0xAF, 0xC5, 0xC7, 0x9F, 0xB9, 0xC3, 0xAB, 0xB2, 0xBE, 0xAB, 0xB6, 0xB7, 0xA3,
    0xA0, 0xB0, 0xB0, 0xB3, 0xBC, 0xB7, 0xA1, 0xC3, 0xB9, 0xB6, 0xC2, 0xC5, 0xC1, 0xC5, 0xB9, 0xCF,
    0xDA, 0xE3, 0xE3, 0xD6, 0xCF, 0xD6, 0xE3, 0xFD, 0x59, 0x95, 0x95, 0xF0, 0xF4, 0xDD, 0xDD, 0xF9,
    0x00, 0x00, 0x00, 0x00, 0x00, 0x00, 0x00, 0x00, 0x00, 0x00, 0x00, 0x00, 0x00, 0x00, 0x00, 0x00,
    0x00, 0x00, 0x00, 0x00, 0x00, 0x00, 0x00, 0x00, 0x00, 0x00, 0x00, 0x00, 0x00, 0x00, 0x00, 0x00,
    0x00, 0x00, 0x00, 0x00, 0x00, 0x00, 0x00, 0x00, 0x00, 0x00, 0x00, 0x00, 0x00, 0x00, 0x00, 0x00,
    0x00, 0x00, 0x00, 0x00, 0x00, 0x00, 0x00, 0x00, 0x00, 0x00, 0x00, 0x00, 0x00, 0x00, 0x00, 0x00,
    0x00, 0x00, 0x00, 0x00, 0x00, 0x00, 0x00, 0x00, 0x00, 0x00, 0x00, 0x00, 0x00, 0x00, 0x00, 0x00,
    0x00, 0x00, 0x00, 0x00, 0x00, 0x00, 0x00, 0x00, 0x00, 0x00, 0x00, 0x00, 0x00, 0x00, 0x00, 0x00,
    0x00, 0x00, 0x00, 0x00, 0x00, 0x00, 0x00, 0x00, 0x00, 0x00, 0x00, 0x00, 0x00, 0x00, 0x00, 0x00,
    0x00, 0x00, 0x00, 0x00, 0x00, 0x00, 0x00, 0x00, 0x00, 0x00, 0x00, 0x00, 0x00, 0x00, 0x00, 0x00,
    0x00, 0x00, 0x00, 0x00, 0x00, 0x00, 0x00, 0x00, 0x00, 0x00, 0x00, 0x00, 0x00, 0x00, 0x00, 0x00,
    0x00, 0x00, 0x00, 0x00, 0x00, 0x00, 0x00, 0x00, 0x00, 0x00, 0x00, 0x00, 0x00, 0x00, 0x00, 0x00,
    0x00, 0x00, 0x00, 0x00, 0x00, 0x00, 0x00, 0x00, 0x00, 0x00, 0x00, 0x00, 0x00, 0x00, 0x00, 0x00,
    0x00, 0x00, 0x00, 0x00, 0x00, 0x00, 0x00, 0x00, 0x00, 0x00, 0x00, 0x00, 0x00, 0x00, 0x00, 0x00,
    0xF0, 0xD6, 0xEB, 0xF8, 0xEF, 0x95, 0xA8, 0x95, 0xFD, 0xE2, 0xD2, 0xC8, 0xD5, 0xDA, 0xCF, 0xD6,
    0xDA, 0xE0, 0xDA, 0xCE, 0xD4, 0xCF, 0xBD, 0xBC, 0xC1, 0xBC, 0xAF, 0xB0, 0xBC, 0xA1, 0xA6, 0xAF,
    0xC2, 0xB9, 0xAD, 0xC5, 0xC5, 0xC2, 0xB6, 0xC5, 0xC2, 0xC5, 0xC5, 0xAD, 0xA0, 0xA4, 0x9B, 0xA6,
    0xAD, 0xAD, 0xB3, 0xB9, 0xA3, 0x96, 0x98, 0xC2, 0xA6, 0x9A, 0xBF, 0xAB, 0xAD, 0xAB, 0x8F, 0x85,
    0x8D, 0x80, 0x76, 0x7F, 0x6B, 0x60, 0x87, 0x72, 0x7E, 0x85, 0x8F, 0x87, 0x72, 0x6A, 0x7F, 0x75,
    0x56, 0x6B, 0x69, 0x56, 0x5E, 0x60, 0x52, 0x4F, 0x45, 0x45, 0x5D, 0x4C, 0x6A, 0x67, 0x6E, 0x6B,
    0x76, 0x6F, 0x75, 0x60, 0x69, 0x75, 0x5E, 0x37, 0x32, 0x3B, 0x3C, 0x44, 0x3E, 0x4B, 0x37, 0x44,
    0x5D, 0x5E, 0x51, 0x3B, 0x49, 0x2F, 0x1D, 0x28, 0x26, 0x26, 0x26, 0x26, 0x1D, 0x21, 0x1D, 0x26,
    0x34, 0x36, 0x2F, 0x44, 0x43, 0x31, 0x42, 0x4B, 0x50, 0x45, 0x32, 0x45, 0x45, 0x45, 0x19, 0x19,
    0x26, 0x2B, 0x21, 0x2F, 0x36, 0x42, 0x37, 0x50, 0x31, 0x31, 0x36, 0x1D, 0x2A, 0x21, 0x21, 0x1F,
    0x21, 0x1F, 0x21, 0x19, 0x19, 0x28, 0x31, 0x26, 0x37, 0x43, 0x2A, 0x41, 0x4F, 0x67, 0x40, 0x37,
    0x43, 0x41, 0x32, 0x21, 0x32, 0x31, 0x36, 0x31, 0x43, 0x43, 0x37, 0x4F, 0x56, 0x5E, 0x3C, 0x43,
    0x2A, 0x32, 0x36, 0x36, 0x28, 0x26, 0x37, 0x27, 0x27, 0x26, 0x31, 0x31, 0x31, 0x4B, 0x66, 0x4D,
    0x4D, 0x4C, 0x4C, 0x34, 0x3A, 0x35, 0x49, 0x3E, 0x4B, 0x3E, 0x3E, 0x36, 0x51, 0x4C, 0x4D, 0x43,
    0x5E, 0x65, 0x72, 0x54, 0x6E, 0x87, 0x82, 0x6A, 0x6B, 0x5E, 0x4F, 0x69, 0x7A, 0x6E, 0x7F, 0x8E,
    0x82, 0x66, 0x87, 0x82, 0x8F, 0x7F, 0x7F, 0x87, 0x9D, 0x87, 0x65, 0x6A, 0x7C, 0x72, 0x6A, 0x8F,
    0x5D, 0x7E, 0xAD, 0x98, 0x9D, 0x85, 0xAB, 0xAD, 0x98, 0x9F, 0xAD, 0xB9, 0xC0, 0xC2, 0xAD, 0xAD,
    0xA1, 0xAF, 0xB9, 0xB0, 0xB9, 0xAD, 0xB9, 0xCE, 0xB7, 0xAF, 0xC5, 0xD0, 0xC2, 0xC0, 0xB7, 0xB3,
    0x9A, 0xB3, 0xB9, 0xB0, 0xAF, 0xA0, 0xB0, 0xB0, 0xB9, 0xBF, 0xCE, 0xC5, 0xCE, 0xD5, 0xD5, 0xD6,
    0xDF, 0xE0, 0xD6, 0xD2, 0xD5, 0xD6, 0xDF, 0xFD, 0x62, 0x95, 0xA8, 0xEF, 0xDB, 0xCF, 0xD3, 0xF4,
    0x00, 0x00, 0x00, 0x00, 0x00, 0x00, 0x00, 0x00, 0x00, 0x00, 0x00, 0x00, 0x00, 0x00, 0x00, 0x00,
    0x00, 0x00, 0x00, 0x00, 0x00, 0x00, 0x00, 0x00, 0x00, 0x00, 0x00, 0x00, 0x00, 0x00, 0x00, 0x00,
    0x00, 0x00, 0x00, 0x00, 0x00, 0x00, 0x00, 0x00, 0x00, 0x00, 0x00, 0x00, 0x00, 0x00, 0x00, 0x00,
    0x00, 0x00, 0x00, 0x00, 0x00, 0x00, 0x00, 0x00, 0x00, 0x00, 0x00, 0x00, 0x00, 0x00, 0x00, 0x00,
    0x00, 0x00, 0x00, 0x00, 0x00, 0x00, 0x00, 0x00, 0x00, 0x00, 0x00, 0x00, 0x00, 0x00, 0x00, 0x00,
    0x00, 0x00, 0x00, 0x00, 0x00, 0x00, 0x00, 0x00, 0x00, 0x00, 0x00, 0x00, 0x00, 0x00, 0x00, 0x00,
    0x00, 0x00, 0x00, 0x00, 0x00, 0x00, 0x00, 0x00, 0x00, 0x00, 0x00, 0x00, 0x00, 0x00, 0x00, 0x00,
    0x00, 0x00, 0x00, 0x00, 0x00, 0x00, 0x00, 0x00, 0x00, 0x00, 0x00, 0x00, 0x00, 0x00, 0x00, 0x00,
    0x00, 0x00, 0x00, 0x00, 0x00, 0x00, 0x00, 0x00, 0x00, 0x00, 0x00, 0x00, 0x00, 0x00, 0x00, 0x00,
    0x00, 0x00, 0x00, 0x00, 0x00, 0x00, 0x00, 0x00, 0x00, 0x00, 0x00, 0x00, 0x00, 0x00, 0x00, 0x00,
    0x00, 0x00, 0x00, 0x00, 0x00, 0x00, 0x00, 0x00, 0x00, 0x00, 0x00, 0x00, 0x00, 0x00, 0x00, 0x00,
    0x00, 0x00, 0x00, 0x00, 0x00, 0x00, 0x00, 0x00, 0x00, 0x00, 0x00, 0x00, 0x00, 0x00, 0x00, 0x00,
    0xF9, 0xDA, 0xE0, 0xE3, 0xDB, 0x95, 0x95, 0x62, 0xFD, 0xC8, 0xCF, 0xC7, 0xC7, 0xDC, 0xCF, 0xDA,
    0xE3, 0xE0, 0xCF, 0xC5, 0xCD, 0xC2, 0xB9, 0xBD, 0xCF, 0xB9, 0xA6, 0xBC, 0xA7, 0xB3, 0x9F, 0x9A,
    0x9F, 0xB7, 0xB9, 0xC2, 0xCE, 0xB3, 0x9F, 0xA4, 0xB7, 0xA0, 0xC5, 0xAB, 0xB3, 0xB0, 0xA1, 0xC5,
    0xAF, 0xB0, 0x92, 0x8E, 0x87, 0x98, 0x97, 0xA4, 0xB3, 0x90, 0x8D, 0x97, 0xB2, 0xBF, 0x97, 0x8D,
    0x92, 0x80, 0x76, 0xA1, 0x8B, 0x8E, 0x90, 0x8D, 0x8E, 0x8D, 0x7F, 0x8F, 0x51, 0x43, 0x67, 0x6A,
    0x56, 0x61, 0x69, 0x6A, 0x51, 0x50, 0x45, 0x50, 0x42, 0x2F, 0x49, 0x44, 0x50, 0x75, 0x6E, 0x5E,
    0x52, 0x4B, 0x54, 0x6B, 0x45, 0x56, 0x69, 0x56, 0x51, 0x51, 0x54, 0x52, 0x50, 0x4B, 0x5E, 0x51,
    0x60, 0x65, 0x3C, 0x25, 0x25, 0x2A, 0x21, 0x45, 0x26, 0x37, 0x26, 0x22, 0x1D, 0x21, 0x1D, 0x16,
    0x25, 0x25, 0x31, 0x42, 0x44, 0x27, 0x21, 0x37, 0x41, 0x43, 0x26, 0x37, 0x41, 0x41, 0x37, 0x32,
    0x2A, 0x3C, 0x2A, 0x44, 0x42, 0x49, 0x4B, 0x36, 0x1F, 0x20, 0x25, 0x16, 0x22, 0x22, 0x26, 0x1B,
    0x19, 0x1F, 0x21, 0x19, 0x16, 0x21, 0x20, 0x31, 0x43, 0x42, 0x25, 0x2A, 0x37, 0x42, 0x4B, 0x25,
    0x4B, 0x4B, 0x37, 0x37, 0x43, 0x4B, 0x3E, 0x48, 0x5E, 0x42, 0x56, 0x52, 0x65, 0x3C, 0x28, 0x35,
    0x1F, 0x37, 0x45, 0x37, 0x21, 0x21, 0x26, 0x27, 0x2A, 0x1D, 0x27, 0x29, 0x21, 0x52, 0x5E, 0x51,
    0x4B, 0x35, 0x5C, 0x51, 0x48, 0x4A, 0x47, 0x47, 0x42, 0x5A, 0x54, 0x54, 0x5E, 0x5D, 0x7A, 0x48,
    0x4B, 0x5E, 0x5D, 0x48, 0x49, 0x52, 0x90, 0x6B, 0x52, 0x60, 0x38, 0x38, 0x7F, 0x6F, 0x80, 0x65,
    0x53, 0x66, 0x5C, 0x7E, 0x85, 0x8F, 0x7B, 0x6A, 0x87, 0x84, 0x7C, 0x8D, 0x84, 0x6A, 0x75, 0x8A,
    0xA3, 0x90, 0xAB, 0x9E, 0x7F, 0x85, 0x98, 0x9A, 0x75, 0x98, 0x97, 0xB7, 0xAD, 0xC5, 0xB7, 0xA0,
    0xAD, 0xA1, 0xB0, 0xB9, 0xA1, 0xA1, 0xA6, 0xBD, 0x9A, 0xA4, 0xB7, 0xCD, 0xC2, 0xB6, 0xB6, 0xAB,
    0x9A, 0xAD, 0xAB, 0xC5, 0xA0, 0xAF, 0xA6, 0xB3, 0xA6, 0xB7, 0xB7, 0xB9, 0xCE, 0xD6, 0xDA, 0xCF,
    0xCF, 0xD6, 0xDA, 0xE3, 0xE0, 0xCF, 0xD2, 0xFD, 0x59, 0xA8, 0xA8, 0xDA, 0xCE, 0xCF, 0xD6, 0xFB,
    0x00, 0x00, 0x00, 0x00, 0x00, 0x00, 0x00, 0x00, 0x00, 0x00, 0x00, 0x00, 0x00, 0x00, 0x00, 0x00,
    0x00, 0x00, 0x00, 0x00, 0x00, 0x00, 0x00, 0x00, 0x00, 0x00, 0x00, 0x00, 0x00, 0x00, 0x00, 0x00,
    0x00, 0x00, 0x00, 0x00, 0x00, 0x00, 0x00, 0x00, 0x00, 0x00, 0x00, 0x00, 0x00, 0x00, 0x00, 0x00,
    0x00, 0x00, 0x00, 0x00, 0x00, 0x00, 0x00, 0x00, 0x00, 0x00, 0x00, 0x00, 0x00, 0x00, 0x00, 0x00,
    0x00, 0x00, 0x00, 0x00, 0x00, 0x00, 0x00, 0x00, 0x00, 0x00, 0x00, 0x00, 0x00, 0x00, 0x00, 0x00,
    0x00, 0x00, 0x00, 0x00, 0x00, 0x00, 0x00, 0x00, 0x00, 0x00, 0x00, 0x00, 0x00, 0x00, 0x00, 0x00,
    0x00, 0x00, 0x00, 0x00, 0x00, 0x00, 0x00, 0x00, 0x00, 0x00, 0x00, 0x00, 0x00, 0x00, 0x00, 0x00,
    0x00, 0x00, 0x00, 0x00, 0x00, 0x00, 0x00, 0x00, 0x00, 0x00, 0x00, 0x00, 0x00, 0x00, 0x00, 0x00,
    0x00, 0x00, 0x00, 0x00, 0x00, 0x00, 0x00, 0x00, 0x00, 0x00, 0x00, 0x00, 0x00, 0x00, 0x00, 0x00,
    0x00, 0x00, 0x00, 0x00, 0x00, 0x00, 0x00, 0x00, 0x00, 0x00, 0x00, 0x00, 0x00, 0x00, 0x00, 0x00,
    0x00, 0x00, 0x00, 0x00, 0x00, 0x00, 0x00, 0x00, 0x00, 0x00, 0x00, 0x00, 0x00, 0x00, 0x00, 0x00,
    0x00, 0x00, 0x00, 0x00, 0x00, 0x00, 0x00, 0x00, 0x00, 0x00, 0x00, 0x00, 0x00, 0x00, 0x00, 0x00,
    0xFB, 0xE6, 0xDA, 0xDA, 0xEF, 0x95, 0xA8, 0x95, 0xFD, 0xCF, 0xD4, 0xDF, 0xD5, 0xD5, 0xD6, 0xD6,
    0xC7, 0xCF, 0xC7, 0xC7, 0xC5, 0xB6, 0xB3, 0xCE, 0xCF, 0xBD, 0xC3, 0xC7, 0xB0, 0xB7, 0xA0, 0xA3,
    0x9F, 0xB7, 0xB9, 0x9E, 0xB2, 0xA6, 0x92, 0x98, 0x8D, 0x7B, 0x9F, 0xB3, 0xB3, 0xB4, 0xC3, 0xAF,
    0xA6, 0x92, 0x8D, 0x84, 0x98, 0x9E, 0x7E, 0x7E, 0x9F, 0x8D, 0x7F, 0x81, 0x81, 0xAB, 0x96, 0xA2,
    0x98, 0x8B, 0x92, 0x92, 0x7B, 0x80, 0x90, 0x98, 0x98, 0x75, 0x7E, 0x7F, 0x60, 0x4B, 0x64, 0x6E,
    0x4F, 0x50, 0x61, 0x7C, 0x60, 0x5A, 0x50, 0x44, 0x45, 0x41, 0x4D, 0x56, 0x42, 0x44, 0x52, 0x43,
    0x3C, 0x3C, 0x35, 0x50, 0x37, 0x38, 0x56, 0x56, 0x69, 0x69, 0x3C, 0x52, 0x61, 0x5A, 0x6A, 0x52,
    0x37, 0x43, 0x36, 0x2A, 0x28, 0x25, 0x21, 0x42, 0x2F, 0x37, 0x37, 0x37, 0x2F, 0x21, 0x21, 0x20,
    0x25, 0x27, 0x25, 0x25, 0x31, 0x21, 0x1C, 0x25, 0x1B, 0x26, 0x21, 0x21, 0x2F, 0x33, 0x33, 0x37,
    0x22, 0x42, 0x41, 0x4F, 0x4F, 0x37, 0x2F, 0x26, 0x21, 0x28, 0x20, 0x15, 0x16, 0x22, 0x32, 0x1D,
    0x1D, 0x19, 0x21, 0x19, 0x1B, 0x20, 0x21, 0x25, 0x25, 0x2A, 0x21, 0x25, 0x20, 0x2B, 0x3C, 0x20,
    0x31, 0x51, 0x38, 0x56, 0x35, 0x43, 0x44, 0x45, 0x56, 0x45, 0x61, 0x42, 0x42, 0x37, 0x42, 0x2B,
    0x1B, 0x25, 0x25, 0x2A, 0x37, 0x37, 0x32, 0x28, 0x25, 0x21, 0x27, 0x31, 0x31, 0x31, 0x37, 0x43,
    0x42, 0x2A, 0x52, 0x51, 0x63, 0x5D, 0x69, 0x56, 0x45, 0x50, 0x49, 0x52, 0x6F, 0x72, 0x91, 0x5E,
    0x3C, 0x35, 0x43, 0x40, 0x40, 0x40, 0x5D, 0x49, 0x3C, 0x5E, 0x6B, 0x46, 0x6C, 0x6B, 0x52, 0x4B,
    0x4D, 0x6A, 0x6B, 0x66, 0x67, 0x6F, 0x6B, 0x6E, 0x71, 0x7F, 0x84, 0x8F, 0x98, 0x74, 0x6B, 0x6C,
    0xA0, 0x7F, 0x9F, 0x8A, 0x85, 0x8D, 0x72, 0x7B, 0x87, 0x8D, 0x87, 0x98, 0x7F, 0xB2, 0x9F, 0x92,
    0xC5, 0xA7, 0xA1, 0xAB, 0x9A, 0xAF, 0xAD, 0xB9, 0xA4, 0xAD, 0xA2, 0xB6, 0xB9, 0xB2, 0xAD, 0x9E,
    0xA4, 0xA4, 0xB7, 0xB9, 0xB9, 0xC5, 0xBC, 0xB9, 0xB9, 0xB2, 0xB7, 0xC5, 0xC5, 0xC5, 0xC5, 0xCC,
    0xCF, 0xBD, 0xD6, 0xEB, 0xDA, 0xC7, 0xDA, 0xFC, 0x59, 0xA8, 0xA8, 0xD6, 0xD6, 0xDA, 0xE3, 0xF9,
    0x00, 0x00, 0x00, 0x00, 0x00, 0x00, 0x00, 0x00, 0x00, 0x00, 0x00, 0x00, 0x00, 0x00, 0x00, 0x00,
    0x00, 0x00, 0x00, 0x00, 0x00, 0x00, 0x00, 0x00, 0x00, 0x00, 0x00, 0x00, 0x00, 0x00, 0x00, 0x00,
    0x00, 0x00, 0x00, 0x00, 0x00, 0x00, 0x00, 0x00, 0x00, 0x00, 0x00, 0x00, 0x00, 0x00, 0x00, 0x00,
    0x00, 0x00, 0x00, 0x00, 0x00, 0x00, 0x00, 0x00, 0x00, 0x00, 0x00, 0x00, 0x00, 0x00, 0x00, 0x00,
    0x00, 0x00, 0x00, 0x00, 0x00, 0x00, 0x00, 0x00, 0x00, 0x00, 0x00, 0x00, 0x00, 0x00, 0x00, 0x00,
    0x00, 0x00, 0x00, 0x00, 0x00, 0x00, 0x00, 0x00, 0x00, 0x00, 0x00, 0x00, 0x00, 0x00, 0x00, 0x00,
    0x00, 0x00, 0x00, 0x00, 0x00, 0x00, 0x00, 0x00, 0x00, 0x00, 0x00, 0x00, 0x00, 0x00, 0x00, 0x00,
    0x00, 0x00, 0x00, 0x00, 0x00, 0x00, 0x00, 0x00, 0x00, 0x00, 0x00, 0x00, 0x00, 0x00, 0x00, 0x00,
    0x00, 0x00, 0x00, 0x00, 0x00, 0x00, 0x00, 0x00, 0x00, 0x00, 0x00, 0x00, 0x00, 0x00, 0x00, 0x00,
    0x00, 0x00, 0x00, 0x00, 0x00, 0x00, 0x00, 0x00, 0x00, 0x00, 0x00, 0x00, 0x00, 0x00, 0x00, 0x00,
    0x00, 0x00, 0x00, 0x00, 0x00, 0x00, 0x00, 0x00, 0x00, 0x00, 0x00, 0x00, 0x00, 0x00, 0x00, 0x00,
    0x00, 0x00, 0x00, 0x00, 0x00, 0x00, 0x00, 0x00, 0x00, 0x00, 0x00, 0x00, 0x00, 0x00, 0x00, 0x00,
    0xFA, 0xF1, 0xE6, 0xF3, 0xF4, 0xA8, 0xA8, 0x95, 0xFD, 0xEF, 0xE6, 0xE3, 0xDA, 0xE3, 0xDA, 0xC8,
    0xC4, 0xC7, 0xC8, 0xC4, 0xC1, 0xC2, 0xC9, 0xC7, 0xCE, 0xBD, 0xC1, 0xB5, 0xC5, 0xA6, 0xB9, 0xB9,
    0xB7, 0xB9, 0xAD, 0xAD, 0xB2, 0x9F, 0xAF, 0x8D, 0x86, 0x87, 0xA0, 0xC2, 0xB7, 0x9A, 0x9B, 0xB9,
    0xB4, 0x97, 0x98, 0xA2, 0xA2, 0x90, 0x8D, 0x98, 0x9A, 0x8F, 0x87, 0x72, 0x72, 0x97, 0xBE, 0xA9,
    0x8F, 0x8E, 0x8E, 0x5E, 0x8D, 0x9F, 0x9E, 0x98, 0x98, 0x8D, 0x76, 0x7F, 0x6A, 0x7C, 0x4D, 0x5D,
    0x7A, 0x76, 0x80, 0x6A, 0x5A, 0x5A, 0x56, 0x52, 0x5E, 0x5D, 0x49, 0x64, 0x4F, 0x49, 0x5A, 0x40,
    0x40, 0x36, 0x2B, 0x45, 0x4F, 0x4F, 0x41, 0x33, 0x4F, 0x4F, 0x56, 0x6E, 0x56, 0x77, 0x5E, 0x37,
    0x32, 0x43, 0x2F, 0x37, 0x25, 0x25, 0x31, 0x31, 0x42, 0x32, 0x42, 0x2A, 0x2F, 0x2F, 0x36, 0x3B,
    0x25, 0x36, 0x21, 0x31, 0x2B, 0x25, 0x21, 0x1C, 0x14, 0x21, 0x2B, 0x2A, 0x2A, 0x22, 0x37, 0x43,
    0x44, 0x43, 0x41, 0x52, 0x37, 0x26, 0x2F, 0x22, 0x21, 0x27, 0x20, 0x29, 0x28, 0x22, 0x21, 0x1D,
    0x16, 0x1D, 0x1D, 0x31, 0x29, 0x28, 0x31, 0x27, 0x31, 0x28, 0x25, 0x25, 0x1E, 0x25, 0x35, 0x42,
    0x36, 0x41, 0x33, 0x52, 0x52, 0x52, 0x56, 0x4F, 0x56, 0x41, 0x4B, 0x37, 0x42, 0x4B, 0x40, 0x1F,
    0x27, 0x35, 0x28, 0x31, 0x31, 0x31, 0x25, 0x28, 0x28, 0x3E, 0x3A, 0x29, 0x43, 0x2B, 0x52, 0x40,
    0x2B, 0x37, 0x52, 0x7A, 0x5D, 0x5D, 0x48, 0x44, 0x50, 0x4F, 0x5D, 0x71, 0x82, 0x66, 0x7E, 0x4F,
    0x3C, 0x43, 0x52, 0x4D, 0x4B, 0x35, 0x39, 0x67, 0x6A, 0x67, 0x60, 0x61, 0x86, 0x98, 0x66, 0x71,
    0x5C, 0x72, 0x7B, 0x64, 0x7F, 0x75, 0x65, 0x72, 0x7E, 0xA4, 0x9E, 0x8D, 0x8A, 0x6B, 0x61, 0x8A,
    0x80, 0xAF, 0x9F, 0x90, 0x98, 0x98, 0x8D, 0x8D, 0xA4, 0x8D, 0x97, 0x84, 0x67, 0x80, 0xAD, 0xB7,
    0x92, 0xA6, 0xBC, 0xD3, 0xC5, 0xD0, 0xC5, 0xC9, 0xC2, 0xAD, 0xB9, 0xC0, 0xAD, 0xAD, 0xA4, 0xB6,
    0xCD, 0xB0, 0xB3, 0xB9, 0xC4, 0xB3, 0xC5, 0xC2, 0xC5, 0xB9, 0xB9, 0xC2, 0xC2, 0xCE, 0xC5, 0xC5,
    0xCC, 0xC5, 0xDF, 0xD6, 0xE3, 0xE2, 0xDF, 0xFC, 0x59, 0x95, 0xA8, 0xDD, 0xF0, 0xEA, 0xE3, 0xF3,
    0x00, 0x00, 0x00, 0x00, 0x00, 0x00, 0x00, 0x00, 0x00, 0x00, 0x00, 0x00, 0x00, 0x00, 0x00, 0x00,
    0x00, 0x00, 0x00, 0x00, 0x00, 0x00, 0x00, 0x00, 0x00, 0x00, 0x00, 0x00, 0x00, 0x00, 0x00, 0x00,
    0x00, 0x00, 0x00, 0x00, 0x00, 0x00, 0x00, 0x00, 0x00, 0x00, 0x00, 0x00, 0x00, 0x00, 0x00, 0x00,
    0x00, 0x00, 0x00, 0x00, 0x00, 0x00, 0x00, 0x00, 0x00, 0x00, 0x00, 0x00, 0x00, 0x00, 0x00, 0x00,
    0x00, 0x00, 0x00, 0x00, 0x00, 0x00, 0x00, 0x00, 0x00, 0x00, 0x00, 0x00, 0x00, 0x00, 0x00, 0x00,
    0x00, 0x00, 0x00, 0x00, 0x00, 0x00, 0x00, 0x00, 0x00, 0x00, 0x00, 0x00, 0x00, 0x00, 0x00, 0x00,
    0x00, 0x00, 0x00, 0x00, 0x00, 0x00, 0x00, 0x00, 0x00, 0x00, 0x00, 0x00, 0x00, 0x00, 0x00, 0x00,
    0x00, 0x00, 0x00, 0x00, 0x00, 0x00, 0x00, 0x00, 0x00, 0x00, 0x00, 0x00, 0x00, 0x00, 0x00, 0x00,
    0x00, 0x00, 0x00, 0x00, 0x00, 0x00, 0x00, 0x00, 0x00, 0x00, 0x00, 0x00, 0x00, 0x00, 0x00, 0x00,
    0x00, 0x00, 0x00, 0x00, 0x00, 0x00, 0x00, 0x00, 0x00, 0x00, 0x00, 0x00, 0x00, 0x00, 0x00, 0x00,
    0x00, 0x00, 0x00, 0x00, 0x00, 0x00, 0x00, 0x00, 0x00, 0x00, 0x00, 0x00, 0x00, 0x00, 0x00, 0x00,
    0x00, 0x00, 0x00, 0x00, 0x00, 0x00, 0x00, 0x00, 0x00, 0x00, 0x00, 0x00, 0x00, 0x00, 0x00, 0x00,
    0xFA, 0xF5, 0xE3, 0xE9, 0xF4, 0xA8, 0xA8, 0x95, 0xFD, 0xDB, 0xDA, 0xD6, 0xD6, 0xDA, 0xC7, 0xC8,
    0xC7, 0xC4, 0xCF, 0xC5, 0xC0, 0xCE, 0xC2, 0xCD, 0xB7, 0xC2, 0xBC, 0xB0, 0xAF, 0xB9, 0xC2, 0xB9,
    0xC5, 0xB3, 0x9A, 0xB0, 0xB0, 0xAF, 0xB9, 0x90, 0x97, 0xAD, 0xAB, 0xAB, 0x9E, 0x9A, 0x8C, 0x92,
    0xA4, 0xA9, 0xAB, 0xB2, 0xAB, 0x87, 0x92, 0x98, 0xA4, 0x87, 0x7F, 0x8D, 0xA3, 0x8F, 0xA3, 0x8D,
    0x82, 0x8A, 0x77, 0x6B, 0x77, 0x97, 0x7F, 0x7F, 0x86, 0x8E, 0x6A, 0x6A, 0x72, 0x7C, 0x5D, 0x67,
    0x84, 0x80, 0x5E, 0x50, 0x5A, 0x5A, 0x56, 0x52, 0x64, 0x6A, 0x5E, 0x42, 0x50, 0x5E, 0x45, 0x45,
    0x44, 0x40, 0x5A, 0x4D, 0x49, 0x40, 0x43, 0x38, 0x52, 0x4F, 0x56, 0x4B, 0x41, 0x61, 0x40, 0x35,
    0x2A, 0x43, 0x44, 0x37, 0x36, 0x3C, 0x36, 0x44, 0x2F, 0x2F, 0x26, 0x26, 0x2A, 0x40, 0x3B, 0x27,
    0x2A, 0x21, 0x26, 0x26, 0x31, 0x28, 0x20, 0x20, 0x28, 0x25, 0x27, 0x20, 0x21, 0x26, 0x37, 0x42,
    0x42, 0x2A, 0x22, 0x45, 0x2F, 0x25, 0x2A, 0x42, 0x31, 0x20, 0x27, 0x36, 0x3B, 0x28, 0x1F, 0x1F,
    0x19, 0x22, 0x2A, 0x4C, 0x36, 0x3B, 0x27, 0x27, 0x37, 0x2A, 0x31, 0x21, 0x2B, 0x31, 0x31, 0x44,
    0x3B, 0x41, 0x37, 0x4F, 0x51, 0x51, 0x37, 0x37, 0x45, 0x45, 0x37, 0x45, 0x52, 0x4F, 0x37, 0x21,
    0x40, 0x3E, 0x32, 0x21, 0x25, 0x25, 0x27, 0x36, 0x44, 0x48, 0x36, 0x35, 0x25, 0x3C, 0x40, 0x44,
    0x31, 0x45, 0x5E, 0x6F, 0x4B, 0x29, 0x3A, 0x4B, 0x42, 0x37, 0x5D, 0x71, 0x5C, 0x5E, 0x67, 0x3B,
    0x42, 0x3C, 0x51, 0x60, 0x44, 0x4B, 0x5D, 0x5C, 0x7E, 0x54, 0x5E, 0x60, 0x71, 0x71, 0x81, 0x85,
    0x71, 0x6B, 0x4D, 0x5D, 0x5D, 0x82, 0x72, 0x71, 0xAB, 0xAB, 0x90, 0x61, 0x51, 0x6B, 0x69, 0x61,
    0x6F, 0x8F, 0x9E, 0x87, 0x9F, 0x8A, 0x9A, 0xA4, 0x9F, 0xA3, 0x87, 0x7F, 0x92, 0x8E, 0xA3, 0xA4,
    0x98, 0xAA, 0xB9, 0xB9, 0xC5, 0xBD, 0xAD, 0xCE, 0xBF, 0xAD, 0xB5, 0xB3, 0xBF, 0xAD, 0xAD, 0xC2,
    0xC2, 0xC5, 0xB3, 0xAF, 0xB9, 0xAF, 0xC2, 0xC0, 0xC2, 0xC2, 0xC5, 0xBC, 0xCD, 0xC5, 0xCE, 0xCF,
    0xC5, 0xDA, 0xDA, 0xD6, 0xE3, 0xDA, 0xC9, 0xFD, 0x62, 0xA8, 0xCA, 0xDB, 0xDD, 0xF0, 0xF3, 0xF8,
    0x00, 0x00, 0x00, 0x00, 0x00, 0x00, 0x00, 0x00, 0x00, 0x00, 0x00, 0x00, 0x00, 0x00, 0x00, 0x00,
    0x00, 0x00, 0x00, 0x00, 0x00, 0x00, 0x00, 0x00, 0x00, 0x00, 0x00, 0x00, 0x00, 0x00, 0x00, 0x00,
    0x00, 0x00, 0x00, 0x00, 0x00, 0x00, 0x00, 0x00, 0x00, 0x00, 0x00, 0x00, 0x00, 0x00, 0x00, 0x00,
    0x00, 0x00, 0x00, 0x00, 0x00, 0x00, 0x00, 0x00, 0x00, 0x00, 0x00, 0x00, 0x00, 0x00, 0x00, 0x00,
    0x00, 0x00, 0x00, 0x00, 0x00, 0x00, 0x00, 0x00, 0x00, 0x00, 0x00, 0x00, 0x00, 0x00, 0x00, 0x00,
    0x00, 0x00, 0x00, 0x00, 0x00, 0x00, 0x00, 0x00, 0x00, 0x00, 0x00, 0x00, 0x00, 0x00, 0x00, 0x00,
    0x00, 0x00, 0x00, 0x00, 0x00, 0x00, 0x00, 0x00, 0x00, 0x00, 0x00, 0x00, 0x00, 0x00, 0x00, 0x00,
    0x00, 0x00, 0x00, 0x00, 0x00, 0x00, 0x00, 0x00, 0x00, 0x00, 0x00, 0x00, 0x00, 0x00, 0x00, 0x00,
    0x00, 0x00, 0x00, 0x00, 0x00, 0x00, 0x00, 0x00, 0x00, 0x00, 0x00, 0x00, 0x00, 0x00, 0x00, 0x00,
    0x00, 0x00, 0x00, 0x00, 0x00, 0x00, 0x00, 0x00, 0x00, 0x00, 0x00, 0x00, 0x00, 0x00, 0x00, 0x00,
    0x00, 0x00, 0x00, 0x00, 0x00, 0x00, 0x00, 0x00, 0x00, 0x00, 0x00, 0x00, 0x00, 0x00, 0x00, 0x00,
    0x00, 0x00, 0x00, 0x00, 0x00, 0x00, 0x00, 0x00, 0x00, 0x00, 0x00, 0x00, 0x00, 0x00, 0x00, 0x00,
    0xFA, 0xEA, 0xE0, 0xDC, 0xEF, 0x95, 0xA8, 0x95, 0xFD, 0xC8, 0xCF, 0xD3, 0xDA, 0xCF, 0xC7, 0xC7,
    0xC3, 0xCF, 0xDA, 0xC5, 0xC7, 0xC0, 0xBF, 0xC2, 0xB7, 0xC1, 0xB9, 0xB0, 0xAB, 0xBE, 0xCD, 0xC2,
    0xB7, 0xAD, 0xAF, 0x9B, 0xA7, 0xC7, 0xB9, 0xB2, 0xC5, 0xA4, 0xB3, 0x87, 0x8D, 0x9A, 0xA4, 0x9A,
    0x8D, 0xA3, 0xA4, 0xA3, 0x9F, 0x9A, 0x8E, 0x77, 0xB3, 0x9A, 0x8C, 0xBF, 0xBF, 0xB3, 0x8A, 0x72,
    0x72, 0x75, 0x75, 0x98, 0x61, 0x7F, 0x67, 0x5D, 0x71, 0x7F, 0x6A, 0x87, 0xA9, 0x6B, 0x65, 0x7E,
    0x71, 0x6D, 0x5D, 0x5D, 0x56, 0x45, 0x5A, 0x5D, 0x5D, 0x6A, 0x51, 0x4F, 0x52, 0x43, 0x6B, 0x75,
    0x5D, 0x75, 0x51, 0x6B, 0x51, 0x37, 0x37, 0x33, 0x5E, 0x42, 0x4B, 0x37, 0x2F, 0x50, 0x32, 0x41,
    0x2F, 0x45, 0x75, 0x41, 0x31, 0x3B, 0x36, 0x44, 0x28, 0x26, 0x1D, 0x21, 0x32, 0x31, 0x31, 0x20,
    0x25, 0x21, 0x2F, 0x1F, 0x37, 0x42, 0x1F, 0x45, 0x44, 0x32, 0x26, 0x25, 0x26, 0x1D, 0x42, 0x37,
    0x37, 0x21, 0x1C, 0x22, 0x2F, 0x2A, 0x36, 0x66, 0x56, 0x27, 0x27, 0x24, 0x36, 0x1F, 0x21, 0x19,
    0x1F, 0x26, 0x20, 0x36, 0x3D, 0x31, 0x28, 0x2F, 0x21, 0x44, 0x42, 0x26, 0x5A, 0x5E, 0x52, 0x25,
    0x25, 0x37, 0x37, 0x50, 0x40, 0x3C, 0x21, 0x31, 0x2A, 0x45, 0x37, 0x37, 0x56, 0x5E, 0x41, 0x28,
    0x36, 0x36, 0x36, 0x27, 0x27, 0x21, 0x31, 0x3A, 0x3A, 0x3F, 0x31, 0x35, 0x2B, 0x42, 0x3C, 0x5E,
    0x52, 0x4F, 0x51, 0x5E, 0x35, 0x34, 0x40, 0x3C, 0x35, 0x4D, 0x29, 0x3A, 0x48, 0x51, 0x5F, 0x44,
    0x42, 0x35, 0x6A, 0x52, 0x49, 0x73, 0x71, 0x66, 0x48, 0x54, 0x60, 0x5E, 0x67, 0x5C, 0x66, 0x7E,
    0x87, 0x75, 0x65, 0x64, 0x49, 0x8D, 0x8F, 0x7D, 0x82, 0x9E, 0x98, 0x67, 0x66, 0x75, 0x60, 0x6B,
    0x7F, 0x88, 0x96, 0x85, 0x8F, 0x92, 0x9F, 0x8D, 0xA1, 0xBC, 0x92, 0xA6, 0x98, 0xA4, 0xBF, 0xB3,
    0xAB, 0xB5, 0xAB, 0x97, 0xB2, 0xA0, 0xAB, 0xC5, 0xAD, 0xB3, 0xA6, 0xC4, 0xCF, 0xA0, 0xAF, 0xBC,
    0xB3, 0xC2, 0xB9, 0xAD, 0xAD, 0xAD, 0xB9, 0xBF, 0xC2, 0xC0, 0xC9, 0xC3, 0xC7, 0xC1, 0xD4, 0xDC,
    0xC3, 0xD6, 0xD6, 0xDA, 0xDF, 0xC8, 0xD2, 0xFD, 0x59, 0x95, 0xA8, 0xDA, 0xC8, 0xE6, 0xF1, 0xF9,
    0x00, 0x00, 0x00, 0x00, 0x00, 0x00, 0x00, 0x00, 0x00, 0x00, 0x00, 0x00, 0x00, 0x00, 0x00, 0x00,
    0x00, 0x00, 0x00, 0x00, 0x00, 0x00, 0x00, 0x00, 0x00, 0x00, 0x00, 0x00, 0x00, 0x00, 0x00, 0x00,
    0x00, 0x00, 0x00, 0x00, 0x00, 0x00, 0x00, 0x00, 0x00, 0x00, 0x00, 0x00, 0x00, 0x00, 0x00, 0x00,
    0x00, 0x00, 0x00, 0x00, 0x00, 0x00, 0x00, 0x00, 0x00, 0x00, 0x00, 0x00, 0x00, 0x00, 0x00, 0x00,
    0x00, 0x00, 0x00, 0x00, 0x00, 0x00, 0x00, 0x00, 0x00, 0x00, 0x00, 0x00, 0x00, 0x00, 0x00, 0x00,
    0x00, 0x00, 0x00, 0x00, 0x00, 0x00, 0x00, 0x00, 0x00, 0x00, 0x00, 0x00, 0x00, 0x00, 0x00, 0x00,
    0x00, 0x00, 0x00, 0x00, 0x00, 0x00, 0x00, 0x00, 0x00, 0x00, 0x00, 0x00, 0x00, 0x00, 0x00, 0x00,
    0x00, 0x00, 0x00, 0x00, 0x00, 0x00, 0x00, 0x00, 0x00, 0x00, 0x00, 0x00, 0x00, 0x00, 0x00, 0x00,
    0x00, 0x00, 0x00, 0x00, 0x00, 0x00, 0x00, 0x00, 0x00, 0x00, 0x00, 0x00, 0x00, 0x00, 0x00, 0x00,
    0x00, 0x00, 0x00, 0x00, 0x00, 0x00, 0x00, 0x00, 0x00, 0x00, 0x00, 0x00, 0x00, 0x00, 0x00, 0x00,
    0x00, 0x00, 0x00, 0x00, 0x00, 0x00, 0x00, 0x00, 0x00, 0x00, 0x00, 0x00, 0x00, 0x00, 0x00, 0x00,
    0x00, 0x00, 0x00, 0x00, 0x00, 0x00, 0x00, 0x00, 0x00, 0x00, 0x00, 0x00, 0x00, 0x00, 0x00, 0x00,
    0xF9, 0xE6, 0xD6, 0xE3, 0xEF, 0xA8, 0xA8, 0x95, 0xFD, 0xDA, 0xD6, 0xDA, 0xD5, 0xD2, 0xDA, 0xDA,
    0xD6, 0xD4, 0xDA, 0xCF, 0xC7, 0xC2, 0xBC, 0xB9, 0xBE, 0xC0, 0xB3, 0xC1, 0xC0, 0xC2, 0xB7, 0xC2,
    0xB9, 0xC5, 0xC5, 0xAD, 0xB9, 0xC2, 0xC5, 0xBC, 0xBC, 0xCC, 0xB7, 0x9A, 0xAB, 0xAD, 0xB7, 0x97,
    0x98, 0x90, 0x9F, 0x98, 0xA6, 0xA6, 0x8D, 0x92, 0x98, 0x98, 0x98, 0xA0, 0xBF, 0xA9, 0x72, 0x82,
    0x84, 0x6B, 0x8D, 0x97, 0x7F, 0x72, 0x7E, 0x80, 0x80, 0x87, 0x85, 0xB1, 0xA9, 0x90, 0x7E, 0x85,
    0x70, 0x64, 0x51, 0x60, 0x4F, 0x5A, 0x6A, 0x5E, 0x48, 0x51, 0x56, 0x42, 0x4F, 0x5E, 0x6B, 0x80,
    0x6B, 0x75, 0x8D, 0x7F, 0x51, 0x4B, 0x43, 0x4F, 0x5D, 0x5E, 0x4C, 0x56, 0x45, 0x45, 0x4F, 0x33,
    0x45, 0x4B, 0x60, 0x50, 0x37, 0x3C, 0x31, 0x28, 0x25, 0x2A, 0x1D, 0x26, 0x3E, 0x28, 0x21, 0x27,
    0x25, 0x2A, 0x31, 0x36, 0x31, 0x37, 0x2A, 0x37, 0x43, 0x31, 0x28, 0x31, 0x32, 0x37, 0x48, 0x37,
    0x2F, 0x21, 0x32, 0x43, 0x35, 0x48, 0x4C, 0x5C, 0x4C, 0x2F, 0x36, 0x27, 0x25, 0x27, 0x26, 0x19,
    0x26, 0x31, 0x3C, 0x28, 0x2F, 0x22, 0x2F, 0x27, 0x27, 0x40, 0x44, 0x3A, 0x4E, 0x67, 0x3C, 0x2A,
    0x31, 0x32, 0x37, 0x44, 0x45, 0x3C, 0x35, 0x40, 0x51, 0x5E, 0x4B, 0x50, 0x56, 0x6E, 0x43, 0x44,
    0x31, 0x36, 0x34, 0x27, 0x28, 0x21, 0x2A, 0x3F, 0x27, 0x29, 0x3E, 0x49, 0x40, 0x3C, 0x5D, 0x4D,
    0x67, 0x52, 0x5E, 0x3E, 0x35, 0x40, 0x4B, 0x40, 0x4B, 0x5D, 0x40, 0x43, 0x3D, 0x67, 0x67, 0x5E,
    0x5D, 0x64, 0x67, 0x66, 0x5C, 0x87, 0x81, 0x54, 0x4D, 0x53, 0x60, 0x6F, 0x63, 0x81, 0x70, 0x71,
    0x82, 0x6F, 0x67, 0x6E, 0x7B, 0x90, 0x8D, 0x7F, 0x84, 0x97, 0x9D, 0x7A, 0x72, 0x76, 0x6B, 0x87,
    0xA9, 0x87, 0x87, 0x87, 0x98, 0x9F, 0x98, 0x8B, 0xA1, 0xA0, 0xA6, 0xAD, 0xB7, 0xC5, 0xB2, 0xAB,
    0xC0, 0xB7, 0xB2, 0xAD, 0xB3, 0xAD, 0xA4, 0xC5, 0xBC, 0xB3, 0xA4, 0xB9, 0xC5, 0xB0, 0xB0, 0xB9,
    0xAD, 0xAB, 0xAD, 0xB7, 0xB3, 0xC2, 0xB7, 0xB9, 0xC1, 0xBF, 0xCE, 0xCF, 0xCE, 0xD5, 0xCF, 0xD6,
    0xCF, 0xCE, 0xD6, 0xCF, 0xC7, 0xD6, 0xE3, 0xF8, 0x62, 0x95, 0xA8, 0xDA, 0xD6, 0xDE, 0xE3, 0xF8,
    0x00, 0x00, 0x00, 0x00, 0x00, 0x00, 0x00, 0x00, 0x00, 0x00, 0x00, 0x00, 0x00, 0x00, 0x00, 0x00,
    0x00, 0x00, 0x00, 0x00, 0x00, 0x00, 0x00, 0x00, 0x00, 0x00, 0x00, 0x00, 0x00, 0x00, 0x00, 0x00,
    0x00, 0x00, 0x00, 0x00, 0x00, 0x00, 0x00, 0x00, 0x00, 0x00, 0x00, 0x00, 0x00, 0x00, 0x00, 0x00,
    0x00, 0x00, 0x00, 0x00, 0x00, 0x00, 0x00, 0x00, 0x00, 0x00, 0x00, 0x00, 0x00, 0x00, 0x00, 0x00,
    0x00, 0x00, 0x00, 0x00, 0x00, 0x00, 0x00, 0x00, 0x00, 0x00, 0x00, 0x00, 0x00, 0x00, 0x00, 0x00,
    0x00, 0x00, 0x00, 0x00, 0x00, 0x00, 0x00, 0x00, 0x00, 0x00, 0x00, 0x00, 0x00, 0x00, 0x00, 0x00,
    0x00, 0x00, 0x00, 0x00, 0x00, 0x00, 0x00, 0x00, 0x00, 0x00, 0x00, 0x00, 0x00, 0x00, 0x00, 0x00,
    0x00, 0x00, 0x00, 0x00, 0x00, 0x00, 0x00, 0x00, 0x00, 0x00, 0x00, 0x00, 0x00, 0x00, 0x00, 0x00,
    0x00, 0x00, 0x00, 0x00, 0x00, 0x00, 0x00, 0x00, 0x00, 0x00, 0x00, 0x00, 0x00, 0x00, 0x00, 0x00,
    0x00, 0x00, 0x00, 0x00, 0x00, 0x00, 0x00, 0x00, 0x00, 0x00, 0x00, 0x00, 0x00, 0x00, 0x00, 0x00,
    0x00, 0x00, 0x00, 0x00, 0x00, 0x00, 0x00, 0x00, 0x00, 0x00, 0x00, 0x00, 0x00, 0x00, 0x00, 0x00,
    0x00, 0x00, 0x00, 0x00, 0x00, 0x00, 0x00, 0x00, 0x00, 0x00, 0x00, 0x00, 0x00, 0x00, 0x00, 0x00,
    0xF4, 0xF3, 0xDC, 0xF3, 0xF5, 0xCA, 0xA8, 0x95, 0xEC, 0xE3, 0xE0, 0xD2, 0xCE, 0xC7, 0xE3, 0xDA,
    0xDA, 0xE3, 0xE0, 0xDA, 0xC5, 0xB9, 0xBC, 0xC9, 0xCE, 0xC0, 0xC2, 0xCD, 0xCD, 0xC2, 0xB7, 0xB7,
    0xAF, 0xB7, 0xC0, 0xC2, 0xCE, 0xB9, 0xB3, 0xAF, 0xAF, 0xBC, 0xC7, 0xBC, 0xA3, 0xA6, 0xA3, 0x9F,
    0xB9, 0x98, 0x8C, 0x9A, 0x9F, 0xA9, 0x87, 0x98, 0xAB, 0x9F, 0xA0, 0x8A, 0x8A, 0x90, 0xAD, 0x98,
    0x84, 0x80, 0x98, 0x90, 0x90, 0x7F, 0x6F, 0x61, 0x80, 0x97, 0x87, 0x97, 0xB2, 0x97, 0x71, 0x66,
    0x71, 0x7E, 0x84, 0x6F, 0x65, 0x6E, 0x5E, 0x5E, 0x5D, 0x4B, 0x4B, 0x4B, 0x4B, 0x7B, 0x75, 0x61,
    0x61, 0x5E, 0x5A, 0x65, 0x6A, 0x51, 0x49, 0x5E, 0x60, 0x72, 0x5A, 0x2F, 0x37, 0x33, 0x45, 0x60,
    0x50, 0x6A, 0x76, 0x69, 0x40, 0x2A, 0x26, 0x31, 0x35, 0x31, 0x2A, 0x40, 0x27, 0x36, 0x28, 0x21,
    0x21, 0x26, 0x25, 0x42, 0x44, 0x26, 0x22, 0x21, 0x28, 0x45, 0x6B, 0x3C, 0x3C, 0x40, 0x3C, 0x43,
    0x35, 0x1D, 0x1D, 0x35, 0x4D, 0x40, 0x36, 0x44, 0x36, 0x31, 0x20, 0x24, 0x3B, 0x3E, 0x31, 0x32,
    0x4B, 0x44, 0x4B, 0x37, 0x1D, 0x22, 0x32, 0x21, 0x28, 0x40, 0x31, 0x3A, 0x3A, 0x29, 0x31, 0x51,
    0x43, 0x3C, 0x44, 0x5A, 0x60, 0x37, 0x37, 0x40, 0x51, 0x72, 0x6A, 0x5E, 0x6A, 0x6F, 0x51, 0x26,
    0x2A, 0x35, 0x36, 0x31, 0x31, 0x2A, 0x31, 0x34, 0x3A, 0x36, 0x36, 0x35, 0x36, 0x31, 0x50, 0x6A,
    0x51, 0x53, 0x35, 0x35, 0x5E, 0x67, 0x48, 0x48, 0x5D, 0x4D, 0x44, 0x51, 0x49, 0x42, 0x4B, 0x4D,
    0x6A, 0x72, 0x66, 0x4D, 0x66, 0x49, 0x49, 0x75, 0x8E, 0x65, 0x6E, 0x76, 0x7F, 0xA3, 0x71, 0x67,
    0x51, 0x71, 0x71, 0x6E, 0x7C, 0x65, 0x7F, 0x87, 0x75, 0x7E, 0x81, 0x8F, 0x81, 0x87, 0x87, 0x9E,
    0xA3, 0x87, 0x7D, 0x96, 0x8D, 0xAD, 0x9F, 0xA1, 0xA0, 0xA4, 0xA0, 0x92, 0xA6, 0xB7, 0xAB, 0xB2,
    0xC2, 0xCB, 0xB7, 0xBF, 0xC5, 0xA3, 0x98, 0xA3, 0xB7, 0xCE, 0xC2, 0xB7, 0xB7, 0xB7, 0xB0, 0xA1,
    0xB3, 0xB9, 0xB7, 0xB7, 0xC0, 0xC5, 0xB7, 0xBF, 0xC5, 0xC2, 0xBC, 0xCE, 0xCD, 0xDA, 0xDA, 0xC8,
    0xCF, 0xD6, 0xCF, 0xCF, 0xD6, 0xE7, 0xE3, 0xFD, 0x62, 0xA8, 0xA8, 0xDC, 0xE3, 0xDA, 0xDC, 0xF9,
    0x00, 0x00, 0x00, 0x00, 0x00, 0x00, 0x00, 0x00, 0x00, 0x00, 0x00, 0x00, 0x00, 0x00, 0x00, 0x00,
    0x00, 0x00, 0x00, 0x00, 0x00, 0x00, 0x00, 0x00, 0x00, 0x00, 0x00, 0x00, 0x00, 0x00, 0x00, 0x00,
    0x00, 0x00, 0x00, 0x00, 0x00, 0x00, 0x00, 0x00, 0x00, 0x00, 0x00, 0x00, 0x00, 0x00, 0x00, 0x00,
    0x00, 0x00, 0x00, 0x00, 0x00, 0x00, 0x00, 0x00, 0x00, 0x00, 0x00, 0x00, 0x00, 0x00, 0x00, 0x00,
    0x00, 0x00, 0x00, 0x00, 0x00, 0x00, 0x00, 0x00, 0x00, 0x00, 0x00, 0x00, 0x00, 0x00, 0x00, 0x00,
    0x00, 0x00, 0x00, 0x00, 0x00, 0x00, 0x00, 0x00, 0x00, 0x00, 0x00, 0x00, 0x00, 0x00, 0x00, 0x00,
    0x00, 0x00, 0x00, 0x00, 0x00, 0x00, 0x00, 0x00, 0x00, 0x00, 0x00, 0x00, 0x00, 0x00, 0x00, 0x00,
    0x00, 0x00, 0x00, 0x00, 0x00, 0x00, 0x00, 0x00, 0x00, 0x00, 0x00, 0x00, 0x00, 0x00, 0x00, 0x00,
    0x00, 0x00, 0x00, 0x00, 0x00, 0x00, 0x00, 0x00, 0x00, 0x00, 0x00, 0x00, 0x00, 0x00, 0x00, 0x00,
    0x00, 0x00, 0x00, 0x00, 0x00, 0x00, 0x00, 0x00, 0x00, 0x00, 0x00, 0x00, 0x00, 0x00, 0x00, 0x00,
    0x00, 0x00, 0x00, 0x00, 0x00, 0x00, 0x00, 0x00, 0x00, 0x00, 0x00, 0x00, 0x00, 0x00, 0x00, 0x00,
    0x00, 0x00, 0x00, 0x00, 0x00, 0x00, 0x00, 0x00, 0x00, 0x00, 0x00, 0x00, 0x00, 0x00, 0x00, 0x00,
    0xFE, 0xF9, 0xF1, 0xF0, 0xF1, 0xCA, 0xA8, 0x95, 0xEE, 0xD5, 0xC9, 0xC7, 0xCF, 0xC8, 0xDA, 0xD6,
    0xC9, 0xD6, 0xC7, 0xBC, 0xB0, 0xA1, 0xAF, 0xC5, 0xCE, 0xD0, 0xCD, 0xC9, 0xC2, 0xAD, 0xBC, 0xBC,
    0xB3, 0xC5, 0xC8, 0xBC, 0xC7, 0xC5, 0xB7, 0xCE, 0xC3, 0xB0, 0xC7, 0xBC, 0xB3, 0xBD, 0xAD, 0xA7,
    0xB9, 0xAB, 0xA0, 0xA4, 0xA3, 0xAD, 0x98, 0xA3, 0xBF, 0xB9, 0xAF, 0x98, 0x80, 0x98, 0x9E, 0x97,
    0xB1, 0xA4, 0x75, 0x77, 0x6B, 0x60, 0x7F, 0x6A, 0x6F, 0x87, 0x7F, 0x71, 0x7B, 0x7F, 0x67, 0x43,
    0x52, 0x75, 0x7B, 0x82, 0x7B, 0x6A, 0x5E, 0x50, 0x72, 0x75, 0x67, 0x7C, 0x56, 0x7C, 0x80, 0x77,
    0x80, 0x56, 0x41, 0x6B, 0x60, 0x75, 0x7E, 0x6A, 0x5A, 0x42, 0x37, 0x22, 0x22, 0x5A, 0x61, 0x7F,
    0x52, 0x43, 0x41, 0x31, 0x2B, 0x21, 0x21, 0x2F, 0x44, 0x4B, 0x3C, 0x3C, 0x37, 0x25, 0x2A, 0x2F,
    0x26, 0x2B, 0x26, 0x32, 0x4D, 0x43, 0x33, 0x2B, 0x31, 0x56, 0x35, 0x37, 0x50, 0x42, 0x21, 0x1D,
    0x26, 0x33, 0x25, 0x31, 0x50, 0x31, 0x27, 0x21, 0x21, 0x25, 0x16, 0x1D, 0x44, 0x40, 0x44, 0x43,
    0x45, 0x60, 0x40, 0x49, 0x2F, 0x37, 0x61, 0x56, 0x40, 0x31, 0x31, 0x37, 0x31, 0x1F, 0x37, 0x43,
    0x5A, 0x5E, 0x43, 0x42, 0x2B, 0x2A, 0x33, 0x5D, 0x5C, 0x72, 0x7C, 0x65, 0x5E, 0x3C, 0x31, 0x26,
    0x19, 0x26, 0x32, 0x3E, 0x3A, 0x3B, 0x36, 0x31, 0x27, 0x40, 0x44, 0x31, 0x36, 0x2A, 0x31, 0x44,
    0x40, 0x40, 0x35, 0x36, 0x4B, 0x5E, 0x6D, 0x70, 0x4E, 0x40, 0x37, 0x4B, 0x61, 0x45, 0x45, 0x7F,
    0x72, 0x5D, 0x44, 0x4D, 0x67, 0x44, 0x4B, 0x8A, 0x6A, 0x7C, 0x7B, 0x6B, 0x9F, 0x82, 0x71, 0x77,
    0x61, 0x8A, 0xA0, 0x76, 0x74, 0x6A, 0x72, 0x80, 0x6B, 0x4B, 0x82, 0x8D, 0x9D, 0x9D, 0x97, 0x97,
    0x85, 0x7D, 0x87, 0xA3, 0x9F, 0xA7, 0x9F, 0xAF, 0xB0, 0xAF, 0xC3, 0xB9, 0x92, 0xA3, 0xB9, 0xAB,
    0xB7, 0xB3, 0xAF, 0xA4, 0x97, 0xA6, 0xA6, 0xC2, 0xCE, 0xD6, 0xCE, 0xB9, 0xB9, 0xB9, 0xBC, 0xA1,
    0xAF, 0xB9, 0xC5, 0xC5, 0xC2, 0xC0, 0xB9, 0xB2, 0xC5, 0xCE, 0xAF, 0xC2, 0xB9, 0xC8, 0xCF, 0xBC,
    0xC9, 0xCF, 0xC5, 0xDA, 0xDF, 0xE3, 0xE7, 0xFD, 0x62, 0xA8, 0xA8, 0xEF, 0xE6, 0xE6, 0xF0, 0xFB,
    0x00, 0x00, 0x00, 0x00, 0x00, 0x00, 0x00, 0x00, 0x00, 0x00, 0x00, 0x00, 0x00, 0x00, 0x00, 0x00,
    0x00, 0x00, 0x00, 0x00, 0x00, 0x00, 0x00, 0x00, 0x00, 0x00, 0x00, 0x00, 0x00, 0x00, 0x00, 0x00,
    0x00, 0x00, 0x00, 0x00, 0x00, 0x00, 0x00, 0x00, 0x00, 0x00, 0x00, 0x00, 0x00, 0x00, 0x00, 0x00,
    0x00, 0x00, 0x00, 0x00, 0x00, 0x00, 0x00, 0x00, 0x00, 0x00, 0x00, 0x00, 0x00, 0x00, 0x00, 0x00,
    0x00, 0x00, 0x00, 0x00, 0x00, 0x00, 0x00, 0x00, 0x00, 0x00, 0x00, 0x00, 0x00, 0x00, 0x00, 0x00,
    0x00, 0x00, 0x00, 0x00, 0x00, 0x00, 0x00, 0x00, 0x00, 0x00, 0x00, 0x00, 0x00, 0x00, 0x00, 0x00,
    0x00, 0x00, 0x00, 0x00, 0x00, 0x00, 0x00, 0x00, 0x00, 0x00, 0x00, 0x00, 0x00, 0x00, 0x00, 0x00,
    0x00, 0x00, 0x00, 0x00, 0x00, 0x00, 0x00, 0x00, 0x00, 0x00, 0x00, 0x00, 0x00, 0x00, 0x00, 0x00,
    0x00, 0x00, 0x00, 0x00, 0x00, 0x00, 0x00, 0x00, 0x00, 0x00, 0x00, 0x00, 0x00, 0x00, 0x00, 0x00,
    0x00, 0x00, 0x00, 0x00, 0x00, 0x00, 0x00, 0x00, 0x00, 0x00, 0x00, 0x00, 0x00, 0x00, 0x00, 0x00,
    0x00, 0x00, 0x00, 0x00, 0x00, 0x00, 0x00, 0x00, 0x00, 0x00, 0x00, 0x00, 0x00, 0x00, 0x00, 0x00,
    0x00, 0x00, 0x00, 0x00, 0x00, 0x00, 0x00, 0x00, 0x00, 0x00, 0x00, 0x00, 0x00, 0x00, 0x00, 0x00,
    0xFE, 0xF8, 0xEA, 0xEA, 0xF1, 0xDB, 0xA8, 0x95, 0xFD, 0xD6, 0xCF, 0xCF, 0xD3, 0xD2, 0xD2, 0xDA,
    0xC9, 0xC7, 0xC7, 0xC4, 0xBC, 0xB9, 0xB7, 0xC5, 0xCE, 0xCE, 0xC5, 0xCD, 0xC0, 0xBF, 0xCF, 0xC5,
    0xB7, 0xC3, 0xC8, 0xC3, 0xC5, 0xC3, 0xC7, 0xD8, 0xD8, 0xC5, 0xAA, 0xB2, 0xCF, 0xC5, 0xC5, 0xC3,
    0xB9, 0xC2, 0xBD, 0xAD, 0xAB, 0x9A, 0xB3, 0xC5, 0xB3, 0xC3, 0xB7, 0x98, 0x9A, 0xB2, 0xA9, 0x85,
    0xB6, 0x9F, 0x8D, 0x72, 0x6B, 0x6E, 0x7B, 0x6A, 0x72, 0x7E, 0x7E, 0x65, 0x6A, 0x75, 0x75, 0x5D,
    0x6E, 0x82, 0x84, 0x84, 0x6A, 0x6A, 0x6B, 0x80, 0x9A, 0x90, 0x80, 0x8B, 0x6B, 0x76, 0x75, 0x8D,
    0x92, 0x6C, 0x5A, 0x69, 0x80, 0x97, 0x8F, 0x6A, 0x45, 0x2F, 0x42, 0x2F, 0x42, 0x50, 0x61, 0x6B,
    0x60, 0x41, 0x37, 0x42, 0x36, 0x3A, 0x25, 0x42, 0x45, 0x43, 0x44, 0x40, 0x36, 0x28, 0x42, 0x31,
    0x28, 0x56, 0x32, 0x32, 0x42, 0x50, 0x56, 0x60, 0x44, 0x60, 0x42, 0x37, 0x4D, 0x43, 0x37, 0x22,
    0x2A, 0x2A, 0x26, 0x37, 0x31, 0x34, 0x29, 0x27, 0x27, 0x28, 0x28, 0x31, 0x44, 0x3D, 0x5A, 0x4B,
    0x45, 0x4B, 0x5F, 0x51, 0x4B, 0x61, 0x6B, 0x52, 0x42, 0x42, 0x41, 0x32, 0x25, 0x27, 0x28, 0x4F,
    0x6B, 0x61, 0x45, 0x45, 0x37, 0x44, 0x49, 0x47, 0x66, 0x53, 0x5E, 0x5E, 0x60, 0x49, 0x49, 0x37,
    0x25, 0x36, 0x40, 0x43, 0x3A, 0x35, 0x37, 0x37, 0x3D, 0x4C, 0x48, 0x3E, 0x3E, 0x31, 0x36, 0x40,
    0x3C, 0x36, 0x3C, 0x52, 0x52, 0x5D, 0x7D, 0x70, 0x66, 0x48, 0x4B, 0x6F, 0x8E, 0x5A, 0x5A, 0x80,
    0x85, 0x66, 0x4D, 0x6A, 0x6B, 0x5D, 0x6A, 0x7C, 0x6A, 0x90, 0x80, 0x76, 0x7C, 0x97, 0x7F, 0x8D,
    0xA0, 0xA0, 0x9B, 0x76, 0x80, 0x7F, 0x75, 0x75, 0x72, 0x75, 0x7F, 0x8F, 0x9D, 0xA2, 0x9E, 0x8D,
    0x97, 0x8D, 0x9F, 0xA4, 0xAB, 0xA0, 0xA4, 0xC3, 0xBC, 0xB9, 0xC5, 0xC8, 0xBC, 0x98, 0xAD, 0xB9,
    0xBF, 0xAD, 0xAF, 0x98, 0x8D, 0xAD, 0xB0, 0xAF, 0xCF, 0xCF, 0xDA, 0xC7, 0xB9, 0xBC, 0xC4, 0xC8,
    0xC5, 0xB9, 0xC2, 0xCE, 0xC2, 0xBA, 0xB9, 0xBA, 0xCD, 0xC5, 0xBC, 0xC3, 0xC7, 0xD6, 0xCE, 0xCF,
    0xCF, 0xCF, 0xDA, 0xDA, 0xDA, 0xE0, 0xDF, 0xFD, 0x95, 0xA8, 0xCA, 0xEF, 0xF0, 0xEF, 0xF1, 0xF9,
    0x00, 0x00, 0x00, 0x00, 0x00, 0x00, 0x00, 0x00, 0x00, 0x00, 0x00, 0x00, 0x00, 0x00, 0x00, 0x00,
    0x00, 0x00, 0x00, 0x00, 0x00, 0x00, 0x00, 0x00, 0x00, 0x00, 0x00, 0x00, 0x00, 0x00, 0x00, 0x00,
    0x00, 0x00, 0x00, 0x00, 0x00, 0x00, 0x00, 0x00, 0x00, 0x00, 0x00, 0x00, 0x00, 0x00, 0x00, 0x00,
    0x00, 0x00, 0x00, 0x00, 0x00, 0x00, 0x00, 0x00, 0x00, 0x00, 0x00, 0x00, 0x00, 0x00, 0x00, 0x00,
    0x00, 0x00, 0x00, 0x00, 0x00, 0x00, 0x00, 0x00, 0x00, 0x00, 0x00, 0x00, 0x00, 0x00, 0x00, 0x00,
    0x00, 0x00, 0x00, 0x00, 0x00, 0x00, 0x00, 0x00, 0x00, 0x00, 0x00, 0x00, 0x00, 0x00, 0x00, 0x00,
    0x00, 0x00, 0x00, 0x00, 0x00, 0x00, 0x00, 0x00, 0x00, 0x00, 0x00, 0x00, 0x00, 0x00, 0x00, 0x00,
    0x00, 0x00, 0x00, 0x00, 0x00, 0x00, 0x00, 0x00, 0x00, 0x00, 0x00, 0x00, 0x00, 0x00, 0x00, 0x00,
    0x00, 0x00, 0x00, 0x00, 0x00, 0x00, 0x00, 0x00, 0x00, 0x00, 0x00, 0x00, 0x00, 0x00, 0x00, 0x00,
    0x00, 0x00, 0x00, 0x00, 0x00, 0x00, 0x00, 0x00, 0x00, 0x00, 0x00, 0x00, 0x00, 0x00, 0x00, 0x00,
    0x00, 0x00, 0x00, 0x00, 0x00, 0x00, 0x00, 0x00, 0x00, 0x00, 0x00, 0x00, 0x00, 0x00, 0x00, 0x00,
    0x00, 0x00, 0x00, 0x00, 0x00, 0x00, 0x00, 0x00, 0x00, 0x00, 0x00, 0x00, 0x00, 0x00, 0x00, 0x00,
    0xFE, 0xF3, 0xE0, 0xE0, 0xE6, 0xDB, 0xA8, 0x95, 0xEC, 0xD2, 0xD3, 0xD6, 0xDC, 0xCF, 0xD6, 0xD2,
    0xCF, 0xC4, 0xC7, 0xBC, 0xB3, 0xB6, 0xB7, 0xC2, 0xC9, 0xC2, 0xC5, 0xC5, 0xB9, 0xC5, 0xC2, 0xC0,
    0xA6, 0xAF, 0xCE, 0xC5, 0xC7, 0xC1, 0xC7, 0xCF, 0xC3, 0xAF, 0xBC, 0xC5, 0xC5, 0xC5, 0xC5, 0xB7,
    0xBC, 0xC5, 0xBD, 0xAD, 0xAD, 0xC2, 0xB9, 0xB9, 0x9F, 0xAD, 0xA3, 0x8D, 0x98, 0x97, 0x98, 0x8D,
    0x8D, 0xA3, 0x8E, 0x75, 0x9F, 0x87, 0x8D, 0x6E, 0x7F, 0x88, 0x82, 0x72, 0x6F, 0x6A, 0x6A, 0x5E,
    0x5E, 0x72, 0x6F, 0x84, 0x6F, 0x6F, 0x7B, 0x7F, 0x9F, 0x7E, 0x75, 0x90, 0x8D, 0x76, 0x76, 0x8D,
    0x97, 0x72, 0x5D, 0x4D, 0x75, 0x82, 0x82, 0x65, 0x61, 0x31, 0x49, 0x50, 0x49, 0x52, 0x50, 0x5A,
    0x43, 0x36, 0x43, 0x42, 0x42, 0x43, 0x35, 0x42, 0x50, 0x3C, 0x50, 0x4D, 0x3E, 0x4D, 0x37, 0x3C,
    0x35, 0x50, 0x5E, 0x45, 0x45, 0x41, 0x5A, 0x60, 0x45, 0x42, 0x52, 0x37, 0x49, 0x4B, 0x37, 0x42,
    0x37, 0x32, 0x2A, 0x2F, 0x37, 0x49, 0x36, 0x2A, 0x37, 0x31, 0x20, 0x27, 0x40, 0x3E, 0x48, 0x48,
    0x43, 0x31, 0x5D, 0x7E, 0x5A, 0x4B, 0x60, 0x4F, 0x50, 0x52, 0x37, 0x31, 0x36, 0x36, 0x35, 0x3C,
    0x47, 0x65, 0x5E, 0x42, 0x5D, 0x4D, 0x48, 0x44, 0x49, 0x6A, 0x5E, 0x51, 0x49, 0x44, 0x3B, 0x3B,
    0x3A, 0x40, 0x43, 0x51, 0x40, 0x47, 0x42, 0x40, 0x51, 0x3F, 0x40, 0x35, 0x40, 0x4B, 0x36, 0x36,
    0x40, 0x3E, 0x35, 0x40, 0x4C, 0x4C, 0x4C, 0x71, 0x70, 0x53, 0x72, 0x7F, 0x79, 0x6D, 0x80, 0x80,
    0x85, 0x7F, 0x54, 0x60, 0x52, 0x64, 0x52, 0x60, 0x7B, 0x7C, 0x75, 0x76, 0x6E, 0x7B, 0x98, 0xA9,
    0x84, 0x92, 0x9B, 0x8E, 0x90, 0x8A, 0x72, 0x60, 0x7B, 0x82, 0x85, 0x9E, 0x9E, 0xA3, 0x97, 0x7E,
    0xA3, 0x90, 0x9E, 0x9E, 0x90, 0xAB, 0xAD, 0xA4, 0xAD, 0xB5, 0xB7, 0xB9, 0xAF, 0x9A, 0x98, 0xC0,
    0xBE, 0xB7, 0xA4, 0x9E, 0xB2, 0xAD, 0xC5, 0xB2, 0xB9, 0xCF, 0xBC, 0xB9, 0xC2, 0xC5, 0xC5, 0xBC,
    0xC2, 0xC5, 0xC5, 0xCF, 0xCE, 0xC5, 0xC5, 0xC1, 0xC3, 0xC5, 0xC3, 0xC7, 0xC7, 0xD2, 0xCF, 0xCE,
    0xCF, 0xD3, 0xCF, 0xC5, 0xD5, 0xE3, 0xE0, 0xEE, 0x95, 0xA8, 0xCA, 0xDB, 0xDB, 0xEF, 0xEF, 0xF4,
    0x00, 0x00, 0x00, 0x00, 0x00, 0x00, 0x00, 0x00, 0x00, 0x00, 0x00, 0x00, 0x00, 0x00, 0x00, 0x00,
    0x00, 0x00, 0x00, 0x00, 0x00, 0x00, 0x00, 0x00, 0x00, 0x00, 0x00, 0x00, 0x00, 0x00, 0x00, 0x00,
    0x00, 0x00, 0x00, 0x00, 0x00, 0x00, 0x00, 0x00, 0x00, 0x00, 0x00, 0x00, 0x00, 0x00, 0x00, 0x00,
    0x00, 0x00, 0x00, 0x00, 0x00, 0x00, 0x00, 0x00, 0x00, 0x00, 0x00, 0x00, 0x00, 0x00, 0x00, 0x00,
    0x00, 0x00, 0x00, 0x00, 0x00, 0x00, 0x00, 0x00, 0x00, 0x00, 0x00, 0x00, 0x00, 0x00, 0x00, 0x00,
    0x00, 0x00, 0x00, 0x00, 0x00, 0x00, 0x00, 0x00, 0x00, 0x00, 0x00, 0x00, 0x00, 0x00, 0x00, 0x00,
    0x00, 0x00, 0x00, 0x00, 0x00, 0x00, 0x00, 0x00, 0x00, 0x00, 0x00, 0x00, 0x00, 0x00, 0x00, 0x00,
    0x00, 0x00, 0x00, 0x00, 0x00, 0x00, 0x00, 0x00, 0x00, 0x00, 0x00, 0x00, 0x00, 0x00, 0x00, 0x00,
    0x00, 0x00, 0x00, 0x00, 0x00, 0x00, 0x00, 0x00, 0x00, 0x00, 0x00, 0x00, 0x00, 0x00, 0x00, 0x00,
    0x00, 0x00, 0x00, 0x00, 0x00, 0x00, 0x00, 0x00, 0x00, 0x00, 0x00, 0x00, 0x00, 0x00, 0x00, 0x00,
    0x00, 0x00, 0x00, 0x00, 0x00, 0x00, 0x00, 0x00, 0x00, 0x00, 0x00, 0x00, 0x00, 0x00, 0x00, 0x00,
    0x00, 0x00, 0x00, 0x00, 0x00, 0x00, 0x00, 0x00, 0x00, 0x00, 0x00, 0x00, 0x00, 0x00, 0x00, 0x00,
    0xFE, 0xF4, 0xE3, 0xEA, 0xF1, 0xDB, 0xA8, 0xA8, 0xEC, 0xDA, 0xD2, 0xC7, 0xDA, 0xD2, 0xD2, 0xDA,
    0xC7, 0xC3, 0xC8, 0xC3, 0xAD, 0xCD, 0xCD, 0xC5, 0xC2, 0xB3, 0xC7, 0xAF, 0xB0, 0xBC, 0xCE, 0xCE,
    0xB3, 0xBC, 0xC7, 0xC8, 0xC3, 0xCF, 0xC8, 0xC3, 0xA6, 0xB7, 0xC3, 0xB9, 0xA0, 0xBC, 0xAD, 0xA0,
    0xC7, 0xCE, 0xC5, 0x9F, 0xAF, 0xC2, 0x9F, 0xB9, 0xAB, 0x9F, 0xA4, 0xA3, 0xAD, 0x86, 0x97, 0x87,
    0x72, 0x98, 0x75, 0x77, 0x9A, 0xA4, 0xA3, 0x87, 0x87, 0x8D, 0x86, 0x8D, 0x6A, 0x60, 0x60, 0x97,
    0x76, 0x6A, 0x6F, 0x60, 0x7B, 0x5E, 0x6A, 0x8A, 0x8E, 0x80, 0x5A, 0x92, 0x9F, 0x8A, 0x8C, 0x80,
    0x60, 0x4B, 0x76, 0x7C, 0x6B, 0x5E, 0x60, 0x75, 0x50, 0x52, 0x6B, 0x61, 0x5A, 0x50, 0x4F, 0x6B,
    0x44, 0x42, 0x42, 0x37, 0x28, 0x52, 0x6A, 0x4D, 0x44, 0x32, 0x42, 0x2A, 0x37, 0x5A, 0x44, 0x45,
    0x45, 0x52, 0x6A, 0x56, 0x33, 0x56, 0x43, 0x45, 0x61, 0x37, 0x44, 0x36, 0x28, 0x37, 0x2A, 0x37,
    0x33, 0x56, 0x43, 0x37, 0x42, 0x33, 0x45, 0x37, 0x21, 0x21, 0x44, 0x40, 0x36, 0x44, 0x25, 0x36,
    0x26, 0x36, 0x4D, 0x75, 0x5A, 0x31, 0x52, 0x76, 0x50, 0x52, 0x52, 0x40, 0x4D, 0x71, 0x43, 0x3C,
    0x29, 0x40, 0x45, 0x2F, 0x42, 0x60, 0x51, 0x44, 0x37, 0x6A, 0x72, 0x51, 0x40, 0x3E, 0x27, 0x35,
    0x7A, 0x5E, 0x42, 0x3C, 0x49, 0x47, 0x2B, 0x43, 0x72, 0x49, 0x44, 0x36, 0x50, 0x4B, 0x4B, 0x3C,
    0x37, 0x4F, 0x5E, 0x35, 0x4D, 0x5C, 0x31, 0x4D, 0x49, 0x4B, 0x72, 0x84, 0x67, 0x67, 0x8E, 0x9F,
    0x72, 0x72, 0x87, 0x65, 0x50, 0x8F, 0x7F, 0x6E, 0x7C, 0x4D, 0x67, 0x69, 0x5D, 0x5D, 0x90, 0xB3,
    0x8A, 0x77, 0xA7, 0xAF, 0x9A, 0xA0, 0x8D, 0x80, 0x92, 0xA9, 0x9F, 0x8D, 0x71, 0x8D, 0x87, 0x72,
    0x80, 0x9B, 0xA0, 0x84, 0x92, 0xB9, 0xB3, 0xAB, 0x9F, 0xC5, 0xAB, 0x92, 0xB9, 0xB3, 0xAD, 0xAB,
    0xA2, 0xAD, 0x97, 0xA3, 0xB9, 0xC2, 0xAD, 0xB9, 0xBC, 0xCF, 0xBC, 0xAF, 0xD5, 0xC7, 0xBC, 0xC5,
    0xB0, 0xCF, 0xC5, 0xB7, 0xC9, 0xBC, 0xC7, 0xC7, 0xC5, 0xBC, 0xB0, 0xCF, 0xC3, 0xC8, 0xDA, 0xD2,
    0xD6, 0xDA, 0xDA, 0xC7, 0xCF, 0xD2, 0xE3, 0xFD, 0x95, 0xA8, 0xCA, 0xDA, 0xDB, 0xDD, 0xEF, 0xF4,
    0x00, 0x00, 0x00, 0x00, 0x00, 0x00, 0x00, 0x00, 0x00, 0x00, 0x00, 0x00, 0x00, 0x00, 0x00, 0x00,
    0x00, 0x00, 0x00, 0x00, 0x00, 0x00, 0x00, 0x00, 0x00, 0x00, 0x00, 0x00, 0x00, 0x00, 0x00, 0x00,
    0x00, 0x00, 0x00, 0x00, 0x00, 0x00, 0x00, 0x00, 0x00, 0x00, 0x00, 0x00, 0x00, 0x00, 0x00, 0x00,
    0x00, 0x00, 0x00, 0x00, 0x00, 0x00, 0x00, 0x00, 0x00, 0x00, 0x00, 0x00, 0x00, 0x00, 0x00, 0x00,
    0x00, 0x00, 0x00, 0x00, 0x00, 0x00, 0x00, 0x00, 0x00, 0x00, 0x00, 0x00, 0x00, 0x00, 0x00, 0x00,
    0x00, 0x00, 0x00, 0x00, 0x00, 0x00, 0x00, 0x00, 0x00, 0x00, 0x00, 0x00, 0x00, 0x00, 0x00, 0x00,
    0x00, 0x00, 0x00, 0x00, 0x00, 0x00, 0x00, 0x00, 0x00, 0x00, 0x00, 0x00, 0x00, 0x00, 0x00, 0x00,
    0x00, 0x00, 0x00, 0x00, 0x00, 0x00, 0x00, 0x00, 0x00, 0x00, 0x00, 0x00, 0x00, 0x00, 0x00, 0x00,
    0x00, 0x00, 0x00, 0x00, 0x00, 0x00, 0x00, 0x00, 0x00, 0x00, 0x00, 0x00, 0x00, 0x00, 0x00, 0x00,
    0x00, 0x00, 0x00, 0x00, 0x00, 0x00, 0x00, 0x00, 0x00, 0x00, 0x00, 0x00, 0x00, 0x00, 0x00, 0x00,
    0x00, 0x00, 0x00, 0x00, 0x00, 0x00, 0x00, 0x00, 0x00, 0x00, 0x00, 0x00, 0x00, 0x00, 0x00, 0x00,
    0x00, 0x00, 0x00, 0x00, 0x00, 0x00, 0x00, 0x00, 0x00, 0x00, 0x00, 0x00, 0x00, 0x00, 0x00, 0x00,
    0xFA, 0xF0, 0xF0, 0xF1, 0xEF, 0xDB, 0xA8, 0xA8, 0xF8, 0xD6, 0xD6, 0xD6, 0xCF, 0xD6, 0xD2, 0xCF,
    0xCF, 0xC7, 0xCC, 0xC5, 0xB0, 0xC7, 0xC5, 0xC5, 0xAF, 0xB3, 0xAF, 0x9B, 0xAF, 0xBC, 0xD2, 0xC4,
    0xA4, 0xC2, 0xC8, 0xC8, 0xCC, 0xDA, 0xC4, 0x9B, 0xBC, 0xAF, 0xC5, 0xAD, 0x92, 0x94, 0xA1, 0xAF,
    0xC5, 0xBC, 0xB3, 0x9F, 0xB3, 0xB7, 0xAD, 0xBD, 0xB7, 0xAB, 0xA6, 0x9F, 0xA6, 0x8E, 0x8E, 0x86,
    0x7F, 0x77, 0x61, 0x6B, 0x7F, 0xB9, 0x9D, 0x85, 0x8D, 0x77, 0x8D, 0xA3, 0x86, 0x6B, 0x6A, 0x7F,
    0x7F, 0x72, 0x61, 0x6B, 0x6A, 0x56, 0x5A, 0x80, 0x75, 0x8C, 0x80, 0x8A, 0x8C, 0x8E, 0x80, 0x75,
    0x4F, 0x5A, 0x76, 0x80, 0x5A, 0x4F, 0x56, 0x60, 0x42, 0x50, 0x6C, 0x60, 0x60, 0x61, 0x52, 0x51,
    0x60, 0x61, 0x44, 0x44, 0x3C, 0x4D, 0x5E, 0x5A, 0x36, 0x37, 0x2F, 0x21, 0x2F, 0x5A, 0x5A, 0x37,
    0x56, 0x50, 0x60, 0x45, 0x4F, 0x69, 0x2A, 0x33, 0x50, 0x5A, 0x43, 0x31, 0x25, 0x22, 0x21, 0x2A,
    0x45, 0x65, 0x43, 0x2F, 0x33, 0x33, 0x56, 0x32, 0x26, 0x31, 0x44, 0x40, 0x3E, 0x36, 0x25, 0x26,
    0x2A, 0x2F, 0x50, 0x45, 0x56, 0x56, 0x56, 0x6B, 0x4F, 0x37, 0x5E, 0x41, 0x42, 0x60, 0x42, 0x31,
    0x31, 0x31, 0x37, 0x2F, 0x32, 0x4F, 0x43, 0x43, 0x56, 0x50, 0x67, 0x4D, 0x51, 0x40, 0x35, 0x40,
    0x63, 0x5E, 0x5E, 0x2B, 0x43, 0x37, 0x21, 0x42, 0x67, 0x67, 0x49, 0x35, 0x50, 0x51, 0x5E, 0x44,
    0x43, 0x52, 0x52, 0x41, 0x50, 0x48, 0x43, 0x42, 0x42, 0x4F, 0x47, 0x6A, 0x75, 0x78, 0x61, 0x92,
    0x76, 0x75, 0x97, 0x72, 0x75, 0x7F, 0x7F, 0x75, 0x6A, 0x5E, 0x5A, 0x46, 0x5A, 0x5D, 0x75, 0x8A,
    0x9A, 0x8E, 0xA1, 0xA0, 0x8A, 0x90, 0x9E, 0x7B, 0x90, 0x9E, 0xAD, 0x7F, 0x6A, 0x7F, 0x77, 0x76,
    0x77, 0x9A, 0x9B, 0x75, 0xA9, 0xB7, 0x9B, 0xA4, 0xA9, 0xB9, 0xA9, 0x9E, 0xB9, 0xAB, 0xBA, 0x9E,
    0xA2, 0x9D, 0x96, 0x98, 0xB3, 0xB3, 0x92, 0xAD, 0xB0, 0xB9, 0xCC, 0xCF, 0xCF, 0xAF, 0xC5, 0xCF,
    0xB0, 0xC5, 0xC5, 0xAD, 0xAF, 0xB0, 0xC7, 0xCF, 0xBC, 0xB0, 0xC2, 0xD6, 0xBC, 0xC9, 0xE0, 0xDC,
    0xD6, 0xCF, 0xD6, 0xCF, 0xC7, 0xC7, 0xDA, 0xFD, 0x62, 0xA8, 0xCA, 0xE3, 0xEF, 0xEF, 0xDB, 0xF1,
    0x00, 0x00, 0x00, 0x00, 0x00, 0x00, 0x00, 0x00, 0x00, 0x00, 0x00, 0x00, 0x00, 0x00, 0x00, 0x00,
    0x00, 0x00, 0x00, 0x00, 0x00, 0x00, 0x00, 0x00, 0x00, 0x00, 0x00, 0x00, 0x00, 0x00, 0x00, 0x00,
    0x00, 0x00, 0x00, 0x00, 0x00, 0x00, 0x00, 0x00, 0x00, 0x00, 0x00, 0x00, 0x00, 0x00, 0x00, 0x00,
    0x00, 0x00, 0x00, 0x00, 0x00, 0x00, 0x00, 0x00, 0x00, 0x00, 0x00, 0x00, 0x00, 0x00, 0x00, 0x00,
    0x00, 0x00, 0x00, 0x00, 0x00, 0x00, 0x00, 0x00, 0x00, 0x00, 0x00, 0x00, 0x00, 0x00, 0x00, 0x00,
    0x00, 0x00, 0x00, 0x00, 0x00, 0x00, 0x00, 0x00, 0x00, 0x00, 0x00, 0x00, 0x00, 0x00, 0x00, 0x00,
    0x00, 0x00, 0x00, 0x00, 0x00, 0x00, 0x00, 0x00, 0x00, 0x00, 0x00, 0x00, 0x00, 0x00, 0x00, 0x00,
    0x00, 0x00, 0x00, 0x00, 0x00, 0x00, 0x00, 0x00, 0x00, 0x00, 0x00, 0x00, 0x00, 0x00, 0x00, 0x00,
    0x00, 0x00, 0x00, 0x00, 0x00, 0x00, 0x00, 0x00, 0x00, 0x00, 0x00, 0x00, 0x00, 0x00, 0x00, 0x00,
    0x00, 0x00, 0x00, 0x00, 0x00, 0x00, 0x00, 0x00, 0x00, 0x00, 0x00, 0x00, 0x00, 0x00, 0x00, 0x00,
    0x00, 0x00, 0x00, 0x00, 0x00, 0x00, 0x00, 0x00, 0x00, 0x00, 0x00, 0x00, 0x00, 0x00, 0x00, 0x00,
    0x00, 0x00, 0x00, 0x00, 0x00, 0x00, 0x00, 0x00, 0x00, 0x00, 0x00, 0x00, 0x00, 0x00, 0x00, 0x00,
    0xF9, 0xF0, 0xEB, 0xEA, 0xE6, 0xDB, 0xCA, 0xA8, 0xF8, 0xE0, 0xDA, 0xDA, 0xD6, 0xDA, 0xD6, 0xC5,
    0xCF, 0xC5, 0xC7, 0xC5, 0xC5, 0xC5, 0xC5, 0xCE, 0xB9, 0xB7, 0xBF, 0xB9, 0xC2, 0xBC, 0xCF, 0xC5,
    0xC2, 0xC9, 0xB9, 0xC7, 0xCF, 0xC7, 0xC3, 0xBC, 0xBC, 0xAD, 0xCC, 0xBC, 0x9B, 0x93, 0xB0, 0xC7,
    0xBC, 0x9A, 0xA6, 0xB9, 0xC5, 0xB9, 0x9B, 0xB9, 0xAB, 0xAD, 0xA4, 0x98, 0x98, 0xA6, 0x8E, 0x77,
    0x8D, 0x80, 0x86, 0x90, 0x80, 0xAF, 0x98, 0x8E, 0xA3, 0x8E, 0x87, 0x87, 0x80, 0x75, 0x72, 0x87,
    0x7F, 0x72, 0x5E, 0x67, 0x6B, 0x61, 0x77, 0x5E, 0x75, 0x90, 0x8A, 0x8D, 0x80, 0x92, 0x7C, 0x61,
    0x46, 0x61, 0x76, 0x80, 0x60, 0x61, 0x50, 0x50, 0x50, 0x56, 0x5A, 0x6B, 0x6A, 0x76, 0x60, 0x44,
    0x5E, 0x51, 0x49, 0x5E, 0x49, 0x3C, 0x67, 0x5D, 0x40, 0x40, 0x42, 0x37, 0x41, 0x45, 0x4F, 0x40,
    0x7E, 0x6B, 0x4F, 0x50, 0x56, 0x45, 0x33, 0x50, 0x67, 0x5A, 0x4D, 0x27, 0x2B, 0x2F, 0x2F, 0x37,
    0x4F, 0x52, 0x50, 0x41, 0x37, 0x4B, 0x4B, 0x32, 0x42, 0x37, 0x40, 0x51, 0x4C, 0x31, 0x31, 0x32,
    0x32, 0x42, 0x37, 0x45, 0x56, 0x56, 0x45, 0x56, 0x56, 0x45, 0x4B, 0x33, 0x45, 0x60, 0x45, 0x3E,
    0x3B, 0x3E, 0x37, 0x42, 0x43, 0x41, 0x43, 0x4B, 0x6A, 0x4B, 0x5A, 0x5D, 0x49, 0x3B, 0x49, 0x51,
    0x4D, 0x52, 0x6B, 0x43, 0x37, 0x43, 0x42, 0x4B, 0x6A, 0x67, 0x5E, 0x52, 0x4B, 0x51, 0x60, 0x50,
    0x50, 0x3C, 0x4B, 0x60, 0x49, 0x3A, 0x49, 0x4B, 0x45, 0x69, 0x51, 0x56, 0x8C, 0x78, 0x5A, 0x8E,
    0x6A, 0x80, 0x84, 0x72, 0x6B, 0x75, 0x80, 0x75, 0x5E, 0x67, 0x67, 0x6A, 0x75, 0x52, 0x69, 0x8A,
    0xAD, 0x8E, 0x9B, 0xA1, 0x9A, 0x8F, 0x90, 0x74, 0x8E, 0xAB, 0xA4, 0x7B, 0x7E, 0x87, 0x86, 0x98,
    0xA3, 0x8E, 0xAD, 0xA6, 0xAD, 0xB7, 0x9A, 0xA0, 0xAD, 0xA9, 0xAB, 0xB3, 0xA3, 0x99, 0xAD, 0xAB,
    0xA3, 0x9E, 0x9F, 0xA4, 0xA3, 0xBC, 0xB7, 0xB9, 0xBC, 0xA1, 0xBC, 0xC5, 0xBD, 0xAD, 0xC7, 0xD3,
    0xC4, 0xC5, 0xC3, 0xB9, 0xC5, 0xC7, 0xCF, 0xC5, 0xBC, 0xCF, 0xCF, 0xD3, 0xC7, 0xCF, 0xD4, 0xCE,
    0xCF, 0xC7, 0xCF, 0xCF, 0xC7, 0xCF, 0xDA, 0xFD, 0x95, 0xA8, 0xCA, 0xDA, 0xDD, 0xF1, 0xF0, 0xF5,
    0x00, 0x00, 0x00, 0x00, 0x00, 0x00, 0x00, 0x00, 0x00, 0x00, 0x00, 0x00, 0x00, 0x00, 0x00, 0x00,
    0x00, 0x00, 0x00, 0x00, 0x00, 0x00, 0x00, 0x00, 0x00, 0x00, 0x00, 0x00, 0x00, 0x00, 0x00, 0x00,
    0x00, 0x00, 0x00, 0x00, 0x00, 0x00, 0x00, 0x00, 0x00, 0x00, 0x00, 0x00, 0x00, 0x00, 0x00, 0x00,
    0x00, 0x00, 0x00, 0x00, 0x00, 0x00, 0x00, 0x00, 0x00, 0x00, 0x00, 0x00, 0x00, 0x00, 0x00, 0x00,
    0x00, 0x00, 0x00, 0x00, 0x00, 0x00, 0x00, 0x00, 0x00, 0x00, 0x00, 0x00, 0x00, 0x00, 0x00, 0x00,
    0x00, 0x00, 0x00, 0x00, 0x00, 0x00, 0x00, 0x00, 0x00, 0x00, 0x00, 0x00, 0x00, 0x00, 0x00, 0x00,
    0x00, 0x00, 0x00, 0x00, 0x00, 0x00, 0x00, 0x00, 0x00, 0x00, 0x00, 0x00, 0x00, 0x00, 0x00, 0x00,
    0x00, 0x00, 0x00, 0x00, 0x00, 0x00, 0x00, 0x00, 0x00, 0x00, 0x00, 0x00, 0x00, 0x00, 0x00, 0x00,
    0x00, 0x00, 0x00, 0x00, 0x00, 0x00, 0x00, 0x00, 0x00, 0x00, 0x00, 0x00, 0x00, 0x00, 0x00, 0x00,
    0x00, 0x00, 0x00, 0x00, 0x00, 0x00, 0x00, 0x00, 0x00, 0x00, 0x00, 0x00, 0x00, 0x00, 0x00, 0x00,
    0x00, 0x00, 0x00, 0x00, 0x00, 0x00, 0x00, 0x00, 0x00, 0x00, 0x00, 0x00, 0x00, 0x00, 0x00, 0x00,
    0x00, 0x00, 0x00, 0x00, 0x00, 0x00, 0x00, 0x00, 0x00, 0x00, 0x00, 0x00, 0x00, 0x00, 0x00, 0x00,
    0xF4, 0xDB, 0xE0, 0xF0, 0xF1, 0xEF, 0xDB, 0xA8, 0xEA, 0xE7, 0xE3, 0xDA, 0xDA, 0xCF, 0xDA, 0xC7,
    0xC8, 0xD2, 0xC5, 0xC7, 0xB9, 0xC5, 0xE0, 0xDA, 0xCD, 0xC2, 0xC5, 0xC2, 0xCE, 0xCE, 0xC5, 0xC9,
    0xCF, 0xB9, 0xB9, 0xC7, 0xBC, 0xC5, 0xB9, 0xCC, 0xCF, 0xC7, 0xC7, 0xBC, 0xA7, 0x9B, 0xC7, 0xBD,
    0xB7, 0x9A, 0xA0, 0xB7, 0xC1, 0xB0, 0xA6, 0xB7, 0xB2, 0xA2, 0xB1, 0x8E, 0x9A, 0xB9, 0xA6, 0x86,
    0x97, 0xA3, 0xA2, 0x9A, 0xA4, 0x9A, 0xA4, 0xA6, 0x9E, 0x98, 0x8D, 0x77, 0x98, 0x7F, 0x72, 0x97,
    0x8D, 0x98, 0x72, 0x71, 0x7F, 0x61, 0x8C, 0x80, 0x80, 0x8C, 0x77, 0x8A, 0xA4, 0x8A, 0x8E, 0x6C,
    0x5A, 0x6B, 0x9F, 0x9E, 0x6B, 0x61, 0x42, 0x42, 0x6C, 0x77, 0x6B, 0x6B, 0x61, 0x52, 0x6A, 0x44,
    0x4D, 0x5E, 0x4D, 0x49, 0x67, 0x4F, 0x6A, 0x52, 0x4D, 0x4D, 0x60, 0x4F, 0x38, 0x46, 0x43, 0x50,
    0x56, 0x4F, 0x45, 0x56, 0x60, 0x50, 0x42, 0x65, 0x72, 0x40, 0x51, 0x50, 0x44, 0x37, 0x45, 0x5E,
    0x43, 0x51, 0x6A, 0x45, 0x69, 0x50, 0x42, 0x50, 0x37, 0x37, 0x40, 0x5E, 0x5A, 0x44, 0x42, 0x2F,
    0x37, 0x50, 0x45, 0x50, 0x69, 0x61, 0x38, 0x56, 0x69, 0x60, 0x4F, 0x37, 0x60, 0x87, 0x5E, 0x6E,
    0x4D, 0x40, 0x37, 0x50, 0x5A, 0x45, 0x50, 0x5A, 0x5D, 0x6A, 0x4D, 0x4D, 0x51, 0x4C, 0x43, 0x7F,
    0x67, 0x6A, 0x60, 0x51, 0x4B, 0x4F, 0x5A, 0x60, 0x67, 0x5A, 0x75, 0x69, 0x4F, 0x50, 0x60, 0x6A,
    0x51, 0x40, 0x49, 0x6F, 0x6F, 0x4B, 0x51, 0x60, 0x51, 0x67, 0x7F, 0x76, 0x75, 0x6C, 0x56, 0x80,
    0x7E, 0x72, 0x7E, 0x72, 0x76, 0x65, 0x6F, 0x87, 0x77, 0x87, 0x70, 0x85, 0x77, 0x80, 0x76, 0x7C,
    0xAB, 0x8E, 0xA6, 0xA7, 0x93, 0x9F, 0x84, 0x75, 0xAA, 0xBD, 0xA6, 0x8D, 0x8D, 0x92, 0x8D, 0xAD,
    0xB2, 0xB3, 0x98, 0xA4, 0xAD, 0xA0, 0x9F, 0xAB, 0xAB, 0xA3, 0x97, 0xA3, 0xAD, 0xA3, 0x87, 0xA4,
    0xB9, 0xA4, 0xAD, 0xB9, 0xA4, 0xC5, 0xC2, 0xBC, 0xC5, 0xAF, 0xAD, 0xC2, 0xA4, 0xB3, 0xC4, 0xC5,
    0xC7, 0xE3, 0xC7, 0xC5, 0xCF, 0xC3, 0xC7, 0xCF, 0xC7, 0xD2, 0xCF, 0xCF, 0xC5, 0xCC, 0xCF, 0xCF,
    0xCF, 0xD6, 0xD6, 0xCF, 0xDA, 0xDA, 0xE2, 0xFD, 0x95, 0xA8, 0xCA, 0xDB, 0xD4, 0xDB, 0xEF, 0xF9,
    0x00, 0x00, 0x00, 0x00, 0x00, 0x00, 0x00, 0x00, 0x00, 0x00, 0x00, 0x00, 0x00, 0x00, 0x00, 0x00,
    0x00, 0x00, 0x00, 0x00, 0x00, 0x00, 0x00, 0x00, 0x00, 0x00, 0x00, 0x00, 0x00, 0x00, 0x00, 0x00,
    0x00, 0x00, 0x00, 0x00, 0x00, 0x00, 0x00, 0x00, 0x00, 0x00, 0x00, 0x00, 0x00, 0x00, 0x00, 0x00,
    0x00, 0x00, 0x00, 0x00, 0x00, 0x00, 0x00, 0x00, 0x00, 0x00, 0x00, 0x00, 0x00, 0x00, 0x00, 0x00,
    0x00, 0x00, 0x00, 0x00, 0x00, 0x00, 0x00, 0x00, 0x00, 0x00, 0x00, 0x00, 0x00, 0x00, 0x00, 0x00,
    0x00, 0x00, 0x00, 0x00, 0x00, 0x00, 0x00, 0x00, 0x00, 0x00, 0x00, 0x00, 0x00, 0x00, 0x00, 0x00,
    0x00, 0x00, 0x00, 0x00, 0x00, 0x00, 0x00, 0x00, 0x00, 0x00, 0x00, 0x00, 0x00, 0x00, 0x00, 0x00,
    0x00, 0x00, 0x00, 0x00, 0x00, 0x00, 0x00, 0x00, 0x00, 0x00, 0x00, 0x00, 0x00, 0x00, 0x00, 0x00,
    0x00, 0x00, 0x00, 0x00, 0x00, 0x00, 0x00, 0x00, 0x00, 0x00, 0x00, 0x00, 0x00, 0x00, 0x00, 0x00,
    0x00, 0x00, 0x00, 0x00, 0x00, 0x00, 0x00, 0x00, 0x00, 0x00, 0x00, 0x00, 0x00, 0x00, 0x00, 0x00,
    0x00, 0x00, 0x00, 0x00, 0x00, 0x00, 0x00, 0x00, 0x00, 0x00, 0x00, 0x00, 0x00, 0x00, 0x00, 0x00,
    0x00, 0x00, 0x00, 0x00, 0x00, 0x00, 0x00, 0x00, 0x00, 0x00, 0x00, 0x00, 0x00, 0x00, 0x00, 0x00,
    0xF4, 0xD6, 0xE3, 0xF4, 0xF4, 0xEF, 0xCA, 0xA8, 0xF8, 0xE3, 0xE3, 0xDA, 0xC8, 0xC3, 0xCF, 0xC3,
    0xBC, 0xC8, 0xD2, 0xD6, 0xBC, 0xC7, 0xC7, 0xCE, 0xCF, 0xD4, 0xCE, 0xC7, 0xD6, 0xCD, 0xC1, 0xCF,
    0xC8, 0xB3, 0xB9, 0xB0, 0xAD, 0xCE, 0xC7, 0xCF, 0xD3, 0xCC, 0xB9, 0xAF, 0xBC, 0xB0, 0x9A, 0xA1,
    0xC7, 0xB0, 0xA6, 0xAD, 0xB3, 0xB2, 0xA3, 0x98, 0xAB, 0xB3, 0xA6, 0x9E, 0xAD, 0x98, 0xA4, 0xA3,
    0xAD, 0xAB, 0xAB, 0xB3, 0xA6, 0x98, 0xA6, 0xBC, 0x9A, 0x8D, 0x90, 0x8D, 0xA3, 0x8D, 0x98, 0x75,
    0x80, 0x8E, 0x8D, 0x8F, 0x97, 0x77, 0x98, 0x92, 0x6C, 0x56, 0x6B, 0x61, 0x76, 0x61, 0x8A, 0x8E,
    0x80, 0x7F, 0x92, 0x6C, 0x61, 0x61, 0x61, 0x56, 0x80, 0x6B, 0x56, 0x80, 0x51, 0x40, 0x48, 0x40,
    0x4F, 0x60, 0x5E, 0x60, 0x75, 0x5E, 0x5A, 0x50, 0x5E, 0x6A, 0x77, 0x5A, 0x46, 0x5A, 0x56, 0x50,
    0x37, 0x2B, 0x41, 0x41, 0x52, 0x61, 0x52, 0x5A, 0x4D, 0x5A, 0x60, 0x5D, 0x67, 0x50, 0x5A, 0x67,
    0x50, 0x52, 0x69, 0x5A, 0x56, 0x45, 0x45, 0x60, 0x5A, 0x5A, 0x42, 0x42, 0x41, 0x5E, 0x50, 0x44,
    0x40, 0x5A, 0x6B, 0x45, 0x42, 0x56, 0x2A, 0x41, 0x45, 0x56, 0x7B, 0x50, 0x6A, 0x6E, 0x67, 0x72,
    0x5E, 0x51, 0x67, 0x71, 0x65, 0x56, 0x61, 0x4B, 0x40, 0x51, 0x3C, 0x43, 0x51, 0x72, 0x60, 0x67,
    0x5A, 0x6B, 0x5E, 0x52, 0x60, 0x6A, 0x75, 0x61, 0x6A, 0x5E, 0x7E, 0x6B, 0x4F, 0x46, 0x38, 0x69,
    0x6B, 0x7C, 0x52, 0x51, 0x6A, 0x60, 0x75, 0x80, 0x67, 0x7E, 0x8D, 0x80, 0x45, 0x5A, 0x60, 0x56,
    0x77, 0x6A, 0x8D, 0x92, 0x8A, 0x67, 0x7F, 0x72, 0x92, 0x98, 0x84, 0x97, 0x85, 0x9E, 0x89, 0x56,
    0x6B, 0x76, 0x6C, 0x8B, 0x8E, 0xAD, 0xA0, 0x86, 0xA6, 0xA0, 0xA0, 0xA0, 0xA0, 0x92, 0xAD, 0xAB,
    0xC0, 0xB9, 0x86, 0x98, 0x9A, 0x8C, 0x98, 0x8D, 0x9E, 0xB3, 0xA4, 0xA2, 0xC2, 0xB5, 0x90, 0xBD,
    0xC3, 0xB9, 0xB7, 0xBD, 0xC5, 0xB9, 0xB7, 0xBC, 0xA1, 0xA0, 0x9A, 0xB4, 0xBC, 0xCF, 0xD2, 0xCF,
    0xD6, 0xCC, 0xCF, 0xDA, 0xD3, 0xBC, 0xCF, 0xD2, 0xBB, 0xC5, 0xCF, 0xC5, 0xC7, 0xC3, 0xCE, 0xCF,
    0xD6, 0xD6, 0xCF, 0xC7, 0xD6, 0xDA, 0xE3, 0xFB, 0x95, 0xA8, 0xDD, 0xEF, 0xDC, 0xCF, 0xDB, 0xF5,
    0x00, 0x00, 0x00, 0x00, 0x00, 0x00, 0x00, 0x00, 0x00, 0x00, 0x00, 0x00, 0x00, 0x00, 0x00, 0x00,
    0x00, 0x00, 0x00, 0x00, 0x00, 0x00, 0x00, 0x00, 0x00, 0x00, 0x00, 0x00, 0x00, 0x00, 0x00, 0x00,
    0x00, 0x00, 0x00, 0x00, 0x00, 0x00, 0x00, 0x00, 0x00, 0x00, 0x00, 0x00, 0x00, 0x00, 0x00, 0x00,
    0x00, 0x00, 0x00, 0x00, 0x00, 0x00, 0x00, 0x00, 0x00, 0x00, 0x00, 0x00, 0x00, 0x00, 0x00, 0x00,
    0x00, 0x00, 0x00, 0x00, 0x00, 0x00, 0x00, 0x00, 0x00, 0x00, 0x00, 0x00, 0x00, 0x00, 0x00, 0x00,
    0x00, 0x00, 0x00, 0x00, 0x00, 0x00, 0x00, 0x00, 0x00, 0x00, 0x00, 0x00, 0x00, 0x00, 0x00, 0x00,
    0x00, 0x00, 0x00, 0x00, 0x00, 0x00, 0x00, 0x00, 0x00, 0x00, 0x00, 0x00, 0x00, 0x00, 0x00, 0x00,
    0x00, 0x00, 0x00, 0x00, 0x00, 0x00, 0x00, 0x00, 0x00, 0x00, 0x00, 0x00, 0x00, 0x00, 0x00, 0x00,
    0x00, 0x00, 0x00, 0x00, 0x00, 0x00, 0x00, 0x00, 0x00, 0x00, 0x00, 0x00, 0x00, 0x00, 0x00, 0x00,
    0x00, 0x00, 0x00, 0x00, 0x00, 0x00, 0x00, 0x00, 0x00, 0x00, 0x00, 0x00, 0x00, 0x00, 0x00, 0x00,
    0x00, 0x00, 0x00, 0x00, 0x00, 0x00, 0x00, 0x00, 0x00, 0x00, 0x00, 0x00, 0x00, 0x00, 0x00, 0x00,
    0x00, 0x00, 0x00, 0x00, 0x00, 0x00, 0x00, 0x00, 0x00, 0x00, 0x00, 0x00, 0x00, 0x00, 0x00, 0x00,
    0xF9, 0xE3, 0xDA, 0xE6, 0xF4, 0xF5, 0xCA, 0xCA, 0xF8, 0xDA, 0xC8, 0xD2, 0xC3, 0xB0, 0xC6, 0xC3,
    0xBC, 0xBC, 0xD6, 0xE3, 0xC7, 0xCF, 0xB9, 0xB0, 0xC8, 0xDA, 0xD6, 0xD3, 0xCF, 0xC5, 0xC2, 0xCE,
    0xC3, 0xC1, 0xB9, 0xAF, 0xAD, 0xC4, 0xD2, 0xD3, 0xD2, 0xC7, 0xAE, 0x9F, 0xB9, 0xA7, 0xA0, 0xBC,
    0xB0, 0x9B, 0x9B, 0x93, 0x9B, 0xB0, 0xA3, 0x97, 0x8D, 0xA6, 0xC2, 0xB1, 0xAB, 0x80, 0x8C, 0xB5,
    0xBD, 0xAD, 0xB9, 0xB9, 0xA4, 0xA0, 0xB4, 0xB4, 0xA6, 0xA0, 0xAD, 0x98, 0x98, 0xAF, 0xB3, 0x92,
    0x75, 0x7F, 0x98, 0xAB, 0x98, 0x8E, 0x8D, 0x8A, 0x61, 0x69, 0x69, 0x61, 0x38, 0x46, 0x8E, 0xA0,
    0x9A, 0x8A, 0x78, 0x56, 0x46, 0x56, 0x5E, 0x80, 0x76, 0x56, 0x46, 0x61, 0x33, 0x42, 0x4D, 0x42,
    0x56, 0x4F, 0x6B, 0x8E, 0x76, 0x7C, 0x60, 0x56, 0x69, 0x8C, 0x75, 0x6B, 0x61, 0x4F, 0x45, 0x33,
    0x32, 0x41, 0x37, 0x45, 0x45, 0x75, 0x72, 0x4F, 0x4F, 0x33, 0x33, 0x56, 0x7F, 0x56, 0x46, 0x38,
    0x46, 0x46, 0x6C, 0x61, 0x61, 0x38, 0x56, 0x56, 0x8A, 0x76, 0x50, 0x4F, 0x37, 0x45, 0x69, 0x56,
    0x50, 0x45, 0x46, 0x33, 0x2F, 0x38, 0x2A, 0x22, 0x33, 0x56, 0x8F, 0x56, 0x50, 0x7F, 0x45, 0x45,
    0x61, 0x80, 0x61, 0x74, 0x50, 0x38, 0x38, 0x50, 0x37, 0x37, 0x33, 0x54, 0x45, 0x75, 0x8D, 0x5A,
    0x61, 0x33, 0x41, 0x56, 0x76, 0x76, 0x6C, 0x46, 0x46, 0x61, 0x6C, 0x6C, 0x6B, 0x61, 0x46, 0x46,
    0x80, 0x98, 0x6B, 0x6A, 0x4F, 0x69, 0x8F, 0x8F, 0x8D, 0x6C, 0x61, 0x61, 0x33, 0x46, 0x38, 0x60,
    0x80, 0x77, 0x80, 0xA4, 0xA0, 0x84, 0x90, 0x5E, 0x6B, 0xA4, 0x9E, 0xA3, 0x9E, 0x7F, 0x6C, 0x61,
    0x76, 0x74, 0x61, 0x75, 0x9A, 0xB0, 0xC3, 0xAB, 0x9F, 0x8E, 0x80, 0x9A, 0xA7, 0xB0, 0xAF, 0x92,
    0x9A, 0xA1, 0x6C, 0x98, 0xA0, 0x98, 0x8A, 0x8E, 0x9A, 0xB7, 0xC2, 0xAB, 0xA6, 0x98, 0x98, 0xB9,
    0xC5, 0xB7, 0xB5, 0xB7, 0xAF, 0xAF, 0xAF, 0xAF, 0xA0, 0xA0, 0x8B, 0xA1, 0xC8, 0xD6, 0xD2, 0xDF,
    0xCF, 0xBC, 0xCC, 0xDA, 0xCF, 0xCF, 0xD6, 0xC7, 0xB0, 0xC3, 0xBC, 0xC5, 0xCE, 0xC5, 0xC5, 0xCF,
    0xDA, 0xE2, 0xCE, 0xC3, 0xC5, 0xD5, 0xE2, 0xF8, 0x95, 0xCA, 0xF0, 0xDB, 0xE6, 0xE3, 0xE6, 0xF9,
    0x00, 0x00, 0x00, 0x00, 0x00, 0x00, 0x00, 0x00, 0x00, 0x00, 0x00, 0x00, 0x00, 0x00, 0x00, 0x00,
    0x00, 0x00, 0x00, 0x00, 0x00, 0x00, 0x00, 0x00, 0x00, 0x00, 0x00, 0x00, 0x00, 0x00, 0x00, 0x00,
    0x00, 0x00, 0x00, 0x00, 0x00, 0x00, 0x00, 0x00, 0x00, 0x00, 0x00, 0x00, 0x00, 0x00, 0x00, 0x00,
    0x00, 0x00, 0x00, 0x00, 0x00, 0x00, 0x00, 0x00, 0x00, 0x00, 0x00, 0x00, 0x00, 0x00, 0x00, 0x00,
    0x00, 0x00, 0x00, 0x00, 0x00, 0x00, 0x00, 0x00, 0x00, 0x00, 0x00, 0x00, 0x00, 0x00, 0x00, 0x00,
    0x00, 0x00, 0x00, 0x00, 0x00, 0x00, 0x00, 0x00, 0x00, 0x00, 0x00, 0x00, 0x00, 0x00, 0x00, 0x00,
    0x00, 0x00, 0x00, 0x00, 0x00, 0x00, 0x00, 0x00, 0x00, 0x00, 0x00, 0x00, 0x00, 0x00, 0x00, 0x00,
    0x00, 0x00, 0x00, 0x00, 0x00, 0x00, 0x00, 0x00, 0x00, 0x00, 0x00, 0x00, 0x00, 0x00, 0x00, 0x00,
    0x00, 0x00, 0x00, 0x00, 0x00, 0x00, 0x00, 0x00, 0x00, 0x00, 0x00, 0x00, 0x00, 0x00, 0x00, 0x00,
    0x00, 0x00, 0x00, 0x00, 0x00, 0x00, 0x00, 0x00, 0x00, 0x00, 0x00, 0x00, 0x00, 0x00, 0x00, 0x00,
    0x00, 0x00, 0x00, 0x00, 0x00, 0x00, 0x00, 0x00, 0x00, 0x00, 0x00, 0x00, 0x00, 0x00, 0x00, 0x00,
    0x00, 0x00, 0x00, 0x00, 0x00, 0x00, 0x00, 0x00, 0x00, 0x00, 0x00, 0x00, 0x00, 0x00, 0x00, 0x00,
    0xF9, 0xF4, 0xDA, 0xE0, 0xF0, 0xF7, 0xEF, 0xE5, 0xF3, 0xCF, 0xC8, 0xCF, 0xCF, 0xC7, 0xC8, 0xCF,
    0xCF, 0xCF, 0xCE, 0xCF, 0xC1, 0xBD, 0xC2, 0xC7, 0xCF, 0xDA, 0xCF, 0xD3, 0xCF, 0xD6, 0xD4, 0xE0,
    0xCE, 0xC0, 0xC5, 0xC2, 0xC5, 0xC7, 0xC5, 0xBC, 0xB0, 0xC3, 0xBC, 0xAD, 0xB9, 0xAD, 0xB0, 0xC5,
    0xB0, 0xA6, 0xB0, 0xB0, 0x93, 0xAD, 0xB7, 0xB3, 0xB3, 0x9F, 0xB2, 0xA6, 0x90, 0x98, 0x98, 0xA4,
    0xB9, 0xAB, 0xB0, 0x9E, 0xA9, 0xB9, 0xC6, 0xB0, 0x9F, 0xB3, 0xAF, 0xA3, 0x98, 0xA0, 0x9A, 0x8E,
    0x8D, 0x7F, 0xA3, 0xA1, 0x8A, 0x84, 0x90, 0x86, 0x61, 0x74, 0x6B, 0x6B, 0x6C, 0x80, 0x8E, 0x9F,
    0x8A, 0x6C, 0x5E, 0x71, 0x56, 0x6B, 0x75, 0x6C, 0x76, 0x80, 0x76, 0x56, 0x33, 0x38, 0x60, 0x5A,
    0x61, 0x75, 0x6B, 0x6A, 0x5E, 0x5E, 0x75, 0x61, 0x61, 0x77, 0x60, 0x6B, 0x61, 0x75, 0x56, 0x56,
    0x42, 0x56, 0x38, 0x46, 0x5A, 0x52, 0x56, 0x38, 0x38, 0x45, 0x38, 0x61, 0x61, 0x56, 0x69, 0x46,
    0x56, 0x46, 0x76, 0x4F, 0x61, 0x74, 0x69, 0x56, 0x56, 0x56, 0x33, 0x42, 0x4F, 0x45, 0x52, 0x4F,
    0x5A, 0x52, 0x5A, 0x45, 0x45, 0x33, 0x33, 0x33, 0x38, 0x6B, 0x69, 0x61, 0x56, 0x38, 0x42, 0x4F,
    0x75, 0x80, 0x5A, 0x61, 0x75, 0x52, 0x50, 0x5A, 0x42, 0x4F, 0x56, 0x65, 0x60, 0x52, 0x5A, 0x38,
    0x45, 0x45, 0x4F, 0x56, 0x6B, 0x6B, 0x80, 0x77, 0x69, 0x74, 0x92, 0x56, 0x61, 0x61, 0x6B, 0x61,
    0x5A, 0x72, 0x56, 0x4F, 0x60, 0x7B, 0x96, 0x82, 0x69, 0x7E, 0x76, 0x76, 0x56, 0x78, 0x46, 0x74,
    0x8A, 0x8B, 0x8D, 0x7F, 0x8D, 0x80, 0x75, 0x72, 0x86, 0x97, 0x80, 0x8A, 0x90, 0x9A, 0x8A, 0x8A,
    0xA1, 0x74, 0x8E, 0x98, 0xAB, 0xB9, 0x9F, 0xAB, 0x92, 0x8E, 0x7F, 0x92, 0xAF, 0xB0, 0x9B, 0xA1,
    0x9A, 0xAD, 0x9B, 0xC1, 0xA0, 0xA3, 0xA0, 0xAF, 0xAF, 0xB2, 0xAB, 0xA0, 0x92, 0xA6, 0xB2, 0xB7,
    0xBF, 0xAD, 0xA1, 0xB9, 0xBF, 0xAD, 0xB3, 0x9A, 0xAF, 0xB7, 0xB0, 0xC3, 0xC3, 0xC4, 0xBC, 0xCC,
    0xCF, 0xC7, 0xCC, 0xD6, 0xCE, 0xCF, 0xD6, 0xCF, 0xCF, 0xD5, 0xC3, 0xCE, 0xC9, 0xCF, 0xCF, 0xCF,
    0xD2, 0xD2, 0xC7, 0xC7, 0xD2, 0xE6, 0xE0, 0xF3, 0xDB, 0xEF, 0xF3, 0xE6, 0xDA, 0xDA, 0xE6, 0xF5,
    0x00, 0x00, 0x00, 0x00, 0x00, 0x00, 0x00, 0x00, 0x00, 0x00, 0x00, 0x00, 0x00, 0x00, 0x00, 0x00,
    0x00, 0x00, 0x00, 0x00, 0x00, 0x00, 0x00, 0x00, 0x00, 0x00, 0x00, 0x00, 0x00, 0x00, 0x00, 0x00,
    0x00, 0x00, 0x00, 0x00, 0x00, 0x00, 0x00, 0x00, 0x00, 0x00, 0x00, 0x00, 0x00, 0x00, 0x00, 0x00,
    0x00, 0x00, 0x00, 0x00, 0x00, 0x00, 0x00, 0x00, 0x00, 0x00, 0x00, 0x00, 0x00, 0x00, 0x00, 0x00,
    0x00, 0x00, 0x00, 0x00, 0x00, 0x00, 0x00, 0x00, 0x00, 0x00, 0x00, 0x00, 0x00, 0x00, 0x00, 0x00,
    0x00, 0x00, 0x00, 0x00, 0x00, 0x00, 0x00, 0x00, 0x00, 0x00, 0x00, 0x00, 0x00, 0x00, 0x00, 0x00,
    0x00, 0x00, 0x00, 0x00, 0x00, 0x00, 0x00, 0x00, 0x00, 0x00, 0x00, 0x00, 0x00, 0x00, 0x00, 0x00,
    0x00, 0x00, 0x00, 0x00, 0x00, 0x00, 0x00, 0x00, 0x00, 0x00, 0x00, 0x00, 0x00, 0x00, 0x00, 0x00,
    0x00, 0x00, 0x00, 0x00, 0x00, 0x00, 0x00, 0x00, 0x00, 0x00, 0x00, 0x00, 0x00, 0x00, 0x00, 0x00,
    0x00, 0x00, 0x00, 0x00, 0x00, 0x00, 0x00, 0x00, 0x00, 0x00, 0x00, 0x00, 0x00, 0x00, 0x00, 0x00,
    0x00, 0x00, 0x00, 0x00, 0x00, 0x00, 0x00, 0x00, 0x00, 0x00, 0x00, 0x00, 0x00, 0x00, 0x00, 0x00,
    0x00, 0x00, 0x00, 0x00, 0x00, 0x00, 0x00, 0x00, 0x00, 0x00, 0x00, 0x00, 0x00, 0x00, 0x00, 0x00,
    0xFA, 0xF1, 0xE3, 0xD6, 0xE6, 0xF1, 0xF5, 0xF1, 0xE7, 0xD6, 0xDA, 0xDA, 0xD6, 0xC4, 0xCF, 0xCF,
    0xCF, 0xD2, 0xC7, 0xBC, 0xB4, 0xCF, 0xCD, 0xD2, 0xC7, 0xC8, 0xC7, 0xD3, 0xD6, 0xCF, 0xD4, 0xC9,
    0xC1, 0xB9, 0xC5, 0xC5, 0xC5, 0xC4, 0xB3, 0xAD, 0xA7, 0xC3, 0xC8, 0xC7, 0xC5, 0xBC, 0xC7, 0xC3,
    0xC7, 0xC3, 0xBD, 0xB9, 0xAF, 0xA0, 0xB3, 0xA6, 0xA6, 0x9F, 0x8E, 0x8E, 0xA9, 0xB6, 0xB2, 0x9A,
    0xAF, 0xBC, 0xAF, 0x92, 0x98, 0xA6, 0xAD, 0xA7, 0xA0, 0xA0, 0x92, 0x98, 0x9F, 0x8E, 0x76, 0x80,
    0x98, 0x9F, 0x8D, 0x8E, 0x7C, 0x8E, 0x97, 0x7F, 0x86, 0x8D, 0x6B, 0x76, 0x8E, 0x8D, 0x80, 0x76,
    0x6C, 0x61, 0x80, 0x7E, 0x7C, 0x7B, 0x8D, 0x7F, 0x8E, 0x8D, 0x7F, 0x6A, 0x60, 0x4F, 0x52, 0x72,
    0x6A, 0x6B, 0x69, 0x4F, 0x45, 0x4F, 0x6A, 0x75, 0x52, 0x51, 0x75, 0x75, 0x60, 0x65, 0x6B, 0x5E,
    0x52, 0x50, 0x50, 0x38, 0x4F, 0x38, 0x33, 0x33, 0x44, 0x52, 0x6F, 0x65, 0x75, 0x75, 0x6B, 0x6A,
    0x6B, 0x6B, 0x60, 0x4F, 0x46, 0x56, 0x56, 0x61, 0x38, 0x33, 0x42, 0x44, 0x52, 0x69, 0x52, 0x56,
    0x61, 0x69, 0x5E, 0x5E, 0x54, 0x49, 0x44, 0x5A, 0x50, 0x4F, 0x38, 0x56, 0x45, 0x52, 0x51, 0x5E,
    0x67, 0x72, 0x7B, 0x7D, 0x6E, 0x75, 0x87, 0x5E, 0x42, 0x51, 0x5E, 0x4F, 0x61, 0x50, 0x33, 0x33,
    0x43, 0x52, 0x6B, 0x60, 0x6B, 0x6C, 0x90, 0x82, 0x7C, 0x76, 0x76, 0x60, 0x56, 0x56, 0x38, 0x6B,
    0x5A, 0x45, 0x45, 0x51, 0x72, 0x7F, 0x75, 0x7C, 0x80, 0x97, 0x8A, 0x8D, 0x7C, 0x74, 0x6A, 0x74,
    0x80, 0x75, 0x80, 0x76, 0x6B, 0x6B, 0x7F, 0x97, 0xAB, 0x98, 0x8E, 0x9A, 0x9F, 0x9A, 0xA6, 0xA0,
    0x8E, 0x8A, 0x9F, 0xA6, 0x98, 0x9A, 0x98, 0x8E, 0x8C, 0x97, 0x92, 0x93, 0x92, 0xA1, 0xA1, 0xA7,
    0xA7, 0xB0, 0xC2, 0xB7, 0x90, 0x98, 0xB0, 0xA6, 0xAF, 0xA4, 0x98, 0x92, 0x9E, 0xAD, 0xAF, 0xB3,
    0xA3, 0xA4, 0xA6, 0xB9, 0xAB, 0xA4, 0xB7, 0xBF, 0xA0, 0xB9, 0xBC, 0xB0, 0xB0, 0xBC, 0xAF, 0xC3,
    0xCF, 0xC8, 0xB0, 0xC7, 0xD6, 0xD6, 0xD5, 0xC7, 0xCF, 0xD6, 0xD4, 0xC7, 0xC2, 0xCF, 0xD2, 0xCF,
    0xC8, 0xCF, 0xD2, 0xCF, 0xDA, 0xE3, 0xE0, 0xEF, 0xF5, 0xF8, 0xF4, 0xE3, 0xDF, 0xDF, 0xE6, 0xF5,
    0x00, 0x00, 0x00, 0x00, 0x00, 0x00, 0x00, 0x00, 0x00, 0x00, 0x00, 0x00, 0x00, 0x00, 0x00, 0x00,
    0x00, 0x00, 0x00, 0x00, 0x00, 0x00, 0x00, 0x00, 0x00, 0x00, 0x00, 0x00, 0x00, 0x00, 0x00, 0x00,
    0x00, 0x00, 0x00, 0x00, 0x00, 0x00, 0x00, 0x00, 0x00, 0x00, 0x00, 0x00, 0x00, 0x00, 0x00, 0x00,
    0x00, 0x00, 0x00, 0x00, 0x00, 0x00, 0x00, 0x00, 0x00, 0x00, 0x00, 0x00, 0x00, 0x00, 0x00, 0x00,
    0x00, 0x00, 0x00, 0x00, 0x00, 0x00, 0x00, 0x00, 0x00, 0x00, 0x00, 0x00, 0x00, 0x00, 0x00, 0x00,
    0x00, 0x00, 0x00, 0x00, 0x00, 0x00, 0x00, 0x00, 0x00, 0x00, 0x00, 0x00, 0x00, 0x00, 0x00, 0x00,
    0x00, 0x00, 0x00, 0x00, 0x00, 0x00, 0x00, 0x00, 0x00, 0x00, 0x00, 0x00, 0x00, 0x00, 0x00, 0x00,
    0x00, 0x00, 0x00, 0x00, 0x00, 0x00, 0x00, 0x00, 0x00, 0x00, 0x00, 0x00, 0x00, 0x00, 0x00, 0x00,
    0x00, 0x00, 0x00, 0x00, 0x00, 0x00, 0x00, 0x00, 0x00, 0x00, 0x00, 0x00, 0x00, 0x00, 0x00, 0x00,
    0x00, 0x00, 0x00, 0x00, 0x00, 0x00, 0x00, 0x00, 0x00, 0x00, 0x00, 0x00, 0x00, 0x00, 0x00, 0x00,
    0x00, 0x00, 0x00, 0x00, 0x00, 0x00, 0x00, 0x00, 0x00, 0x00, 0x00, 0x00, 0x00, 0x00, 0x00, 0x00,
    0x00, 0x00, 0x00, 0x00, 0x00, 0x00, 0x00, 0x00, 0x00, 0x00, 0x00, 0x00, 0x00, 0x00, 0x00, 0x00,
    0xFE, 0xF4, 0xF3, 0xE3, 0xE3, 0xEF, 0xF9, 0xFF, 0xD9, 0xDF, 0xDA, 0xCF, 0xC7, 0xCF, 0xC8, 0xCF,
    0xCF, 0xC5, 0xB0, 0xB4, 0xC5, 0xCF, 0xD6, 0xD6, 0xD5, 0xCF, 0xC7, 0xC5, 0xCE, 0xC2, 0xCF, 0xBC,
    0xC2, 0xC5, 0xC5, 0xC1, 0xB9, 0xA4, 0xA4, 0xC2, 0xC5, 0xA1, 0xC3, 0xC8, 0xC5, 0xCE, 0xC7, 0xC3,
    0xC3, 0xBC, 0xAD, 0xB9, 0xAF, 0xB9, 0xB0, 0xA6, 0xA4, 0xA0, 0x92, 0xAD, 0xB5, 0x9E, 0xB5, 0xB9,
    0xBC, 0xAF, 0x8E, 0x9A, 0xA6, 0xAF, 0x8D, 0xA6, 0x8E, 0x77, 0x9A, 0x98, 0x98, 0x80, 0x8A, 0x97,
    0x87, 0x98, 0x8A, 0x80, 0x6B, 0x6A, 0x87, 0x8E, 0x84, 0x8F, 0x87, 0x8D, 0x8A, 0x8E, 0x69, 0x5A,
    0x75, 0x76, 0xA4, 0x80, 0x7C, 0x8E, 0x9F, 0x8D, 0x8A, 0x80, 0x6A, 0x69, 0x74, 0x61, 0x6B, 0x6B,
    0x60, 0x50, 0x4F, 0x5A, 0x5E, 0x6C, 0x4F, 0x7C, 0x6C, 0x56, 0x75, 0x52, 0x5A, 0x5D, 0x5E, 0x56,
    0x6A, 0x6A, 0x4F, 0x50, 0x33, 0x2F, 0x41, 0x4B, 0x5E, 0x41, 0x6A, 0x5E, 0x75, 0x56, 0x4F, 0x6B,
    0x56, 0x74, 0x4F, 0x56, 0x56, 0x4F, 0x69, 0x38, 0x56, 0x43, 0x51, 0x6B, 0x60, 0x60, 0x69, 0x56,
    0x45, 0x4F, 0x45, 0x5E, 0x4B, 0x50, 0x72, 0x6B, 0x5E, 0x33, 0x22, 0x38, 0x56, 0x6A, 0x6B, 0x60,
    0x51, 0x6F, 0x5D, 0x72, 0x72, 0x5E, 0x70, 0x5A, 0x5F, 0x51, 0x50, 0x5E, 0x4B, 0x42, 0x45, 0x52,
    0x64, 0x51, 0x5E, 0x8A, 0x77, 0x75, 0x60, 0x76, 0x76, 0x61, 0x56, 0x75, 0x69, 0x69, 0x61, 0x56,
    0x4F, 0x4F, 0x60, 0x72, 0x72, 0x90, 0x75, 0x8D, 0x8D, 0x7F, 0x7F, 0x75, 0x6B, 0x56, 0x80, 0x8A,
    0x7F, 0x7C, 0x6B, 0x6B, 0x7C, 0x84, 0x92, 0x7F, 0x80, 0x90, 0xB9, 0x9B, 0x9B, 0x92, 0x8D, 0x98,
    0x7A, 0x9E, 0x9F, 0xAB, 0xA4, 0x77, 0x80, 0x8C, 0x98, 0x9E, 0xAF, 0xBC, 0xA1, 0xAF, 0x92, 0x9A,
    0xAD, 0xA4, 0xAD, 0x9E, 0xAB, 0xAF, 0x9B, 0xAD, 0xAF, 0x90, 0x8E, 0xA4, 0xB7, 0x9F, 0xB2, 0xB3,
    0xA3, 0xA6, 0x9B, 0xA4, 0xA6, 0xB7, 0xC2, 0xB9, 0xB9, 0xAD, 0xA6, 0xA1, 0x9A, 0xA0, 0xB9, 0xCF,
    0xC5, 0xCF, 0xCF, 0xCF, 0xD6, 0xCF, 0xCF, 0xB0, 0xBC, 0xCF, 0xD6, 0xCC, 0xC7, 0xCF, 0xCF, 0xC3,
    0xC7, 0xCF, 0xCF, 0xD6, 0xC7, 0xD4, 0xDB, 0xF1, 0xFF, 0xFE, 0xF1, 0xE6, 0xF0, 0xF4, 0xF5, 0xF9,
    0x00, 0x00, 0x00, 0x00, 0x00, 0x00, 0x00, 0x00, 0x00, 0x00, 0x00, 0x00, 0x00, 0x00, 0x00, 0x00,
    0x00, 0x00, 0x00, 0x00, 0x00, 0x00, 0x00, 0x00, 0x00, 0x00, 0x00, 0x00, 0x00, 0x00, 0x00, 0x00,
    0x00, 0x00, 0x00, 0x00, 0x00, 0x00, 0x00, 0x00, 0x00, 0x00, 0x00, 0x00, 0x00, 0x00, 0x00, 0x00,
    0x00, 0x00, 0x00, 0x00, 0x00, 0x00, 0x00, 0x00, 0x00, 0x00, 0x00, 0x00, 0x00, 0x00, 0x00, 0x00,
    0x00, 0x00, 0x00, 0x00, 0x00, 0x00, 0x00, 0x00, 0x00, 0x00, 0x00, 0x00, 0x00, 0x00, 0x00, 0x00,
    0x00, 0x00, 0x00, 0x00, 0x00, 0x00, 0x00, 0x00, 0x00, 0x00, 0x00, 0x00, 0x00, 0x00, 0x00, 0x00,
    0x00, 0x00, 0x00, 0x00, 0x00, 0x00, 0x00, 0x00, 0x00, 0x00, 0x00, 0x00, 0x00, 0x00, 0x00, 0x00,
    0x00, 0x00, 0x00, 0x00, 0x00, 0x00, 0x00, 0x00, 0x00, 0x00, 0x00, 0x00, 0x00, 0x00, 0x00, 0x00,
    0x00, 0x00, 0x00, 0x00, 0x00, 0x00, 0x00, 0x00, 0x00, 0x00, 0x00, 0x00, 0x00, 0x00, 0x00, 0x00,
    0x00, 0x00, 0x00, 0x00, 0x00, 0x00, 0x00, 0x00, 0x00, 0x00, 0x00, 0x00, 0x00, 0x00, 0x00, 0x00,
    0x00, 0x00, 0x00, 0x00, 0x00, 0x00, 0x00, 0x00, 0x00, 0x00, 0x00, 0x00, 0x00, 0x00, 0x00, 0x00,
    0x00, 0x00, 0x00, 0x00, 0x00, 0x00, 0x00, 0x00, 0x00, 0x00, 0x00, 0x00, 0x00, 0x00, 0x00, 0x00,
    0xF9, 0xF3, 0xE3, 0xDC, 0xE6, 0xFA, 0xEF, 0x17, 0xF3, 0xD5, 0xC9, 0xCF, 0xC7, 0xCF, 0xD3, 0xD2,
    0xCE, 0xC2, 0xC3, 0xC7, 0xCE, 0xC7, 0xCF, 0xCE, 0xD5, 0xD6, 0xC9, 0xCE, 0xCE, 0xC5, 0xAD, 0xB9,
    0xC5, 0xCF, 0xC2, 0xB9, 0xB9, 0xA0, 0xBC, 0xC9, 0xB0, 0xAF, 0xBC, 0xCC, 0xCF, 0xC5, 0xC7, 0xBC,
    0xC7, 0xC8, 0xC8, 0xB9, 0xB9, 0xCE, 0xBC, 0xAF, 0x9E, 0xA0, 0xA4, 0xB6, 0xAD, 0x9F, 0xAD, 0xC3,
    0xAF, 0x9A, 0x9E, 0xAB, 0xBC, 0xAF, 0xA6, 0xA3, 0x9A, 0x98, 0x9A, 0x98, 0x76, 0x8A, 0x82, 0x97,
    0x98, 0x6B, 0x75, 0x8E, 0x75, 0x75, 0x8D, 0x72, 0x6E, 0x7E, 0x84, 0x97, 0x8E, 0x8E, 0x6B, 0x76,
    0x90, 0x90, 0x90, 0x8A, 0x8B, 0x92, 0x8D, 0x92, 0x75, 0x7F, 0x8A, 0x80, 0x7B, 0x6B, 0x75, 0x72,
    0x6A, 0x4F, 0x5E, 0x7F, 0x82, 0x7F, 0x6A, 0x69, 0x76, 0x80, 0x56, 0x6B, 0x69, 0x75, 0x6A, 0x75,
    0x6E, 0x82, 0x6A, 0x6A, 0x33, 0x50, 0x50, 0x4B, 0x60, 0x51, 0x6F, 0x80, 0x56, 0x33, 0x46, 0x75,
    0x60, 0x76, 0x6B, 0x6B, 0x74, 0x6A, 0x6A, 0x45, 0x56, 0x50, 0x4B, 0x4F, 0x5A, 0x37, 0x46, 0x46,
    0x38, 0x4F, 0x69, 0x60, 0x56, 0x52, 0x6E, 0x6A, 0x65, 0x52, 0x56, 0x56, 0x6B, 0x6C, 0x75, 0x8D,
    0x6B, 0x60, 0x52, 0x6B, 0x7E, 0x4E, 0x51, 0x5E, 0x67, 0x6B, 0x5A, 0x66, 0x42, 0x56, 0x6A, 0x52,
    0x6A, 0x7F, 0x7E, 0x8D, 0x6B, 0x6B, 0x75, 0x8A, 0x76, 0x80, 0x76, 0x75, 0x8A, 0x60, 0x75, 0x43,
    0x56, 0x6B, 0x64, 0x72, 0x75, 0x7B, 0x67, 0x80, 0x6C, 0x72, 0x7F, 0x6A, 0x6A, 0x6E, 0x75, 0x90,
    0x84, 0x7B, 0x65, 0x80, 0x7F, 0x7F, 0x82, 0x72, 0x8E, 0xA0, 0x9A, 0x78, 0xA0, 0xAA, 0x87, 0xA3,
    0xAD, 0x9F, 0xA0, 0xA0, 0x90, 0x72, 0x9A, 0x8E, 0x96, 0x97, 0x9F, 0xAD, 0xC2, 0xA4, 0x8E, 0xA0,
    0xAF, 0xAD, 0xB0, 0xBC, 0xBD, 0xBF, 0xA0, 0xAB, 0xAD, 0x8E, 0xB3, 0xAA, 0xAD, 0xBC, 0x9F, 0x9A,
    0xB9, 0xAD, 0xA6, 0xAD, 0xA6, 0xA3, 0xB1, 0xAD, 0xB9, 0xBC, 0xB5, 0xA0, 0xB7, 0xB9, 0xC5, 0xCE,
    0xC9, 0xCF, 0xD6, 0xD6, 0xCE, 0xC4, 0xCF, 0xC7, 0xC3, 0xC7, 0xCF, 0xD3, 0xDA, 0xD6, 0xCF, 0xCF,
    0xCF, 0xCF, 0xCF, 0xDC, 0xCF, 0xCF, 0xDB, 0xFD, 0x0E, 0x57, 0xFE, 0xEF, 0xF0, 0xE9, 0xF8, 0xFB,
    0x00, 0x00, 0x00, 0x00, 0x00, 0x00, 0x00, 0x00, 0x00, 0x00, 0x00, 0x00, 0x00, 0x00, 0x00, 0x00,
    0x00, 0x00, 0x00, 0x00, 0x00, 0x00, 0x00, 0x00, 0x00, 0x00, 0x00, 0x00, 0x00, 0x00, 0x00, 0x00,
    0x00, 0x00, 0x00, 0x00, 0x00, 0x00, 0x00, 0x00, 0x00, 0x00, 0x00, 0x00, 0x00, 0x00, 0x00, 0x00,
    0x00, 0x00, 0x00, 0x00, 0x00, 0x00, 0x00, 0x00, 0x00, 0x00, 0x00, 0x00, 0x00, 0x00, 0x00, 0x00,
    0x00, 0x00, 0x00, 0x00, 0x00, 0x00, 0x00, 0x00, 0x00, 0x00, 0x00, 0x00, 0x00, 0x00, 0x00, 0x00,
    0x00, 0x00, 0x00, 0x00, 0x00, 0x00, 0x00, 0x00, 0x00, 0x00, 0x00, 0x00, 0x00, 0x00, 0x00, 0x00,
    0x00, 0x00, 0x00, 0x00, 0x00, 0x00, 0x00, 0x00, 0x00, 0x00, 0x00, 0x00, 0x00, 0x00, 0x00, 0x00,
    0x00, 0x00, 0x00, 0x00, 0x00, 0x00, 0x00, 0x00, 0x00, 0x00, 0x00, 0x00, 0x00, 0x00, 0x00, 0x00,
    0x00, 0x00, 0x00, 0x00, 0x00, 0x00, 0x00, 0x00, 0x00, 0x00, 0x00, 0x00, 0x00, 0x00, 0x00, 0x00,
    0x00, 0x00, 0x00, 0x00, 0x00, 0x00, 0x00, 0x00, 0x00, 0x00, 0x00, 0x00, 0x00, 0x00, 0x00, 0x00,
    0x00, 0x00, 0x00, 0x00, 0x00, 0x00, 0x00, 0x00, 0x00, 0x00, 0x00, 0x00, 0x00, 0x00, 0x00, 0x00,
    0x00, 0x00, 0x00, 0x00, 0x00, 0x00, 0x00, 0x00, 0x00, 0x00, 0x00, 0x00, 0x00, 0x00, 0x00, 0x00,
    0xFA, 0xE7, 0xE3, 0xD6, 0xDB, 0xFF, 0x05, 0x02, 0xCA, 0xE6, 0xCA, 0xDA, 0xDA, 0xDA, 0xD6, 0xD2,
    0xCF, 0xB9, 0xC7, 0xD6, 0xD6, 0xD6, 0xCF, 0xD6, 0xCF, 0xC7, 0xC7, 0xCE, 0xC0, 0xB9, 0xB7, 0xCD,
    0xC2, 0xC3, 0xC5, 0xC1, 0xB5, 0xAD, 0xC7, 0xCC, 0xC6, 0xC7, 0xC7, 0xCF, 0xCF, 0xC7, 0xBC, 0xBC,
    0xBC, 0xC7, 0xC7, 0xAD, 0xC2, 0xC2, 0xBC, 0xAF, 0x98, 0xAD, 0xB7, 0xB7, 0xB9, 0xB7, 0xC5, 0xC1,
    0xAD, 0xA4, 0xAD, 0xAA, 0xB0, 0xB0, 0xB0, 0x8E, 0x9D, 0xB2, 0x97, 0x8D, 0x7F, 0x8D, 0x98, 0x9E,
    0x67, 0x5F, 0x77, 0x8D, 0x75, 0x72, 0x75, 0x7F, 0x72, 0x87, 0x8D, 0x8E, 0x97, 0x7F, 0x6A, 0x90,
    0x9F, 0x9F, 0xA0, 0x9A, 0x9B, 0x9B, 0x87, 0x8E, 0x61, 0x6A, 0x8C, 0x8E, 0x82, 0x7F, 0x7B, 0x75,
    0x6F, 0x4D, 0x77, 0x98, 0x8D, 0x87, 0x80, 0x75, 0x80, 0x76, 0x61, 0x76, 0x61, 0x6B, 0x6A, 0x7E,
    0x72, 0x7B, 0x75, 0x6A, 0x4D, 0x5A, 0x60, 0x6A, 0x75, 0x6B, 0x7B, 0x8F, 0x6A, 0x46, 0x46, 0x6B,
    0x6B, 0x6B, 0x6B, 0x80, 0x6B, 0x75, 0x5D, 0x5E, 0x61, 0x67, 0x7C, 0x75, 0x61, 0x38, 0x38, 0x4F,
    0x4F, 0x60, 0x5E, 0x56, 0x6F, 0x52, 0x60, 0x5E, 0x6F, 0x41, 0x52, 0x76, 0x7C, 0x80, 0x84, 0x92,
    0x8E, 0x61, 0x56, 0x51, 0x66, 0x5C, 0x71, 0x7E, 0x72, 0x65, 0x72, 0x4D, 0x37, 0x72, 0x7F, 0x7F,
    0x7F, 0x8A, 0x8E, 0x87, 0x87, 0x76, 0x75, 0x7E, 0x8A, 0x80, 0x75, 0x6B, 0x6B, 0x54, 0x75, 0x4E,
    0x6A, 0x75, 0x8F, 0x90, 0x75, 0x68, 0x66, 0x6B, 0x61, 0x7B, 0x88, 0x5C, 0x85, 0x82, 0x7E, 0x80,
    0x8D, 0x6A, 0x6A, 0x8C, 0x8A, 0x8D, 0x8F, 0x9E, 0xAD, 0xB0, 0x93, 0x78, 0x9F, 0xAB, 0x87, 0x9E,
    0xB5, 0xAB, 0xA0, 0x92, 0x91, 0x82, 0xA4, 0xA4, 0xAB, 0xAF, 0xB3, 0xC1, 0xB2, 0xAD, 0xA1, 0xA0,
    0xB7, 0xB0, 0xBC, 0xB9, 0xAF, 0xB7, 0xAF, 0xB9, 0x9E, 0x97, 0xA6, 0xB9, 0x9F, 0x98, 0x86, 0xA3,
    0xAD, 0xAD, 0xB3, 0xAD, 0x9E, 0xA2, 0xB2, 0xB7, 0xC1, 0xC2, 0xB5, 0xA0, 0xAD, 0xBC, 0xD2, 0xD6,
    0xCF, 0xDA, 0xDA, 0xCF, 0xCF, 0xC7, 0xCF, 0xD6, 0xC6, 0xC8, 0xCF, 0xD5, 0xD6, 0xD3, 0xCF, 0xCC,
    0xD6, 0xE9, 0xE3, 0xE0, 0xD6, 0xDA, 0xF8, 0x95, 0x02, 0x05, 0xFF, 0xDB, 0xE3, 0xE0, 0xF0, 0xFA,
    0x00, 0x00, 0x00, 0x00, 0x00, 0x00, 0x00, 0x00, 0x00, 0x00, 0x00, 0x00, 0x00, 0x00, 0x00, 0x00,
    0x00, 0x00, 0x00, 0x00, 0x00, 0x00, 0x00, 0x00, 0x00, 0x00, 0x00, 0x00, 0x00, 0x00, 0x00, 0x00,
    0x00, 0x00, 0x00, 0x00, 0x00, 0x00, 0x00, 0x00, 0x00, 0x00, 0x00, 0x00, 0x00, 0x00, 0x00, 0x00,
    0x00, 0x00, 0x00, 0x00, 0x00, 0x00, 0x00, 0x00, 0x00, 0x00, 0x00, 0x00, 0x00, 0x00, 0x00, 0x00,
    0x00, 0x00, 0x00, 0x00, 0x00, 0x00, 0x00, 0x00, 0x00, 0x00, 0x00, 0x00, 0x00, 0x00, 0x00, 0x00,
    0x00, 0x00, 0x00, 0x00, 0x00, 0x00, 0x00, 0x00, 0x00, 0x00, 0x00, 0x00, 0x00, 0x00, 0x00, 0x00,
    0x00, 0x00, 0x00, 0x00, 0x00, 0x00, 0x00, 0x00, 0x00, 0x00, 0x00, 0x00, 0x00, 0x00, 0x00, 0x00,
    0x00, 0x00, 0x00, 0x00, 0x00, 0x00, 0x00, 0x00, 0x00, 0x00, 0x00, 0x00, 0x00, 0x00, 0x00, 0x00,
    0x00, 0x00, 0x00, 0x00, 0x00, 0x00, 0x00, 0x00, 0x00, 0x00, 0x00, 0x00, 0x00, 0x00, 0x00, 0x00,
    0x00, 0x00, 0x00, 0x00, 0x00, 0x00, 0x00, 0x00, 0x00, 0x00, 0x00, 0x00, 0x00, 0x00, 0x00, 0x00,
    0x00, 0x00, 0x00, 0x00, 0x00, 0x00, 0x00, 0x00, 0x00, 0x00, 0x00, 0x00, 0x00, 0x00, 0x00, 0x00,
    0x00, 0x00, 0x00, 0x00, 0x00, 0x00, 0x00, 0x00, 0x00, 0x00, 0x00, 0x00, 0x00, 0x00, 0x00, 0x00,
    0xFE, 0xF9, 0xF7, 0xF3, 0xEF, 0xA8, 0x17, 0x03, 0x09, 0xFD, 0xE6, 0xD5, 0xDA, 0xD6, 0xCF, 0xC7,
    0xC9, 0xC9, 0xC8, 0xD2, 0xD6, 0xCF, 0xC7, 0xD6, 0xCF, 0xCC, 0xC7, 0xCC, 0xC1, 0xBC, 0xCF, 0xD4,
    0xC2, 0xC7, 0xB4, 0xC4, 0xAF, 0xC7, 0xCC, 0xC7, 0xD2, 0xBC, 0xC7, 0xC7, 0xD2, 0xC7, 0xBC, 0xC7,
    0xC7, 0xCC, 0xB9, 0xB0, 0xBC, 0xAF, 0xB0, 0xA4, 0xA6, 0xAF, 0xB9, 0xB6, 0xAD, 0xB7, 0xC7, 0xB0,
    0xB7, 0xA7, 0xAF, 0xA1, 0xB0, 0xB9, 0xAF, 0x92, 0xA4, 0xA4, 0x98, 0x7F, 0x9F, 0x8E, 0x8D, 0x7F,
    0x8C, 0x80, 0x98, 0x98, 0x77, 0x75, 0x80, 0x80, 0x8E, 0xA3, 0x8D, 0x76, 0x8E, 0x7F, 0x80, 0x80,
    0x92, 0x9B, 0x92, 0x9A, 0xA1, 0x9A, 0x93, 0x8B, 0x8A, 0x77, 0x98, 0x90, 0x98, 0x80, 0x80, 0x72,
    0x60, 0x6B, 0x78, 0x80, 0x87, 0x8A, 0x76, 0x8E, 0x6B, 0x61, 0x61, 0x76, 0x76, 0x60, 0x60, 0x6A,
    0x75, 0x5E, 0x61, 0x69, 0x50, 0x56, 0x60, 0x6E, 0x87, 0x7C, 0x6B, 0x7A, 0x77, 0x46, 0x46, 0x61,
    0x76, 0x75, 0x8D, 0x80, 0x56, 0x61, 0x5A, 0x61, 0x76, 0x75, 0x75, 0x5E, 0x69, 0x61, 0x61, 0x46,
    0x46, 0x61, 0x60, 0x60, 0x7E, 0x6A, 0x5A, 0x56, 0x56, 0x45, 0x5A, 0x80, 0x80, 0x80, 0x8A, 0x8E,
    0x84, 0x6C, 0x61, 0x4F, 0x6A, 0x97, 0x87, 0x7F, 0x7B, 0x5E, 0x5D, 0x51, 0x44, 0x6A, 0x87, 0x82,
    0x97, 0x8E, 0x87, 0x77, 0x8D, 0x6C, 0x6C, 0x8E, 0x8E, 0x8A, 0x87, 0x69, 0x4F, 0x6A, 0x60, 0x6C,
    0x75, 0x7E, 0x7F, 0x75, 0x60, 0x8C, 0x80, 0x76, 0x77, 0x80, 0x8F, 0x81, 0x87, 0x97, 0x87, 0x7C,
    0x75, 0x6A, 0x7F, 0x80, 0x8A, 0x8A, 0xA0, 0x9F, 0x9F, 0xAF, 0x93, 0x6C, 0x9B, 0xBC, 0xAF, 0xAF,
    0xAF, 0xAF, 0x8B, 0x78, 0x8B, 0x90, 0x9F, 0xB0, 0xAB, 0x97, 0xB0, 0xBC, 0xA6, 0xA7, 0x93, 0xA4,
    0xBD, 0xC3, 0xC5, 0xAD, 0x9A, 0xAF, 0x9B, 0xB9, 0xA4, 0xB2, 0xB3, 0xA0, 0xA4, 0x9F, 0xAD, 0xAF,
    0xB9, 0xB3, 0xAD, 0xB3, 0xB2, 0xA7, 0xC2, 0xBF, 0xAF, 0xA0, 0xAF, 0xB9, 0xB9, 0xCE, 0xDA, 0xCF,
    0xC3, 0xD6, 0xD2, 0xD2, 0xC8, 0xCF, 0xD6, 0xD6, 0xC7, 0xD2, 0xD6, 0xC7, 0xD6, 0xCF, 0xD5, 0xCE,
    0xCF, 0xE0, 0xE3, 0xE7, 0xE3, 0xF3, 0xFD, 0x05, 0x05, 0x2C, 0xF4, 0xEF, 0xE6, 0xF3, 0xF0, 0xFA,
    0x00, 0x00, 0x00, 0x00, 0x00, 0x00, 0x00, 0x00, 0x00, 0x00, 0x00, 0x00, 0x00, 0x00, 0x00, 0x00,
    0x00, 0x00, 0x00, 0x00, 0x00, 0x00, 0x00, 0x00, 0x00, 0x00, 0x00, 0x00, 0x00, 0x00, 0x00, 0x00,
    0x00, 0x00, 0x00, 0x00, 0x00, 0x00, 0x00, 0x00, 0x00, 0x00, 0x00, 0x00, 0x00, 0x00, 0x00, 0x00,
    0x00, 0x00, 0x00, 0x00, 0x00, 0x00, 0x00, 0x00, 0x00, 0x00, 0x00, 0x00, 0x00, 0x00, 0x00, 0x00,
    0x00, 0x00, 0x00, 0x00, 0x00, 0x00, 0x00, 0x00, 0x00, 0x00, 0x00, 0x00, 0x00, 0x00, 0x00, 0x00,
    0x00, 0x00, 0x00, 0x00, 0x00, 0x00, 0x00, 0x00, 0x00, 0x00, 0x00, 0x00, 0x00, 0x00, 0x00, 0x00,
    0x00, 0x00, 0x00, 0x00, 0x00, 0x00, 0x00, 0x00, 0x00, 0x00, 0x00, 0x00, 0x00, 0x00, 0x00, 0x00,
    0x00, 0x00, 0x00, 0x00, 0x00, 0x00, 0x00, 0x00, 0x00, 0x00, 0x00, 0x00, 0x00, 0x00, 0x00, 0x00,
    0x00, 0x00, 0x00, 0x00, 0x00, 0x00, 0x00, 0x00, 0x00, 0x00, 0x00, 0x00, 0x00, 0x00, 0x00, 0x00,
    0x00, 0x00, 0x00, 0x00, 0x00, 0x00, 0x00, 0x00, 0x00, 0x00, 0x00, 0x00, 0x00, 0x00, 0x00, 0x00,
    0x00, 0x00, 0x00, 0x00, 0x00, 0x00, 0x00, 0x00, 0x00, 0x00, 0x00, 0x00, 0x00, 0x00, 0x00, 0x00,
    0x00, 0x00, 0x00, 0x00, 0x00, 0x00, 0x00, 0x00, 0x00, 0x00, 0x00, 0x00, 0x00, 0x00, 0x00, 0x00,
    0xFA, 0xF4, 0xF8, 0xF4, 0xF8, 0x2D, 0xFE, 0x57, 0x03, 0x05, 0xF5, 0xD9, 0xDA, 0xCF, 0xC7, 0xC6,
    0xC3, 0xC3, 0xC7, 0xC7, 0xD6, 0xD6, 0xDA, 0xCF, 0xC3, 0xC7, 0xD2, 0xCC, 0xBC, 0xC2, 0xC5, 0xB9,
    0xC1, 0xCF, 0xB9, 0xBF, 0xB5, 0xBF, 0xBA, 0xAD, 0xCF, 0xC5, 0xC5, 0xC3, 0xD6, 0xCF, 0xC3, 0xC7,
    0xC5, 0xC3, 0xB9, 0xBC, 0xBC, 0xA0, 0xB3, 0x9F, 0x9A, 0xA6, 0xB7, 0xC2, 0xCC, 0xB9, 0xB9, 0xAA,
    0xB9, 0xB0, 0xB0, 0xA1, 0xAD, 0x9F, 0xA0, 0x98, 0xBC, 0x92, 0x98, 0x87, 0x98, 0x9A, 0x8D, 0x6A,
    0x92, 0x98, 0x8A, 0x8E, 0x8A, 0x8A, 0x76, 0x74, 0x8E, 0xA4, 0x77, 0x77, 0x8D, 0x77, 0x86, 0x85,
    0x61, 0xA6, 0x9F, 0xA0, 0x78, 0x8B, 0x9A, 0x92, 0x9A, 0x86, 0x8E, 0x76, 0x8D, 0x8E, 0x7F, 0x6A,
    0x61, 0x75, 0x80, 0x6B, 0x86, 0x98, 0x80, 0xA6, 0x6C, 0x6C, 0x56, 0x75, 0x80, 0x67, 0x6B, 0x6B,
    0x61, 0x60, 0x50, 0x61, 0x45, 0x56, 0x6A, 0x7B, 0x7F, 0x8A, 0x56, 0x33, 0x75, 0x56, 0x8A, 0x38,
    0x46, 0x56, 0x80, 0x6B, 0x5A, 0x5A, 0x4F, 0x56, 0x56, 0x7F, 0x7F, 0x6B, 0x61, 0x61, 0x69, 0x61,
    0x6C, 0x61, 0x46, 0x38, 0x61, 0x75, 0x5A, 0x69, 0x38, 0x46, 0x56, 0x67, 0x98, 0xA4, 0x80, 0x5A,
    0x8A, 0x80, 0x6C, 0x75, 0x6B, 0x6B, 0x76, 0x75, 0x6A, 0x5A, 0x45, 0x5F, 0x50, 0x50, 0x72, 0x84,
    0x90, 0x9F, 0x6B, 0x7F, 0x80, 0x78, 0x6C, 0x6C, 0x61, 0x6C, 0x87, 0x6B, 0x60, 0x6B, 0x60, 0x61,
    0x7F, 0x8F, 0x7F, 0x5E, 0x75, 0x80, 0x8A, 0x80, 0x92, 0x6B, 0x6B, 0x80, 0x61, 0x85, 0x86, 0x7E,
    0x75, 0x67, 0x7F, 0x6A, 0x75, 0xA4, 0xBD, 0xA4, 0x90, 0xA7, 0x92, 0x92, 0x9B, 0xB4, 0x93, 0x9A,
    0xB9, 0xAD, 0x80, 0x9A, 0x8E, 0x8E, 0x8E, 0xAF, 0xB9, 0xB7, 0xAF, 0xAD, 0xAD, 0xA6, 0xB9, 0xB7,
    0x9F, 0xB9, 0xC9, 0xAD, 0xAD, 0xB9, 0xA0, 0xAD, 0xAD, 0xAD, 0xB7, 0xA4, 0x98, 0xA6, 0xBC, 0x9F,
    0xB7, 0xB9, 0xB9, 0xAD, 0xA6, 0xB0, 0xA7, 0xB9, 0xA6, 0xA0, 0xA0, 0xB7, 0xBC, 0xC1, 0xD6, 0xDA,
    0xCF, 0xCF, 0xD6, 0xD5, 0xDA, 0xE0, 0xCF, 0xCF, 0xC4, 0xCF, 0xCF, 0xCF, 0xC8, 0xCF, 0xC7, 0xC7,
    0xCF, 0xDA, 0xE3, 0xDA, 0xE5, 0xDB, 0x02, 0x03, 0x58, 0xFE, 0x2D, 0xFD, 0xE2, 0xE3, 0xE6, 0xFB,
    0x00, 0x00, 0x00, 0x00, 0x00, 0x00, 0x00, 0x00, 0x00, 0x00, 0x00, 0x00, 0x00, 0x00, 0x00, 0x00,
    0x00, 0x00, 0x00, 0x00, 0x00, 0x00, 0x00, 0x00, 0x00, 0x00, 0x00, 0x00, 0x00, 0x00, 0x00, 0x00,
    0x00, 0x00, 0x00, 0x00, 0x00, 0x00, 0x00, 0x00, 0x00, 0x00, 0x00, 0x00, 0x00, 0x00, 0x00, 0x00,
    0x00, 0x00, 0x00, 0x00, 0x00, 0x00, 0x00, 0x00, 0x00, 0x00, 0x00, 0x00, 0x00, 0x00, 0x00, 0x00,
    0x00, 0x00, 0x00, 0x00, 0x00, 0x00, 0x00, 0x00, 0x00, 0x00, 0x00, 0x00, 0x00, 0x00, 0x00, 0x00,
    0x00, 0x00, 0x00, 0x00, 0x00, 0x00, 0x00, 0x00, 0x00, 0x00, 0x00, 0x00, 0x00, 0x00, 0x00, 0x00,
    0x00, 0x00, 0x00, 0x00, 0x00, 0x00, 0x00, 0x00, 0x00, 0x00, 0x00, 0x00, 0x00, 0x00, 0x00, 0x00,
    0x00, 0x00, 0x00, 0x00, 0x00, 0x00, 0x00, 0x00, 0x00, 0x00, 0x00, 0x00, 0x00, 0x00, 0x00, 0x00,
    0x00, 0x00, 0x00, 0x00, 0x00, 0x00, 0x00, 0x00, 0x00, 0x00, 0x00, 0x00, 0x00, 0x00, 0x00, 0x00,
    0x00, 0x00, 0x00, 0x00, 0x00, 0x00, 0x00, 0x00, 0x00, 0x00, 0x00, 0x00, 0x00, 0x00, 0x00, 0x00,
    0x00, 0x00, 0x00, 0x00, 0x00, 0x00, 0x00, 0x00, 0x00, 0x00, 0x00, 0x00, 0x00, 0x00, 0x00, 0x00,
    0x00, 0x00, 0x00, 0x00, 0x00, 0x00, 0x00, 0x00, 0x00, 0x00, 0x00, 0x00, 0x00, 0x00, 0x00, 0x00,
    0xFB, 0xF4, 0xF3, 0xF0, 0xF8, 0x2C, 0xA8, 0x05, 0xA8, 0x01, 0x0E, 0xFE, 0xDA, 0xCF, 0xC7, 0xD9,
    0xC8, 0xC8, 0xD2, 0xC7, 0xC7, 0xC7, 0xCF, 0xD2, 0xCF, 0xCC, 0xCF, 0xCC, 0xC5, 0xCF, 0xCE, 0xC5,
    0xB9, 0xC5, 0xBD, 0xC2, 0xCE, 0xCE, 0xB9, 0xB0, 0xC7, 0xD6, 0xCF, 0xCE, 0xC9, 0xC5, 0xCF, 0xBC,
    0xBC, 0xCC, 0xC5, 0xBC, 0xC4, 0xB9, 0xAF, 0xB7, 0xB9, 0xC1, 0xAD, 0xB0, 0xBC, 0xBC, 0xAD, 0xAD,
    0xAF, 0xAF, 0xA1, 0xA6, 0xAD, 0xB4, 0xAF, 0xAD, 0xAF, 0xA0, 0xA4, 0xB3, 0xAB, 0xA4, 0x8D, 0x8D,
    0x80, 0x8D, 0x9A, 0x8A, 0x6C, 0x80, 0x6B, 0x76, 0x76, 0x8C, 0x84, 0x97, 0xA3, 0xA3, 0x8E, 0x8C,
    0x7F, 0x8E, 0x9A, 0x9A, 0x6C, 0x78, 0x89, 0x92, 0x92, 0x98, 0x98, 0x98, 0x7F, 0x98, 0x87, 0x85,
    0x7F, 0x87, 0x82, 0x77, 0x77, 0x72, 0x8D, 0x8A, 0x80, 0x74, 0x6A, 0x76, 0x61, 0x6C, 0x80, 0x75,
    0x75, 0x8C, 0x61, 0x6B, 0x61, 0x75, 0x56, 0x5E, 0x6F, 0x74, 0x56, 0x46, 0x61, 0x61, 0x61, 0x61,
    0x56, 0x80, 0x76, 0x76, 0x6B, 0x6C, 0x56, 0x74, 0x56, 0x56, 0x6A, 0x80, 0x61, 0x6C, 0x56, 0x6B,
    0x61, 0x61, 0x46, 0x61, 0x74, 0x77, 0x75, 0x6B, 0x75, 0x75, 0x80, 0x6B, 0x7F, 0x8D, 0x6C, 0x61,
    0x8A, 0x76, 0x61, 0x76, 0x69, 0x60, 0x77, 0x77, 0x6B, 0x6A, 0x75, 0x67, 0x72, 0x61, 0x72, 0x72,
    0x8D, 0x8D, 0x6A, 0x76, 0x75, 0x6C, 0x76, 0x75, 0x8C, 0x92, 0x87, 0x75, 0x7F, 0x7F, 0x67, 0x82,
    0x84, 0x7C, 0x72, 0x60, 0x8C, 0x76, 0x77, 0x80, 0x7F, 0x75, 0x8A, 0x6B, 0x8C, 0x7F, 0x98, 0x84,
    0x85, 0x7E, 0x97, 0x96, 0x87, 0x92, 0x9A, 0xAD, 0xA4, 0x9B, 0x8E, 0x8E, 0x8E, 0xA6, 0x92, 0xC2,
    0xB9, 0xA6, 0x9A, 0xB3, 0xA3, 0xA4, 0xB0, 0xAB, 0x9F, 0xBC, 0xB0, 0xAF, 0xBC, 0xA0, 0xAD, 0xAF,
    0xB3, 0xB9, 0xC7, 0xB3, 0xBF, 0xAF, 0xB9, 0xB9, 0xBD, 0xB9, 0xB9, 0xAB, 0x9A, 0xA6, 0xB0, 0xAF,
    0xB3, 0xA0, 0xAD, 0xB7, 0xBC, 0xB0, 0xA1, 0xAF, 0xB9, 0xB9, 0xBC, 0xC2, 0xBC, 0xBC, 0xBC, 0xCF,
    0xCF, 0xD5, 0xD6, 0xCF, 0xC7, 0xCF, 0xCF, 0xD6, 0xE2, 0xD6, 0xCF, 0xDA, 0xD2, 0xD5, 0xD5, 0xDB,
    0xDA, 0xCF, 0xDA, 0xD2, 0xFF, 0x0A, 0x01, 0xFF, 0x09, 0xA8, 0x2C, 0xFC, 0xDB, 0xD6, 0xE6, 0xFB,
    0x00, 0x00, 0x00, 0x00, 0x00, 0x00, 0x00, 0x00, 0x00, 0x00, 0x00, 0x00, 0x00, 0x00, 0x00, 0x00,
    0x00, 0x00, 0x00, 0x00, 0x00, 0x00, 0x00, 0x00, 0x00, 0x00, 0x00, 0x00, 0x00, 0x00, 0x00, 0x00,
    0x00, 0x00, 0x00, 0x00, 0x00, 0x00, 0x00, 0x00, 0x00, 0x00, 0x00, 0x00, 0x00, 0x00, 0x00, 0x00,
    0x00, 0x00, 0x00, 0x00, 0x00, 0x00, 0x00, 0x00, 0x00, 0x00, 0x00, 0x00, 0x00, 0x00, 0x00, 0x00,
    0x00, 0x00, 0x00, 0x00, 0x00, 0x00, 0x00, 0x00, 0x00, 0x00, 0x00, 0x00, 0x00, 0x00, 0x00, 0x00,
    0x00, 0x00, 0x00, 0x00, 0x00, 0x00, 0x00, 0x00, 0x00, 0x00, 0x00, 0x00, 0x00, 0x00, 0x00, 0x00,
    0x00, 0x00, 0x00, 0x00, 0x00, 0x00, 0x00, 0x00, 0x00, 0x00, 0x00, 0x00, 0x00, 0x00, 0x00, 0x00,
    0x00, 0x00, 0x00, 0x00, 0x00, 0x00, 0x00, 0x00, 0x00, 0x00, 0x00, 0x00, 0x00, 0x00, 0x00, 0x00,
    0x00, 0x00, 0x00, 0x00, 0x00, 0x00, 0x00, 0x00, 0x00, 0x00, 0x00, 0x00, 0x00, 0x00, 0x00, 0x00,
    0x00, 0x00, 0x00, 0x00, 0x00, 0x00, 0x00, 0x00, 0x00, 0x00, 0x00, 0x00, 0x00, 0x00, 0x00, 0x00,
    0x00, 0x00, 0x00, 0x00, 0x00, 0x00, 0x00, 0x00, 0x00, 0x00, 0x00, 0x00, 0x00, 0x00, 0x00, 0x00,
    0x00, 0x00, 0x00, 0x00, 0x00, 0x00, 0x00, 0x00, 0x00, 0x00, 0x00, 0x00, 0x00, 0x00, 0x00, 0x00,
    0xFB, 0xF9, 0xF0, 0xE6, 0xF8, 0x2C, 0x95, 0x0E, 0x0E, 0x01, 0x58, 0xF9, 0xDB, 0xC9, 0xC7, 0xCF,
    0xD6, 0xDA, 0xD5, 0xC3, 0xD2, 0xDA, 0xC7, 0xC3, 0xD6, 0xDA, 0xC5, 0xCE, 0xCE, 0xCF, 0xC7, 0xC7,
    0xCF, 0xB7, 0xC5, 0xC7, 0xD6, 0xD5, 0xBC, 0xC5, 0xD2, 0xD2, 0xC7, 0xB3, 0xB7, 0xC7, 0xC7, 0xAF,
    0xBC, 0xCF, 0xD3, 0xC8, 0xC1, 0xB9, 0xB9, 0xC5, 0xCD, 0xC0, 0xC1, 0xC8, 0xB0, 0x92, 0x9A, 0xA4,
    0xB9, 0xAF, 0xAD, 0xB3, 0xA6, 0xB4, 0xC5, 0xB0, 0x8E, 0x9F, 0xA6, 0xC2, 0xB7, 0xAD, 0xB2, 0xB3,
    0x8A, 0x80, 0x92, 0x8A, 0x6C, 0x8C, 0x80, 0x8A, 0x80, 0x80, 0x98, 0x7E, 0x86, 0xA4, 0x9A, 0x7F,
    0x8D, 0x9A, 0xA6, 0x9A, 0x6B, 0x76, 0x9B, 0x6C, 0x89, 0x8E, 0x8E, 0x9B, 0x92, 0x6B, 0x73, 0x8D,
    0xA4, 0xA2, 0x87, 0x7F, 0x98, 0xA4, 0xA3, 0x72, 0x5A, 0x6A, 0x76, 0x61, 0x61, 0x80, 0x6C, 0x77,
    0x6B, 0x60, 0x6B, 0x75, 0x8C, 0x75, 0x46, 0x80, 0x8D, 0x56, 0x56, 0x75, 0x6C, 0x61, 0x6B, 0x75,
    0x80, 0x80, 0x8A, 0x60, 0x5A, 0x6C, 0x89, 0x78, 0x69, 0x6B, 0x98, 0x6C, 0x5A, 0x61, 0x6C, 0x6C,
    0x61, 0x6C, 0x61, 0x6B, 0x8A, 0x75, 0x4F, 0x69, 0x8A, 0x98, 0x80, 0x86, 0x8D, 0x92, 0x6B, 0x5F,
    0x8A, 0x6C, 0x61, 0x6B, 0x80, 0x8E, 0x76, 0x97, 0x5E, 0x6A, 0x8D, 0x85, 0x87, 0x7E, 0x72, 0x9E,
    0xA3, 0x7F, 0x67, 0x6B, 0x75, 0x6C, 0x6C, 0x76, 0x8D, 0x8E, 0x8D, 0x60, 0x67, 0x76, 0x8A, 0x98,
    0x8D, 0x75, 0x8E, 0x8A, 0x6B, 0x61, 0x8A, 0x8D, 0x6C, 0x78, 0x61, 0x6B, 0x8D, 0xB2, 0x8D, 0x67,
    0x7E, 0xA4, 0xB1, 0x97, 0x9E, 0xB2, 0xA4, 0xA0, 0x8F, 0xB0, 0x9A, 0x92, 0x8E, 0x9A, 0xB9, 0xC5,
    0xBD, 0x9B, 0x9B, 0xA6, 0xA6, 0xB9, 0xB7, 0xB7, 0xC5, 0xC5, 0xA6, 0x93, 0xB9, 0xAF, 0x8B, 0xB3,
    0xB3, 0xB9, 0xB7, 0xC1, 0xAD, 0x9F, 0xAF, 0xAF, 0xB9, 0xBD, 0xAF, 0xC4, 0xC4, 0xAD, 0xAD, 0xB9,
    0xB0, 0x9A, 0xAF, 0xC5, 0xB9, 0xB0, 0xA6, 0xBC, 0xB0, 0xB9, 0xD2, 0xD2, 0xBC, 0xB0, 0xCF, 0xD6,
    0xCE, 0xC3, 0xC7, 0xDA, 0xC3, 0xC3, 0xD5, 0xCF, 0xE3, 0xDF, 0xDA, 0xD6, 0xCF, 0xD9, 0xE3, 0xDF,
    0xDA, 0xE3, 0xE3, 0xE6, 0xFA, 0x58, 0x02, 0x09, 0x09, 0x58, 0x2C, 0xFC, 0xDB, 0xE6, 0xF8, 0xFB,
    0x00, 0x00, 0x00, 0x00, 0x00, 0x00, 0x00, 0x00, 0x00, 0x00, 0x00, 0x00, 0x00, 0x00, 0x00, 0x00,
    0x00, 0x00, 0x00, 0x00, 0x00, 0x00, 0x00, 0x00, 0x00, 0x00, 0x00, 0x00, 0x00, 0x00, 0x00, 0x00,
    0x00, 0x00, 0x00, 0x00, 0x00, 0x00, 0x00, 0x00, 0x00, 0x00, 0x00, 0x00, 0x00, 0x00, 0x00, 0x00,
    0x00, 0x00, 0x00, 0x00, 0x00, 0x00, 0x00, 0x00, 0x00, 0x00, 0x00, 0x00, 0x00, 0x00, 0x00, 0x00,
    0x00, 0x00, 0x00, 0x00, 0x00, 0x00, 0x00, 0x00, 0x00, 0x00, 0x00, 0x00, 0x00, 0x00, 0x00, 0x00,
    0x00, 0x00, 0x00, 0x00, 0x00, 0x00, 0x00, 0x00, 0x00, 0x00, 0x00, 0x00, 0x00, 0x00, 0x00, 0x00,
    0x00, 0x00, 0x00, 0x00, 0x00, 0x00, 0x00, 0x00, 0x00, 0x00, 0x00, 0x00, 0x00, 0x00, 0x00, 0x00,
    0x00, 0x00, 0x00, 0x00, 0x00, 0x00, 0x00, 0x00, 0x00, 0x00, 0x00, 0x00, 0x00, 0x00, 0x00, 0x00,
    0x00, 0x00, 0x00, 0x00, 0x00, 0x00, 0x00, 0x00, 0x00, 0x00, 0x00, 0x00, 0x00, 0x00, 0x00, 0x00,
    0x00, 0x00, 0x00, 0x00, 0x00, 0x00, 0x00, 0x00, 0x00, 0x00, 0x00, 0x00, 0x00, 0x00, 0x00, 0x00,
    0x00, 0x00, 0x00, 0x00, 0x00, 0x00, 0x00, 0x00, 0x00, 0x00, 0x00, 0x00, 0x00, 0x00, 0x00, 0x00,
    0x00, 0x00, 0x00, 0x00, 0x00, 0x00, 0x00, 0x00, 0x00, 0x00, 0x00, 0x00, 0x00, 0x00, 0x00, 0x00,
    0xFB, 0xFB, 0xF3, 0xF3, 0xF9, 0x2C, 0x95, 0x09, 0x57, 0xA8, 0xF8, 0xDB, 0xDA, 0xCE, 0xCF, 0xD2,
    0xD6, 0xDA, 0xCF, 0xC7, 0xDC, 0xDA, 0xCF, 0xC5, 0xD6, 0xDC, 0xCF, 0xD6, 0xBC, 0xCF, 0xB9, 0xB9,
    0xC2, 0xC2, 0xD2, 0xC8, 0xCF, 0xD2, 0xC3, 0xCE, 0xDC, 0xCF, 0xC5, 0xB7, 0xC5, 0xC8, 0xC7, 0xC7,
    0xC8, 0xDA, 0xC3, 0xC7, 0xAF, 0xC5, 0xB4, 0xC6, 0xC5, 0xB7, 0xCF, 0xDC, 0xC7, 0xA0, 0xA6, 0xAD,
    0xB9, 0xAF, 0xBC, 0x92, 0x92, 0xA7, 0xA7, 0xB0, 0xA1, 0xC7, 0xB0, 0xB9, 0xAD, 0x9E, 0xB3, 0xB3,
    0x89, 0x8A, 0x8B, 0x92, 0x6C, 0x6C, 0x76, 0x8E, 0x6B, 0x77, 0xA4, 0x85, 0x8D, 0xA4, 0xA6, 0x8E,
    0x98, 0xBC, 0xA9, 0x87, 0x90, 0x9B, 0x93, 0x78, 0x9F, 0x9E, 0xA3, 0x8A, 0x8E, 0x6B, 0x8E, 0xAD,
    0xAD, 0xAB, 0x97, 0x90, 0x98, 0xB7, 0xA4, 0x8E, 0x80, 0x80, 0x46, 0x6C, 0x76, 0x75, 0x76, 0x8C,
    0x8C, 0x6A, 0x80, 0x86, 0x80, 0x61, 0x6C, 0xA2, 0x8E, 0x4F, 0x52, 0x5A, 0x78, 0x61, 0x6B, 0x60,
    0x72, 0x6A, 0x6B, 0x60, 0x75, 0x7C, 0x92, 0x80, 0x8A, 0x92, 0xA0, 0x6B, 0x56, 0x78, 0x6C, 0x61,
    0x61, 0x56, 0x61, 0x8A, 0x6B, 0x6A, 0x61, 0x80, 0x92, 0x92, 0x8D, 0x8D, 0x97, 0x80, 0x6A, 0x72,
    0x6C, 0x6C, 0x6B, 0x6B, 0x61, 0x78, 0x50, 0x7E, 0x72, 0x75, 0x8D, 0x97, 0x98, 0x80, 0x75, 0xA3,
    0x84, 0x6A, 0x72, 0x7C, 0x77, 0x6C, 0x6B, 0x69, 0x74, 0x75, 0x6B, 0x76, 0x98, 0x92, 0x9B, 0x98,
    0xA3, 0x98, 0xAF, 0xA6, 0x80, 0x80, 0x80, 0x8D, 0x75, 0x6C, 0x56, 0x97, 0x7F, 0x98, 0x75, 0x80,
    0x8E, 0xA0, 0xB7, 0x98, 0xA9, 0xCD, 0xBC, 0x98, 0x8D, 0x92, 0x93, 0x89, 0x92, 0x98, 0xB0, 0x93,
    0x93, 0xAF, 0xA4, 0xA6, 0xBC, 0xC3, 0xB9, 0xC5, 0xCF, 0xC2, 0x9F, 0xA6, 0xB9, 0xAF, 0xA7, 0xB9,
    0xB3, 0xB0, 0xB3, 0xA0, 0xB0, 0xB4, 0xB0, 0xBB, 0xBD, 0xB9, 0xB9, 0xC7, 0xCE, 0xAF, 0xA1, 0xBC,
    0xB0, 0xA6, 0xB0, 0xBC, 0xB0, 0xA1, 0xA1, 0xC5, 0xB9, 0xB0, 0xC7, 0xDB, 0xC7, 0xB0, 0xE3, 0xD6,
    0xCF, 0xB4, 0xC5, 0xDA, 0xC8, 0xD2, 0xD2, 0xC7, 0xD2, 0xCF, 0xE3, 0xD2, 0xD6, 0xDA, 0xE0, 0xD6,
    0xD5, 0xE3, 0xE6, 0xF1, 0xEF, 0xFB, 0xFD, 0x17, 0x05, 0x59, 0x2C, 0xFD, 0xDD, 0xF1, 0xF9, 0xF9,
    0x00, 0x00, 0x00, 0x00, 0x00, 0x00, 0x00, 0x00, 0x00, 0x00, 0x00, 0x00, 0x00, 0x00, 0x00, 0x00,
    0x00, 0x00, 0x00, 0x00, 0x00, 0x00, 0x00, 0x00, 0x00, 0x00, 0x00, 0x00, 0x00, 0x00, 0x00, 0x00,
    0x00, 0x00, 0x00, 0x00, 0x00, 0x00, 0x00, 0x00, 0x00, 0x00, 0x00, 0x00, 0x00, 0x00, 0x00, 0x00,
    0x00, 0x00, 0x00, 0x00, 0x00, 0x00, 0x00, 0x00, 0x00, 0x00, 0x00, 0x00, 0x00, 0x00, 0x00, 0x00,
    0x00, 0x00, 0x00, 0x00, 0x00, 0x00, 0x00, 0x00, 0x00, 0x00, 0x00, 0x00, 0x00, 0x00, 0x00, 0x00,
    0x00, 0x00, 0x00, 0x00, 0x00, 0x00, 0x00, 0x00, 0x00, 0x00, 0x00, 0x00, 0x00, 0x00, 0x00, 0x00,
    0x00, 0x00, 0x00, 0x00, 0x00, 0x00, 0x00, 0x00, 0x00, 0x00, 0x00, 0x00, 0x00, 0x00, 0x00, 0x00,
    0x00, 0x00, 0x00, 0x00, 0x00, 0x00, 0x00, 0x00, 0x00, 0x00, 0x00, 0x00, 0x00, 0x00, 0x00, 0x00,
    0x00, 0x00, 0x00, 0x00, 0x00, 0x00, 0x00, 0x00, 0x00, 0x00, 0x00, 0x00, 0x00, 0x00, 0x00, 0x00,
    0x00, 0x00, 0x00, 0x00, 0x00, 0x00, 0x00, 0x00, 0x00, 0x00, 0x00, 0x00, 0x00, 0x00, 0x00, 0x00,
    0x00, 0x00, 0x00, 0x00, 0x00, 0x00, 0x00, 0x00, 0x00, 0x00, 0x00, 0x00, 0x00, 0x00, 0x00, 0x00,
    0x00, 0x00, 0x00, 0x00, 0x00, 0x00, 0x00, 0x00, 0x00, 0x00, 0x00, 0x00, 0x00, 0x00, 0x00, 0x00,
    0xFB, 0xF4, 0xEB, 0xF4, 0xF9, 0x2C, 0x95, 0x17, 0x0E, 0x05, 0xFF, 0xFF, 0xDC, 0xDA, 0xDA, 0xD2,
    0xD2, 0xD2, 0xD6, 0xDA, 0xDA, 0xD2, 0xCF, 0xCF, 0xDA, 0xD6, 0xD6, 0xDA, 0xBD, 0xC5, 0xCF, 0xCE,
    0xC5, 0xCE, 0xC7, 0xC7, 0xCE, 0xCF, 0xC8, 0xCF, 0xCF, 0xBC, 0xB9, 0xB9, 0xCF, 0xD3, 0xCF, 0xC5,
    0xD3, 0xD3, 0xC5, 0xC5, 0xBC, 0xCC, 0xC3, 0xC8, 0xC5, 0xC5, 0xCC, 0xCE, 0xC1, 0xB7, 0xAF, 0xBC,
    0xBC, 0xA7, 0xBC, 0xA0, 0xAF, 0xC3, 0xA6, 0xB3, 0xC7, 0xC3, 0xBC, 0xB0, 0xC1, 0xB7, 0xA0, 0x9A,
    0x9A, 0x92, 0xA6, 0x9B, 0x8B, 0x8A, 0x7C, 0x8E, 0x8A, 0x97, 0x8E, 0x9F, 0x9F, 0xB2, 0xAB, 0x99,
    0xA7, 0xAD, 0x90, 0x75, 0x8F, 0xA4, 0xC5, 0xB9, 0xB6, 0x8D, 0x8A, 0x92, 0x8B, 0x92, 0x98, 0x8E,
    0x98, 0xA3, 0x98, 0x92, 0x98, 0x90, 0x84, 0x77, 0x8E, 0x92, 0x6C, 0x8C, 0x75, 0x8D, 0x92, 0x8E,
    0x8E, 0x8D, 0x8D, 0x8A, 0x61, 0x6B, 0x7F, 0x77, 0x6B, 0x69, 0x50, 0x56, 0x76, 0x6B, 0x76, 0x5A,
    0x5F, 0x7F, 0x72, 0x6B, 0x75, 0x7F, 0x90, 0x80, 0x98, 0xA0, 0x80, 0x6B, 0x80, 0x77, 0x92, 0x8A,
    0x8A, 0x6C, 0x46, 0x6C, 0x60, 0x6B, 0x8C, 0x8C, 0x78, 0x8A, 0x8D, 0x90, 0x7F, 0x7F, 0x6A, 0x6A,
    0x77, 0x78, 0x6C, 0x78, 0x56, 0x61, 0x6B, 0x6B, 0x75, 0x80, 0x8D, 0x8D, 0x75, 0x75, 0x8D, 0x7F,
    0x87, 0x77, 0x72, 0x80, 0x8D, 0x80, 0x80, 0x6A, 0x80, 0x76, 0x6B, 0x8D, 0x9A, 0x8E, 0x9A, 0x98,
    0x98, 0xA4, 0x98, 0x8A, 0x80, 0x92, 0x8A, 0x80, 0x8B, 0x8C, 0x80, 0x8A, 0x8D, 0x85, 0x87, 0x98,
    0x92, 0x8E, 0x9A, 0xA4, 0xB7, 0xA4, 0x9A, 0x8E, 0x86, 0x90, 0x9B, 0xA0, 0xA0, 0x8E, 0xA6, 0x9B,
    0xB9, 0xC0, 0xB9, 0xAF, 0xBD, 0xBC, 0xB9, 0xC5, 0xB7, 0xB6, 0x9A, 0xA4, 0xC2, 0xC5, 0xBC, 0xBC,
    0xC8, 0xC2, 0xB3, 0xAF, 0xC6, 0xC3, 0xB0, 0xC5, 0xC5, 0xBC, 0xC7, 0xCE, 0xB2, 0xC2, 0xB9, 0xC3,
    0xC4, 0xB0, 0xBC, 0xC1, 0xC8, 0xB0, 0xB0, 0xB9, 0xB9, 0xBC, 0xC7, 0xD6, 0xCF, 0xCF, 0xCF, 0xCF,
    0xC5, 0xB0, 0xC7, 0xDA, 0xD6, 0xDA, 0xDA, 0xD5, 0xD2, 0xD5, 0xDA, 0xD5, 0xDA, 0xE0, 0xE3, 0xE3,
    0xE3, 0xDA, 0xE6, 0xF1, 0xFF, 0xFF, 0x05, 0x0E, 0x17, 0x62, 0x17, 0xFC, 0xDB, 0xE3, 0xF4, 0xFA,
    0x00, 0x00, 0x00, 0x00, 0x00, 0x00, 0x00, 0x00, 0x00, 0x00, 0x00, 0x00, 0x00, 0x00, 0x00, 0x00,
    0x00, 0x00, 0x00, 0x00, 0x00, 0x00, 0x00, 0x00, 0x00, 0x00, 0x00, 0x00, 0x00, 0x00, 0x00, 0x00,
    0x00, 0x00, 0x00, 0x00, 0x00, 0x00, 0x00, 0x00, 0x00, 0x00, 0x00, 0x00, 0x00, 0x00, 0x00, 0x00,
    0x00, 0x00, 0x00, 0x00, 0x00, 0x00, 0x00, 0x00, 0x00, 0x00, 0x00, 0x00, 0x00, 0x00, 0x00, 0x00,
    0x00, 0x00, 0x00, 0x00, 0x00, 0x00, 0x00, 0x00, 0x00, 0x00, 0x00, 0x00, 0x00, 0x00, 0x00, 0x00,
    0x00, 0x00, 0x00, 0x00, 0x00, 0x00, 0x00, 0x00, 0x00, 0x00, 0x00, 0x00, 0x00, 0x00, 0x00, 0x00,
    0x00, 0x00, 0x00, 0x00, 0x00, 0x00, 0x00, 0x00, 0x00, 0x00, 0x00, 0x00, 0x00, 0x00, 0x00, 0x00,
    0x00, 0x00, 0x00, 0x00, 0x00, 0x00, 0x00, 0x00, 0x00, 0x00, 0x00, 0x00, 0x00, 0x00, 0x00, 0x00,
    0x00, 0x00, 0x00, 0x00, 0x00, 0x00, 0x00, 0x00, 0x00, 0x00, 0x00, 0x00, 0x00, 0x00, 0x00, 0x00,
    0x00, 0x00, 0x00, 0x00, 0x00, 0x00, 0x00, 0x00, 0x00, 0x00, 0x00, 0x00, 0x00, 0x00, 0x00, 0x00,
    0x00, 0x00, 0x00, 0x00, 0x00, 0x00, 0x00, 0x00, 0x00, 0x00, 0x00, 0x00, 0x00, 0x00, 0x00, 0x00,
    0x00, 0x00, 0x00, 0x00, 0x00, 0x00, 0x00, 0x00, 0x00, 0x00, 0x00, 0x00, 0x00, 0x00, 0x00, 0x00,
    0xF9, 0xF3, 0xE1, 0xF3, 0xFA, 0x2C, 0x95, 0x17, 0x58, 0x95, 0x05, 0x03, 0xF8, 0xDB, 0xDA, 0xC8,
    0xD2, 0xCF, 0xCF, 0xD2, 0xD2, 0xDA, 0xE3, 0xE3, 0xCF, 0xCF, 0xC5, 0xCF, 0xCF, 0xC3, 0xDA, 0xDB,
    0xCF, 0xBC, 0xBC, 0xC7, 0xC2, 0xCE, 0xCF, 0xC7, 0xC7, 0xC5, 0xCF, 0xCF, 0xCC, 0xC7, 0xC7, 0xCE,
    0xCC, 0xDA, 0xDA, 0xD2, 0xD2, 0xBD, 0xBD, 0xC3, 0xBD, 0xC5, 0xC5, 0xC1, 0xCD, 0xD4, 0xCE, 0xBA,
    0xB0, 0xA1, 0xAE, 0xC5, 0xB0, 0xC3, 0x9F, 0xB3, 0xD3, 0xC5, 0xB9, 0xA6, 0xA0, 0xB3, 0x9A, 0xA3,
    0x9F, 0x9B, 0x9A, 0x8B, 0x92, 0x92, 0x8A, 0x6C, 0x92, 0x8E, 0x8D, 0xA4, 0xB2, 0x97, 0x8D, 0xA3,
    0x98, 0x97, 0xA4, 0xB0, 0xB2, 0xB2, 0xC1, 0xAD, 0xA4, 0x8E, 0x92, 0xAD, 0x9F, 0xA0, 0x8D, 0x80,
    0x8D, 0x86, 0x8E, 0x8A, 0x7F, 0x7F, 0x98, 0xAD, 0x8E, 0x8D, 0x80, 0x8D, 0x8E, 0x7F, 0x9F, 0x84,
    0x87, 0x98, 0x6B, 0x76, 0x60, 0x6B, 0x6A, 0x5E, 0x7F, 0x97, 0x77, 0x77, 0x6B, 0x69, 0x6B, 0x8C,
    0x8D, 0xB2, 0x7F, 0x72, 0x6B, 0x8C, 0x75, 0x80, 0x77, 0x8D, 0x8E, 0x9A, 0xA4, 0x75, 0x8A, 0x76,
    0x6C, 0x80, 0x56, 0x8C, 0x76, 0x75, 0x6C, 0x6C, 0x78, 0x61, 0x77, 0x7B, 0x71, 0x8D, 0x98, 0x8D,
    0x8D, 0x74, 0x6B, 0x76, 0x80, 0x8D, 0x98, 0x75, 0x76, 0x6B, 0x6B, 0x51, 0x67, 0x75, 0x72, 0x71,
    0x8F, 0xB7, 0x98, 0x80, 0x8A, 0x76, 0x8D, 0x8A, 0x8E, 0x98, 0x86, 0x92, 0x8E, 0x98, 0xA3, 0x8E,
    0x98, 0x8E, 0x8E, 0xA0, 0xB9, 0x8D, 0x8A, 0x76, 0x7C, 0x80, 0x80, 0x92, 0xBF, 0x96, 0x96, 0x80,
    0x8D, 0x8A, 0x92, 0xA4, 0x9E, 0x8D, 0x98, 0xB7, 0xAF, 0xAF, 0x9A, 0xA6, 0xB7, 0xAB, 0xA6, 0xD2,
    0xC0, 0xB6, 0xAD, 0xAD, 0xAF, 0xA0, 0xAD, 0xAF, 0xAB, 0xC5, 0xC7, 0xC1, 0xBC, 0xC2, 0xB9, 0xC5,
    0xC7, 0xBD, 0xCF, 0xC8, 0xC4, 0xC7, 0xC8, 0xCF, 0xC3, 0xC7, 0xC3, 0xC1, 0xBF, 0xC9, 0xC1, 0xBC,
    0xA1, 0xB9, 0xC5, 0xB9, 0xB9, 0xC5, 0xB9, 0xAF, 0xBC, 0xBC, 0xC4, 0xC2, 0xCF, 0xCC, 0xC7, 0xDF,
    0xDA, 0xC9, 0xCF, 0xD5, 0xCF, 0xD2, 0xD2, 0xD2, 0xE7, 0xE3, 0xD2, 0xD6, 0xDA, 0xDA, 0xD6, 0xDA,
    0xE3, 0xD6, 0xE6, 0xF9, 0x03, 0x09, 0x2C, 0x57, 0x17, 0x95, 0x17, 0xFD, 0xDA, 0xDF, 0xE6, 0xFA,
    0x00, 0x00, 0x00, 0x00, 0x00, 0x00, 0x00, 0x00, 0x00, 0x00, 0x00, 0x00, 0x00, 0x00, 0x00, 0x00,
    0x00, 0x00, 0x00, 0x00, 0x00, 0x00, 0x00, 0x00, 0x00, 0x00, 0x00, 0x00, 0x00, 0x00, 0x00, 0x00,
    0x00, 0x00, 0x00, 0x00, 0x00, 0x00, 0x00, 0x00, 0x00, 0x00, 0x00, 0x00, 0x00, 0x00, 0x00, 0x00,
    0x00, 0x00, 0x00, 0x00, 0x00, 0x00, 0x00, 0x00, 0x00, 0x00, 0x00, 0x00, 0x00, 0x00, 0x00, 0x00,
    0x00, 0x00, 0x00, 0x00, 0x00, 0x00, 0x00, 0x00, 0x00, 0x00, 0x00, 0x00, 0x00, 0x00, 0x00, 0x00,
    0x00, 0x00, 0x00, 0x00, 0x00, 0x00, 0x00, 0x00, 0x00, 0x00, 0x00, 0x00, 0x00, 0x00, 0x00, 0x00,
    0x00, 0x00, 0x00, 0x00, 0x00, 0x00, 0x00, 0x00, 0x00, 0x00, 0x00, 0x00, 0x00, 0x00, 0x00, 0x00,
    0x00, 0x00, 0x00, 0x00, 0x00, 0x00, 0x00, 0x00, 0x00, 0x00, 0x00, 0x00, 0x00, 0x00, 0x00, 0x00,
    0x00, 0x00, 0x00, 0x00, 0x00, 0x00, 0x00, 0x00, 0x00, 0x00, 0x00, 0x00, 0x00, 0x00, 0x00, 0x00,
    0x00, 0x00, 0x00, 0x00, 0x00, 0x00, 0x00, 0x00, 0x00, 0x00, 0x00, 0x00, 0x00, 0x00, 0x00, 0x00,
    0x00, 0x00, 0x00, 0x00, 0x00, 0x00, 0x00, 0x00, 0x00, 0x00, 0x00, 0x00, 0x00, 0x00, 0x00, 0x00,
    0x00, 0x00, 0x00, 0x00, 0x00, 0x00, 0x00, 0x00, 0x00, 0x00, 0x00, 0x00, 0x00, 0x00, 0x00, 0x00,
    0xF9, 0xF3, 0xEB, 0xF4, 0xFE, 0x2C, 0xDB, 0x17, 0x57, 0x0E, 0x02, 0x01, 0xFA, 0xDD, 0xDC, 0xD9,
    0xE2, 0xDA, 0xD3, 0xC8, 0xC7, 0xDA, 0xDF, 0xCE, 0xC9, 0xCF, 0xC3, 0xC7, 0xD6, 0xCF, 0xD6, 0xCF,
    0xCF, 0xCE, 0xCF, 0xC5, 0xB9, 0xD2, 0xD5, 0xC5, 0xC5, 0xCF, 0xD8, 0xC5, 0xAF, 0xBC, 0xB4, 0xD6,
    0xD6, 0xD6, 0xDA, 0xDA, 0xCF, 0xBC, 0xCF, 0xBB, 0xCC, 0xC7, 0xC3, 0xC5, 0xD6, 0xD6, 0xCD, 0xB7,
    0xAD, 0xA1, 0xA1, 0xCE, 0xB5, 0x9A, 0x9A, 0xB4, 0xD3, 0xC3, 0xAF, 0xAD, 0xB9, 0xBF, 0xB2, 0xB7,
    0xBC, 0xB0, 0xA3, 0x80, 0x8B, 0x92, 0x8B, 0x8A, 0xA4, 0x98, 0x9F, 0xB2, 0xB3, 0x87, 0x97, 0xA6,
    0x8E, 0x9F, 0xBC, 0xB9, 0xB3, 0x98, 0x92, 0x9A, 0xA6, 0xAD, 0xB3, 0xAB, 0xA6, 0xAD, 0x8C, 0x9A,
    0x8A, 0x8C, 0x98, 0x80, 0x82, 0x9A, 0xB0, 0xAF, 0x80, 0x76, 0x7F, 0x7F, 0x9A, 0x84, 0x98, 0x98,
    0xBE, 0x8E, 0x8C, 0x75, 0x80, 0x76, 0x6B, 0x6B, 0x8E, 0x8E, 0x80, 0x80, 0x60, 0x69, 0x60, 0x8D,
    0x8D, 0x8D, 0x97, 0x85, 0x8E, 0x8C, 0x6B, 0x8E, 0x6C, 0x80, 0x9E, 0x9F, 0x92, 0x8D, 0x76, 0x61,
    0x46, 0x8E, 0x84, 0x90, 0x92, 0x90, 0x75, 0x78, 0x6C, 0x8D, 0x7C, 0x75, 0x80, 0xAD, 0xA3, 0x87,
    0x7F, 0x6B, 0x69, 0x7F, 0x7D, 0x7E, 0x98, 0x7F, 0x8D, 0x77, 0x76, 0x5A, 0x74, 0x8E, 0x72, 0x8E,
    0x98, 0xB3, 0x9A, 0x8E, 0x75, 0x6B, 0x7F, 0x8C, 0x80, 0x98, 0x8D, 0x98, 0x92, 0xA1, 0x8A, 0x98,
    0x8B, 0x6C, 0x9A, 0xAF, 0xB9, 0x90, 0x8D, 0x8A, 0x76, 0x80, 0x9A, 0xA3, 0xAB, 0xA4, 0xA3, 0x8E,
    0xA4, 0x8C, 0xB2, 0xA6, 0x98, 0x98, 0xC4, 0xB9, 0x9A, 0xA0, 0xAD, 0x92, 0xB9, 0xA9, 0x92, 0xCE,
    0xC9, 0xBC, 0xAF, 0xB9, 0xAF, 0xB9, 0xA1, 0xA0, 0xC1, 0xCE, 0xC7, 0xBC, 0xAB, 0xB3, 0xAF, 0xC5,
    0xB9, 0xC3, 0xCF, 0xCF, 0xC8, 0xD2, 0xC3, 0xC6, 0xC7, 0xCF, 0xC7, 0xC4, 0xCF, 0xCF, 0xCF, 0xC5,
    0xAB, 0xB9, 0xC7, 0xB9, 0xB9, 0xCE, 0xC0, 0xC2, 0xC5, 0xCF, 0xCE, 0xC0, 0xCF, 0xCF, 0xC8, 0xDA,
    0xDA, 0xC8, 0xC5, 0xCF, 0xC7, 0xC6, 0xCF, 0xC7, 0xDF, 0xDA, 0xDA, 0xE3, 0xDF, 0xE0, 0xD6, 0xE0,
    0xE6, 0xDB, 0xF9, 0x59, 0x01, 0x05, 0x2D, 0x2D, 0x0E, 0x95, 0x17, 0xFD, 0xEF, 0xE3, 0xE7, 0xFA,
    0x00, 0x00, 0x00, 0x00, 0x00, 0x00, 0x00, 0x00, 0x00, 0x00, 0x00, 0x00, 0x00, 0x00, 0x00, 0x00,
    0x00, 0x00, 0x00, 0x00, 0x00, 0x00, 0x00, 0x00, 0x00, 0x00, 0x00, 0x00, 0x00, 0x00, 0x00, 0x00,
    0x00, 0x00, 0x00, 0x00, 0x00, 0x00, 0x00, 0x00, 0x00, 0x00, 0x00, 0x00, 0x00, 0x00, 0x00, 0x00,
    0x00, 0x00, 0x00, 0x00, 0x00, 0x00, 0x00, 0x00, 0x00, 0x00, 0x00, 0x00, 0x00, 0x00, 0x00, 0x00,
    0x00, 0x00, 0x00, 0x00, 0x00, 0x00, 0x00, 0x00, 0x00, 0x00, 0x00, 0x00, 0x00, 0x00, 0x00, 0x00,
    0x00, 0x00, 0x00, 0x00, 0x00, 0x00, 0x00, 0x00, 0x00, 0x00, 0x00, 0x00, 0x00, 0x00, 0x00, 0x00,
    0x00, 0x00, 0x00, 0x00, 0x00, 0x00, 0x00, 0x00, 0x00, 0x00, 0x00, 0x00, 0x00, 0x00, 0x00, 0x00,
    0x00, 0x00, 0x00, 0x00, 0x00, 0x00, 0x00, 0x00, 0x00, 0x00, 0x00, 0x00, 0x00, 0x00, 0x00, 0x00,
    0x00, 0x00, 0x00, 0x00, 0x00, 0x00, 0x00, 0x00, 0x00, 0x00, 0x00, 0x00, 0x00, 0x00, 0x00, 0x00,
    0x00, 0x00, 0x00, 0x00, 0x00, 0x00, 0x00, 0x00, 0x00, 0x00, 0x00, 0x00, 0x00, 0x00, 0x00, 0x00,
    0x00, 0x00, 0x00, 0x00, 0x00, 0x00, 0x00, 0x00, 0x00, 0x00, 0x00, 0x00, 0x00, 0x00, 0x00, 0x00,
    0x00, 0x00, 0x00, 0x00, 0x00, 0x00, 0x00, 0x00, 0x00, 0x00, 0x00, 0x00, 0x00, 0x00, 0x00, 0x00,
    0xFA, 0xEF, 0xEF, 0xF9, 0xFE, 0x2C, 0xEF, 0x2C, 0x05, 0x03, 0x09, 0x95, 0xFF, 0xF8, 0xD8, 0xE3,
    0xE3, 0xDA, 0xDA, 0xDA, 0xCF, 0xDF, 0xE3, 0xCE, 0xCF, 0xD3, 0xC5, 0xC8, 0xDA, 0xCE, 0xD4, 0xCF,
    0xD6, 0xCF, 0xD2, 0xBC, 0xC3, 0xDA, 0xCF, 0xC1, 0xDC, 0xDA, 0xCF, 0xBC, 0xBC, 0xB0, 0xB4, 0xC8,
    0xCF, 0xC9, 0xCA, 0xDB, 0xC7, 0xBC, 0xC6, 0xB0, 0xCF, 0xCF, 0xC7, 0xCF, 0xD2, 0xD4, 0xB7, 0xB5,
    0xB7, 0x9F, 0xA6, 0xB9, 0xAD, 0xAF, 0xBC, 0xC6, 0xC5, 0xA0, 0xA6, 0xB9, 0xCF, 0xC1, 0xB9, 0xBF,
    0xBC, 0xB9, 0xB2, 0x98, 0x8C, 0x8A, 0x9A, 0x87, 0xAD, 0xA6, 0xAF, 0x9B, 0x9A, 0x97, 0xAD, 0xAF,
    0xA6, 0xA6, 0xAD, 0xBC, 0xAF, 0x93, 0x89, 0x78, 0xB0, 0xB9, 0xBC, 0x9A, 0x9A, 0xA0, 0x8C, 0x93,
    0x76, 0x9A, 0xA7, 0x8E, 0x92, 0x97, 0x98, 0x8E, 0x6B, 0x80, 0x77, 0x80, 0x92, 0xB2, 0xA6, 0x9A,
    0xA7, 0x76, 0x80, 0x6B, 0x8E, 0x92, 0x7C, 0x92, 0x9F, 0x98, 0x7E, 0x76, 0x75, 0x56, 0x60, 0x8D,
    0x8D, 0x75, 0x8E, 0x98, 0x92, 0x80, 0x76, 0x9A, 0x78, 0x8B, 0xA4, 0x92, 0x92, 0x80, 0x80, 0x61,
    0x61, 0x80, 0x7F, 0x98, 0x92, 0x8E, 0x8A, 0x8C, 0x75, 0x98, 0x9A, 0x8A, 0x9A, 0xAB, 0x9A, 0x7F,
    0x76, 0x6B, 0x5A, 0x75, 0x6A, 0x7D, 0x8D, 0x8D, 0x8E, 0x6C, 0x80, 0x77, 0x98, 0x9A, 0x8D, 0xA6,
    0x8D, 0x98, 0x9A, 0x80, 0x75, 0x61, 0x77, 0x8C, 0x98, 0x92, 0x86, 0x98, 0x9B, 0x78, 0x6C, 0xA6,
    0x93, 0x6C, 0xAF, 0xA6, 0xAF, 0x80, 0x8A, 0x8A, 0x76, 0x8A, 0x9A, 0xB2, 0xA4, 0xA3, 0xA3, 0xA4,
    0xA4, 0x86, 0xB3, 0xAF, 0xA1, 0xC1, 0xC7, 0xB0, 0x98, 0xA1, 0x9B, 0x8B, 0x98, 0xAD, 0xA0, 0xBC,
    0xC2, 0xB7, 0xA1, 0xB0, 0xAF, 0xC2, 0xBC, 0xBC, 0xC7, 0xC5, 0xC7, 0xB0, 0xAF, 0xA1, 0xAF, 0xC5,
    0xBC, 0xCF, 0xC7, 0xC4, 0xD2, 0xC3, 0x9B, 0xBC, 0xCF, 0xDA, 0xC7, 0xCF, 0xDA, 0xD6, 0xD2, 0xC5,
    0xBF, 0xAF, 0xB0, 0xB9, 0xB9, 0xCC, 0xC2, 0xC5, 0xCE, 0xCF, 0xC5, 0xC5, 0xDA, 0xD2, 0xDA, 0xDA,
    0xC8, 0xC7, 0xC5, 0xD6, 0xC7, 0xC8, 0xD5, 0xDA, 0xE3, 0xDA, 0xE7, 0xE3, 0xE3, 0xE2, 0xE3, 0xE6,
    0xEF, 0xDB, 0xFD, 0xFF, 0x2C, 0x09, 0x17, 0x05, 0x09, 0xF2, 0x17, 0xFE, 0xEF, 0xF3, 0xEA, 0xF5,
    0x00, 0x00, 0x00, 0x00, 0x00, 0x00, 0x00, 0x00, 0x00, 0x00, 0x00, 0x00, 0x00, 0x00, 0x00, 0x00,
    0x00, 0x00, 0x00, 0x00, 0x00, 0x00, 0x00, 0x00, 0x00, 0x00, 0x00, 0x00, 0x00, 0x00, 0x00, 0x00,
    0x00, 0x00, 0x00, 0x00, 0x00, 0x00, 0x00, 0x00, 0x00, 0x00, 0x00, 0x00, 0x00, 0x00, 0x00, 0x00,
    0x00, 0x00, 0x00, 0x00, 0x00, 0x00, 0x00, 0x00, 0x00, 0x00, 0x00, 0x00, 0x00, 0x00, 0x00, 0x00,
    0x00, 0x00, 0x00, 0x00, 0x00, 0x00, 0x00, 0x00, 0x00, 0x00, 0x00, 0x00, 0x00, 0x00, 0x00, 0x00,
    0x00, 0x00, 0x00, 0x00, 0x00, 0x00, 0x00, 0x00, 0x00, 0x00, 0x00, 0x00, 0x00, 0x00, 0x00, 0x00,
    0x00, 0x00, 0x00, 0x00, 0x00, 0x00, 0x00, 0x00, 0x00, 0x00, 0x00, 0x00, 0x00, 0x00, 0x00, 0x00,
    0x00, 0x00, 0x00, 0x00, 0x00, 0x00, 0x00, 0x00, 0x00, 0x00, 0x00, 0x00, 0x00, 0x00, 0x00, 0x00,
    0x00, 0x00, 0x00, 0x00, 0x00, 0x00, 0x00, 0x00, 0x00, 0x00, 0x00, 0x00, 0x00, 0x00, 0x00, 0x00,
    0x00, 0x00, 0x00, 0x00, 0x00, 0x00, 0x00, 0x00, 0x00, 0x00, 0x00, 0x00, 0x00, 0x00, 0x00, 0x00,
    0x00, 0x00, 0x00, 0x00, 0x00, 0x00, 0x00, 0x00, 0x00, 0x00, 0x00, 0x00, 0x00, 0x00, 0x00, 0x00,
    0x00, 0x00, 0x00, 0x00, 0x00, 0x00, 0x00, 0x00, 0x00, 0x00, 0x00, 0x00, 0x00, 0x00, 0x00, 0x00,
    0xFA, 0xFA, 0xF1, 0xF4, 0xFB, 0x2C, 0xFE, 0x17, 0x09, 0x95, 0xFE, 0x62, 0x2D, 0xCA, 0xFF, 0xE3,
    0xE3, 0xDA, 0xDA, 0xDA, 0xDA, 0xDA, 0xE2, 0xE3, 0xD6, 0xCF, 0xCF, 0xCF, 0xD6, 0xE3, 0xD6, 0xE3,
    0xD6, 0xCF, 0xD6, 0xD2, 0xDA, 0xDA, 0xD2, 0xCF, 0xD2, 0xD2, 0xDC, 0xC5, 0xBC, 0xBC, 0xC7, 0xCF,
    0xCF, 0xCF, 0xD5, 0xDA, 0xCF, 0xD2, 0xCF, 0xCF, 0xD6, 0xD6, 0xCF, 0xC7, 0xCE, 0xC0, 0xB7, 0xB7,
    0xB5, 0xA0, 0xC1, 0xAD, 0xB7, 0xC2, 0xCC, 0xC8, 0xC7, 0xC7, 0xCF, 0xCF, 0xC8, 0xC5, 0xB0, 0xC0,
    0xB7, 0xBF, 0xBF, 0xAB, 0x8E, 0x9E, 0xB2, 0xAF, 0x8D, 0x9F, 0xB3, 0xA6, 0xA7, 0xBC, 0xB9, 0xBC,
    0xB0, 0x9B, 0xA4, 0xBC, 0xB3, 0x98, 0x98, 0x9F, 0xB7, 0xC1, 0xA6, 0x92, 0xA6, 0xAF, 0x9A, 0x93,
    0xA6, 0xAF, 0xA1, 0x9A, 0x93, 0x98, 0x87, 0x9A, 0x8E, 0x77, 0x80, 0x98, 0x97, 0xA4, 0x92, 0xA4,
    0x9A, 0x8C, 0x8E, 0x8E, 0x9A, 0x9B, 0x9B, 0x92, 0x90, 0x85, 0x8D, 0x7F, 0x75, 0x61, 0x8A, 0x8D,
    0x8D, 0x75, 0x8E, 0x98, 0x8A, 0x9A, 0xA7, 0xA4, 0xA0, 0x92, 0x8E, 0x92, 0x9A, 0x8C, 0x6B, 0x6A,
    0x7F, 0x80, 0x76, 0x80, 0x8D, 0x98, 0x9A, 0x98, 0x8E, 0xA6, 0xA7, 0xA0, 0x9A, 0x98, 0x92, 0x77,
    0x76, 0x6C, 0x6B, 0x8A, 0x8E, 0x87, 0x6A, 0x80, 0x89, 0x92, 0x98, 0xA4, 0xA4, 0x9B, 0xA3, 0x9A,
    0xA5, 0xA3, 0x98, 0x77, 0x80, 0x76, 0x8E, 0xAB, 0x98, 0x87, 0x8E, 0x9B, 0x9B, 0xA4, 0xB9, 0xB7,
    0xB0, 0x9B, 0x9B, 0xA3, 0x96, 0x90, 0x8D, 0x75, 0x8D, 0x98, 0x9F, 0x98, 0xA4, 0x97, 0xA4, 0xAD,
    0xB2, 0xBF, 0xC2, 0xBC, 0xAF, 0xB9, 0xB7, 0xB2, 0xB2, 0xAD, 0x9A, 0x92, 0xB3, 0xB7, 0xAD, 0xA0,
    0xB9, 0xB9, 0xB4, 0xC4, 0xC7, 0xC5, 0xC7, 0xC7, 0xBC, 0xCE, 0xC7, 0xB5, 0xAD, 0xBC, 0xC5, 0xC2,
    0xC2, 0xC9, 0xC5, 0xC5, 0xD2, 0xC7, 0xCF, 0xDA, 0xD6, 0xD6, 0xD4, 0xCF, 0xD2, 0xCF, 0xD4, 0xCE,
    0xC2, 0xBC, 0xBC, 0xC9, 0xD3, 0xC7, 0xB9, 0xC5, 0xD2, 0xD2, 0xD5, 0xDA, 0xE0, 0xDA, 0xD6, 0xD6,
    0xD5, 0xCF, 0xD6, 0xD3, 0xCF, 0xD6, 0xDA, 0xDF, 0xE3, 0xE3, 0xE2, 0xE3, 0xE3, 0xE7, 0xE9, 0xF3,
    0xFC, 0xFD, 0x95, 0x17, 0x62, 0xF9, 0xDB, 0x0E, 0x09, 0xEF, 0x17, 0xFF, 0xEF, 0xF0, 0xF0, 0xF1,
    0x00, 0x00, 0x00, 0x00, 0x00, 0x00, 0x00, 0x00, 0x00, 0x00, 0x00, 0x00, 0x00, 0x00, 0x00, 0x00,
    0x00, 0x00, 0x00, 0x00, 0x00, 0x00, 0x00, 0x00, 0x00, 0x00, 0x00, 0x00, 0x00, 0x00, 0x00, 0x00,
    0x00, 0x00, 0x00, 0x00, 0x00, 0x00, 0x00, 0x00, 0x00, 0x00, 0x00, 0x00, 0x00, 0x00, 0x00, 0x00,
    0x00, 0x00, 0x00, 0x00, 0x00, 0x00, 0x00, 0x00, 0x00, 0x00, 0x00, 0x00, 0x00, 0x00, 0x00, 0x00,
    0x00, 0x00, 0x00, 0x00, 0x00, 0x00, 0x00, 0x00, 0x00, 0x00, 0x00, 0x00, 0x00, 0x00, 0x00, 0x00,
    0x00, 0x00, 0x00, 0x00, 0x00, 0x00, 0x00, 0x00, 0x00, 0x00, 0x00, 0x00, 0x00, 0x00, 0x00, 0x00,
    0x00, 0x00, 0x00, 0x00, 0x00, 0x00, 0x00, 0x00, 0x00, 0x00, 0x00, 0x00, 0x00, 0x00, 0x00, 0x00,
    0x00, 0x00, 0x00, 0x00, 0x00, 0x00, 0x00, 0x00, 0x00, 0x00, 0x00, 0x00, 0x00, 0x00, 0x00, 0x00,
    0x00, 0x00, 0x00, 0x00, 0x00, 0x00, 0x00, 0x00, 0x00, 0x00, 0x00, 0x00, 0x00, 0x00, 0x00, 0x00,
    0x00, 0x00, 0x00, 0x00, 0x00, 0x00, 0x00, 0x00, 0x00, 0x00, 0x00, 0x00, 0x00, 0x00, 0x00, 0x00,
    0x00, 0x00, 0x00, 0x00, 0x00, 0x00, 0x00, 0x00, 0x00, 0x00, 0x00, 0x00, 0x00, 0x00, 0x00, 0x00,
    0x00, 0x00, 0x00, 0x00, 0x00, 0x00, 0x00, 0x00, 0x00, 0x00, 0x00, 0x00, 0x00, 0x00, 0x00, 0x00,
    0xFB, 0xFA, 0xF9, 0xF9, 0xF9, 0x2C, 0xF2, 0x0E, 0x59, 0x09, 0x0E, 0x0E, 0x05, 0x02, 0x05, 0xF5,
    0xDB, 0xE3, 0xE6, 0xDB, 0xDA, 0xD2, 0xDB, 0xE3, 0xD6, 0xD6, 0xDA, 0xD6, 0xD3, 0xD8, 0xDA, 0xDA,
    0xCF, 0xD6, 0xE3, 0xD3, 0xD6, 0xD6, 0xD2, 0xD2, 0xC4, 0xC8, 0xDA, 0xC7, 0xC5, 0xC7, 0xC8, 0xCF,
    0xC7, 0xCF, 0xCE, 0xC4, 0xD9, 0xE3, 0xC9, 0xB0, 0xCF, 0xCF, 0xC7, 0xBC, 0xB0, 0xB9, 0xC5, 0xB9,
    0xC5, 0xC7, 0xC5, 0xC1, 0xB9, 0xC5, 0xC7, 0xB4, 0xC7, 0xE0, 0xCF, 0xC5, 0xCE, 0xC5, 0xA1, 0xA7,
    0xC1, 0xB3, 0xAD, 0xB7, 0xB3, 0xB3, 0xAB, 0xA6, 0xA4, 0xB3, 0xA6, 0xA7, 0xBC, 0xB4, 0xAF, 0xAD,
    0xB3, 0x92, 0x9B, 0xB0, 0xAD, 0x98, 0xA6, 0xB9, 0xB9, 0xAD, 0xA6, 0xA0, 0x92, 0x9A, 0xBC, 0xB9,
    0xA0, 0xA0, 0xA1, 0xA6, 0x8B, 0x6C, 0x8A, 0x9A, 0x8E, 0x8A, 0x98, 0xA3, 0x98, 0x98, 0x8E, 0x8E,
    0x8B, 0xAD, 0xB3, 0x98, 0x8E, 0xA4, 0x9B, 0x6C, 0x6B, 0x8D, 0x97, 0x8D, 0x8D, 0x8E, 0x98, 0x80,
    0x7E, 0x9F, 0x9B, 0x92, 0xAD, 0xAD, 0xAD, 0xA0, 0xA4, 0x8D, 0x6C, 0x8A, 0x8C, 0x86, 0x8D, 0x8A,
    0x98, 0x8A, 0x80, 0x8A, 0x90, 0x8B, 0x93, 0xA3, 0xA4, 0xA6, 0xA6, 0x93, 0x6C, 0x6C, 0x98, 0x98,
    0x8D, 0x98, 0x98, 0x97, 0x7F, 0x7F, 0x92, 0x8C, 0x8A, 0xB3, 0xB2, 0xB2, 0xA4, 0x98, 0xA4, 0x89,
    0x9A, 0xA0, 0x8E, 0x8E, 0x98, 0x92, 0x90, 0x8E, 0x97, 0x98, 0xA4, 0x9A, 0xAB, 0xAD, 0xAF, 0xAF,
    0xAF, 0xA1, 0x8B, 0x8C, 0x9E, 0x9F, 0x92, 0x9A, 0xA4, 0xB3, 0x9F, 0x9A, 0xA6, 0xAF, 0xA7, 0xB7,
    0xBE, 0xC2, 0xC5, 0xBC, 0xB0, 0x93, 0x9B, 0xB9, 0xC1, 0xB2, 0xB0, 0xAF, 0xB3, 0xAD, 0xB3, 0xB9,
    0xB0, 0xB4, 0xC7, 0xC5, 0xB7, 0xC7, 0xC7, 0xC4, 0xB0, 0xC7, 0xC5, 0xBC, 0xC5, 0xD2, 0xB0, 0xB5,
    0xCF, 0xC5, 0xBC, 0xC5, 0xBC, 0xDA, 0xDA, 0xCF, 0xCF, 0xD3, 0xD6, 0xCF, 0xB0, 0xC8, 0xD6, 0xCE,
    0xCE, 0xCF, 0xD2, 0xCF, 0xCE, 0xCF, 0xD5, 0xC8, 0xD5, 0xE3, 0xD2, 0xDA, 0xCF, 0xCF, 0xC8, 0xC8,
    0xDA, 0xE3, 0xD2, 0xD5, 0xDA, 0xD6, 0xDC, 0xDA, 0xDA, 0xE0, 0xD5, 0xDF, 0xE3, 0xE3, 0xE6, 0xEF,
    0xEF, 0x09, 0x05, 0x05, 0x0E, 0x0E, 0x17, 0x58, 0x09, 0xA8, 0x17, 0xFE, 0xEF, 0xDD, 0xDD, 0xF8,
    0x00, 0x00, 0x00, 0x00, 0x00, 0x00, 0x00, 0x00, 0x00, 0x00, 0x00, 0x00, 0x00, 0x00, 0x00, 0x00,
    0x00, 0x00, 0x00, 0x00, 0x00, 0x00, 0x00, 0x00, 0x00, 0x00, 0x00, 0x00, 0x00, 0x00, 0x00, 0x00,
    0x00, 0x00, 0x00, 0x00, 0x00, 0x00, 0x00, 0x00, 0x00, 0x00, 0x00, 0x00, 0x00, 0x00, 0x00, 0x00,
    0x00, 0x00, 0x00, 0x00, 0x00, 0x00, 0x00, 0x00, 0x00, 0x00, 0x00, 0x00, 0x00, 0x00, 0x00, 0x00,
    0x00, 0x00, 0x00, 0x00, 0x00, 0x00, 0x00, 0x00, 0x00, 0x00, 0x00, 0x00, 0x00, 0x00, 0x00, 0x00,
    0x00, 0x00, 0x00, 0x00, 0x00, 0x00, 0x00, 0x00, 0x00, 0x00, 0x00, 0x00, 0x00, 0x00, 0x00, 0x00,
    0x00, 0x00, 0x00, 0x00, 0x00, 0x00, 0x00, 0x00, 0x00, 0x00, 0x00, 0x00, 0x00, 0x00, 0x00, 0x00,
    0x00, 0x00, 0x00, 0x00, 0x00, 0x00, 0x00, 0x00, 0x00, 0x00, 0x00, 0x00, 0x00, 0x00, 0x00, 0x00,
    0x00, 0x00, 0x00, 0x00, 0x00, 0x00, 0x00, 0x00, 0x00, 0x00, 0x00, 0x00, 0x00, 0x00, 0x00, 0x00,
    0x00, 0x00, 0x00, 0x00, 0x00, 0x00, 0x00, 0x00, 0x00, 0x00, 0x00, 0x00, 0x00, 0x00, 0x00, 0x00,
    0x00, 0x00, 0x00, 0x00, 0x00, 0x00, 0x00, 0x00, 0x00, 0x00, 0x00, 0x00, 0x00, 0x00, 0x00, 0x00,
    0x00, 0x00, 0x00, 0x00, 0x00, 0x00, 0x00, 0x00, 0x00, 0x00, 0x00, 0x00, 0x00, 0x00, 0x00, 0x00,
    0xFB, 0xF1, 0xF4, 0xF4, 0xFB, 0x2C, 0xEF, 0x2C, 0x09, 0x17, 0x59, 0x62, 0x9C, 0x2E, 0x01, 0x09,
    0xFF, 0xFD, 0xDB, 0xEA, 0xE3, 0xC8, 0xC8, 0xDA, 0xE0, 0xE6, 0xDA, 0xDA, 0xCF, 0xC7, 0xDA, 0xDA,
    0xD4, 0xE0, 0xDA, 0xC7, 0xC7, 0xDA, 0xDA, 0xDA, 0xBC, 0xC6, 0xCC, 0xCF, 0xCF, 0xD2, 0xC3, 0xC7,
    0xC5, 0xC5, 0xC7, 0xC4, 0xC7, 0xCF, 0xC5, 0xAF, 0xBC, 0xCF, 0xD2, 0xBC, 0xB0, 0xC6, 0xC8, 0xB9,
    0xC5, 0xC7, 0xAF, 0xC3, 0xB9, 0xB9, 0xCF, 0xB4, 0xC5, 0xD6, 0xC5, 0xB0, 0xB9, 0xCE, 0xBC, 0xA1,
    0xC4, 0xAF, 0xAD, 0xB9, 0xB9, 0xB6, 0xAB, 0x8E, 0xB3, 0xAF, 0xB3, 0xC1, 0xAD, 0xAF, 0xBC, 0xB7,
    0xAF, 0xA1, 0x93, 0x9B, 0xA6, 0xBC, 0xB9, 0xB3, 0xA6, 0x98, 0x9F, 0xB0, 0xA6, 0x93, 0xC1, 0xAF,
    0x9A, 0x98, 0xAF, 0xB7, 0x9A, 0x6C, 0x92, 0x8A, 0x92, 0xA0, 0x93, 0x8A, 0x98, 0x8C, 0x8E, 0x80,
    0x8A, 0x9A, 0x9F, 0x8E, 0x8E, 0x98, 0xA1, 0x89, 0x74, 0x9A, 0x8D, 0x8D, 0x98, 0x92, 0x80, 0x7F,
    0x80, 0x9A, 0x92, 0xA4, 0xAD, 0x92, 0x92, 0xA1, 0x9A, 0x90, 0x6C, 0x6C, 0x78, 0x80, 0xA0, 0x9A,
    0x92, 0x8B, 0x77, 0x80, 0x92, 0x93, 0x93, 0x92, 0x92, 0x98, 0xA0, 0x9B, 0x78, 0x6C, 0x8E, 0xB2,
    0x98, 0x9A, 0x8E, 0x8E, 0x75, 0x75, 0x9B, 0x98, 0x9A, 0xAB, 0x9F, 0xA4, 0xA4, 0x92, 0xB9, 0x9B,
    0x89, 0xA1, 0x92, 0x9B, 0xA0, 0xA0, 0x92, 0x8C, 0x98, 0xAD, 0xB9, 0xAD, 0xAD, 0x92, 0x92, 0xB3,
    0xAF, 0xB0, 0x93, 0x8B, 0xA1, 0xA0, 0x9F, 0xAF, 0xA4, 0xAD, 0x9F, 0x96, 0x98, 0xC4, 0xAF, 0xB6,
    0xB7, 0xAB, 0xB9, 0xC2, 0xC7, 0x93, 0xA1, 0xC5, 0xAF, 0xAF, 0xBC, 0xB9, 0xAD, 0xAD, 0xAF, 0xC2,
    0xA1, 0xC3, 0xBC, 0xB7, 0xB9, 0xC7, 0xCF, 0xCF, 0xC3, 0xB0, 0xBC, 0xC7, 0xD2, 0xC5, 0xB0, 0xB0,
    0xC7, 0xC7, 0xBD, 0xC7, 0xCF, 0xDA, 0xD6, 0xC7, 0xD2, 0xCF, 0xD3, 0xD6, 0xA7, 0xC3, 0xCF, 0xCF,
    0xD6, 0xCF, 0xCF, 0xCE, 0xBC, 0xCF, 0xDC, 0xDA, 0xCF, 0xD6, 0xC7, 0xD6, 0xD6, 0xD5, 0xC8, 0xC3,
    0xDA, 0xE3, 0xE2, 0xE3, 0xE3, 0xDA, 0xE3, 0xDA, 0xDF, 0xE3, 0xDA, 0xE3, 0xEB, 0xE5, 0xFD, 0xFF,
    0x03, 0x03, 0x95, 0x94, 0x94, 0x62, 0x57, 0x09, 0x2C, 0xCA, 0x17, 0xFE, 0xEF, 0xEF, 0xE6, 0xF4,
    0x00, 0x00, 0x00, 0x00, 0x00, 0x00, 0x00, 0x00, 0x00, 0x00, 0x00, 0x00, 0x00, 0x00, 0x00, 0x00,
    0x00, 0x00, 0x00, 0x00, 0x00, 0x00, 0x00, 0x00, 0x00, 0x00, 0x00, 0x00, 0x00, 0x00, 0x00, 0x00,
    0x00, 0x00, 0x00, 0x00, 0x00, 0x00, 0x00, 0x00, 0x00, 0x00, 0x00, 0x00, 0x00, 0x00, 0x00, 0x00,
    0x00, 0x00, 0x00, 0x00, 0x00, 0x00, 0x00, 0x00, 0x00, 0x00, 0x00, 0x00, 0x00, 0x00, 0x00, 0x00,
    0x00, 0x00, 0x00, 0x00, 0x00, 0x00, 0x00, 0x00, 0x00, 0x00, 0x00, 0x00, 0x00, 0x00, 0x00, 0x00,
    0x00, 0x00, 0x00, 0x00, 0x00, 0x00, 0x00, 0x00, 0x00, 0x00, 0x00, 0x00, 0x00, 0x00, 0x00, 0x00,
    0x00, 0x00, 0x00, 0x00, 0x00, 0x00, 0x00, 0x00, 0x00, 0x00, 0x00, 0x00, 0x00, 0x00, 0x00, 0x00,
    0x00, 0x00, 0x00, 0x00, 0x00, 0x00, 0x00, 0x00, 0x00, 0x00, 0x00, 0x00, 0x00, 0x00, 0x00, 0x00,
    0x00, 0x00, 0x00, 0x00, 0x00, 0x00, 0x00, 0x00, 0x00, 0x00, 0x00, 0x00, 0x00, 0x00, 0x00, 0x00,
    0x00, 0x00, 0x00, 0x00, 0x00, 0x00, 0x00, 0x00, 0x00, 0x00, 0x00, 0x00, 0x00, 0x00, 0x00, 0x00,
    0x00, 0x00, 0x00, 0x00, 0x00, 0x00, 0x00, 0x00, 0x00, 0x00, 0x00, 0x00, 0x00, 0x00, 0x00, 0x00,
    0x00, 0x00, 0x00, 0x00, 0x00, 0x00, 0x00, 0x00, 0x00, 0x00, 0x00, 0x00, 0x00, 0x00, 0x00, 0x00,
    0xFA, 0xF1, 0xF8, 0xF9, 0xFE, 0x2C, 0xFE, 0x2C, 0x59, 0x94, 0x2D, 0x0E, 0x0E, 0x2D, 0x59, 0xCA,
    0x17, 0x2C, 0xFD, 0xEA, 0xE3, 0xE3, 0xDA, 0xE2, 0xDA, 0xE3, 0xDA, 0xDA, 0xD2, 0xD2, 0xDA, 0xE3,
    0xE3, 0xD6, 0xD6, 0xCF, 0xCF, 0xDA, 0xDC, 0xDA, 0xCF, 0xD4, 0xCF, 0xC8, 0xCF, 0xDA, 0xD2, 0xCF,
    0xC7, 0xCF, 0xCF, 0xC8, 0xB4, 0xCF, 0xC7, 0xC3, 0xB0, 0xC5, 0xDE, 0xCE, 0xC5, 0xD4, 0xCF, 0xB0,
    0xC3, 0xC8, 0xC5, 0xC3, 0xB9, 0xCC, 0xD3, 0xCC, 0xBC, 0xC7, 0xC5, 0xBB, 0xBC, 0xD2, 0xC5, 0xBC,
    0xC5, 0xB9, 0xB9, 0xBD, 0xC2, 0xB9, 0xB3, 0xAD, 0xB9, 0xC5, 0xBC, 0xBC, 0xAF, 0xC5, 0xC5, 0xB9,
    0xB0, 0xB9, 0xBC, 0xA0, 0xAF, 0xB0, 0xB9, 0xB9, 0x9F, 0x97, 0x9F, 0xA4, 0xA4, 0xA6, 0xA6, 0xA6,
    0xA1, 0x9B, 0xAD, 0xC1, 0xA1, 0xA4, 0xA0, 0x9A, 0xA4, 0xA0, 0x93, 0x93, 0x9A, 0x84, 0x9A, 0x9B,
    0x80, 0x9B, 0xA0, 0x9B, 0x8A, 0x8B, 0x93, 0x92, 0x9A, 0x8D, 0x8E, 0xA6, 0xA4, 0x8C, 0x9A, 0x84,
    0x8F, 0xA6, 0xA0, 0xAB, 0xB3, 0x9A, 0x92, 0xA0, 0xB0, 0xAF, 0x9A, 0x9A, 0x92, 0x87, 0x9A, 0x9B,
    0x8A, 0x80, 0x8E, 0xA4, 0xA4, 0x93, 0x8B, 0xA3, 0x8C, 0x89, 0xA1, 0xAF, 0x9A, 0x9A, 0x8D, 0xB2,
    0xA7, 0x92, 0x89, 0x9A, 0x8D, 0x98, 0xB3, 0xAD, 0xB3, 0xA0, 0xA0, 0xA4, 0x9F, 0x9B, 0xC1, 0xB7,
    0xA0, 0xA6, 0xAD, 0xA4, 0xAD, 0xA0, 0x9F, 0x98, 0xB2, 0xA9, 0xB3, 0xB9, 0xB7, 0x9B, 0xA6, 0xB7,
    0xC5, 0xC3, 0xAF, 0xB7, 0xA1, 0xAD, 0xAD, 0xB3, 0xB3, 0xB9, 0xAB, 0xA4, 0xBC, 0xC4, 0xB0, 0xAF,
    0xBC, 0xB0, 0xB3, 0xC5, 0xCC, 0xB9, 0xC2, 0xCE, 0xBC, 0xB0, 0xC5, 0xC2, 0xB9, 0xB9, 0xC5, 0xC3,
    0xB9, 0xC5, 0xC7, 0xC5, 0xC5, 0xC5, 0xC9, 0xCF, 0xCF, 0xB0, 0xBC, 0xC7, 0xD6, 0xC5, 0xBC, 0xBC,
    0xC3, 0xC2, 0xCF, 0xD5, 0xD6, 0xD6, 0xD6, 0xDA, 0xE0, 0xC3, 0xC4, 0xD6, 0xCE, 0xCF, 0xDF, 0xD6,
    0xD4, 0xD2, 0xCF, 0xC7, 0xC7, 0xE0, 0xE3, 0xDB, 0xDC, 0xDA, 0xCF, 0xCF, 0xE0, 0xE3, 0xD6, 0xD2,
    0xDA, 0xE3, 0xE0, 0xE0, 0xF0, 0xE3, 0xDA, 0xDA, 0xE6, 0xEF, 0xF1, 0xF4, 0xF4, 0xFD, 0x2C, 0x2C,
    0x95, 0x58, 0x17, 0x05, 0x0E, 0x58, 0xCA, 0x57, 0x2C, 0xDB, 0x2C, 0xFE, 0xEF, 0xF4, 0xF4, 0xF9,
    0x00, 0x00, 0x00, 0x00, 0x00, 0x00, 0x00, 0x00, 0x00, 0x00, 0x00, 0x00, 0x00, 0x00, 0x00, 0x00,
    0x00, 0x00, 0x00, 0x00, 0x00, 0x00, 0x00, 0x00, 0x00, 0x00, 0x00, 0x00, 0x00, 0x00, 0x00, 0x00,
    0x00, 0x00, 0x00, 0x00, 0x00, 0x00, 0x00, 0x00, 0x00, 0x00, 0x00, 0x00, 0x00, 0x00, 0x00, 0x00,
    0x00, 0x00, 0x00, 0x00, 0x00, 0x00, 0x00, 0x00, 0x00, 0x00, 0x00, 0x00, 0x00, 0x00, 0x00, 0x00,
    0x00, 0x00, 0x00, 0x00, 0x00, 0x00, 0x00, 0x00, 0x00, 0x00, 0x00, 0x00, 0x00, 0x00, 0x00, 0x00,
    0x00, 0x00, 0x00, 0x00, 0x00, 0x00, 0x00, 0x00, 0x00, 0x00, 0x00, 0x00, 0x00, 0x00, 0x00, 0x00,
    0x00, 0x00, 0x00, 0x00, 0x00, 0x00, 0x00, 0x00, 0x00, 0x00, 0x00, 0x00, 0x00, 0x00, 0x00, 0x00,
    0x00, 0x00, 0x00, 0x00, 0x00, 0x00, 0x00, 0x00, 0x00, 0x00, 0x00, 0x00, 0x00, 0x00, 0x00, 0x00,
    0x00, 0x00, 0x00, 0x00, 0x00, 0x00, 0x00, 0x00, 0x00, 0x00, 0x00, 0x00, 0x00, 0x00, 0x00, 0x00,
    0x00, 0x00, 0x00, 0x00, 0x00, 0x00, 0x00, 0x00, 0x00, 0x00, 0x00, 0x00, 0x00, 0x00, 0x00, 0x00,
    0x00, 0x00, 0x00, 0x00, 0x00, 0x00, 0x00, 0x00, 0x00, 0x00, 0x00, 0x00, 0x00, 0x00, 0x00, 0x00,
    0x00, 0x00, 0x00, 0x00, 0x00, 0x00, 0x00, 0x00, 0x00, 0x00, 0x00, 0x00, 0x00, 0x00, 0x00, 0x00,
    0xFA, 0xF5, 0xF4, 0xF4, 0xFB, 0x57, 0xDB, 0x2C, 0x95, 0x58, 0x0E, 0x02, 0x02, 0x09, 0x2E, 0xA8,
    0x05, 0x03, 0x09, 0xFD, 0xE6, 0xEF, 0xE6, 0xE3, 0xE3, 0xE2, 0xD2, 0xE2, 0xE3, 0xD6, 0xD6, 0xE3,
    0xDC, 0xDA, 0xE2, 0xD6, 0xD5, 0xE3, 0xE3, 0xD2, 0xD2, 0xE2, 0xDA, 0xDA, 0xDA, 0xCF, 0xC6, 0xC8,
    0xE3, 0xDA, 0xD2, 0xD2, 0xD2, 0xC8, 0xC7, 0xC3, 0xCF, 0xD6, 0xD3, 0xC8, 0xC8, 0xDA, 0xD2, 0xC7,
    0xC3, 0xC3, 0xB0, 0xC6, 0xC8, 0xC8, 0xC7, 0xD2, 0xC7, 0xB0, 0xC6, 0xC6, 0xC6, 0xC3, 0xC9, 0xC3,
    0xB4, 0xC6, 0xC3, 0xB9, 0xAF, 0xB4, 0xB4, 0xC4, 0xC6, 0xC9, 0xC3, 0xC7, 0xC3, 0xBC, 0xC7, 0xC7,
    0xB0, 0xB0, 0xB0, 0xA7, 0xB0, 0xB4, 0xB0, 0x9B, 0xA7, 0xB0, 0x9B, 0xA7, 0xA7, 0xA7, 0xA7, 0xA7,
    0x9B, 0xA6, 0xA7, 0xB4, 0xA7, 0xA7, 0xA7, 0x93, 0xA7, 0x9B, 0x8B, 0x8B, 0x93, 0xA7, 0x9B, 0x93,
    0x93, 0xA7, 0x9B, 0x9B, 0x93, 0x89, 0xA1, 0x93, 0x78, 0x8B, 0x93, 0x93, 0xA7, 0x93, 0x9B, 0x8B,
    0x92, 0x9B, 0x93, 0x9B, 0xA7, 0x93, 0x89, 0x92, 0x8C, 0xA7, 0xA6, 0xA1, 0x9B, 0xA7, 0x9B, 0x78,
    0x6C, 0x9B, 0x93, 0x93, 0xA7, 0xA7, 0x93, 0x93, 0x8B, 0x93, 0x93, 0xA1, 0x89, 0x8A, 0x9B, 0xB4,
    0xA6, 0x78, 0x78, 0x93, 0x9B, 0x8B, 0x93, 0x9B, 0xA7, 0xB4, 0x92, 0x9B, 0xA6, 0xA7, 0x9B, 0xB0,
    0xA7, 0x93, 0xB0, 0xB0, 0x9B, 0x8B, 0xA6, 0xA7, 0xA4, 0xC4, 0xC6, 0xB4, 0xC3, 0xB0, 0xA7, 0xBC,
    0xC7, 0xB4, 0xB4, 0xC4, 0xA7, 0xB4, 0xB0, 0xA7, 0x93, 0xAF, 0xC7, 0xC6, 0xC3, 0xC7, 0xC6, 0xC4,
    0xBC, 0xA7, 0xB4, 0xC8, 0xCF, 0xC7, 0xBC, 0xC7, 0xC7, 0xC7, 0xC3, 0xA7, 0xB0, 0xB9, 0xD2, 0xD9,
    0x9B, 0xC4, 0xD2, 0xC6, 0xC8, 0xD2, 0xC7, 0xC8, 0xD5, 0xC6, 0xC6, 0xC8, 0xC8, 0xC3, 0xB0, 0xC7,
    0xC6, 0xC9, 0xE2, 0xC8, 0xC8, 0xDA, 0xD2, 0xCF, 0xD9, 0xC9, 0xC7, 0xCF, 0xD6, 0xD6, 0xDA, 0xE2,
    0xD5, 0xC8, 0xC8, 0xD9, 0xDB, 0xE2, 0xE2, 0xD8, 0xDB, 0xDB, 0xD5, 0xD2, 0xE6, 0xEF, 0xDB, 0xE2,
    0xE7, 0xEF, 0xE3, 0xE3, 0xDD, 0xE6, 0xE6, 0xE6, 0xF4, 0xF4, 0xF1, 0xEF, 0xFF, 0x0E, 0x03, 0x05,
    0xA8, 0x57, 0x05, 0x01, 0x02, 0x17, 0x94, 0x62, 0x2C, 0xA8, 0x2C, 0xFE, 0xF1, 0xEF, 0xF1, 0xF9,
    0x00, 0x00, 0x00, 0x00, 0x00, 0x00, 0x00, 0x00, 0x00, 0x00, 0x00, 0x00, 0x00, 0x00, 0x00, 0x00,
    0x00, 0x00, 0x00, 0x00, 0x00, 0x00, 0x00, 0x00, 0x00, 0x00, 0x00, 0x00, 0x00, 0x00, 0x00, 0x00,
    0x00, 0x00, 0x00, 0x00, 0x00, 0x00, 0x00, 0x00, 0x00, 0x00, 0x00, 0x00, 0x00, 0x00, 0x00, 0x00,
    0x00, 0x00, 0x00, 0x00, 0x00, 0x00, 0x00, 0x00, 0x00, 0x00, 0x00, 0x00, 0x00, 0x00, 0x00, 0x00,
    0x00, 0x00, 0x00, 0x00, 0x00, 0x00, 0x00, 0x00, 0x00, 0x00, 0x00, 0x00, 0x00, 0x00, 0x00, 0x00,
    0x00, 0x00, 0x00, 0x00, 0x00, 0x00, 0x00, 0x00, 0x00, 0x00, 0x00, 0x00, 0x00, 0x00, 0x00, 0x00,
    0x00, 0x00, 0x00, 0x00, 0x00, 0x00, 0x00, 0x00, 0x00, 0x00, 0x00, 0x00, 0x00, 0x00, 0x00, 0x00,
    0x00, 0x00, 0x00, 0x00, 0x00, 0x00, 0x00, 0x00, 0x00, 0x00, 0x00, 0x00, 0x00, 0x00, 0x00, 0x00,
    0x00, 0x00, 0x00, 0x00, 0x00, 0x00, 0x00, 0x00, 0x00, 0x00, 0x00, 0x00, 0x00, 0x00, 0x00, 0x00,
    0x00, 0x00, 0x00, 0x00, 0x00, 0x00, 0x00, 0x00, 0x00, 0x00, 0x00, 0x00, 0x00, 0x00, 0x00, 0x00,
    0x00, 0x00, 0x00, 0x00, 0x00, 0x00, 0x00, 0x00, 0x00, 0x00, 0x00, 0x00, 0x00, 0x00, 0x00, 0x00,
    0x00, 0x00, 0x00, 0x00, 0x00, 0x00, 0x00, 0x00, 0x00, 0x00, 0x00, 0x00, 0x00, 0x00, 0x00, 0x00,
    0xF9, 0xE6, 0xE6, 0xF3, 0xFB, 0x2C, 0xA8, 0x17, 0x59, 0x57, 0x09, 0x02, 0x02, 0x09, 0x59, 0x5B,
    0xFD, 0x62, 0x02, 0x17, 0xFF, 0xFE, 0xEF, 0xEF, 0xF8, 0xFC, 0xEC, 0xFD, 0xFD, 0xEE, 0xEE, 0xEE,
    0xFD, 0xFC, 0xFD, 0xFD, 0xEE, 0xFD, 0xFD, 0xFD, 0xFD, 0xFD, 0xFD, 0xFD, 0xFD, 0xEC, 0xDE, 0xED,
    0xFD, 0xFD, 0xFD, 0xFD, 0xEC, 0xED, 0xEC, 0xED, 0xEE, 0xEE, 0xEE, 0xFD, 0xFD, 0xFD, 0xFD, 0xFD,
    0xEE, 0xE8, 0xD7, 0xEC, 0xFD, 0xEE, 0xEE, 0xEE, 0xFD, 0xED, 0xE8, 0xED, 0xED, 0xE8, 0xEE, 0xFD,
    0xED, 0xED, 0xEE, 0xED, 0xE8, 0xED, 0xEE, 0xFD, 0xEE, 0xED, 0xED, 0xFD, 0xFD, 0xED, 0xEE, 0xFD,
    0xED, 0xED, 0xED, 0xED, 0xEE, 0xEE, 0xED, 0xD7, 0xED, 0xFD, 0xED, 0xED, 0xED, 0xED, 0xED, 0xED,
    0xED, 0xED, 0xED, 0xED, 0xED, 0xED, 0xED, 0xED, 0xED, 0xED, 0xE8, 0xD0, 0xE8, 0xEE, 0xED, 0xED,
    0xED, 0xED, 0xED, 0xED, 0xED, 0xED, 0xED, 0xED, 0xED, 0xED, 0xED, 0xED, 0xED, 0xE8, 0xD7, 0xD7,
    0xE8, 0xED, 0xE8, 0xED, 0xED, 0xED, 0xED, 0xE8, 0xE8, 0xED, 0xED, 0xED, 0xED, 0xFD, 0xED, 0xE8,
    0xE8, 0xED, 0xED, 0xE8, 0xED, 0xED, 0xED, 0xED, 0xED, 0xED, 0xE8, 0xED, 0xED, 0xE8, 0xED, 0xED,
    0xD7, 0xD7, 0xED, 0xED, 0xED, 0xE8, 0xE8, 0xED, 0xED, 0xFD, 0xED, 0xED, 0xED, 0xE8, 0xE8, 0xED,
    0xED, 0xED, 0xED, 0xED, 0xED, 0xE8, 0xED, 0xED, 0xED, 0xFD, 0xFD, 0xED, 0xED, 0xFD, 0xED, 0xEE,
    0xFD, 0xEE, 0xEE, 0xED, 0xED, 0xEE, 0xED, 0xED, 0xE8, 0xED, 0xFD, 0xFD, 0xED, 0xEE, 0xEE, 0xED,
    0xEE, 0xED, 0xED, 0xEE, 0xFD, 0xFD, 0xED, 0xED, 0xFD, 0xFD, 0xED, 0xE8, 0xED, 0xED, 0xFD, 0xFD,
    0xED, 0xEC, 0xFD, 0xFD, 0xFD, 0xEE, 0xFD, 0xFD, 0xFD, 0xFD, 0xFD, 0xFD, 0xFD, 0xED, 0xED, 0xEE,
    0xED, 0xEC, 0xFD, 0xEE, 0xEC, 0xFD, 0xFD, 0xEE, 0xEE, 0xFD, 0xEC, 0xFD, 0xFD, 0xFD, 0xEE, 0xFD,
    0xEE, 0xE0, 0xE0, 0xFD, 0xFD, 0xFC, 0xFD, 0xEE, 0xFD, 0xFD, 0xEE, 0xEC, 0xFC, 0xFD, 0xF8, 0xFD,
    0xFD, 0xFE, 0xFE, 0xFD, 0xF8, 0xF8, 0xFE, 0xF9, 0xF1, 0xEF, 0xFF, 0xFF, 0x57, 0x02, 0x57, 0xFF,
    0x58, 0x57, 0x05, 0x01, 0x02, 0x17, 0x94, 0x59, 0x17, 0xA8, 0x2D, 0xFE, 0xE6, 0xDD, 0xDD, 0xF1,
    0x00, 0x00, 0x00, 0x00, 0x00, 0x00, 0x00, 0x00, 0x00, 0x00, 0x00, 0x00, 0x00, 0x00, 0x00, 0x00,
    0x00, 0x00, 0x00, 0x00, 0x00, 0x00, 0x00, 0x00, 0x00, 0x00, 0x00, 0x00, 0x00, 0x00, 0x00, 0x00,
    0x00, 0x00, 0x00, 0x00, 0x00, 0x00, 0x00, 0x00, 0x00, 0x00, 0x00, 0x00, 0x00, 0x00, 0x00, 0x00,
    0x00, 0x00, 0x00, 0x00, 0x00, 0x00, 0x00, 0x00, 0x00, 0x00, 0x00, 0x00, 0x00, 0x00, 0x00, 0x00,
    0x00, 0x00, 0x00, 0x00, 0x00, 0x00, 0x00, 0x00, 0x00, 0x00, 0x00, 0x00, 0x00, 0x00, 0x00, 0x00,
    0x00, 0x00, 0x00, 0x00, 0x00, 0x00, 0x00, 0x00, 0x00, 0x00, 0x00, 0x00, 0x00, 0x00, 0x00, 0x00,
    0x00, 0x00, 0x00, 0x00, 0x00, 0x00, 0x00, 0x00, 0x00, 0x00, 0x00, 0x00, 0x00, 0x00, 0x00, 0x00,
    0x00, 0x00, 0x00, 0x00, 0x00, 0x00, 0x00, 0x00, 0x00, 0x00, 0x00, 0x00, 0x00, 0x00, 0x00, 0x00,
    0x00, 0x00, 0x00, 0x00, 0x00, 0x00, 0x00, 0x00, 0x00, 0x00, 0x00, 0x00, 0x00, 0x00, 0x00, 0x00,
    0x00, 0x00, 0x00, 0x00, 0x00, 0x00, 0x00, 0x00, 0x00, 0x00, 0x00, 0x00, 0x00, 0x00, 0x00, 0x00,
    0x00, 0x00, 0x00, 0x00, 0x00, 0x00, 0x00, 0x00, 0x00, 0x00, 0x00, 0x00, 0x00, 0x00, 0x00, 0x00,
    0x00, 0x00, 0x00, 0x00, 0x00, 0x00, 0x00, 0x00, 0x00, 0x00, 0x00, 0x00, 0x00, 0x00, 0x00, 0x00,
    0xFA, 0xF3, 0xEB, 0xF0, 0xF9, 0x57, 0xDB, 0x09, 0x58, 0x2E, 0x0E, 0x05, 0x09, 0x17, 0x62, 0x57,
    0xCA, 0x17, 0x02, 0x0A, 0x95, 0x0E, 0xFF, 0xFF, 0x95, 0x95, 0x62, 0x58, 0x59, 0x62, 0x62, 0x62,
    0x62, 0x62, 0x62, 0x59, 0x62, 0x58, 0x59, 0x58, 0x58, 0x2D, 0x57, 0x58, 0x58, 0x57, 0x57, 0x57,
    0x57, 0x57, 0x57, 0x57, 0x57, 0x2D, 0x2D, 0x2C, 0x2D, 0x2D, 0x2C, 0x2C, 0x2C, 0x17, 0x2C, 0x2C,
    0x2C, 0x2C, 0x2C, 0x2C, 0x17, 0x17, 0x17, 0x2C, 0x17, 0x2C, 0x17, 0x0E, 0x0E, 0x17, 0x17, 0x0E,
    0x0E, 0x17, 0x17, 0x17, 0x17, 0x17, 0x17, 0x17, 0x17, 0x17, 0x17, 0x17, 0x17, 0x17, 0x17, 0x17,
    0x17, 0x0E, 0x0E, 0x0E, 0x0E, 0x0E, 0x0A, 0x0A, 0x0E, 0x0A, 0x0A, 0x0A, 0x0A, 0x0E, 0x0E, 0x0A,
    0x09, 0x0A, 0x0A, 0x0A, 0x0E, 0x0A, 0x09, 0x09, 0x0A, 0x09, 0x0A, 0x0A, 0x0A, 0x0A, 0x0A, 0x0E,
    0x09, 0x09, 0x0A, 0x0A, 0x09, 0x09, 0x0A, 0x0A, 0x09, 0x09, 0x0A, 0x0A, 0x0E, 0x0E, 0x2C, 0x17,
    0x09, 0x0A, 0x0A, 0x09, 0x09, 0x09, 0x09, 0x09, 0x09, 0x09, 0x09, 0x09, 0x09, 0x09, 0x09, 0x09,
    0x09, 0x05, 0x05, 0x09, 0x09, 0x09, 0x09, 0x05, 0x05, 0x09, 0x09, 0x09, 0x0A, 0x0A, 0x09, 0x0A,
    0x17, 0x0E, 0x09, 0x09, 0x09, 0x09, 0x0A, 0x0A, 0x09, 0x09, 0x09, 0x09, 0x09, 0x09, 0x09, 0x0A,
    0x0A, 0x09, 0x0A, 0x09, 0x09, 0x0A, 0x0A, 0x0A, 0x0E, 0x0A, 0x0E, 0x0E, 0x0E, 0x0A, 0x09, 0x09,
    0x09, 0x0E, 0x0E, 0x09, 0x09, 0x0E, 0x0E, 0x0E, 0x0A, 0x0E, 0x0E, 0x0E, 0x0E, 0x0E, 0x0E, 0x0E,
    0x17, 0x17, 0x0E, 0x17, 0x17, 0x17, 0x17, 0x17, 0x17, 0x17, 0x17, 0x17, 0x17, 0x17, 0x17, 0x0E,
    0x17, 0x17, 0x17, 0x17, 0x17, 0x17, 0x17, 0x17, 0x2C, 0x2C, 0x2C, 0x17, 0x17, 0x17, 0x17, 0x17,
    0x2D, 0x2D, 0x2D, 0x2D, 0x2C, 0x2C, 0x2C, 0x2D, 0x2D, 0x2D, 0x2D, 0x58, 0x57, 0x2E, 0x57, 0x57,
    0x2E, 0x57, 0x57, 0x58, 0x59, 0x59, 0x59, 0x59, 0x59, 0x62, 0x59, 0x95, 0x95, 0x95, 0x95, 0x95,
    0x95, 0x95, 0x95, 0x95, 0x95, 0xA8, 0xDB, 0xEF, 0xFF, 0xFF, 0x17, 0x2C, 0x2C, 0x02, 0x09, 0xFE,
    0x2E, 0x58, 0x09, 0x05, 0x05, 0x2D, 0x62, 0x2C, 0x09, 0xEF, 0x2C, 0xFD, 0xE3, 0xE3, 0xDD, 0xF1,
    0x00, 0x00, 0x00, 0x00, 0x00, 0x00, 0x00, 0x00, 0x00, 0x00, 0x00, 0x00, 0x00, 0x00, 0x00, 0x00,
    0x00, 0x00, 0x00, 0x00, 0x00, 0x00, 0x00, 0x00, 0x00, 0x00, 0x00, 0x00, 0x00, 0x00, 0x00, 0x00,
    0x00, 0x00, 0x00, 0x00, 0x00, 0x00, 0x00, 0x00, 0x00, 0x00, 0x00, 0x00, 0x00, 0x00, 0x00, 0x00,
    0x00, 0x00, 0x00, 0x00, 0x00, 0x00, 0x00, 0x00, 0x00, 0x00, 0x00, 0x00, 0x00, 0x00, 0x00, 0x00,
    0x00, 0x00, 0x00, 0x00, 0x00, 0x00, 0x00, 0x00, 0x00, 0x00, 0x00, 0x00, 0x00, 0x00, 0x00, 0x00,
    0x00, 0x00, 0x00, 0x00, 0x00, 0x00, 0x00, 0x00, 0x00, 0x00, 0x00, 0x00, 0x00, 0x00, 0x00, 0x00,
    0x00, 0x00, 0x00, 0x00, 0x00, 0x00, 0x00, 0x00, 0x00, 0x00, 0x00, 0x00, 0x00, 0x00, 0x00, 0x00,
    0x00, 0x00, 0x00, 0x00, 0x00, 0x00, 0x00, 0x00, 0x00, 0x00, 0x00, 0x00, 0x00, 0x00, 0x00, 0x00,
    0x00, 0x00, 0x00, 0x00, 0x00, 0x00, 0x00, 0x00, 0x00, 0x00, 0x00, 0x00, 0x00, 0x00, 0x00, 0x00,
    0x00, 0x00, 0x00, 0x00, 0x00, 0x00, 0x00, 0x00, 0x00, 0x00, 0x00, 0x00, 0x00, 0x00, 0x00, 0x00,
    0x00, 0x00, 0x00, 0x00, 0x00, 0x00, 0x00, 0x00, 0x00, 0x00, 0x00, 0x00, 0x00, 0x00, 0x00, 0x00,
    0x00, 0x00, 0x00, 0x00, 0x00, 0x00, 0x00, 0x00, 0x00, 0x00, 0x00, 0x00, 0x00, 0x00, 0x00, 0x00,
    0xFB, 0xF5, 0xF0, 0xF0, 0xF9, 0x57, 0xFF, 0x09, 0x09, 0xC8, 0x57, 0x17, 0x17, 0x58, 0x2C, 0xD8,
    0x95, 0x05, 0x02, 0xF7, 0x57, 0x01, 0x02, 0x03, 0x95, 0x95, 0x95, 0xFD, 0x9C, 0x62, 0x95, 0x59,
    0x62, 0x95, 0x62, 0x62, 0x5B, 0x58, 0x5B, 0x59, 0x59, 0x57, 0x58, 0x58, 0x59, 0x58, 0x2E, 0x58,
    0x58, 0x2E, 0x2E, 0x58, 0x58, 0x2E, 0x2E, 0x18, 0x2D, 0x2E, 0x2D, 0x18, 0x2D, 0x18, 0x2C, 0x2D,
    0x2D, 0x2C, 0x18, 0x2C, 0x17, 0x18, 0x2C, 0x2C, 0x18, 0x18, 0x17, 0x17, 0x17, 0x18, 0x2C, 0x17,
    0x17, 0x17, 0x17, 0x17, 0x18, 0x0E, 0x18, 0x17, 0x17, 0x0E, 0x17, 0x0E, 0x0E, 0x0E, 0x0E, 0x0E,
    0x18, 0x0E, 0x0E, 0x0E, 0x0E, 0x0E, 0x0E, 0x0A, 0x0E, 0x0A, 0x0E, 0x0E, 0x0E, 0x0E, 0x0A, 0x0A,
    0x0A, 0x0A, 0x0A, 0x0A, 0x0A, 0x0A, 0x09, 0x0A, 0x0A, 0x0A, 0x0A, 0x0A, 0x0A, 0x0A, 0x0A, 0x0E,
    0x0A, 0x09, 0x0A, 0x0A, 0x0A, 0x0A, 0x0A, 0x0A, 0x09, 0x09, 0x0A, 0x0E, 0x18, 0x17, 0x02, 0x03,
    0x0A, 0x0E, 0x0A, 0x0A, 0x0A, 0x0A, 0x0A, 0x09, 0x0A, 0x0A, 0x09, 0x09, 0x0A, 0x0A, 0x0A, 0x05,
    0x05, 0x0A, 0x09, 0x0A, 0x0A, 0x0A, 0x0A, 0x09, 0x09, 0x09, 0x0A, 0x0A, 0x0A, 0x0E, 0x0E, 0x0A,
    0x02, 0x02, 0x0E, 0x0A, 0x0A, 0x09, 0x0A, 0x0A, 0x0A, 0x0A, 0x0A, 0x0A, 0x0A, 0x0A, 0x0A, 0x0A,
    0x0A, 0x0A, 0x0A, 0x0A, 0x0A, 0x0A, 0x0A, 0x0A, 0x0A, 0x0A, 0x0A, 0x0E, 0x0E, 0x0A, 0x0A, 0x0A,
    0x0A, 0x0A, 0x0E, 0x0A, 0x0A, 0x0E, 0x0E, 0x0A, 0x0A, 0x0E, 0x0A, 0x0E, 0x0E, 0x0E, 0x0E, 0x0E,
    0x17, 0x17, 0x0E, 0x17, 0x17, 0x18, 0x17, 0x0E, 0x0E, 0x17, 0x17, 0x18, 0x17, 0x17, 0x17, 0x0E,
    0x17, 0x17, 0x17, 0x18, 0x18, 0x18, 0x18, 0x18, 0x2C, 0x2C, 0x2C, 0x2C, 0x17, 0x2C, 0x17, 0x2C,
    0x2D, 0x2D, 0x2E, 0x2E, 0x2D, 0x2D, 0x2D, 0x2D, 0x2D, 0x2D, 0x2E, 0x59, 0x57, 0x57, 0x57, 0x58,
    0x58, 0x58, 0x2E, 0x58, 0x59, 0x59, 0x5B, 0x58, 0x59, 0x62, 0x62, 0x95, 0x95, 0x95, 0x95, 0x95,
    0x62, 0x95, 0x95, 0xA8, 0xFD, 0xEF, 0xCA, 0x95, 0x03, 0x02, 0x01, 0x17, 0xFC, 0x03, 0x03, 0xA8,
    0xDB, 0x2C, 0x57, 0x17, 0x2C, 0x58, 0x94, 0x03, 0x17, 0xFF, 0x2C, 0xFD, 0xEF, 0xDC, 0xF1, 0xFA,
    0x00, 0x00, 0x00, 0x00, 0x00, 0x00, 0x00, 0x00, 0x00, 0x00, 0x00, 0x00, 0x00, 0x00, 0x00, 0x00,
    0x00, 0x00, 0x00, 0x00, 0x00, 0x00, 0x00, 0x00, 0x00, 0x00, 0x00, 0x00, 0x00, 0x00, 0x00, 0x00,
    0x00, 0x00, 0x00, 0x00, 0x00, 0x00, 0x00, 0x00, 0x00, 0x00, 0x00, 0x00, 0x00, 0x00, 0x00, 0x00,
    0x00, 0x00, 0x00, 0x00, 0x00, 0x00, 0x00, 0x00, 0x00, 0x00, 0x00, 0x00, 0x00, 0x00, 0x00, 0x00,
    0x00, 0x00, 0x00, 0x00, 0x00, 0x00, 0x00, 0x00, 0x00, 0x00, 0x00, 0x00, 0x00, 0x00, 0x00, 0x00,
    0x00, 0x00, 0x00, 0x00, 0x00, 0x00, 0x00, 0x00, 0x00, 0x00, 0x00, 0x00, 0x00, 0x00, 0x00, 0x00,
    0x00, 0x00, 0x00, 0x00, 0x00, 0x00, 0x00, 0x00, 0x00, 0x00, 0x00, 0x00, 0x00, 0x00, 0x00, 0x00,
    0x00, 0x00, 0x00, 0x00, 0x00, 0x00, 0x00, 0x00, 0x00, 0x00, 0x00, 0x00, 0x00, 0x00, 0x00, 0x00,
    0x00, 0x00, 0x00, 0x00, 0x00, 0x00, 0x00, 0x00, 0x00, 0x00, 0x00, 0x00, 0x00, 0x00, 0x00, 0x00,
    0x00, 0x00, 0x00, 0x00, 0x00, 0x00, 0x00, 0x00, 0x00, 0x00, 0x00, 0x00, 0x00, 0x00, 0x00, 0x00,
    0x00, 0x00, 0x00, 0x00, 0x00, 0x00, 0x00, 0x00, 0x00, 0x00, 0x00, 0x00, 0x00, 0x00, 0x00, 0x00,
    0x00, 0x00, 0x00, 0x00, 0x00, 0x00, 0x00, 0x00, 0x00, 0x00, 0x00, 0x00, 0x00, 0x00, 0x00, 0x00,
    0xF9, 0xF4, 0xEA, 0xF4, 0xFA, 0x57, 0x95, 0x09, 0x02, 0x0E, 0x58, 0x95, 0x95, 0x2E, 0x58, 0x59,
    0x09, 0x03, 0x2D, 0x0E, 0x17, 0xA8, 0x09, 0x01, 0x05, 0xFF, 0x62, 0x03, 0x58, 0xFD, 0xFD, 0xFF,
    0xFD, 0xFD, 0xEE, 0xEE, 0xEE, 0xED, 0xEC, 0xEE, 0xFD, 0xEE, 0xEE, 0xED, 0xEE, 0xED, 0xE8, 0xEE,
    0xEE, 0xED, 0xED, 0xED, 0xED, 0xED, 0xED, 0xEE, 0xED, 0xED, 0xEE, 0xED, 0xED, 0xED, 0xED, 0xED,
    0xED, 0xE8, 0xD7, 0xED, 0xEE, 0xED, 0xED, 0xED, 0xED, 0xED, 0xED, 0xED, 0xED, 0xED, 0xED, 0xED,
    0xEE, 0xFD, 0xEE, 0xED, 0xD7, 0xD7, 0xE8, 0xE8, 0xEE, 0xE8, 0xED, 0xEE, 0xED, 0xED, 0xED, 0xED,
    0xE8, 0xE8, 0xEE, 0xEE, 0xEE, 0xED, 0xE8, 0xB8, 0xE8, 0xEE, 0xED, 0xED, 0xE8, 0xE8, 0xE8, 0xE8,
    0xE8, 0xE8, 0xED, 0xED, 0xE8, 0xE8, 0xED, 0xED, 0xED, 0xE8, 0xCB, 0xD0, 0xED, 0xED, 0xED, 0xE8,
    0xED, 0xED, 0xED, 0xE8, 0xED, 0xED, 0xED, 0xED, 0xED, 0xED, 0xEE, 0x30, 0x0A, 0x58, 0x05, 0x0E,
    0x09, 0x30, 0xA7, 0xED, 0xED, 0xED, 0xED, 0xEE, 0xED, 0xC3, 0xCB, 0xED, 0xED, 0xEE, 0xE8, 0x09,
    0x05, 0xED, 0xED, 0xED, 0xEE, 0xED, 0xED, 0xED, 0xED, 0xED, 0xED, 0xED, 0xD7, 0x5B, 0x2E, 0x09,
    0x0A, 0x0A, 0xD7, 0x18, 0x30, 0xED, 0xE8, 0xE8, 0xE8, 0xED, 0xED, 0xE8, 0xE8, 0xE8, 0xE8, 0xE8,
    0xE8, 0xED, 0xED, 0xED, 0xE8, 0xA9, 0xE8, 0xED, 0xED, 0xED, 0xED, 0xE8, 0xED, 0xE8, 0xED, 0xED,
    0xED, 0xE8, 0xE8, 0xED, 0xEE, 0xED, 0xED, 0xED, 0xE8, 0xED, 0xED, 0xED, 0xED, 0xE8, 0xED, 0xED,
    0xED, 0xED, 0xE8, 0xED, 0xED, 0xE8, 0xE8, 0xED, 0xED, 0xED, 0xE8, 0xD7, 0xED, 0xE8, 0xEE, 0xED,
    0xE8, 0xFD, 0xED, 0xE8, 0xE8, 0xED, 0xED, 0xED, 0xED, 0xED, 0xEE, 0xEE, 0xEE, 0xED, 0xED, 0xED,
    0xED, 0xEE, 0xFD, 0xED, 0xED, 0xFD, 0xED, 0xED, 0xED, 0xEE, 0xEC, 0xFD, 0xEE, 0xEE, 0xFD, 0xEE,
    0xEE, 0xED, 0xED, 0xFD, 0xEE, 0xFD, 0xFD, 0xEE, 0xFD, 0xFD, 0xFD, 0xFD, 0xFD, 0xFD, 0xFD, 0xFD,
    0xFF, 0xFD, 0xFD, 0x2D, 0x03, 0x57, 0xFF, 0x05, 0x01, 0x09, 0x58, 0x09, 0x09, 0x62, 0x05, 0x03,
    0x0E, 0x57, 0x2D, 0x95, 0x62, 0x17, 0x02, 0x02, 0x2C, 0x95, 0x2D, 0xFE, 0xEF, 0xF1, 0xF5, 0xF9,
    0x00, 0x00, 0x00, 0x00, 0x00, 0x00, 0x00, 0x00, 0x00, 0x00, 0x00, 0x00, 0x00, 0x00, 0x00, 0x00,
    0x00, 0x00, 0x00, 0x00, 0x00, 0x00, 0x00, 0x00, 0x00, 0x00, 0x00, 0x00, 0x00, 0x00, 0x00, 0x00,
    0x00, 0x00, 0x00, 0x00, 0x00, 0x00, 0x00, 0x00, 0x00, 0x00, 0x00, 0x00, 0x00, 0x00, 0x00, 0x00,
    0x00, 0x00, 0x00, 0x00, 0x00, 0x00, 0x00, 0x00, 0x00, 0x00, 0x00, 0x00, 0x00, 0x00, 0x00, 0x00,
    0x00, 0x00, 0x00, 0x00, 0x00, 0x00, 0x00, 0x00, 0x00, 0x00, 0x00, 0x00, 0x00, 0x00, 0x00, 0x00,
    0x00, 0x00, 0x00, 0x00, 0x00, 0x00, 0x00, 0x00, 0x00, 0x00, 0x00, 0x00, 0x00, 0x00, 0x00, 0x00,
    0x00, 0x00, 0x00, 0x00, 0x00, 0x00, 0x00, 0x00, 0x00, 0x00, 0x00, 0x00, 0x00, 0x00, 0x00, 0x00,
    0x00, 0x00, 0x00, 0x00, 0x00, 0x00, 0x00, 0x00, 0x00, 0x00, 0x00, 0x00, 0x00, 0x00, 0x00, 0x00,
    0x00, 0x00, 0x00, 0x00, 0x00, 0x00, 0x00, 0x00, 0x00, 0x00, 0x00, 0x00, 0x00, 0x00, 0x00, 0x00,
    0x00, 0x00, 0x00, 0x00, 0x00, 0x00, 0x00, 0x00, 0x00, 0x00, 0x00, 0x00, 0x00, 0x00, 0x00, 0x00,
    0x00, 0x00, 0x00, 0x00, 0x00, 0x00, 0x00, 0x00, 0x00, 0x00, 0x00, 0x00, 0x00, 0x00, 0x00, 0x00,
    0x00, 0x00, 0x00, 0x00, 0x00, 0x00, 0x00, 0x00, 0x00, 0x00, 0x00, 0x00, 0x00, 0x00, 0x00, 0x00,
    0xF9, 0xF9, 0xF0, 0xE6, 0xF2, 0x57, 0x58, 0x09, 0xA8, 0x05, 0x03, 0x03, 0x05, 0x09, 0x09, 0x0E,
    0x17, 0x95, 0x2D, 0x09, 0x17, 0x0E, 0x62, 0xF2, 0x2C, 0x05, 0x03, 0x02, 0x02, 0x95, 0x17, 0x02,
    0xA8, 0x62, 0xA8, 0xA8, 0xA8, 0xA8, 0x95, 0x9C, 0x9C, 0x9C, 0x9C, 0x95, 0x9C, 0x95, 0x9C, 0x9C,
    0x9C, 0x9C, 0x9C, 0x94, 0x62, 0x94, 0x94, 0x95, 0x95, 0x9C, 0x95, 0x62, 0x94, 0x62, 0x5B, 0x62,
    0x62, 0x5B, 0x5B, 0x62, 0x62, 0x62, 0x62, 0x62, 0x5B, 0x62, 0x94, 0x94, 0x62, 0x94, 0x62, 0x5B,
    0x62, 0x62, 0x62, 0x62, 0x5B, 0x5B, 0x5B, 0x5B, 0x5B, 0x62, 0x62, 0x62, 0x5B, 0x5B, 0x5B, 0x5B,
    0x5B, 0x5B, 0x5B, 0x5B, 0x5B, 0x5B, 0x58, 0x30, 0x30, 0x58, 0x59, 0x5B, 0x59, 0x58, 0x59, 0x2E,
    0x58, 0x59, 0x59, 0x59, 0x30, 0x30, 0x58, 0x58, 0x30, 0x30, 0x30, 0x30, 0x5B, 0x59, 0x59, 0x5B,
    0x58, 0x2E, 0x30, 0x2E, 0x94, 0x93, 0x2D, 0x17, 0x17, 0x02, 0x02, 0x01, 0x02, 0x0E, 0x5B, 0x0E,
    0x05, 0x05, 0x05, 0x05, 0x0E, 0x17, 0x0E, 0x05, 0x03, 0x03, 0x02, 0x09, 0x09, 0x0E, 0x0E, 0x09,
    0x0A, 0x17, 0x0E, 0x0E, 0x05, 0x01, 0x05, 0x0E, 0x0A, 0x0E, 0x0E, 0x05, 0x03, 0x03, 0x05, 0x05,
    0x30, 0xED, 0x0A, 0x01, 0x01, 0x02, 0x05, 0x30, 0x2D, 0x59, 0x2E, 0x30, 0x59, 0x59, 0x5B, 0x5B,
    0x59, 0x5B, 0x59, 0x58, 0x30, 0x1A, 0x30, 0x30, 0x30, 0x59, 0x30, 0x30, 0x30, 0x30, 0x58, 0x58,
    0x58, 0x30, 0x30, 0x59, 0x57, 0x2E, 0x59, 0x2E, 0x30, 0x30, 0x58, 0x59, 0x5B, 0x59, 0x59, 0x5B,
    0x5B, 0x59, 0x59, 0x59, 0x58, 0x58, 0x5B, 0x5B, 0x59, 0x5B, 0x5B, 0x5B, 0x5B, 0x5B, 0x5B, 0x62,
    0x5B, 0x62, 0x5B, 0x5B, 0x62, 0x5B, 0x5B, 0x62, 0x5B, 0x5B, 0x94, 0x62, 0x5B, 0x62, 0x62, 0x62,
    0x62, 0x95, 0x95, 0x62, 0x9C, 0x95, 0x94, 0x94, 0x95, 0x95, 0x95, 0x9C, 0x95, 0x95, 0xA8, 0xA8,
    0x9C, 0x9C, 0x9C, 0xA8, 0xA8, 0xA8, 0xA8, 0x9C, 0xA8, 0xA8, 0xA8, 0xA8, 0xCA, 0x0E, 0x57, 0x58,
    0x02, 0x57, 0xFF, 0x03, 0x03, 0x17, 0x0E, 0x2D, 0xE5, 0x2C, 0x0E, 0x0E, 0x09, 0x2C, 0xA8, 0x2C,
    0x05, 0x05, 0x03, 0x05, 0x03, 0x01, 0x03, 0xDB, 0x09, 0x58, 0x57, 0xFC, 0xEF, 0xF1, 0xF1, 0xFB,
    0x00, 0x00, 0x00, 0x00, 0x00, 0x00, 0x00, 0x00, 0x00, 0x00, 0x00, 0x00, 0x00, 0x00, 0x00, 0x00,
    0x00, 0x00, 0x00, 0x00, 0x00, 0x00, 0x00, 0x00, 0x00, 0x00, 0x00, 0x00, 0x00, 0x00, 0x00, 0x00,
    0x00, 0x00, 0x00, 0x00, 0x00, 0x00, 0x00, 0x00, 0x00, 0x00, 0x00, 0x00, 0x00, 0x00, 0x00, 0x00,
    0x00, 0x00, 0x00, 0x00, 0x00, 0x00, 0x00, 0x00, 0x00, 0x00, 0x00, 0x00, 0x00, 0x00, 0x00, 0x00,
    0x00, 0x00, 0x00, 0x00, 0x00, 0x00, 0x00, 0x00, 0x00, 0x00, 0x00, 0x00, 0x00, 0x00, 0x00, 0x00,
    0x00, 0x00, 0x00, 0x00, 0x00, 0x00, 0x00, 0x00, 0x00, 0x00, 0x00, 0x00, 0x00, 0x00, 0x00, 0x00,
    0x00, 0x00, 0x00, 0x00, 0x00, 0x00, 0x00, 0x00, 0x00, 0x00, 0x00, 0x00, 0x00, 0x00, 0x00, 0x00,
    0x00, 0x00, 0x00, 0x00, 0x00, 0x00, 0x00, 0x00, 0x00, 0x00, 0x00, 0x00, 0x00, 0x00, 0x00, 0x00,
    0x00, 0x00, 0x00, 0x00, 0x00, 0x00, 0x00, 0x00, 0x00, 0x00, 0x00, 0x00, 0x00, 0x00, 0x00, 0x00,
    0x00, 0x00, 0x00, 0x00, 0x00, 0x00, 0x00, 0x00, 0x00, 0x00, 0x00, 0x00, 0x00, 0x00, 0x00, 0x00,
    0x00, 0x00, 0x00, 0x00, 0x00, 0x00, 0x00, 0x00, 0x00, 0x00, 0x00, 0x00, 0x00, 0x00, 0x00, 0x00,
    0x00, 0x00, 0x00, 0x00, 0x00, 0x00, 0x00, 0x00, 0x00, 0x00, 0x00, 0x00, 0x00, 0x00, 0x00, 0x00,
    0xF9, 0xF8, 0xF3, 0xF3, 0xF9, 0x57, 0x95, 0x95, 0xA8, 0xEF, 0x2D, 0x0E, 0x09, 0x17, 0x57, 0x95,
    0x95, 0x59, 0x2C, 0x57, 0x58, 0x2D, 0x17, 0x17, 0x2C, 0x09, 0x0E, 0x95, 0x2C, 0x62, 0x2C, 0x02,
    0x09, 0x0E, 0x17, 0x17, 0x17, 0x17, 0x0E, 0x0E, 0x17, 0x0E, 0x0E, 0x0E, 0x0E, 0x0E, 0x0E, 0x17,
    0x0E, 0x0E, 0x0E, 0x0E, 0x0E, 0x0E, 0x0E, 0x0E, 0x0E, 0x0E, 0x0E, 0x0E, 0x0E, 0x09, 0x09, 0x09,
    0x09, 0x09, 0x09, 0x0E, 0x09, 0x09, 0x09, 0x09, 0x09, 0x0A, 0x0E, 0x09, 0x0A, 0x0E, 0x09, 0x09,
    0x0A, 0x09, 0x09, 0x09, 0x09, 0x09, 0x09, 0x09, 0x09, 0x09, 0x09, 0x09, 0x09, 0x09, 0x09, 0x09,
    0x09, 0x09, 0x09, 0x05, 0x09, 0x09, 0x05, 0x05, 0x05, 0x05, 0x05, 0x09, 0x05, 0x05, 0x05, 0x05,
    0x05, 0x05, 0x05, 0x05, 0x05, 0x05, 0x05, 0x05, 0x05, 0x05, 0x05, 0x05, 0x05, 0x05, 0x05, 0x0A,
    0x05, 0x02, 0x05, 0x05, 0x0A, 0x0E, 0x0E, 0x05, 0x05, 0x03, 0x09, 0x03, 0x09, 0x2E, 0x5B, 0xED,
    0xB4, 0x58, 0x2D, 0x0E, 0x05, 0x05, 0x03, 0x03, 0x0E, 0x0E, 0x05, 0x0E, 0x17, 0x0E, 0x17, 0x2C,
    0x17, 0x17, 0x0E, 0x0E, 0x05, 0x03, 0x95, 0x17, 0x05, 0x05, 0x05, 0x09, 0x2C, 0x2C, 0x62, 0xFD,
    0x62, 0x0E, 0x57, 0x0E, 0x05, 0x03, 0x02, 0x0E, 0x17, 0x09, 0x0E, 0x0E, 0x05, 0x09, 0x05, 0x05,
    0x05, 0x05, 0x05, 0x05, 0x05, 0x05, 0x05, 0x05, 0x05, 0x05, 0x05, 0x05, 0x05, 0x05, 0x05, 0x05,
    0x05, 0x05, 0x05, 0x05, 0x05, 0x05, 0x09, 0x05, 0x05, 0x05, 0x05, 0x05, 0x05, 0x05, 0x05, 0x05,
    0x05, 0x05, 0x05, 0x05, 0x05, 0x09, 0x09, 0x05, 0x05, 0x09, 0x09, 0x09, 0x09, 0x09, 0x09, 0x09,
    0x09, 0x09, 0x05, 0x09, 0x09, 0x09, 0x09, 0x0E, 0x09, 0x09, 0x0A, 0x09, 0x09, 0x0A, 0x0A, 0x09,
    0x09, 0x0E, 0x0E, 0x0E, 0x0E, 0x0E, 0x0E, 0x0E, 0x0E, 0x0E, 0x0E, 0x17, 0x0E, 0x0E, 0x0E, 0x0E,
    0x0E, 0x0E, 0x17, 0x0E, 0x0E, 0x17, 0x17, 0x17, 0x17, 0x17, 0x17, 0x2C, 0x2D, 0x05, 0x09, 0x59,
    0x03, 0x58, 0x95, 0x2D, 0x2C, 0x2C, 0x0E, 0x17, 0x17, 0x2C, 0x2C, 0x58, 0x59, 0x57, 0x57, 0x95,
    0xA8, 0x2D, 0x0E, 0x09, 0x0E, 0x58, 0xF6, 0x95, 0x62, 0x58, 0x57, 0xFE, 0xEF, 0xF4, 0xF9, 0xFB,
    0x00, 0x00, 0x00, 0x00, 0x00, 0x00, 0x00, 0x00, 0x00, 0x00, 0x00, 0x00, 0x00, 0x00, 0x00, 0x00,
    0x00, 0x00, 0x00, 0x00, 0x00, 0x00, 0x00, 0x00, 0x00, 0x00, 0x00, 0x00, 0x00, 0x00, 0x00, 0x00,
    0x00, 0x00, 0x00, 0x00, 0x00, 0x00, 0x00, 0x00, 0x00, 0x00, 0x00, 0x00, 0x00, 0x00, 0x00, 0x00,
    0x00, 0x00, 0x00, 0x00, 0x00, 0x00, 0x00, 0x00, 0x00, 0x00, 0x00, 0x00, 0x00, 0x00, 0x00, 0x00,
    0x00, 0x00, 0x00, 0x00, 0x00, 0x00, 0x00, 0x00, 0x00, 0x00, 0x00, 0x00, 0x00, 0x00, 0x00, 0x00,
    0x00, 0x00, 0x00, 0x00, 0x00, 0x00, 0x00, 0x00, 0x00, 0x00, 0x00, 0x00, 0x00, 0x00, 0x00, 0x00,
    0x00, 0x00, 0x00, 0x00, 0x00, 0x00, 0x00, 0x00, 0x00, 0x00, 0x00, 0x00, 0x00, 0x00, 0x00, 0x00,
    0x00, 0x00, 0x00, 0x00, 0x00, 0x00, 0x00, 0x00, 0x00, 0x00, 0x00, 0x00, 0x00, 0x00, 0x00, 0x00,
    0x00, 0x00, 0x00, 0x00, 0x00, 0x00, 0x00, 0x00, 0x00, 0x00, 0x00, 0x00, 0x00, 0x00, 0x00, 0x00,
    0x00, 0x00, 0x00, 0x00, 0x00, 0x00, 0x00, 0x00, 0x00, 0x00, 0x00, 0x00, 0x00, 0x00, 0x00, 0x00,
    0x00, 0x00, 0x00, 0x00, 0x00, 0x00, 0x00, 0x00, 0x00, 0x00, 0x00, 0x00, 0x00, 0x00, 0x00, 0x00,
    0x00, 0x00, 0x00, 0x00, 0x00, 0x00, 0x00, 0x00, 0x00, 0x00, 0x00, 0x00, 0x00, 0x00, 0x00, 0x00,
    0xFB, 0xF3, 0xE9, 0xF0, 0xFD, 0xDB, 0x95, 0x95, 0x95, 0x95, 0x95, 0xA8, 0xA8, 0x95, 0x95, 0x95,
    0x95, 0x95, 0x95, 0x59, 0x59, 0x59, 0x59, 0x58, 0x59, 0x95, 0x95, 0x95, 0xDB, 0xDB, 0xF6, 0xFF,
    0xF7, 0xFD, 0xF8, 0xFD, 0xEC, 0xFD, 0xFD, 0xFD, 0xFD, 0xFD, 0xEE, 0xEC, 0xFD, 0xEE, 0xEC, 0xFD,
    0xFD, 0xED, 0xED, 0xFD, 0xED, 0xEE, 0xEE, 0xEE, 0xEC, 0xEC, 0xEE, 0xEE, 0xEE, 0xEC, 0xED, 0xEC,
    0xEE, 0xEE, 0xEC, 0xFD, 0xEE, 0xED, 0xEE, 0xED, 0xED, 0xED, 0xED, 0xED, 0xED, 0xED, 0xEE, 0xED,
    0xE9, 0xED, 0xED, 0xED, 0xE9, 0xE8, 0xE8, 0xE8, 0xEE, 0xEE, 0xED, 0xED, 0xE8, 0xED, 0xEC, 0xE9,
    0xED, 0xEE, 0xED, 0xE8, 0xE8, 0xEE, 0xED, 0xE8, 0xED, 0xED, 0xE8, 0xEE, 0xEE, 0xED, 0xED, 0xE8,
    0xE8, 0xE8, 0xD7, 0xE8, 0xE8, 0xED, 0xED, 0xED, 0xED, 0xE8, 0xE8, 0xE8, 0xE8, 0xE8, 0xD7, 0xE8,
    0xD0, 0x93, 0xB0, 0xD7, 0xC3, 0xC6, 0xE8, 0xED, 0xED, 0xED, 0xFD, 0x57, 0x18, 0x94, 0x05, 0x09,
    0x0E, 0x05, 0x09, 0x2C, 0x9C, 0xE8, 0xED, 0xED, 0xED, 0x5B, 0x94, 0xED, 0xE8, 0xE8, 0x94, 0x09,
    0x0E, 0xDE, 0xE8, 0xED, 0xEE, 0xDE, 0xD6, 0xED, 0xED, 0xED, 0xCE, 0x59, 0x17, 0x0E, 0x0A, 0x09,
    0x02, 0x03, 0xFD, 0x5B, 0x94, 0xFD, 0xED, 0xED, 0xED, 0xDE, 0xD6, 0xCF, 0xCB, 0xD0, 0xD0, 0xD7,
    0xD7, 0xD7, 0xED, 0xED, 0xE8, 0xE8, 0xE8, 0xD0, 0xED, 0xFD, 0xED, 0xE8, 0xED, 0xED, 0xED, 0xED,
    0xED, 0xE8, 0xED, 0xEE, 0xED, 0xEE, 0xFD, 0xEE, 0xED, 0xED, 0xEE, 0xED, 0xEE, 0xFD, 0xEE, 0xEE,
    0xEE, 0xED, 0xEE, 0xEE, 0xEE, 0xED, 0xED, 0xEE, 0xEE, 0xED, 0xEE, 0xED, 0xED, 0xED, 0xED, 0xEC,
    0xEE, 0xFD, 0xEE, 0xED, 0xFD, 0xFD, 0xEE, 0xFD, 0xFD, 0xEE, 0xEE, 0xEC, 0xEC, 0xFD, 0xFD, 0xFD,
    0xFD, 0xFD, 0xFD, 0xED, 0xFD, 0xFD, 0xFD, 0xFD, 0xFC, 0xEE, 0xEE, 0xFD, 0xFD, 0xFD, 0xFD, 0xFD,
    0xFD, 0xEC, 0xF8, 0xFD, 0xFD, 0xFD, 0xFD, 0xFD, 0xFD, 0xFC, 0xFC, 0xFD, 0xFD, 0xFE, 0xFD, 0xFE,
    0xFF, 0xA8, 0x62, 0x62, 0x59, 0x59, 0x95, 0x62, 0x95, 0x95, 0x95, 0x59, 0x62, 0x95, 0x59, 0x59,
    0x62, 0x95, 0xA8, 0xA8, 0xA8, 0x95, 0x59, 0x62, 0x95, 0x62, 0xDB, 0xF9, 0xE6, 0xE3, 0xF4, 0xFE,
    0x00, 0x00, 0x00, 0x00, 0x00, 0x00, 0x00, 0x00, 0x00, 0x00, 0x00, 0x00, 0x00, 0x00, 0x00, 0x00,
    0x00, 0x00, 0x00, 0x00, 0x00, 0x00, 0x00, 0x00, 0x00, 0x00, 0x00, 0x00, 0x00, 0x00, 0x00, 0x00,
    0x00, 0x00, 0x00, 0x00, 0x00, 0x00, 0x00, 0x00, 0x00, 0x00, 0x00, 0x00, 0x00, 0x00, 0x00, 0x00,
    0x00, 0x00, 0x00, 0x00, 0x00, 0x00, 0x00, 0x00, 0x00, 0x00, 0x00, 0x00, 0x00, 0x00, 0x00, 0x00,
    0x00, 0x00, 0x00, 0x00, 0x00, 0x00, 0x00, 0x00, 0x00, 0x00, 0x00, 0x00, 0x00, 0x00, 0x00, 0x00,
    0x00, 0x00, 0x00, 0x00, 0x00, 0x00, 0x00, 0x00, 0x00, 0x00, 0x00, 0x00, 0x00, 0x00, 0x00, 0x00,
    0x00, 0x00, 0x00, 0x00, 0x00, 0x00, 0x00, 0x00, 0x00, 0x00, 0x00, 0x00, 0x00, 0x00, 0x00, 0x00,
    0x00, 0x00, 0x00, 0x00, 0x00, 0x00, 0x00, 0x00, 0x00, 0x00, 0x00, 0x00, 0x00, 0x00, 0x00, 0x00,
    0x00, 0x00, 0x00, 0x00, 0x00, 0x00, 0x00, 0x00, 0x00, 0x00, 0x00, 0x00, 0x00, 0x00, 0x00, 0x00,
    0x00, 0x00, 0x00, 0x00, 0x00, 0x00, 0x00, 0x00, 0x00, 0x00, 0x00, 0x00, 0x00, 0x00, 0x00, 0x00,
    0x00, 0x00, 0x00, 0x00, 0x00, 0x00, 0x00, 0x00, 0x00, 0x00, 0x00, 0x00, 0x00, 0x00, 0x00, 0x00,
    0x00, 0x00, 0x00, 0x00, 0x00, 0x00, 0x00, 0x00, 0x00, 0x00, 0x00, 0x00, 0x00, 0x00, 0x00, 0x00,
    0xFB, 0xF3, 0xE9, 0xE9, 0xE6, 0xFD, 0xFE, 0xFE, 0xFF, 0xFF, 0xFE, 0xFE, 0xFE, 0xFD, 0xFD, 0xFF,
    0xFE, 0xFE, 0xFD, 0xFD, 0xFC, 0xFD, 0xFD, 0xFD, 0xFC, 0xFC, 0xFC, 0xFC, 0xF8, 0xF8, 0xF8, 0xDB,
    0xDB, 0xCA, 0xD9, 0xC8, 0xC7, 0xDA, 0xDB, 0xC3, 0xC8, 0xE5, 0xC7, 0xC5, 0xDA, 0xD2, 0xC3, 0xCF,
    0xCF, 0xC4, 0xCE, 0xDB, 0xD2, 0xD2, 0xD9, 0xC8, 0xC8, 0xDA, 0xD9, 0xC7, 0xCF, 0xD2, 0xBC, 0xC7,
    0xDB, 0xC7, 0xC7, 0xC7, 0xBC, 0xBC, 0xD2, 0xD2, 0xC8, 0xC9, 0xC6, 0xBC, 0xC3, 0xC3, 0xC8, 0xB0,
    0xBC, 0xC8, 0xC7, 0xC4, 0xA7, 0xB0, 0xB2, 0xA6, 0xC7, 0xC8, 0xC3, 0xC7, 0xC3, 0xC3, 0xC6, 0xB4,
    0xA1, 0xCA, 0xCA, 0xB4, 0xC3, 0xD2, 0xB4, 0x93, 0xA7, 0xA1, 0xA6, 0xC4, 0xCA, 0xA7, 0xB0, 0xC8,
    0xB0, 0x9B, 0x9B, 0x9B, 0xA1, 0xC4, 0xC6, 0xA7, 0xA7, 0xB0, 0x8B, 0x89, 0xA6, 0x9B, 0x8B, 0xC4,
    0x9B, 0x93, 0xAF, 0x8B, 0xA1, 0xA1, 0xB0, 0x9B, 0x93, 0xA1, 0xA7, 0xC2, 0xB6, 0xAF, 0x30, 0x18,
    0x2C, 0x59, 0xCB, 0xD0, 0xCB, 0x9B, 0x93, 0x93, 0x9B, 0xD0, 0xCF, 0x93, 0x8B, 0x78, 0xD0, 0x18,
    0x30, 0xCD, 0x9B, 0x9B, 0xA7, 0xC4, 0xA7, 0xB4, 0xB4, 0xC3, 0xCB, 0xD7, 0xD4, 0x93, 0x30, 0x0E,
    0x2C, 0xED, 0xA7, 0xAD, 0x9F, 0x9B, 0x9B, 0xA7, 0xBC, 0xCF, 0xBB, 0xB0, 0x9B, 0x78, 0x9B, 0xB4,
    0xA7, 0x93, 0xC4, 0xAF, 0x9B, 0x93, 0xA7, 0x78, 0x9B, 0xC3, 0xA1, 0x9A, 0xC3, 0xC6, 0xA7, 0xB0,
    0xB0, 0x9B, 0xA7, 0xC8, 0xC3, 0xC6, 0xDA, 0xB4, 0xA1, 0xC3, 0xC7, 0xA7, 0xC3, 0xD2, 0xB0, 0xC3,
    0xD2, 0xB4, 0xC8, 0xC6, 0xC3, 0xB4, 0xB4, 0xC9, 0xC3, 0xB0, 0xC3, 0xB4, 0xA7, 0xA7, 0xC6, 0xC8,
    0xC8, 0xC8, 0xC3, 0xC8, 0xD2, 0xC8, 0xBC, 0xC8, 0xCA, 0xC7, 0xC7, 0xD8, 0xC8, 0xD2, 0xC8, 0xC3,
    0xC4, 0xC8, 0xC8, 0xCE, 0xDB, 0xD8, 0xCF, 0xD1, 0xD8, 0xC7, 0xC7, 0xD8, 0xDB, 0xCF, 0xDA, 0xDB,
    0xDB, 0xDB, 0xD8, 0xD5, 0xCE, 0xD5, 0xDB, 0xD9, 0xD9, 0xEF, 0xD2, 0xCF, 0xE6, 0xD9, 0xDF, 0xE3,
    0xE5, 0xF8, 0xFC, 0xFC, 0xFC, 0xEC, 0xF8, 0xFC, 0xFD, 0xFC, 0xFC, 0xFC, 0xFD, 0xFC, 0xFC, 0xFC,
    0xFE, 0xFD, 0xFC, 0xFD, 0xFE, 0xFE, 0xFD, 0xFD, 0xFD, 0xFE, 0xFD, 0xF3, 0xE9, 0xE3, 0xF0, 0xFB,
    0x00, 0x00, 0x00, 0x00, 0x00, 0x00, 0x00, 0x00, 0x00, 0x00, 0x00, 0x00, 0x00, 0x00, 0x00, 0x00,
    0x00, 0x00, 0x00, 0x00, 0x00, 0x00, 0x00, 0x00, 0x00, 0x00, 0x00, 0x00, 0x00, 0x00, 0x00, 0x00,
    0x00, 0x00, 0x00, 0x00, 0x00, 0x00, 0x00, 0x00, 0x00, 0x00, 0x00, 0x00, 0x00, 0x00, 0x00, 0x00,
    0x00, 0x00, 0x00, 0x00, 0x00, 0x00, 0x00, 0x00, 0x00, 0x00, 0x00, 0x00, 0x00, 0x00, 0x00, 0x00,
    0x00, 0x00, 0x00, 0x00, 0x00, 0x00, 0x00, 0x00, 0x00, 0x00, 0x00, 0x00, 0x00, 0x00, 0x00, 0x00,
    0x00, 0x00, 0x00, 0x00, 0x00, 0x00, 0x00, 0x00, 0x00, 0x00, 0x00, 0x00, 0x00, 0x00, 0x00, 0x00,
    0x00, 0x00, 0x00, 0x00, 0x00, 0x00, 0x00, 0x00, 0x00, 0x00, 0x00, 0x00, 0x00, 0x00, 0x00, 0x00,
    0x00, 0x00, 0x00, 0x00, 0x00, 0x00, 0x00, 0x00, 0x00, 0x00, 0x00, 0x00, 0x00, 0x00, 0x00, 0x00,
    0x00, 0x00, 0x00, 0x00, 0x00, 0x00, 0x00, 0x00, 0x00, 0x00, 0x00, 0x00, 0x00, 0x00, 0x00, 0x00,
    0x00, 0x00, 0x00, 0x00, 0x00, 0x00, 0x00, 0x00, 0x00, 0x00, 0x00, 0x00, 0x00, 0x00, 0x00, 0x00,
    0x00, 0x00, 0x00, 0x00, 0x00, 0x00, 0x00, 0x00, 0x00, 0x00, 0x00, 0x00, 0x00, 0x00, 0x00, 0x00,
    0x00, 0x00, 0x00, 0x00, 0x00, 0x00, 0x00, 0x00, 0x00, 0x00, 0x00, 0x00, 0x00, 0x00, 0x00, 0x00,
    0xFE, 0xF3, 0xEB, 0xE6, 0xF4, 0xF0, 0xDC, 0xDC, 0xF1, 0xF5, 0xF5, 0xF5, 0xF5, 0xE6, 0xDD, 0xEF,
    0xF1, 0xF4, 0xEF, 0xDD, 0xDA, 0xDA, 0xDA, 0xE6, 0xD8, 0xCC, 0xD3, 0xDA, 0xE3, 0xE0, 0xE0, 0xE0,
    0xDB, 0xD2, 0xDA, 0xC5, 0xD4, 0xDF, 0xDA, 0xD2, 0xDA, 0xD6, 0xC9, 0xD6, 0xCE, 0xD2, 0xCF, 0xCD,
    0xCF, 0xCE, 0xD4, 0xC9, 0xCF, 0xE3, 0xD2, 0xC1, 0xCF, 0xDB, 0xDA, 0xDA, 0xDC, 0xD4, 0xCE, 0xCF,
    0xD6, 0xCF, 0xD6, 0xBC, 0xB9, 0xC5, 0xDA, 0xC7, 0xCF, 0xCE, 0xCF, 0xC3, 0xC5, 0xC5, 0xBC, 0xC9,
    0xCD, 0xCE, 0xD4, 0xC7, 0xD9, 0xC7, 0xC9, 0xCE, 0xCF, 0xC7, 0xD2, 0xCE, 0xB9, 0xC5, 0xDA, 0xC7,
    0xB4, 0xCF, 0xC4, 0xC9, 0xDA, 0xCF, 0xA1, 0xB0, 0xA7, 0xAF, 0xD4, 0xC1, 0xC7, 0xCF, 0xBC, 0xB5,
    0x9F, 0xB0, 0xCF, 0xC3, 0xC5, 0xAF, 0xB9, 0xB0, 0xC2, 0xBC, 0xBC, 0x9F, 0x9E, 0xAC, 0xAF, 0xC9,
    0xB0, 0xB0, 0xC4, 0x8B, 0xA1, 0xC4, 0xC3, 0x93, 0xA1, 0xA0, 0xA1, 0xA7, 0xA7, 0x9B, 0xB3, 0xD7,
    0xE8, 0xD0, 0xB0, 0xA7, 0xB0, 0x93, 0xB0, 0xA1, 0xAF, 0xC8, 0xC6, 0xA7, 0x93, 0xAF, 0xA7, 0xE8,
    0xCB, 0x9B, 0xAD, 0xA6, 0xA0, 0xA0, 0xBC, 0xC7, 0xA1, 0xC3, 0xC5, 0xB4, 0xC3, 0xC5, 0xD0, 0xED,
    0xE8, 0xB4, 0xA1, 0xA1, 0xA0, 0xC4, 0xA7, 0xB0, 0xB0, 0xC9, 0xB0, 0xA7, 0xB0, 0xA7, 0xBC, 0xB0,
    0xB0, 0xC5, 0xBF, 0xA0, 0xAD, 0xC3, 0xA0, 0xA6, 0xC1, 0xB0, 0x9F, 0xAF, 0xC7, 0xAF, 0xA0, 0xD2,
    0xBC, 0xB9, 0xB0, 0xAF, 0xC4, 0xCE, 0xCE, 0xB9, 0xB9, 0xAF, 0xA1, 0xAF, 0xC4, 0xC7, 0xBC, 0xC5,
    0xC5, 0xA1, 0xC1, 0xC8, 0xBC, 0xC3, 0xC1, 0xBC, 0xC9, 0xB9, 0xC7, 0xBC, 0xAD, 0xAD, 0xD2, 0xD6,
    0xCF, 0xCE, 0xCE, 0xCD, 0xC2, 0xC5, 0xCF, 0xD2, 0xC7, 0xC5, 0xD5, 0xDA, 0xC3, 0xD2, 0xD5, 0xBC,
    0xC1, 0xC7, 0xBC, 0xD6, 0xE3, 0xCF, 0xB9, 0xC7, 0xD6, 0xC5, 0xD4, 0xD5, 0xD5, 0xD4, 0xDA, 0xD6,
    0xCF, 0xE6, 0xDA, 0xCF, 0xD4, 0xDF, 0xD6, 0xC7, 0xDA, 0xE6, 0xCE, 0xD4, 0xD6, 0xE3, 0xE3, 0xE0,
    0xDF, 0xDA, 0xDB, 0xC7, 0xDB, 0xD2, 0xCF, 0xDA, 0xDB, 0xDB, 0xD2, 0xDD, 0xE6, 0xD6, 0xD2, 0xD9,
    0xE6, 0xF3, 0xE3, 0xE5, 0xF1, 0xF5, 0xEF, 0xEF, 0xEF, 0xEF, 0xF1, 0xE3, 0xE6, 0xE3, 0xF3, 0xFB,
    0x00, 0x00, 0x00, 0x00, 0x00, 0x00, 0x00, 0x00, 0x00, 0x00, 0x00, 0x00, 0x00, 0x00, 0x00, 0x00,
    0x00, 0x00, 0x00, 0x00, 0x00, 0x00, 0x00, 0x00, 0x00, 0x00, 0x00, 0x00, 0x00, 0x00, 0x00, 0x00,
    0x00, 0x00, 0x00, 0x00, 0x00, 0x00, 0x00, 0x00, 0x00, 0x00, 0x00, 0x00, 0x00, 0x00, 0x00, 0x00,
    0x00, 0x00, 0x00, 0x00, 0x00, 0x00, 0x00, 0x00, 0x00, 0x00, 0x00, 0x00, 0x00, 0x00, 0x00, 0x00,
    0x00, 0x00, 0x00, 0x00, 0x00, 0x00, 0x00, 0x00, 0x00, 0x00, 0x00, 0x00, 0x00, 0x00, 0x00, 0x00,
    0x00, 0x00, 0x00, 0x00, 0x00, 0x00, 0x00, 0x00, 0x00, 0x00, 0x00, 0x00, 0x00, 0x00, 0x00, 0x00,
    0x00, 0x00, 0x00, 0x00, 0x00, 0x00, 0x00, 0x00, 0x00, 0x00, 0x00, 0x00, 0x00, 0x00, 0x00, 0x00,
    0x00, 0x00, 0x00, 0x00, 0x00, 0x00, 0x00, 0x00, 0x00, 0x00, 0x00, 0x00, 0x00, 0x00, 0x00, 0x00,
    0x00, 0x00, 0x00, 0x00, 0x00, 0x00, 0x00, 0x00, 0x00, 0x00, 0x00, 0x00, 0x00, 0x00, 0x00, 0x00,
    0x00, 0x00, 0x00, 0x00, 0x00, 0x00, 0x00, 0x00, 0x00, 0x00, 0x00, 0x00, 0x00, 0x00, 0x00, 0x00,
    0x00, 0x00, 0x00, 0x00, 0x00, 0x00, 0x00, 0x00, 0x00, 0x00, 0x00, 0x00, 0x00, 0x00, 0x00, 0x00,
    0x00, 0x00, 0x00, 0x00, 0x00, 0x00, 0x00, 0x00, 0x00, 0x00, 0x00, 0x00, 0x00, 0x00, 0x00, 0x00,
    0xFE, 0xF8, 0xEA, 0xF3, 0xF8, 0xF9, 0xEF, 0xDC, 0xF0, 0xF1, 0xF1, 0xF9, 0xF1, 0xF1, 0xF4, 0xEF,
    0xDD, 0xF0, 0xDD, 0xEF, 0xF0, 0xF4, 0xF4, 0xE6, 0xDD, 0xEF, 0xE3, 0xD6, 0xE3, 0xE7, 0xEA, 0xE6,
    0xEF, 0xF0, 0xEF, 0xEF, 0xDC, 0xD6, 0xE3, 0xF1, 0xF1, 0xF0, 0xEF, 0xDA, 0xD4, 0xCF, 0xC9, 0xE0,
    0xF3, 0xE6, 0xE0, 0xDA, 0xF0, 0xDA, 0xD4, 0xCF, 0xD6, 0xD5, 0xE6, 0xDC, 0xCF, 0xE3, 0xF1, 0xEB,
    0xD4, 0xDC, 0xD2, 0xD6, 0xE0, 0xD6, 0xCF, 0xD2, 0xD8, 0xDD, 0xF0, 0xDA, 0xC9, 0xCF, 0xD2, 0xDB,
    0xEA, 0xD6, 0xDF, 0xCF, 0xDA, 0xCF, 0xDA, 0xE3, 0xE0, 0xCF, 0xDB, 0xD3, 0xC7, 0xC7, 0xDA, 0xD2,
    0xD2, 0xDA, 0xDF, 0xE0, 0xF0, 0xCF, 0xC1, 0xC9, 0xBC, 0xC9, 0xEB, 0xDE, 0xCF, 0xDA, 0xC4, 0xC1,
    0xBC, 0xCF, 0xD6, 0xD3, 0xCF, 0xD5, 0xDC, 0xDC, 0xE3, 0xC5, 0xB0, 0xAF, 0xCE, 0xE3, 0xDB, 0xC8,
    0xCF, 0xC7, 0xAF, 0xB3, 0xBC, 0xC5, 0xCF, 0xD2, 0xD2, 0xCF, 0xC4, 0xB0, 0xC3, 0xC4, 0xC6, 0xCF,
    0xC9, 0xCF, 0xD2, 0xD5, 0xC4, 0xB9, 0xBC, 0xC7, 0xBC, 0xC3, 0xCF, 0xE3, 0xE3, 0xC9, 0xB0, 0xB4,
    0xB4, 0xD2, 0xCF, 0xD5, 0xC1, 0xBC, 0xDB, 0xC3, 0xB9, 0xC7, 0xCE, 0xC9, 0xC6, 0xDA, 0xD4, 0xD5,
    0xC8, 0xC7, 0xAC, 0xC5, 0xDA, 0xD6, 0xD2, 0xC7, 0xD5, 0xB9, 0xC7, 0xC5, 0xB0, 0xB0, 0xCE, 0xCF,
    0xD2, 0xDC, 0xE0, 0xC9, 0xC1, 0xC7, 0xC7, 0xDB, 0xDA, 0xCE, 0xAF, 0xD2, 0xCE, 0xAF, 0xBC, 0xCF,
    0xC5, 0xC7, 0xC8, 0xDA, 0xDC, 0xE9, 0xC5, 0xC7, 0xC5, 0xC1, 0xC9, 0xC9, 0xDF, 0xC9, 0xDA, 0xC8,
    0xBC, 0xC3, 0xC4, 0xCC, 0xD2, 0xC8, 0xDF, 0xD6, 0xE3, 0xC9, 0xCF, 0xC7, 0xC9, 0xD4, 0xE6, 0xDA,
    0xD9, 0xE3, 0xDA, 0xC5, 0xC5, 0xDA, 0xDB, 0xDA, 0xDF, 0xDB, 0xE6, 0xE6, 0xD5, 0xD5, 0xDA, 0xD5,
    0xD9, 0xDA, 0xD5, 0xD6, 0xE6, 0xD2, 0xC9, 0xCF, 0xD6, 0xD3, 0xDD, 0xE6, 0xE3, 0xE6, 0xE6, 0xF3,
    0xDA, 0xDA, 0xDA, 0xE3, 0xEB, 0xE7, 0xE3, 0xDA, 0xF0, 0xD6, 0xDA, 0xE3, 0xD6, 0xE3, 0xF0, 0xEF,
    0xF3, 0xEF, 0xDC, 0xCF, 0xD5, 0xD5, 0xEB, 0xF9, 0xEF, 0xE3, 0xDB, 0xF1, 0xE6, 0xE6, 0xEF, 0xE3,
    0xE0, 0xE6, 0xF1, 0xF1, 0xF9, 0xF9, 0xF1, 0xF5, 0xF1, 0xDD, 0xF1, 0xE6, 0xEA, 0xE3, 0xEF, 0xFA,
    0x00, 0x00, 0x00, 0x00, 0x00, 0x00, 0x00, 0x00, 0x00, 0x00, 0x00, 0x00, 0x00, 0x00, 0x00, 0x00,
    0x00, 0x00, 0x00, 0x00, 0x00, 0x00, 0x00, 0x00, 0x00, 0x00, 0x00, 0x00, 0x00, 0x00, 0x00, 0x00,
    0x00, 0x00, 0x00, 0x00, 0x00, 0x00, 0x00, 0x00, 0x00, 0x00, 0x00, 0x00, 0x00, 0x00, 0x00, 0x00,
    0x00, 0x00, 0x00, 0x00, 0x00, 0x00, 0x00, 0x00, 0x00, 0x00, 0x00, 0x00, 0x00, 0x00, 0x00, 0x00,
    0x00, 0x00, 0x00, 0x00, 0x00, 0x00, 0x00, 0x00, 0x00, 0x00, 0x00, 0x00, 0x00, 0x00, 0x00, 0x00,
    0x00, 0x00, 0x00, 0x00, 0x00, 0x00, 0x00, 0x00, 0x00, 0x00, 0x00, 0x00, 0x00, 0x00, 0x00, 0x00,
    0x00, 0x00, 0x00, 0x00, 0x00, 0x00, 0x00, 0x00, 0x00, 0x00, 0x00, 0x00, 0x00, 0x00, 0x00, 0x00,
    0x00, 0x00, 0x00, 0x00, 0x00, 0x00, 0x00, 0x00, 0x00, 0x00, 0x00, 0x00, 0x00, 0x00, 0x00, 0x00,
    0x00, 0x00, 0x00, 0x00, 0x00, 0x00, 0x00, 0x00, 0x00, 0x00, 0x00, 0x00, 0x00, 0x00, 0x00, 0x00,
    0x00, 0x00, 0x00, 0x00, 0x00, 0x00, 0x00, 0x00, 0x00, 0x00, 0x00, 0x00, 0x00, 0x00, 0x00, 0x00,
    0x00, 0x00, 0x00, 0x00, 0x00, 0x00, 0x00, 0x00, 0x00, 0x00, 0x00, 0x00, 0x00, 0x00, 0x00, 0x00,
    0x00, 0x00, 0x00, 0x00, 0x00, 0x00, 0x00, 0x00, 0x00, 0x00, 0x00, 0x00, 0x00, 0x00, 0x00, 0x00,
    0xFF, 0xFB, 0xF8, 0xF4, 0xF8, 0xF9, 0xF9, 0xF9, 0xF9, 0xF9, 0xFA, 0xFA, 0xF5, 0xF5, 0xF9, 0xEF,
    0xF0, 0xF3, 0xF0, 0xF4, 0xF0, 0xF5, 0xF9, 0xF4, 0xF3, 0xF9, 0xF4, 0xF3, 0xEA, 0xF4, 0xFA, 0xF5,
    0xF5, 0xF4, 0xEF, 0xF1, 0xF4, 0xE6, 0xF9, 0xF9, 0xF3, 0xF1, 0xF5, 0xF5, 0xF0, 0xDA, 0xD2, 0xE3,
    0xF3, 0xF4, 0xF4, 0xF9, 0xF1, 0xDB, 0xDA, 0xEA, 0xE3, 0xE3, 0xF3, 0xE6, 0xD5, 0xEB, 0xFA, 0xF4,
    0xF3, 0xE3, 0xC7, 0xE7, 0xEB, 0xE3, 0xE3, 0xE3, 0xDB, 0xEF, 0xEF, 0xE6, 0xD6, 0xE3, 0xF8, 0xF4,
    0xF4, 0xF3, 0xE6, 0xDB, 0xD5, 0xDF, 0xE7, 0xEA, 0xEB, 0xE7, 0xD5, 0xE3, 0xEF, 0xDA, 0xD6, 0xDF,
    0xDA, 0xDB, 0xF5, 0xF4, 0xE3, 0xD5, 0xDF, 0xD5, 0xD5, 0xE3, 0xEB, 0xE6, 0xE6, 0xC8, 0xC6, 0xD5,
    0xDA, 0xD5, 0xCF, 0xDB, 0xD2, 0xE3, 0xF8, 0xF4, 0xE3, 0xD6, 0xC9, 0xCF, 0xDF, 0xEB, 0xE6, 0xE3,
    0xEF, 0xCA, 0xC3, 0xC6, 0xC7, 0xCF, 0xD2, 0xE3, 0xDB, 0xEF, 0xD9, 0xC5, 0xC8, 0xA7, 0xD5, 0xE3,
    0xE3, 0xEB, 0xE3, 0xD8, 0xD9, 0xD2, 0xD2, 0xDB, 0xD2, 0xA7, 0xCF, 0xEA, 0xF4, 0xE6, 0xD5, 0xB4,
    0xC3, 0xD9, 0xE6, 0xE3, 0xDF, 0xE2, 0xD8, 0xB4, 0xC8, 0xD9, 0xCF, 0xD4, 0xE6, 0xF4, 0xF3, 0xD5,
    0xCF, 0xD6, 0xD2, 0xE6, 0xE3, 0xE0, 0xE6, 0xDB, 0xCA, 0xD2, 0xD8, 0xCF, 0xCF, 0xC8, 0xC4, 0xE6,
    0xF0, 0xF3, 0xF4, 0xE6, 0xC9, 0xA7, 0xE2, 0xD6, 0xE3, 0xE3, 0xE3, 0xDA, 0xD5, 0xC7, 0xCA, 0xC7,
    0xD9, 0xD9, 0xD6, 0xF3, 0xF4, 0xF3, 0xE0, 0xDA, 0xC8, 0xCF, 0xD5, 0xE4, 0xE0, 0xE4, 0xDB, 0xD2,
    0xC7, 0xDA, 0xD2, 0xDA, 0xF3, 0xE3, 0xF3, 0xF4, 0xDA, 0xDA, 0xC8, 0xB4, 0xE3, 0xE3, 0xE0, 0xE3,
    0xE7, 0xDB, 0xDB, 0xD5, 0xDA, 0xDA, 0xCF, 0xD9, 0xF9, 0xF9, 0xF4, 0xE0, 0xE0, 0xD9, 0xC8, 0xF0,
    0xF4, 0xF9, 0xF4, 0xF3, 0xDA, 0xE2, 0xEF, 0xDD, 0xDC, 0xE3, 0xEF, 0xF1, 0xF1, 0xF9, 0xF9, 0xEF,
    0xDB, 0xDA, 0xDB, 0xF3, 0xF3, 0xF3, 0xEB, 0xF3, 0xF1, 0xDD, 0xDD, 0xF3, 0xEA, 0xF1, 0xF1, 0xF0,
    0xF5, 0xF0, 0xF0, 0xF4, 0xDB, 0xDB, 0xF3, 0xF5, 0xF4, 0xF8, 0xF4, 0xF4, 0xDB, 0xE6, 0xF1, 0xF3,
    0xEB, 0xF5, 0xF9, 0xF9, 0xF9, 0xF9, 0xF9, 0xF5, 0xF1, 0xF1, 0xFB, 0xF0, 0xF0, 0xF4, 0xF9, 0xFA,
    0x00, 0x00, 0x00, 0x00, 0x00, 0x00, 0x00, 0x00, 0x00, 0x00, 0x00, 0x00, 0x00, 0x00, 0x00, 0x00,
    0x00, 0x00, 0x00, 0x00, 0x00, 0x00, 0x00, 0x00, 0x00, 0x00, 0x00, 0x00, 0x00, 0x00, 0x00, 0x00,
    0x00, 0x00, 0x00, 0x00, 0x00, 0x00, 0x00, 0x00, 0x00, 0x00, 0x00, 0x00, 0x00, 0x00, 0x00, 0x00,
    0x00, 0x00, 0x00, 0x00, 0x00, 0x00, 0x00, 0x00, 0x00, 0x00, 0x00, 0x00, 0x00, 0x00, 0x00, 0x00,
    0x00, 0x00, 0x00, 0x00, 0x00, 0x00, 0x00, 0x00, 0x00, 0x00, 0x00, 0x00, 0x00, 0x00, 0x00, 0x00,
    0x00, 0x00, 0x00, 0x00, 0x00, 0x00, 0x00, 0x00, 0x00, 0x00, 0x00, 0x00, 0x00, 0x00, 0x00, 0x00,
    0x00, 0x00, 0x00, 0x00, 0x00, 0x00, 0x00, 0x00, 0x00, 0x00, 0x00, 0x00, 0x00, 0x00, 0x00, 0x00,
    0x00, 0x00, 0x00, 0x00, 0x00, 0x00, 0x00, 0x00, 0x00, 0x00, 0x00, 0x00, 0x00, 0x00, 0x00, 0x00,
    0x00, 0x00, 0x00, 0x00, 0x00, 0x00, 0x00, 0x00, 0x00, 0x00, 0x00, 0x00, 0x00, 0x00, 0x00, 0x00,
    0x00, 0x00, 0x00, 0x00, 0x00, 0x00, 0x00, 0x00, 0x00, 0x00, 0x00, 0x00, 0x00, 0x00, 0x00, 0x00,
    0x00, 0x00, 0x00, 0x00, 0x00, 0x00, 0x00, 0x00, 0x00, 0x00, 0x00, 0x00, 0x00, 0x00, 0x00, 0x00,
    0x00, 0x00, 0x00, 0x00, 0x00, 0x00, 0x00, 0x00, 0x00, 0x00, 0x00, 0x00, 0x00, 0x00, 0x00, 0x00,
    0xFF, 0xFF, 0xFF, 0xFB, 0xFA, 0xFA, 0xFB, 0xFB, 0xFA, 0xF9, 0xFA, 0xFA, 0xFA, 0xFA, 0xFA, 0xF9,
    0xF5, 0xF9, 0xF9, 0xFA, 0xFA, 0xFA, 0xFA, 0xF9, 0xF9, 0xF5, 0xFA, 0xFB, 0xFA, 0xFA, 0xFB, 0xFA,
    0xFA, 0xFA, 0xF1, 0xF4, 0xF9, 0xFA, 0xFA, 0xFA, 0xFA, 0xF9, 0xF9, 0xFA, 0xFA, 0xF4, 0xF1, 0xF8,
    0xF5, 0xF5, 0xFA, 0xF5, 0xF9, 0xF4, 0xF1, 0xF7, 0xF4, 0xF5, 0xF9, 0xFA, 0xFA, 0xFA, 0xFA, 0xF9,
    0xF9, 0xF5, 0xEF, 0xF5, 0xF4, 0xF4, 0xF5, 0xF4, 0xF1, 0xF1, 0xF1, 0xF1, 0xF4, 0xF9, 0xF9, 0xF9,
    0xF9, 0xF5, 0xF1, 0xF4, 0xDB, 0xF4, 0xFB, 0xF9, 0xF8, 0xF4, 0xDB, 0xF1, 0xF5, 0xF4, 0xE6, 0xF3,
    0xF9, 0xF5, 0xF9, 0xF4, 0xE6, 0xE5, 0xE6, 0xF4, 0xF1, 0xF4, 0xF4, 0xEF, 0xEF, 0xDB, 0xD9, 0xD9,
    0xDB, 0xE6, 0xE6, 0xF4, 0xF3, 0xF4, 0xF4, 0xF9, 0xF0, 0xF3, 0xF4, 0xF4, 0xF4, 0xF5, 0xF4, 0xEF,
    0xF2, 0xCA, 0xDB, 0xDB, 0xD8, 0xF3, 0xEF, 0xE6, 0xF5, 0xEF, 0xEF, 0xDB, 0xF2, 0xD9, 0xE6, 0xF4,
    0xF4, 0xF4, 0xEF, 0xE6, 0xDB, 0xDB, 0xEF, 0xF1, 0xF3, 0xDB, 0xEF, 0xF5, 0xF5, 0xF9, 0xF3, 0xDD,
    0xE6, 0xDB, 0xEF, 0xF0, 0xEF, 0xDB, 0xD8, 0xD9, 0xDB, 0xE5, 0xF3, 0xE6, 0xF3, 0xF4, 0xF3, 0xE6,
    0xE3, 0xE6, 0xF5, 0xF5, 0xF9, 0xF3, 0xE6, 0xE6, 0xD8, 0xDD, 0xDD, 0xD9, 0xDB, 0xE6, 0xDB, 0xEF,
    0xF5, 0xF4, 0xF4, 0xF4, 0xF0, 0xDB, 0xF4, 0xF4, 0xF3, 0xEF, 0xF4, 0xDB, 0xE6, 0xEF, 0xE5, 0xDB,
    0xE6, 0xF0, 0xF4, 0xF4, 0xF9, 0xF4, 0xF8, 0xF4, 0xF3, 0xF0, 0xEF, 0xF4, 0xF2, 0xF4, 0xDD, 0xDB,
    0xDD, 0xDD, 0xEF, 0xF4, 0xF4, 0xF4, 0xF4, 0xF4, 0xDD, 0xEF, 0xE6, 0xD8, 0xEF, 0xF4, 0xEF, 0xF4,
    0xF1, 0xD8, 0xEF, 0xF1, 0xF0, 0xF3, 0xF2, 0xF5, 0xFA, 0xF9, 0xFA, 0xEF, 0xE6, 0xEF, 0xEF, 0xF9,
    0xFA, 0xFA, 0xF9, 0xF5, 0xF0, 0xF4, 0xF1, 0xF5, 0xF4, 0xF4, 0xF4, 0xFA, 0xF9, 0xF9, 0xF9, 0xF5,
    0xEF, 0xF1, 0xF1, 0xFA, 0xFA, 0xF5, 0xF4, 0xF5, 0xF5, 0xF1, 0xF1, 0xF9, 0xFA, 0xF9, 0xF9, 0xFA,
    0xF5, 0xF1, 0xF5, 0xF9, 0xF1, 0xF4, 0xF9, 0xFA, 0xFA, 0xFA, 0xFA, 0xF5, 0xF1, 0xF5, 0xF5, 0xFB,
    0xF9, 0xFA, 0xFA, 0xF9, 0xF9, 0xF9, 0xFA, 0xF9, 0xF5, 0xFA, 0xFA, 0xF9, 0xF9, 0xFA, 0xFA, 0xFA,
    0x00, 0x00, 0x00, 0x00, 0x00, 0x00, 0x00, 0x00, 0x00, 0x00, 0x00, 0x00, 0x00, 0x00, 0x00, 0x00,
    0x00, 0x00, 0x00, 0x00, 0x00, 0x00, 0x00, 0x00, 0x00, 0x00, 0x00, 0x00, 0x00, 0x00, 0x00, 0x00,
    0x00, 0x00, 0x00, 0x00, 0x00, 0x00, 0x00, 0x00, 0x00, 0x00, 0x00, 0x00, 0x00, 0x00, 0x00, 0x00,
    0x00, 0x00, 0x00, 0x00, 0x00, 0x00, 0x00, 0x00, 0x00, 0x00, 0x00, 0x00, 0x00, 0x00, 0x00, 0x00,
    0x00, 0x00, 0x00, 0x00, 0x00, 0x00, 0x00, 0x00, 0x00, 0x00, 0x00, 0x00, 0x00, 0x00, 0x00, 0x00,
    0x00, 0x00, 0x00, 0x00, 0x00, 0x00, 0x00, 0x00, 0x00, 0x00, 0x00, 0x00, 0x00, 0x00, 0x00, 0x00,
    0x00, 0x00, 0x00, 0x00, 0x00, 0x00, 0x00, 0x00, 0x00, 0x00, 0x00, 0x00, 0x00, 0x00, 0x00, 0x00,
    0x00, 0x00, 0x00, 0x00, 0x00, 0x00, 0x00, 0x00, 0x00, 0x00, 0x00, 0x00, 0x00, 0x00, 0x00, 0x00,
    0x00, 0x00, 0x00, 0x00, 0x00, 0x00, 0x00, 0x00, 0x00, 0x00, 0x00, 0x00, 0x00, 0x00, 0x00, 0x00,
    0x00, 0x00, 0x00, 0x00, 0x00, 0x00, 0x00, 0x00, 0x00, 0x00, 0x00, 0x00, 0x00, 0x00, 0x00, 0x00,
    0x00, 0x00, 0x00, 0x00, 0x00, 0x00, 0x00, 0x00, 0x00, 0x00, 0x00, 0x00, 0x00, 0x00, 0x00, 0x00,
    0x00, 0x00, 0x00, 0x00, 0x00, 0x00, 0x00, 0x00, 0x00, 0x00, 0x00, 0x00, 0x00, 0x00, 0x00, 0x00,
    0x00, 0x00, 0x00, 0x00, 0x00, 0x00, 0x00, 0x00, 0x00, 0x00, 0x00, 0x00, 0x00, 0x00, 0x00, 0x00,
    0x00, 0x00, 0x00, 0x00, 0x00, 0x00, 0x00, 0x00, 0x00, 0x00, 0x00, 0x00, 0x00, 0x00, 0x00, 0x00,
    0x00, 0x00, 0x00, 0x00, 0x00, 0x00, 0x00, 0x00, 0x00, 0x00, 0x00, 0x00, 0x00, 0x00, 0x00, 0x00,
    0x00, 0x00, 0x00, 0x00, 0x00, 0x00, 0x00, 0x00, 0x00, 0x00, 0x00, 0x00, 0x00, 0x00, 0x00, 0x00,
    0x00, 0x00, 0x00, 0x00, 0x00, 0x00, 0x00, 0x00, 0x00, 0x00, 0x00, 0x00, 0x00, 0x00, 0x00, 0x00,
    0x00, 0x00, 0x00, 0x00, 0x00, 0x00, 0x00, 0x00, 0x00, 0x00, 0x00, 0x00, 0x00, 0x00, 0x00, 0x00,
    0x00, 0x00, 0x00, 0x00, 0x00, 0x00, 0x00, 0x00, 0x00, 0x00, 0x00, 0x00, 0x00, 0x00, 0x00, 0x00,
    0x00, 0x00, 0x00, 0x00, 0x00, 0x00, 0x00, 0x00, 0x00, 0x00, 0x00, 0x00, 0x00, 0x00, 0x00, 0x00,
    0x00, 0x00, 0x00, 0x00, 0x00, 0x00, 0x00, 0x00, 0x00, 0x00, 0x00, 0x00, 0x00, 0x00, 0x00, 0x00,
    0x00, 0x00, 0x00, 0x00, 0x00, 0x00, 0x00, 0x00, 0x00, 0x00, 0x00, 0x00, 0x00, 0x00, 0x00, 0x00,
    0x00, 0x00, 0x00, 0x00, 0x00, 0x00, 0x00, 0x00, 0x00, 0x00, 0x00, 0x00, 0x00, 0x00, 0x00, 0x00,
    0x00, 0x00, 0x00, 0x00, 0x00, 0x00, 0x00, 0x00, 0x00, 0x00, 0x00, 0x00, 0x00, 0x00, 0x00, 0x00,
    0x00, 0x00, 0x00, 0x00, 0x00, 0x00, 0x00, 0x00, 0x00, 0x00, 0x00, 0x00, 0x00, 0x00, 0x00, 0x00,
    0x00, 0x00, 0x00, 0x00, 0x00, 0x00, 0x00, 0x00, 0x00, 0x00, 0x00, 0x00, 0x00, 0x00, 0x00, 0x00,
    0x00, 0x00, 0x00, 0x00, 0x00, 0x00, 0x00, 0x00, 0x00, 0x00, 0x00, 0x00, 0x00, 0x00, 0x00, 0x00,
    0x00, 0x00, 0x00, 0x00, 0x00, 0x00, 0x00, 0x00, 0x00, 0x00, 0x00, 0x00, 0x00, 0x00, 0x00, 0x00,
    0x00, 0x00, 0x00, 0x00, 0x00, 0x00, 0x00, 0x00, 0x00, 0x00, 0x00, 0x00, 0x00, 0x00, 0x00, 0x00,
    0x00, 0x00, 0x00, 0x00, 0x00, 0x00, 0x00, 0x00, 0x00, 0x00, 0x00, 0x00, 0x00, 0x00, 0x00, 0x00,
    0x00, 0x00, 0x00, 0x00, 0x00, 0x00, 0x00, 0x00, 0x00, 0x00, 0x00, 0x00, 0x00, 0x00, 0x00, 0x00,
    0x00, 0x00, 0x00, 0x00, 0x00, 0x00, 0x00, 0x00, 0x00, 0x00, 0x00, 0x00, 0x00, 0x00, 0x00, 0x00,
    0x00, 0x00, 0x00, 0x00, 0x00, 0x00, 0x00, 0x00, 0x00, 0x00, 0x00, 0x00, 0x00, 0x00, 0x00, 0x00,
    0x00, 0x00, 0x00, 0x00, 0x00, 0x00, 0x00, 0x00, 0x00, 0x00, 0x00, 0x00, 0x00, 0x00, 0x00, 0x00,
    0x00, 0x00, 0x00, 0x00, 0x00, 0x00, 0x00, 0x00, 0x00, 0x00, 0x00, 0x00, 0x00, 0x00, 0x00, 0x00,
    0x00, 0x00, 0x00, 0x00, 0x00, 0x00, 0x00, 0x00, 0x00, 0x00, 0x00, 0x00, 0x00, 0x00, 0x00, 0x00,
    0x00, 0x00, 0x00, 0x00, 0x00, 0x00, 0x00, 0x00, 0x00, 0x00, 0x00, 0x00, 0x00, 0x00, 0x00, 0x00,
    0x00, 0x00, 0x00, 0x00, 0x00, 0x00, 0x00, 0x00, 0x00, 0x00, 0x00, 0x00, 0x00, 0x00, 0x00, 0x00,
    0x00, 0x00, 0x00, 0x00, 0x00, 0x00, 0x00, 0x00, 0x00, 0x00, 0x00, 0x00, 0x00, 0x00, 0x00, 0x00,
    0x00, 0x00, 0x00, 0x00, 0x00, 0x00, 0x00, 0x00, 0x00, 0x00, 0x00, 0x00, 0x00, 0x00, 0x00, 0x00,
    0x00, 0x00, 0x00, 0x00, 0x00, 0x00, 0x00, 0x00, 0x00, 0x00, 0x00, 0x00, 0x00, 0x00, 0x00, 0x00,
    0x00, 0x00, 0x00, 0x00, 0x00, 0x00, 0x00, 0x00, 0x00, 0x00, 0x00, 0x00, 0x00, 0x00, 0x00, 0x00,
    0x00, 0x00, 0x00, 0x00, 0x00, 0x00, 0x00, 0x00, 0x00, 0x00, 0x00, 0x00, 0x00, 0x00, 0x00, 0x00,
    0x00, 0x00, 0x00, 0x00, 0x00, 0x00, 0x00, 0x00, 0x00, 0x00, 0x00, 0x00, 0x00, 0x00, 0x00, 0x00,
    0x00, 0x00, 0x00, 0x00, 0x00, 0x00, 0x00, 0x00, 0x00, 0x00, 0x00, 0x00, 0x00, 0x00, 0x00, 0x00,
    0x00, 0x00, 0x00, 0x00, 0x00, 0x00, 0x00, 0x00, 0x00, 0x00, 0x00, 0x00, 0x00, 0x00, 0x00, 0x00,
    0x00, 0x00, 0x00, 0x00, 0x00, 0x00, 0x00, 0x00, 0x00, 0x00, 0x00, 0x00, 0x00, 0x00, 0x00, 0x00,
    0x00, 0x00, 0x00, 0x00, 0x00, 0x00, 0x00, 0x00, 0x00, 0x00, 0x00, 0x00, 0x00, 0x00, 0x00, 0x00,
    0x00, 0x00, 0x00, 0x00, 0x00, 0x00, 0x00, 0x00, 0x00, 0x00, 0x00, 0x00, 0x00, 0x00, 0x00, 0x00,
    0x00, 0x00, 0x00, 0x00, 0x00, 0x00, 0x00, 0x00, 0x00, 0x00, 0x00, 0x00, 0x00, 0x00, 0x00, 0x00,
    0x00, 0x00, 0x00, 0x00, 0x00, 0x00, 0x00, 0x00, 0x00, 0x00, 0x00, 0x00, 0x00, 0x00, 0x00, 0x00,
    0x00, 0x00, 0x00, 0x00, 0x00, 0x00, 0x00, 0x00, 0x00, 0x00, 0x00, 0x00, 0x00, 0x00, 0x00, 0x00,
    0x00, 0x00, 0x00, 0x00, 0x00, 0x00, 0x00, 0x00, 0x00, 0x00, 0x00, 0x00, 0x00, 0x00, 0x00, 0x00,
    0x00, 0x00, 0x00, 0x00, 0x00, 0x00, 0x00, 0x00, 0x00, 0x00, 0x00, 0x00, 0x00, 0x00, 0x00, 0x00,
    0x00, 0x00, 0x00, 0x00, 0x00, 0x00, 0x00, 0x00, 0x00, 0x00, 0x00, 0x00, 0x00, 0x00, 0x00, 0x00,
    0x00, 0x00, 0x00, 0x00, 0x00, 0x00, 0x00, 0x00, 0x00, 0x00, 0x00, 0x00, 0x00, 0x00, 0x00, 0x00,
    0x00, 0x00, 0x00, 0x00, 0x00, 0x00, 0x00, 0x00, 0x00, 0x00, 0x00, 0x00, 0x00, 0x00, 0x00, 0x00,
    0x00, 0x00, 0x00, 0x00, 0x00, 0x00, 0x00, 0x00, 0x00, 0x00, 0x00, 0x00, 0x00, 0x00, 0x00, 0x00,
    0x00, 0x00, 0x00, 0x00, 0x00, 0x00, 0x00, 0x00, 0x00, 0x00, 0x00, 0x00, 0x00, 0x00, 0x00, 0x00,
    0x00, 0x00, 0x00, 0x00, 0x00, 0x00, 0x00, 0x00, 0x00, 0x00, 0x00, 0x00, 0x00, 0x00, 0x00, 0x00,
    0x00, 0x00, 0x00, 0x00, 0x00, 0x00, 0x00, 0x00, 0x00, 0x00, 0x00, 0x00, 0x00, 0x00, 0x00, 0x00,
    0x00, 0x00, 0x00, 0x00, 0x00, 0x00, 0x00, 0x00, 0x00, 0x00, 0x00, 0x00, 0x00, 0x00, 0x00, 0x00,
    0x00, 0x00, 0x00, 0x00, 0x00, 0x00, 0x00, 0x00, 0x00, 0x00, 0x00, 0x00, 0x00, 0x00, 0x00, 0x00,
    0x00, 0x00, 0x00, 0x00, 0x00, 0x00, 0x00, 0x00, 0x00, 0x00, 0x00, 0x00, 0x00, 0x00, 0x00, 0x00,
    0x00, 0x00, 0x00, 0x00, 0x00, 0x00, 0x00, 0x00, 0x00, 0x00, 0x00, 0x00, 0x00, 0x00, 0x00, 0x00,
    0x00, 0x00, 0x00, 0x00, 0x00, 0x00, 0x00, 0x00, 0x00, 0x00, 0x00, 0x00, 0x00, 0x00, 0x00, 0x00,
    0x00, 0x00, 0x00, 0x00, 0x00, 0x00, 0x00, 0x00, 0x00, 0x00, 0x00, 0x00, 0x00, 0x00, 0x00, 0x00,
    0x00, 0x00, 0x00, 0x00, 0x00, 0x00, 0x00, 0x00, 0x00, 0x00, 0x00, 0x00, 0x00, 0x00, 0x00, 0x00,
    0x00, 0x00, 0x00, 0x00, 0x00, 0x00, 0x00, 0x00, 0x00, 0x00, 0x00, 0x00, 0x00, 0x00, 0x00, 0x00,
    0x00, 0x00, 0x00, 0x00, 0x00, 0x00, 0x00, 0x00, 0x00, 0x00, 0x00, 0x00, 0x00, 0x00, 0x00, 0x00,
    0x00, 0x00, 0x00, 0x00, 0x00, 0x00, 0x00, 0x00, 0x00, 0x00, 0x00, 0x00, 0x00, 0x00, 0x00, 0x00,
    0x00, 0x00, 0x00, 0x00, 0x00, 0x00, 0x00, 0x00, 0x00, 0x00, 0x00, 0x00, 0x00, 0x00, 0x00, 0x00,
    0x00, 0x00, 0x00, 0x00, 0x00, 0x00, 0x00, 0x00, 0x00, 0x00, 0x00, 0x00, 0x00, 0x00, 0x00, 0x00,
    0x00, 0x00, 0x00, 0x00, 0x00, 0x00, 0x00, 0x00, 0x00, 0x00, 0x00, 0x00, 0x00, 0x00, 0x00, 0x00,
    0x00, 0x00, 0x00, 0x00, 0x00, 0x00, 0x00, 0x00, 0x00, 0x00, 0x00, 0x00, 0x00, 0x00, 0x00, 0x00,
    0x00, 0x00, 0x00, 0x00, 0x00, 0x00, 0x00, 0x00, 0x00, 0x00, 0x00, 0x00, 0x00, 0x00, 0x00, 0x00,
    0x00, 0x00, 0x00, 0x00, 0x00, 0x00, 0x00, 0x00, 0x00, 0x00, 0x00, 0x00, 0x00, 0x00, 0x00, 0x00,
    0x00, 0x00, 0x00, 0x00, 0x00, 0x00, 0x00, 0x00, 0x00, 0x00, 0x00, 0x00, 0x00, 0x00, 0x00, 0x00,
    0x00, 0x00, 0x00, 0x00, 0x00, 0x00, 0x00, 0x00, 0x00, 0x00, 0x00, 0x00, 0x00, 0x00, 0x00, 0x00,
    0x00, 0x00, 0x00, 0x00, 0x00, 0x00, 0x00, 0x00, 0x00, 0x00, 0x00, 0x00, 0x00, 0x00, 0x00, 0x00,
    0x00, 0x00, 0x00, 0x00, 0x00, 0x00, 0x00, 0x00, 0x00, 0x00, 0x00, 0x00, 0x00, 0x00, 0x00, 0x00,
    0x00, 0x00, 0x00, 0x00, 0x00, 0x00, 0x00, 0x00, 0x00, 0x00, 0x00, 0x00, 0x00, 0x00, 0x00, 0x00,
    0x00, 0x00, 0x00, 0x00, 0x00, 0x00, 0x00, 0x00, 0x00, 0x00, 0x00, 0x00, 0x00, 0x00, 0x00, 0x00,
    0x00, 0x00, 0x00, 0x00, 0x00, 0x00, 0x00, 0x00, 0x00, 0x00, 0x00, 0x00, 0x00, 0x00, 0x00, 0x00,
    0x00, 0x00, 0x00, 0x00, 0x00, 0x00, 0x00, 0x00, 0x00, 0x00, 0x00, 0x00, 0x00, 0x00, 0x00, 0x00,
    0x00, 0x00, 0x00, 0x00, 0x00, 0x00, 0x00, 0x00, 0x00, 0x00, 0x00, 0x00, 0x00, 0x00, 0x00, 0x00,
    0x00, 0x00, 0x00, 0x00, 0x00, 0x00, 0x00, 0x00, 0x00, 0x00, 0x00, 0x00, 0x00, 0x00, 0x00, 0x00,
    0x00, 0x00, 0x00, 0x00, 0x00, 0x00, 0x00, 0x00, 0x00, 0x00, 0x00, 0x00, 0x00, 0x00, 0x00, 0x00,
    0x00, 0x00, 0x00, 0x00, 0x00, 0x00, 0x00, 0x00, 0x00, 0x00, 0x00, 0x00, 0x00, 0x00, 0x00, 0x00,
    0x00, 0x00, 0x00, 0x00, 0x00, 0x00, 0x00, 0x00, 0x00, 0x00, 0x00, 0x00, 0x00, 0x00, 0x00, 0x00,
    0x00, 0x00, 0x00, 0x00, 0x00, 0x00, 0x00, 0x00, 0x00, 0x00, 0x00, 0x00, 0x00, 0x00, 0x00, 0x00,
    0x00, 0x00, 0x00, 0x00, 0x00, 0x00, 0x00, 0x00, 0x00, 0x00, 0x00, 0x00, 0x00, 0x00, 0x00, 0x00,
    0x00, 0x00, 0x00, 0x00, 0x00, 0x00, 0x00, 0x00, 0x00, 0x00, 0x00, 0x00, 0x00, 0x00, 0x00, 0x00,
    0x00, 0x00, 0x00, 0x00, 0x00, 0x00, 0x00, 0x00, 0x00, 0x00, 0x00, 0x00, 0x00, 0x00, 0x00, 0x00,
    0x00, 0x00, 0x00, 0x00, 0x00, 0x00, 0x00, 0x00, 0x00, 0x00, 0x00, 0x00, 0x00, 0x00, 0x00, 0x00,
    0x00, 0x00, 0x00, 0x00, 0x00, 0x00, 0x00, 0x00, 0x00, 0x00, 0x00, 0x00, 0x00, 0x00, 0x00, 0x00,
    0x00, 0x00, 0x00, 0x00, 0x00, 0x00, 0x00, 0x00, 0x00, 0x00, 0x00, 0x00, 0x00, 0x00, 0x00, 0x00,
    0x00, 0x00, 0x00, 0x00, 0x00, 0x00, 0x00, 0x00, 0x00, 0x00, 0x00, 0x00, 0x00, 0x00, 0x00, 0x00,
    0x00, 0x00, 0x00, 0x00, 0x00, 0x00, 0x00, 0x00, 0x00, 0x00, 0x00, 0x00, 0x00, 0x00, 0x00, 0x00,
    0x00, 0x00, 0x00, 0x00, 0x00, 0x00, 0x00, 0x00, 0x00, 0x00, 0x00, 0x00, 0x00, 0x00, 0x00, 0x00,
    0x00, 0x00, 0x00, 0x00, 0x00, 0x00, 0x00, 0x00, 0x00, 0x00, 0x00, 0x00, 0x00, 0x00, 0x00, 0x00,
    0x00, 0x00, 0x00, 0x00, 0x00, 0x00, 0x00, 0x00, 0x00, 0x00, 0x00, 0x00, 0x00, 0x00, 0x00, 0x00,
    0x00, 0x00, 0x00, 0x00, 0x00, 0x00, 0x00, 0x00, 0x00, 0x00, 0x00, 0x00, 0x00, 0x00, 0x00, 0x00,
    0x00, 0x00, 0x00, 0x00, 0x00, 0x00, 0x00, 0x00, 0x00, 0x00, 0x00, 0x00, 0x00, 0x00, 0x00, 0x00,
    0x00, 0x00, 0x00, 0x00, 0x00, 0x00, 0x00, 0x00, 0x00, 0x00, 0x00, 0x00, 0x00, 0x00, 0x00, 0x00,
    0x00, 0x00, 0x00, 0x00, 0x00, 0x00, 0x00, 0x00, 0x00, 0x00, 0x00, 0x00, 0x00, 0x00, 0x00, 0x00,
    0x00, 0x00, 0x00, 0x00, 0x00, 0x00, 0x00, 0x00, 0x00, 0x00, 0x00, 0x00, 0x00, 0x00, 0x00, 0x00,
    0x00, 0x00, 0x00, 0x00, 0x00, 0x00, 0x00, 0x00, 0x00, 0x00, 0x00, 0x00, 0x00, 0x00, 0x00, 0x00,
    0x00, 0x00, 0x00, 0x00, 0x00, 0x00, 0x00, 0x00, 0x00, 0x00, 0x00, 0x00, 0x00, 0x00, 0x00, 0x00,
    0x00, 0x00, 0x00, 0x00, 0x00, 0x00, 0x00, 0x00, 0x00, 0x00, 0x00, 0x00, 0x00, 0x00, 0x00, 0x00,
    0x00, 0x00, 0x00, 0x00, 0x00, 0x00, 0x00, 0x00, 0x00, 0x00, 0x00, 0x00, 0x00, 0x00, 0x00, 0x00,
    0x00, 0x00, 0x00, 0x00, 0x00, 0x00, 0x00, 0x00, 0x00, 0x00, 0x00, 0x00, 0x00, 0x00, 0x00, 0x00,
    0x00, 0x00, 0x00, 0x00, 0x00, 0x00, 0x00, 0x00, 0x00, 0x00, 0x00, 0x00, 0x00, 0x00, 0x00, 0x00,
    0x00, 0x00, 0x00, 0x00, 0x00, 0x00, 0x00, 0x00, 0x00, 0x00, 0x00, 0x00, 0x00, 0x00, 0x00, 0x00,
    0x00, 0x00, 0x00, 0x00, 0x00, 0x00, 0x00, 0x00, 0x00, 0x00, 0x00, 0x00, 0x00, 0x00, 0x00, 0x00,
    0x00, 0x00, 0x00, 0x00, 0x00, 0x00, 0x00, 0x00, 0x00, 0x00, 0x00, 0x00, 0x00, 0x00, 0x00, 0x00,
    0x00, 0x00, 0x00, 0x00, 0x00, 0x00, 0x00, 0x00, 0x00, 0x00, 0x00, 0x00, 0x00, 0x00, 0x00, 0x00,
    0x00, 0x00, 0x00, 0x00, 0x00, 0x00, 0x00, 0x00, 0x00, 0x00, 0x00, 0x00, 0x00, 0x00, 0x00, 0x00,
    0x00, 0x00, 0x00, 0x00, 0x00, 0x00, 0x00, 0x00, 0x00, 0x00, 0x00, 0x00, 0x00, 0x00, 0x00, 0x00,
    0x00, 0x00, 0x00, 0x00, 0x00, 0x00, 0x00, 0x00, 0x00, 0x00, 0x00, 0x00, 0x00, 0x00, 0x00, 0x00,
    0x00, 0x00, 0x00, 0x00, 0x00, 0x00, 0x00, 0x00, 0x00, 0x00, 0x00, 0x00, 0x00, 0x00, 0x00, 0x00,
    0x00, 0x00, 0x00, 0x00, 0x00, 0x00, 0x00, 0x00, 0x00, 0x00, 0x00, 0x00, 0x00, 0x00, 0x00, 0x00,
    0x00, 0x00, 0x00, 0x00, 0x00, 0x00, 0x00, 0x00, 0x00, 0x00, 0x00, 0x00, 0x00, 0x00, 0x00, 0x00,
    0x00, 0x00, 0x00, 0x00, 0x00, 0x00, 0x00, 0x00, 0x00, 0x00, 0x00, 0x00, 0x00, 0x00, 0x00, 0x00,
    0x00, 0x00, 0x00, 0x00, 0x00, 0x00, 0x00, 0x00, 0x00, 0x00, 0x00, 0x00, 0x00, 0x00, 0x00, 0x00,
    0x00, 0x00, 0x00, 0x00, 0x00, 0x00, 0x00, 0x00, 0x00, 0x00, 0x00, 0x00, 0x00, 0x00, 0x00, 0x00,
    0x00, 0x00, 0x00, 0x00, 0x00, 0x00, 0x00, 0x00, 0x00, 0x00, 0x00, 0x00, 0x00, 0x00, 0x00, 0x00,
    0x00, 0x00, 0x00, 0x00, 0x00, 0x00, 0x00, 0x00, 0x00, 0x00, 0x00, 0x00, 0x00, 0x00, 0x00, 0x00,
    0x00, 0x00, 0x00, 0x00, 0x00, 0x00, 0x00, 0x00, 0x00, 0x00, 0x00, 0x00, 0x00, 0x00, 0x00, 0x00,
    0x00, 0x00, 0x00, 0x00, 0x00, 0x00, 0x00, 0x00, 0x00, 0x00, 0x00, 0x00, 0x00, 0x00, 0x00, 0x00,
    0x00, 0x00, 0x00, 0x00, 0x00, 0x00, 0x00, 0x00, 0x00, 0x00, 0x00, 0x00, 0x00, 0x00, 0x00, 0x00,
    0x00, 0x00, 0x00, 0x00, 0x00, 0x00, 0x00, 0x00, 0x00, 0x00, 0x00, 0x00, 0x00, 0x00, 0x00, 0x00,
    0x00, 0x00, 0x00, 0x00, 0x00, 0x00, 0x00, 0x00, 0x00, 0x00, 0x00, 0x00, 0x00, 0x00, 0x00, 0x00,
    0x00, 0x00, 0x00, 0x00, 0x00, 0x00, 0x00, 0x00, 0x00, 0x00, 0x00, 0x00, 0x00, 0x00, 0x00, 0x00,
    0x00, 0x00, 0x00, 0x00, 0x00, 0x00, 0x00, 0x00, 0x00, 0x00, 0x00, 0x00, 0x00, 0x00, 0x00, 0x00,
    0x00, 0x00, 0x00, 0x00, 0x00, 0x00, 0x00, 0x00, 0x00, 0x00, 0x00, 0x00, 0x00, 0x00, 0x00, 0x00,
    0x00, 0x00, 0x00, 0x00, 0x00, 0x00, 0x00, 0x00, 0x00, 0x00, 0x00, 0x00, 0x00, 0x00, 0x00, 0x00,
    0x00, 0x00, 0x00, 0x00, 0x00, 0x00, 0x00, 0x00, 0x00, 0x00, 0x00, 0x00, 0x00, 0x00, 0x00, 0x00,
    0x00, 0x00, 0x00, 0x00, 0x00, 0x00, 0x00, 0x00, 0x00, 0x00, 0x00, 0x00, 0x00, 0x00, 0x00, 0x00,
    0x00, 0x00, 0x00, 0x00, 0x00, 0x00, 0x00, 0x00, 0x00, 0x00, 0x00, 0x00, 0x00, 0x00, 0x00, 0x00,
    0x00, 0x00, 0x00, 0x00, 0x00, 0x00, 0x00, 0x00, 0x00, 0x00, 0x00, 0x00, 0x00, 0x00, 0x00, 0x00,
    0x00, 0x00, 0x00, 0x00, 0x00, 0x00, 0x00, 0x00, 0x00, 0x00, 0x00, 0x00, 0x00, 0x00, 0x00, 0x00,
    0x00, 0x00, 0x00, 0x00, 0x00, 0x00, 0x00, 0x00, 0x00, 0x00, 0x00, 0x00, 0x00, 0x00, 0x00, 0x00,
    0x00, 0x00, 0x00, 0x00, 0x00, 0x00, 0x00, 0x00, 0x00, 0x00, 0x00, 0x00, 0x00, 0x00, 0x00, 0x00,
    0x00, 0x00, 0x00, 0x00, 0x00, 0x00, 0x00, 0x00, 0x00, 0x00, 0x00, 0x00, 0x00, 0x00, 0x00, 0x00,
    0x00, 0x00, 0x00, 0x00, 0x00, 0x00, 0x00, 0x00, 0x00, 0x00, 0x00, 0x00, 0x00, 0x00, 0x00, 0x00,
    0x00, 0x00, 0x00, 0x00, 0x00, 0x00, 0x00, 0x00, 0x00, 0x00, 0x00, 0x00, 0x00, 0x00, 0x00, 0x00,
    0x00, 0x00, 0x00, 0x00, 0x00, 0x00, 0x00, 0x00, 0x00, 0x00, 0x00, 0x00, 0x00, 0x00, 0x00, 0x00,
    0x00, 0x00, 0x00, 0x00, 0x00, 0x00, 0x00, 0x00, 0x00, 0x00, 0x00, 0x00, 0x00, 0x00, 0x00, 0x00,
    0x00, 0x00, 0x00, 0x00, 0x00, 0x00, 0x00, 0x00, 0x00, 0x00, 0x00, 0x00, 0x00, 0x00, 0x00, 0x00,
    0x00, 0x00, 0x00, 0x00, 0x00, 0x00, 0x00, 0x00, 0x00, 0x00, 0x00, 0x00, 0x00, 0x00, 0x00, 0x00,
    0x00, 0x00, 0x00, 0x00, 0x00, 0x00, 0x00, 0x00, 0x00, 0x00, 0x00, 0x00, 0x00, 0x00, 0x00, 0x00,
    0x00, 0x00, 0x00, 0x00, 0x00, 0x00, 0x00, 0x00, 0x00, 0x00, 0x00, 0x00, 0x00, 0x00, 0x00, 0x00,
    0x00, 0x00, 0x00, 0x00, 0x00, 0x00, 0x00, 0x00, 0x00, 0x00, 0x00, 0x00, 0x00, 0x00, 0x00, 0x00,
    0x00, 0x00, 0x00, 0x00, 0x00, 0x00, 0x00, 0x00, 0x00, 0x00, 0x00, 0x00, 0x00, 0x00, 0x00, 0x00,
    0x00, 0x00, 0x00, 0x00, 0x00, 0x00, 0x00, 0x00, 0x00, 0x00, 0x00, 0x00, 0x00, 0x00, 0x00, 0x00,
    0x00, 0x00, 0x00, 0x00, 0x00, 0x00, 0x00, 0x00, 0x00, 0x00, 0x00, 0x00, 0x00, 0x00, 0x00, 0x00,
    0x00, 0x00, 0x00, 0x00, 0x00, 0x00, 0x00, 0x00, 0x00, 0x00, 0x00, 0x00, 0x00, 0x00, 0x00, 0x00,
    0x00, 0x00, 0x00, 0x00, 0x00, 0x00, 0x00, 0x00, 0x00, 0x00, 0x00, 0x00, 0x00, 0x00, 0x00, 0x00,
    0x00, 0x00, 0x00, 0x00, 0x00, 0x00, 0x00, 0x00, 0x00, 0x00, 0x00, 0x00, 0x00, 0x00, 0x00, 0x00,
    0x00, 0x00, 0x00, 0x00, 0x00, 0x00, 0x00, 0x00, 0x00, 0x00, 0x00, 0x00, 0x00, 0x00, 0x00, 0x00,
    0x00, 0x00, 0x00, 0x00, 0x00, 0x00, 0x00, 0x00, 0x00, 0x00, 0x00, 0x00, 0x00, 0x00, 0x00, 0x00,
    0x00, 0x00, 0x00, 0x00, 0x00, 0x00, 0x00, 0x00, 0x00, 0x00, 0x00, 0x00, 0x00, 0x00, 0x00, 0x00,
    0x00, 0x00, 0x00, 0x00, 0x00, 0x00, 0x00, 0x00, 0x00, 0x00, 0x00, 0x00, 0x00, 0x00, 0x00, 0x00,
    0x00, 0x00, 0x00, 0x00, 0x00, 0x00, 0x00, 0x00, 0x00, 0x00, 0x00, 0x00, 0x00, 0x00, 0x00, 0x00,
    0x00, 0x00, 0x00, 0x00, 0x00, 0x00, 0x00, 0x00, 0x00, 0x00, 0x00, 0x00, 0x00, 0x00, 0x00, 0x00,
    0x00, 0x00, 0x00, 0x00, 0x00, 0x00, 0x00, 0x00, 0x00, 0x00, 0x00, 0x00, 0x00, 0x00, 0x00, 0x00,
    0x00, 0x00, 0x00, 0x00, 0x00, 0x00, 0x00, 0x00, 0x00, 0x00, 0x00, 0x00, 0x00, 0x00, 0x00, 0x00,
    0x00, 0x00, 0x00, 0x00, 0x00, 0x00, 0x00, 0x00, 0x00, 0x00, 0x00, 0x00, 0x00, 0x00, 0x00, 0x00,
    0x00, 0x00, 0x00, 0x00, 0x00, 0x00, 0x00, 0x00, 0x00, 0x00, 0x00, 0x00, 0x00, 0x00, 0x00, 0x00,
    0x00, 0x00, 0x00, 0x00, 0x00, 0x00, 0x00, 0x00, 0x00, 0x00, 0x00, 0x00, 0x00, 0x00, 0x00, 0x00,
    0x00, 0x00, 0x00, 0x00, 0x00, 0x00, 0x00, 0x00, 0x00, 0x00, 0x00, 0x00, 0x00, 0x00, 0x00, 0x00,
    0x00, 0x00, 0x00, 0x00, 0x00, 0x00, 0x00, 0x00, 0x00, 0x00, 0x00, 0x00, 0x00, 0x00, 0x00, 0x00,
    0x00, 0x00, 0x00, 0x00, 0x00, 0x00, 0x00, 0x00, 0x00, 0x00, 0x00, 0x00, 0x00, 0x00, 0x00, 0x00,
    0x00, 0x00, 0x00, 0x00, 0x00, 0x00, 0x00, 0x00, 0x00, 0x00, 0x00, 0x00, 0x00, 0x00, 0x00, 0x00,
    0x00, 0x00, 0x00, 0x00, 0x00, 0x00, 0x00, 0x00, 0x00, 0x00, 0x00, 0x00, 0x00, 0x00, 0x00, 0x00,
    0x00, 0x00, 0x00, 0x00, 0x00, 0x00, 0x00, 0x00, 0x00, 0x00, 0x00, 0x00, 0x00, 0x00, 0x00, 0x00,
    0x00, 0x00, 0x00, 0x00, 0x00, 0x00, 0x00, 0x00, 0x00, 0x00, 0x00, 0x00, 0x00, 0x00, 0x00, 0x00,
    0x00, 0x00, 0x00, 0x00, 0x00, 0x00, 0x00, 0x00, 0x00, 0x00, 0x00, 0x00, 0x00, 0x00, 0x00, 0x00,
    0x00, 0x00, 0x00, 0x00, 0x00, 0x00, 0x00, 0x00, 0x00, 0x00, 0x00, 0x00, 0x00, 0x00, 0x00, 0x00,
    0x00, 0x00, 0x00, 0x00, 0x00, 0x00, 0x00, 0x00, 0x00, 0x00, 0x00, 0x00, 0x00, 0x00, 0x00, 0x00,
    0x00, 0x00, 0x00, 0x00, 0x00, 0x00, 0x00, 0x00, 0x00, 0x00, 0x00, 0x00, 0x00, 0x00, 0x00, 0x00,
    0x00, 0x00, 0x00, 0x00, 0x00, 0x00, 0x00, 0x00, 0x00, 0x00, 0x00, 0x00, 0x00, 0x00, 0x00, 0x00,
    0x00, 0x00, 0x00, 0x00, 0x00, 0x00, 0x00, 0x00, 0x00, 0x00, 0x00, 0x00, 0x00, 0x00, 0x00, 0x00,
    0x00, 0x00, 0x00, 0x00, 0x00, 0x00, 0x00, 0x00, 0x00, 0x00, 0x00, 0x00, 0x00, 0x00, 0x00, 0x00,
    0x00, 0x00, 0x00, 0x00, 0x00, 0x00, 0x00, 0x00, 0x00, 0x00, 0x00, 0x00, 0x00, 0x00, 0x00, 0x00,
    0x00, 0x00, 0x00, 0x00, 0x00, 0x00, 0x00, 0x00, 0x00, 0x00, 0x00, 0x00, 0x00, 0x00, 0x00, 0x00,
    0x00, 0x00, 0x00, 0x00, 0x00, 0x00, 0x00, 0x00, 0x00, 0x00, 0x00, 0x00, 0x00, 0x00, 0x00, 0x00,
    0x00, 0x00, 0x00, 0x00, 0x00, 0x00, 0x00, 0x00, 0x00, 0x00, 0x00, 0x00, 0x00, 0x00, 0x00, 0x00,
    0x00, 0x00, 0x00, 0x00, 0x00, 0x00, 0x00, 0x00, 0x00, 0x00, 0x00, 0x00, 0x00, 0x00, 0x00, 0x00,
    0x00, 0x00, 0x00, 0x00, 0x00, 0x00, 0x00, 0x00, 0x00, 0x00, 0x00, 0x00, 0x00, 0x00, 0x00, 0x00,
    0x00, 0x00, 0x00, 0x00, 0x00, 0x00, 0x00, 0x00, 0x00, 0x00, 0x00, 0x00, 0x00, 0x00, 0x00, 0x00,
    0x00, 0x00, 0x00, 0x00, 0x00, 0x00, 0x00, 0x00, 0x00, 0x00, 0x00, 0x00, 0x00, 0x00, 0x00, 0x00,
    0x00, 0x00, 0x00, 0x00, 0x00, 0x00, 0x00, 0x00, 0x00, 0x00, 0x00, 0x00, 0x00, 0x00, 0x00, 0x00,
    0x00, 0x00, 0x00, 0x00, 0x00, 0x00, 0x00, 0x00, 0x00, 0x00, 0x00, 0x00, 0x00, 0x00, 0x00, 0x00,
    0x00, 0x00, 0x00, 0x00, 0x00, 0x00, 0x00, 0x00, 0x00, 0x00, 0x00, 0x00, 0x00, 0x00, 0x00, 0x00,
    0x00, 0x00, 0x00, 0x00, 0x00, 0x00, 0x00, 0x00, 0x00, 0x00, 0x00, 0x00, 0x00, 0x00, 0x00, 0x00,
    0x00, 0x00, 0x00, 0x00, 0x00, 0x00, 0x00, 0x00, 0x00, 0x00, 0x00, 0x00, 0x00, 0x00, 0x00, 0x00,
    0x00, 0x00, 0x00, 0x00, 0x00, 0x00, 0x00, 0x00, 0x00, 0x00, 0x00, 0x00, 0x00, 0x00, 0x00, 0x00,
    0x00, 0x00, 0x00, 0x00, 0x00, 0x00, 0x00, 0x00, 0x00, 0x00, 0x00, 0x00, 0x00, 0x00, 0x00, 0x00,
    0x00, 0x00, 0x00, 0x00, 0x00, 0x00, 0x00, 0x00, 0x00, 0x00, 0x00, 0x00, 0x00, 0x00, 0x00, 0x00,
    0x00, 0x00, 0x00, 0x00, 0x00, 0x00, 0x00, 0x00, 0x00, 0x00, 0x00, 0x00, 0x00, 0x00, 0x00, 0x00,
    0x00, 0x00, 0x00, 0x00, 0x00, 0x00, 0x00, 0x00, 0x00, 0x00, 0x00, 0x00, 0x00, 0x00, 0x00, 0x00,
    0x00, 0x00, 0x00, 0x00, 0x00, 0x00, 0x00, 0x00, 0x00, 0x00, 0x00, 0x00, 0x00, 0x00, 0x00, 0x00,
    0x00, 0x00, 0x00, 0x00, 0x00, 0x00, 0x00, 0x00, 0x00, 0x00, 0x00, 0x00, 0x00, 0x00, 0x00, 0x00,
    0x00, 0x00, 0x00, 0x00, 0x00, 0x00, 0x00, 0x00, 0x00, 0x00, 0x00, 0x00, 0x00, 0x00, 0x00, 0x00,
    0x00, 0x00, 0x00, 0x00, 0x00, 0x00, 0x00, 0x00, 0x00, 0x00, 0x00, 0x00, 0x00, 0x00, 0x00, 0x00,
    0x00, 0x00, 0x00, 0x00, 0x00, 0x00, 0x00, 0x00, 0x00, 0x00, 0x00, 0x00, 0x00, 0x00, 0x00, 0x00,
    0x00, 0x00, 0x00, 0x00, 0x00, 0x00, 0x00, 0x00, 0x00, 0x00, 0x00, 0x00, 0x00, 0x00, 0x00, 0x00,
    0x00, 0x00, 0x00, 0x00, 0x00, 0x00, 0x00, 0x00, 0x00, 0x00, 0x00, 0x00, 0x00, 0x00, 0x00, 0x00,
    0x00, 0x00, 0x00, 0x00, 0x00, 0x00, 0x00, 0x00, 0x00, 0x00, 0x00, 0x00, 0x00, 0x00, 0x00, 0x00,
    0x00, 0x00, 0x00, 0x00, 0x00, 0x00, 0x00, 0x00, 0x00, 0x00, 0x00, 0x00, 0x00, 0x00, 0x00, 0x00,
    0x00, 0x00, 0x00, 0x00, 0x00, 0x00, 0x00, 0x00, 0x00, 0x00, 0x00, 0x00, 0x00, 0x00, 0x00, 0x00,
    0x00, 0x00, 0x00, 0x00, 0x00, 0x00, 0x00, 0x00, 0x00, 0x00, 0x00, 0x00, 0x00, 0x00, 0x00, 0x00,
    0x00, 0x00, 0x00, 0x00, 0x00, 0x00, 0x00, 0x00, 0x00, 0x00, 0x00, 0x00, 0x00, 0x00, 0x00, 0x00,
    0x00, 0x00, 0x00, 0x00, 0x00, 0x00, 0x00, 0x00, 0x00, 0x00, 0x00, 0x00, 0x00, 0x00, 0x00, 0x00,
    0x00, 0x00, 0x00, 0x00, 0x00, 0x00, 0x00, 0x00, 0x00, 0x00, 0x00, 0x00, 0x00, 0x00, 0x00, 0x00,
    0x00, 0x00, 0x00, 0x00, 0x00, 0x00, 0x00, 0x00, 0x00, 0x00, 0x00, 0x00, 0x00, 0x00, 0x00, 0x00,
    0x00, 0x00, 0x00, 0x00, 0x00, 0x00, 0x00, 0x00, 0x00, 0x00, 0x00, 0x00, 0x00, 0x00, 0x00, 0x00,
    0x00, 0x00, 0x00, 0x00, 0x00, 0x00, 0x00, 0x00, 0x00, 0x00, 0x00, 0x00, 0x00, 0x00, 0x00, 0x00,
    0x00, 0x00, 0x00, 0x00, 0x00, 0x00, 0x00, 0x00, 0x00, 0x00, 0x00, 0x00, 0x00, 0x00, 0x00, 0x00,
    0x00, 0x00, 0x00, 0x00, 0x00, 0x00, 0x00, 0x00, 0x00, 0x00, 0x00, 0x00, 0x00, 0x00, 0x00, 0x00,
    0x00, 0x00, 0x00, 0x00, 0x00, 0x00, 0x00, 0x00, 0x00, 0x00, 0x00, 0x00, 0x00, 0x00, 0x00, 0x00,
    0x00, 0x00, 0x00, 0x00, 0x00, 0x00, 0x00, 0x00, 0x00, 0x00, 0x00, 0x00, 0x00, 0x00, 0x00, 0x00,
    0x00, 0x00, 0x00, 0x00, 0x00, 0x00, 0x00, 0x00, 0x00, 0x00, 0x00, 0x00, 0x00, 0x00, 0x00, 0x00,
    0x00, 0x00, 0x00, 0x00, 0x00, 0x00, 0x00, 0x00, 0x00, 0x00, 0x00, 0x00, 0x00, 0x00, 0x00, 0x00,
    0x00, 0x00, 0x00, 0x00, 0x00, 0x00, 0x00, 0x00, 0x00, 0x00, 0x00, 0x00, 0x00, 0x00, 0x00, 0x00,
    0x00, 0x00, 0x00, 0x00, 0x00, 0x00, 0x00, 0x00, 0x00, 0x00, 0x00, 0x00, 0x00, 0x00, 0x00, 0x00,
    0x00, 0x00, 0x00, 0x00, 0x00, 0x00, 0x00, 0x00, 0x00, 0x00, 0x00, 0x00, 0x00, 0x00, 0x00, 0x00,
    0x00, 0x00, 0x00, 0x00, 0x00, 0x00, 0x00, 0x00, 0x00, 0x00, 0x00, 0x00, 0x00, 0x00, 0x00, 0x00,
    0x00, 0x00, 0x00, 0x00, 0x00, 0x00, 0x00, 0x00, 0x00, 0x00, 0x00, 0x00, 0x00, 0x00, 0x00, 0x00,
    0x00, 0x00, 0x00, 0x00, 0x00, 0x00, 0x00, 0x00, 0x00, 0x00, 0x00, 0x00, 0x00, 0x00, 0x00, 0x00,
    0x00, 0x00, 0x00, 0x00, 0x00, 0x00, 0x00, 0x00, 0x00, 0x00, 0x00, 0x00, 0x00, 0x00, 0x00, 0x00,
    0x00, 0x00, 0x00, 0x00, 0x00, 0x00, 0x00, 0x00, 0x00, 0x00, 0x00, 0x00, 0x00, 0x00, 0x00, 0x00,
    0x00, 0x00, 0x00, 0x00, 0x00, 0x00, 0x00, 0x00, 0x00, 0x00, 0x00, 0x00, 0x00, 0x00, 0x00, 0x00,
    0x00, 0x00, 0x00, 0x00, 0x00, 0x00, 0x00, 0x00, 0x00, 0x00, 0x00, 0x00, 0x00, 0x00, 0x00, 0x00,
    0x00, 0x00, 0x00, 0x00, 0x00, 0x00, 0x00, 0x00, 0x00, 0x00, 0x00, 0x00, 0x00, 0x00, 0x00, 0x00,
    0x00, 0x00, 0x00, 0x00, 0x00, 0x00, 0x00, 0x00, 0x00, 0x00, 0x00, 0x00, 0x00, 0x00, 0x00, 0x00,
    0x00, 0x00, 0x00, 0x00, 0x00, 0x00, 0x00, 0x00, 0x00, 0x00, 0x00, 0x00, 0x00, 0x00, 0x00, 0x00,
    0x00, 0x00, 0x00, 0x00, 0x00, 0x00, 0x00, 0x00, 0x00, 0x00, 0x00, 0x00, 0x00, 0x00, 0x00, 0x00,
    0x00, 0x00, 0x00, 0x00, 0x00, 0x00, 0x00, 0x00, 0x00, 0x00, 0x00, 0x00, 0x00, 0x00, 0x00, 0x00,
    0x00, 0x00, 0x00, 0x00, 0x00, 0x00, 0x00, 0x00, 0x00, 0x00, 0x00, 0x00, 0x00, 0x00, 0x00, 0x00,
    0x00, 0x00, 0x00, 0x00, 0x00, 0x00, 0x00, 0x00, 0x00, 0x00, 0x00, 0x00, 0x00, 0x00, 0x00, 0x00,
    0x00, 0x00, 0x00, 0x00, 0x00, 0x00, 0x00, 0x00, 0x00, 0x00, 0x00, 0x00, 0x00, 0x00, 0x00, 0x00,
    0x00, 0x00, 0x00, 0x00, 0x00, 0x00, 0x00, 0x00, 0x00, 0x00, 0x00, 0x00, 0x00, 0x00, 0x00, 0x00,
    0x00, 0x00, 0x00, 0x00, 0x00, 0x00, 0x00, 0x00, 0x00, 0x00, 0x00, 0x00, 0x00, 0x00, 0x00, 0x00,
    0x00, 0x00, 0x00, 0x00, 0x00, 0x00, 0x00, 0x00, 0x00, 0x00, 0x00, 0x00, 0x00, 0x00, 0x00, 0x00,
    0x00, 0x00, 0x00, 0x00, 0x00, 0x00, 0x00, 0x00, 0x00, 0x00, 0x00, 0x00, 0x00, 0x00, 0x00, 0x00,
    0x00, 0x00, 0x00, 0x00, 0x00, 0x00, 0x00, 0x00, 0x00, 0x00, 0x00, 0x00, 0x00, 0x00, 0x00, 0x00,
    0x00, 0x00, 0x00, 0x00, 0x00, 0x00, 0x00, 0x00, 0x00, 0x00, 0x00, 0x00, 0x00, 0x00, 0x00, 0x00,
    0x00, 0x00, 0x00, 0x00, 0x00, 0x00, 0x00, 0x00, 0x00, 0x00, 0x00, 0x00, 0x00, 0x00, 0x00, 0x00,
    0x00, 0x00, 0x00, 0x00, 0x00, 0x00, 0x00, 0x00, 0x00, 0x00, 0x00, 0x00, 0x00, 0x00, 0x00, 0x00,
    0x00, 0x00, 0x00, 0x00, 0x00, 0x00, 0x00, 0x00, 0x00, 0x00, 0x00, 0x00, 0x00, 0x00, 0x00, 0x00,
    0x00, 0x00, 0x00, 0x00, 0x00, 0x00, 0x00, 0x00, 0x00, 0x00, 0x00, 0x00, 0x00, 0x00, 0x00, 0x00,
    0x00, 0x00, 0x00, 0x00, 0x00, 0x00, 0x00, 0x00, 0x00, 0x00, 0x00, 0x00, 0x00, 0x00, 0x00, 0x00,
    0x00, 0x00, 0x00, 0x00, 0x00, 0x00, 0x00, 0x00, 0x00, 0x00, 0x00, 0x00, 0x00, 0x00, 0x00, 0x00,
    0x00, 0x00, 0x00, 0x00, 0x00, 0x00, 0x00, 0x00, 0x00, 0x00, 0x00, 0x00, 0x00, 0x00, 0x00, 0x00,
    0x00, 0x00, 0x00, 0x00, 0x00, 0x00, 0x00, 0x00, 0x00, 0x00, 0x00, 0x00, 0x00, 0x00, 0x00, 0x00,
    0x00, 0x00, 0x00, 0x00, 0x00, 0x00, 0x00, 0x00, 0x00, 0x00, 0x00, 0x00, 0x00, 0x00, 0x00, 0x00,
    0x00, 0x00, 0x00, 0x00, 0x00, 0x00, 0x00, 0x00, 0x00, 0x00, 0x00, 0x00, 0x00, 0x00, 0x00, 0x00,
    0x00, 0x00, 0x00, 0x00, 0x00, 0x00, 0x00, 0x00, 0x00, 0x00, 0x00, 0x00, 0x00, 0x00, 0x00, 0x00,
    0x00, 0x00, 0x00, 0x00, 0x00, 0x00, 0x00, 0x00, 0x00, 0x00, 0x00, 0x00, 0x00, 0x00, 0x00, 0x00,
    0x00, 0x00, 0x00, 0x00, 0x00, 0x00, 0x00, 0x00, 0x00, 0x00, 0x00, 0x00, 0x00, 0x00, 0x00, 0x00,
    0x00, 0x00, 0x00, 0x00, 0x00, 0x00, 0x00, 0x00, 0x00, 0x00, 0x00, 0x00, 0x00, 0x00, 0x00, 0x00,
    0x00, 0x00, 0x00, 0x00, 0x00, 0x00, 0x00, 0x00, 0x00, 0x00, 0x00, 0x00, 0x00, 0x00, 0x00, 0x00,
    0x00, 0x00, 0x00, 0x00, 0x00, 0x00, 0x00, 0x00, 0x00, 0x00, 0x00, 0x00, 0x00, 0x00, 0x00, 0x00,
    0x00, 0x00, 0x00, 0x00, 0x00, 0x00, 0x00, 0x00, 0x00, 0x00, 0x00, 0x00, 0x00, 0x00, 0x00, 0x00,
    0x00, 0x00, 0x00, 0x00, 0x00, 0x00, 0x00, 0x00, 0x00, 0x00, 0x00, 0x00, 0x00, 0x00, 0x00, 0x00,
    0x00, 0x00, 0x00, 0x00, 0x00, 0x00, 0x00, 0x00, 0x00, 0x00, 0x00, 0x00, 0x00, 0x00, 0x00, 0x00,
    0x00, 0x00, 0x00, 0x00, 0x00, 0x00, 0x00, 0x00, 0x00, 0x00, 0x00, 0x00, 0x00, 0x00, 0x00, 0x00,
    0x00, 0x00, 0x00, 0x00, 0x00, 0x00, 0x00, 0x00, 0x00, 0x00, 0x00, 0x00, 0x00, 0x00, 0x00, 0x00,
    0x00, 0x00, 0x00, 0x00, 0x00, 0x00, 0x00, 0x00, 0x00, 0x00, 0x00, 0x00, 0x00, 0x00, 0x00, 0x00,
    0x00, 0x00, 0x00, 0x00, 0x00, 0x00, 0x00, 0x00, 0x00, 0x00, 0x00, 0x00, 0x00, 0x00, 0x00, 0x00,
    0x00, 0x00, 0x00, 0x00, 0x00, 0x00, 0x00, 0x00, 0x00, 0x00, 0x00, 0x00, 0x00, 0x00, 0x00, 0x00,
    0x00, 0x00, 0x00, 0x00, 0x00, 0x00, 0x00, 0x00, 0x00, 0x00, 0x00, 0x00, 0x00, 0x00, 0x00, 0x00,
    0x00, 0x00, 0x00, 0x00, 0x00, 0x00, 0x00, 0x00, 0x00, 0x00, 0x00, 0x00, 0x00, 0x00, 0x00, 0x00,
    0x00, 0x00, 0x00, 0x00, 0x00, 0x00, 0x00, 0x00, 0x00, 0x00, 0x00, 0x00, 0x00, 0x00, 0x00, 0x00,
    0x00, 0x00, 0x00, 0x00, 0x00, 0x00, 0x00, 0x00, 0x00, 0x00, 0x00, 0x00, 0x00, 0x00, 0x00, 0x00,
    0x00, 0x00, 0x00, 0x00, 0x00, 0x00, 0x00, 0x00, 0x00, 0x00, 0x00, 0x00, 0x00, 0x00, 0x00, 0x00,
    0x00, 0x00, 0x00, 0x00, 0x00, 0x00, 0x00, 0x00, 0x00, 0x00, 0x00, 0x00, 0x00, 0x00, 0x00, 0x00,
    0x00, 0x00, 0x00, 0x00, 0x00, 0x00, 0x00, 0x00, 0x00, 0x00, 0x00, 0x00, 0x00, 0x00, 0x00, 0x00,
    0x00, 0x00, 0x00, 0x00, 0x00, 0x00, 0x00, 0x00, 0x00, 0x00, 0x00, 0x00, 0x00, 0x00, 0x00, 0x00,
    0x00, 0x00, 0x00, 0x00, 0x00, 0x00, 0x00, 0x00, 0x00, 0x00, 0x00, 0x00, 0x00, 0x00, 0x00, 0x00,
    0x00, 0x00, 0x00, 0x00, 0x00, 0x00, 0x00, 0x00, 0x00, 0x00, 0x00, 0x00, 0x00, 0x00, 0x00, 0x00,
    0x00, 0x00, 0x00, 0x00, 0x00, 0x00, 0x00, 0x00, 0x00, 0x00, 0x00, 0x00, 0x00, 0x00, 0x00, 0x00,
    0x00, 0x00, 0x00, 0x00, 0x00, 0x00, 0x00, 0x00, 0x00, 0x00, 0x00, 0x00, 0x00, 0x00, 0x00, 0x00,
    0x00, 0x00, 0x00, 0x00, 0x00, 0x00, 0x00, 0x00, 0x00, 0x00, 0x00, 0x00, 0x00, 0x00, 0x00, 0x00,
    0x00, 0x00, 0x00, 0x00, 0x00, 0x00, 0x00, 0x00, 0x00, 0x00, 0x00, 0x00, 0x00, 0x00, 0x00, 0x00,
    0x00, 0x00, 0x00, 0x00, 0x00, 0x00, 0x00, 0x00, 0x00, 0x00, 0x00, 0x00, 0x00, 0x00, 0x00, 0x00,
    0x00, 0x00, 0x00, 0x00, 0x00, 0x00, 0x00, 0x00, 0x00, 0x00, 0x00, 0x00, 0x00, 0x00, 0x00, 0x00,
    0x00, 0x00, 0x00, 0x00, 0x00, 0x00, 0x00, 0x00, 0x00, 0x00, 0x00, 0x00, 0x00, 0x00, 0x00, 0x00,
    0x00, 0x00, 0x00, 0x00, 0x00, 0x00, 0x00, 0x00, 0x00, 0x00, 0x00, 0x00, 0x00, 0x00, 0x00, 0x00,
    0x00, 0x00, 0x00, 0x00, 0x00, 0x00, 0x00, 0x00, 0x00, 0x00, 0x00, 0x00, 0x00, 0x00, 0x00, 0x00,
    0x00, 0x00, 0x00, 0x00, 0x00, 0x00, 0x00, 0x00, 0x00, 0x00, 0x00, 0x00, 0x00, 0x00, 0x00, 0x00,
    0x00, 0x00, 0x00, 0x00, 0x00, 0x00, 0x00, 0x00, 0x00, 0x00, 0x00, 0x00, 0x00, 0x00, 0x00, 0x00,
    0x00, 0x00, 0x00, 0x00, 0x00, 0x00, 0x00, 0x00, 0x00, 0x00, 0x00, 0x00, 0x00, 0x00, 0x00, 0x00,
    0x00, 0x00, 0x00, 0x00, 0x00, 0x00, 0x00, 0x00, 0x00, 0x00, 0x00, 0x00, 0x00, 0x00, 0x00, 0x00,
    0x00, 0x00, 0x00, 0x00, 0x00, 0x00, 0x00, 0x00, 0x00, 0x00, 0x00, 0x00, 0x00, 0x00, 0x00, 0x00,
    0x00, 0x00, 0x00, 0x00, 0x00, 0x00, 0x00, 0x00, 0x00, 0x00, 0x00, 0x00, 0x00, 0x00, 0x00, 0x00,
    0x00, 0x00, 0x00, 0x00, 0x00, 0x00, 0x00, 0x00, 0x00, 0x00, 0x00, 0x00, 0x00, 0x00, 0x00, 0x00,
    0x00, 0x00, 0x00, 0x00, 0x00, 0x00, 0x00, 0x00, 0x00, 0x00, 0x00, 0x00, 0x00, 0x00, 0x00, 0x00,
    0x00, 0x00, 0x00, 0x00, 0x00, 0x00, 0x00, 0x00, 0x00, 0x00, 0x00, 0x00, 0x00, 0x00, 0x00, 0x00,
    0x00, 0x00, 0x00, 0x00, 0x00, 0x00, 0x00, 0x00, 0x00, 0x00, 0x00, 0x00, 0x00, 0x00, 0x00, 0x00,
    0x00, 0x00, 0x00, 0x00, 0x00, 0x00, 0x00, 0x00, 0x00, 0x00, 0x00, 0x00, 0x00, 0x00, 0x00, 0x00,
    0x00, 0x00, 0x00, 0x00, 0x00, 0x00, 0x00, 0x00, 0x00, 0x00, 0x00, 0x00, 0x00, 0x00, 0x00, 0x00,
    0x00, 0x00, 0x00, 0x00, 0x00, 0x00, 0x00, 0x00, 0x00, 0x00, 0x00, 0x00, 0x00, 0x00, 0x00, 0x00,
    0x00, 0x00, 0x00, 0x00, 0x00, 0x00, 0x00, 0x00, 0x00, 0x00, 0x00, 0x00, 0x00, 0x00, 0x00, 0x00,
    0x00, 0x00, 0x00, 0x00, 0x00, 0x00, 0x00, 0x00, 0x00, 0x00, 0x00, 0x00, 0x00, 0x00, 0x00, 0x00,
    0x00, 0x00, 0x00, 0x00, 0x00, 0x00, 0x00, 0x00, 0x00, 0x00, 0x00, 0x00, 0x00, 0x00, 0x00, 0x00,
    0x00, 0x00, 0x00, 0x00, 0x00, 0x00, 0x00, 0x00, 0x00, 0x00, 0x00, 0x00, 0x00, 0x00, 0x00, 0x00,
    0x00, 0x00, 0x00, 0x00, 0x00, 0x00, 0x00, 0x00, 0x00, 0x00, 0x00, 0x00, 0x00, 0x00, 0x00, 0x00,
    0x00, 0x00, 0x00, 0x00, 0x00, 0x00, 0x00, 0x00, 0x00, 0x00, 0x00, 0x00, 0x00, 0x00, 0x00, 0x00,
    0x00, 0x00, 0x00, 0x00, 0x00, 0x00, 0x00, 0x00, 0x00, 0x00, 0x00, 0x00, 0x00, 0x00, 0x00, 0x00,
    0x00, 0x00, 0x00, 0x00, 0x00, 0x00, 0x00, 0x00, 0x00, 0x00, 0x00, 0x00, 0x00, 0x00, 0x00, 0x00,
    0x00, 0x00, 0x00, 0x00, 0x00, 0x00, 0x00, 0x00, 0x00, 0x00, 0x00, 0x00, 0x00, 0x00, 0x00, 0x00,
    0x00, 0x00, 0x00, 0x00, 0x00, 0x00, 0x00, 0x00, 0x00, 0x00, 0x00, 0x00, 0x00, 0x00, 0x00, 0x00,
    0x00, 0x00, 0x00, 0x00, 0x00, 0x00, 0x00, 0x00, 0x00, 0x00, 0x00, 0x00, 0x00, 0x00, 0x00, 0x00,
    0x00, 0x00, 0x00, 0x00, 0x00, 0x00, 0x00, 0x00, 0x00, 0x00, 0x00, 0x00, 0x00, 0x00, 0x00, 0x00,
    0x00, 0x00, 0x00, 0x00, 0x00, 0x00, 0x00, 0x00, 0x00, 0x00, 0x00, 0x00, 0x00, 0x00, 0x00, 0x00,
    0x00, 0x00, 0x00, 0x00, 0x00, 0x00, 0x00, 0x00, 0x00, 0x00, 0x00, 0x00, 0x00, 0x00, 0x00, 0x00,
    0x00, 0x00, 0x00, 0x00, 0x00, 0x00, 0x00, 0x00, 0x00, 0x00, 0x00, 0x00, 0x00, 0x00, 0x00, 0x00,
    0x00, 0x00, 0x00, 0x00, 0x00, 0x00, 0x00, 0x00, 0x00, 0x00, 0x00, 0x00, 0x00, 0x00, 0x00, 0x00,
    0x00, 0x00, 0x00, 0x00, 0x00, 0x00, 0x00, 0x00, 0x00, 0x00, 0x00, 0x00, 0x00, 0x00, 0x00, 0x00,
    0x00, 0x00, 0x00, 0x00, 0x00, 0x00, 0x00, 0x00, 0x00, 0x00, 0x00, 0x00, 0x00, 0x00, 0x00, 0x00,
    0x00, 0x00, 0x00, 0x00, 0x00, 0x00, 0x00, 0x00, 0x00, 0x00, 0x00, 0x00, 0x00, 0x00, 0x00, 0x00,
    0x00, 0x00, 0x00, 0x00, 0x00, 0x00, 0x00, 0x00, 0x00, 0x00, 0x00, 0x00, 0x00, 0x00, 0x00, 0x00,
    0x00, 0x00, 0x00, 0x00, 0x00, 0x00, 0x00, 0x00, 0x00, 0x00, 0x00, 0x00, 0x00, 0x00, 0x00, 0x00,
    0x00, 0x00, 0x00, 0x00, 0x00, 0x00, 0x00, 0x00, 0x00, 0x00, 0x00, 0x00, 0x00, 0x00, 0x00, 0x00,
    0x00, 0x00, 0x00, 0x00, 0x00, 0x00, 0x00, 0x00, 0x00, 0x00, 0x00, 0x00, 0x00, 0x00, 0x00, 0x00,
    0x00, 0x00, 0x00, 0x00, 0x00, 0x00, 0x00, 0x00, 0x00, 0x00, 0x00, 0x00, 0x00, 0x00, 0x00, 0x00,
    0x00, 0x00, 0x00, 0x00, 0x00, 0x00, 0x00, 0x00, 0x00, 0x00, 0x00, 0x00, 0x00, 0x00, 0x00, 0x00,
    0x00, 0x00, 0x00, 0x00, 0x00, 0x00, 0x00, 0x00, 0x00, 0x00, 0x00, 0x00, 0x00, 0x00, 0x00, 0x00,
    0x00, 0x00, 0x00, 0x00, 0x00, 0x00, 0x00, 0x00, 0x00, 0x00, 0x00, 0x00, 0x00, 0x00, 0x00, 0x00,
    0x00, 0x00, 0x00, 0x00, 0x00, 0x00, 0x00, 0x00, 0x00, 0x00, 0x00, 0x00, 0x00, 0x00, 0x00, 0x00,
    0x00, 0x00, 0x00, 0x00, 0x00, 0x00, 0x00, 0x00, 0x00, 0x00, 0x00, 0x00, 0x00, 0x00, 0x00, 0x00,
    0x00, 0x00, 0x00, 0x00, 0x00, 0x00, 0x00, 0x00, 0x00, 0x00, 0x00, 0x00, 0x00, 0x00, 0x00, 0x00,
    0x00, 0x00, 0x00, 0x00, 0x00, 0x00, 0x00, 0x00, 0x00, 0x00, 0x00, 0x00, 0x00, 0x00, 0x00, 0x00,
    0x00, 0x00, 0x00, 0x00, 0x00, 0x00, 0x00, 0x00, 0x00, 0x00, 0x00, 0x00, 0x00, 0x00, 0x00, 0x00,
    0x00, 0x00, 0x00, 0x00, 0x00, 0x00, 0x00, 0x00, 0x00, 0x00, 0x00, 0x00, 0x00, 0x00, 0x00, 0x00,
    0x00, 0x00, 0x00, 0x00, 0x00, 0x00, 0x00, 0x00, 0x00, 0x00, 0x00, 0x00, 0x00, 0x00, 0x00, 0x00,
    0x00, 0x00, 0x00, 0x00, 0x00, 0x00, 0x00, 0x00, 0x00, 0x00, 0x00, 0x00, 0x00, 0x00, 0x00, 0x00,
    0x00, 0x00, 0x00, 0x00, 0x00, 0x00, 0x00, 0x00, 0x00, 0x00, 0x00, 0x00, 0x00, 0x00, 0x00, 0x00,
    0x00, 0x00, 0x00, 0x00, 0x00, 0x00, 0x00, 0x00, 0x00, 0x00, 0x00, 0x00, 0x00, 0x00, 0x00, 0x00,
    0x00, 0x00, 0x00, 0x00, 0x00, 0x00, 0x00, 0x00, 0x00, 0x00, 0x00, 0x00, 0x00, 0x00, 0x00, 0x00,
    0x00, 0x00, 0x00, 0x00, 0x00, 0x00, 0x00, 0x00, 0x00, 0x00, 0x00, 0x00, 0x00, 0x00, 0x00, 0x00,
    0x00, 0x00, 0x00, 0x00, 0x00, 0x00, 0x00, 0x00, 0x00, 0x00, 0x00, 0x00, 0x00, 0x00, 0x00, 0x00,
    0x00, 0x00, 0x00, 0x00, 0x00, 0x00, 0x00, 0x00, 0x00, 0x00, 0x00, 0x00, 0x00, 0x00, 0x00, 0x00,
    0x00, 0x00, 0x00, 0x00, 0x00, 0x00, 0x00, 0x00, 0x00, 0x00, 0x00, 0x00, 0x00, 0x00, 0x00, 0x00,
    0x00, 0x00, 0x00, 0x00, 0x00, 0x00, 0x00, 0x00, 0x00, 0x00, 0x00, 0x00, 0x00, 0x00, 0x00, 0x00,
    0x00, 0x00, 0x00, 0x00, 0x00, 0x00, 0x00, 0x00, 0x00, 0x00, 0x00, 0x00, 0x00, 0x00, 0x00, 0x00,
    0x00, 0x00, 0x00, 0x00, 0x00, 0x00, 0x00, 0x00, 0x00, 0x00, 0x00, 0x00, 0x00, 0x00, 0x00, 0x00,
    0x00, 0x00, 0x00, 0x00, 0x00, 0x00, 0x00, 0x00, 0x00, 0x00, 0x00, 0x00, 0x00, 0x00, 0x00, 0x00,
    0x00, 0x00, 0x00, 0x00, 0x00, 0x00, 0x00, 0x00, 0x00, 0x00, 0x00, 0x00, 0x00, 0x00, 0x00, 0x00,
    0x00, 0x00, 0x00, 0x00, 0x00, 0x00, 0x00, 0x00, 0x00, 0x00, 0x00, 0x00, 0x00, 0x00, 0x00, 0x00,
    0x00, 0x00, 0x00, 0x00, 0x00, 0x00, 0x00, 0x00, 0x00, 0x00, 0x00, 0x00, 0x00, 0x00, 0x00, 0x00,
    0x00, 0x00, 0x00, 0x00, 0x00, 0x00, 0x00, 0x00, 0x00, 0x00, 0x00, 0x00, 0x00, 0x00, 0x00, 0x00,
    0x00, 0x00, 0x00, 0x00, 0x00, 0x00, 0x00, 0x00, 0x00, 0x00, 0x00, 0x00, 0x00, 0x00, 0x00, 0x00,
    0x00, 0x00, 0x00, 0x00, 0x00, 0x00, 0x00, 0x00, 0x00, 0x00, 0x00, 0x00, 0x00, 0x00, 0x00, 0x00,
    0x00, 0x00, 0x00, 0x00, 0x00, 0x00, 0x00, 0x00, 0x00, 0x00, 0x00, 0x00, 0x00, 0x00, 0x00, 0x00,
    0x00, 0x00, 0x00, 0x00, 0x00, 0x00, 0x00, 0x00, 0x00, 0x00, 0x00, 0x00, 0x00, 0x00, 0x00, 0x00,
    0x00, 0x00, 0x00, 0x00, 0x00, 0x00, 0x00, 0x00, 0x00, 0x00, 0x00, 0x00, 0x00, 0x00, 0x00, 0x00,
    0x00, 0x00, 0x00, 0x00, 0x00, 0x00, 0x00, 0x00, 0x00, 0x00, 0x00, 0x00, 0x00, 0x00, 0x00, 0x00,
    0x00, 0x00, 0x00, 0x00, 0x00, 0x00, 0x00, 0x00, 0x00, 0x00, 0x00, 0x00, 0x00, 0x00, 0x00, 0x00,
    0x00, 0x00, 0x00, 0x00, 0x00, 0x00, 0x00, 0x00, 0x00, 0x00, 0x00, 0x00, 0x00, 0x00, 0x00, 0x00,
    0x00, 0x00, 0x00, 0x00, 0x00, 0x00, 0x00, 0x00, 0x00, 0x00, 0x00, 0x00, 0x00, 0x00, 0x00, 0x00,
    0x00, 0x00, 0x00, 0x00, 0x00, 0x00, 0x00, 0x00, 0x00, 0x00, 0x00, 0x00, 0x00, 0x00, 0x00, 0x00,
    0x00, 0x00, 0x00, 0x00, 0x00, 0x00, 0x00, 0x00, 0x00, 0x00, 0x00, 0x00, 0x00, 0x00, 0x00, 0x00,
    0x00, 0x00, 0x00, 0x00, 0x00, 0x00, 0x00, 0x00, 0x00, 0x00, 0x00, 0x00, 0x00, 0x00, 0x00, 0x00,
    0x00, 0x00, 0x00, 0x00, 0x00, 0x00, 0x00, 0x00, 0x00, 0x00, 0x00, 0x00, 0x00, 0x00, 0x00, 0x00,
    0x00, 0x00, 0x00, 0x00, 0x00, 0x00, 0x00, 0x00, 0x00, 0x00, 0x00, 0x00, 0x00, 0x00, 0x00, 0x00,
    0x00, 0x00, 0x00, 0x00, 0x00, 0x00, 0x00, 0x00, 0x00, 0x00, 0x00, 0x00, 0x00, 0x00, 0x00, 0x00,
    0x00, 0x00, 0x00, 0x00, 0x00, 0x00, 0x00, 0x00, 0x00, 0x00, 0x00, 0x00, 0x00, 0x00, 0x00, 0x00,
    0x00, 0x00, 0x00, 0x00, 0x00, 0x00, 0x00, 0x00, 0x00, 0x00, 0x00, 0x00, 0x00, 0x00, 0x00, 0x00,
    0x00, 0x00, 0x00, 0x00, 0x00, 0x00, 0x00, 0x00, 0x00, 0x00, 0x00, 0x00, 0x00, 0x00, 0x00, 0x00,
    0x00, 0x00, 0x00, 0x00, 0x00, 0x00, 0x00, 0x00, 0x00, 0x00, 0x00, 0x00, 0x00, 0x00, 0x00, 0x00,
    0x00, 0x00, 0x00, 0x00, 0x00, 0x00, 0x00, 0x00, 0x00, 0x00, 0x00, 0x00, 0x00, 0x00, 0x00, 0x00,
    0x00, 0x00, 0x00, 0x00, 0x00, 0x00, 0x00, 0x00, 0x00, 0x00, 0x00, 0x00, 0x00, 0x00, 0x00, 0x00,
    0x00, 0x00, 0x00, 0x00, 0x00, 0x00, 0x00, 0x00, 0x00, 0x00, 0x00, 0x00, 0x00, 0x00, 0x00, 0x00,
    0x00, 0x00, 0x00, 0x00, 0x00, 0x00, 0x00, 0x00, 0x00, 0x00, 0x00, 0x00, 0x00, 0x00, 0x00, 0x00,
    0x00, 0x00, 0x00, 0x00, 0x00, 0x00, 0x00, 0x00, 0x00, 0x00, 0x00, 0x00, 0x00, 0x00, 0x00, 0x00,
    0x00, 0x00, 0x00, 0x00, 0x00, 0x00, 0x00, 0x00, 0x00, 0x00, 0x00, 0x00, 0x00, 0x00, 0x00, 0x00,
    0x00, 0x00, 0x00, 0x00, 0x00, 0x00, 0x00, 0x00, 0x00, 0x00, 0x00, 0x00, 0x00, 0x00, 0x00, 0x00,
    0x00, 0x00, 0x00, 0x00, 0x00, 0x00, 0x00, 0x00, 0x00, 0x00, 0x00, 0x00, 0x00, 0x00, 0x00, 0x00,
    0x00, 0x00, 0x00, 0x00, 0x00, 0x00, 0x00, 0x00, 0x00, 0x00, 0x00, 0x00, 0x00, 0x00, 0x00, 0x00,
    0x00, 0x00, 0x00, 0x00, 0x00, 0x00, 0x00, 0x00, 0x00, 0x00, 0x00, 0x00, 0x00, 0x00, 0x00, 0x00,
    0x00, 0x00, 0x00, 0x00, 0x00, 0x00, 0x00, 0x00, 0x00, 0x00, 0x00, 0x00, 0x00, 0x00, 0x00, 0x00,
    0x00, 0x00, 0x00, 0x00, 0x00, 0x00, 0x00, 0x00, 0x00, 0x00, 0x00, 0x00, 0x00, 0x00, 0x00, 0x00,
    0x00, 0x00, 0x00, 0x00, 0x00, 0x00, 0x00, 0x00, 0x00, 0x00, 0x00, 0x00, 0x00, 0x00, 0x00, 0x00,
    0x00, 0x00, 0x00, 0x00, 0x00, 0x00, 0x00, 0x00, 0x00, 0x00, 0x00, 0x00, 0x00, 0x00, 0x00, 0x00,
    0x00, 0x00, 0x00, 0x00, 0x00, 0x00, 0x00, 0x00, 0x00, 0x00, 0x00, 0x00, 0x00, 0x00, 0x00, 0x00,
    0x00, 0x00, 0x00, 0x00, 0x00, 0x00, 0x00, 0x00, 0x00, 0x00, 0x00, 0x00, 0x00, 0x00, 0x00, 0x00,
    0x00, 0x00, 0x00, 0x00, 0x00, 0x00, 0x00, 0x00, 0x00, 0x00, 0x00, 0x00, 0x00, 0x00, 0x00, 0x00,
    0x00, 0x00, 0x00, 0x00, 0x00, 0x00, 0x00, 0x00, 0x00, 0x00, 0x00, 0x00, 0x00, 0x00, 0x00, 0x00,
    0x00, 0x00, 0x00, 0x00, 0x00, 0x00, 0x00, 0x00, 0x00, 0x00, 0x00, 0x00, 0x00, 0x00, 0x00, 0x00,
    0x00, 0x00, 0x00, 0x00, 0x00, 0x00, 0x00, 0x00, 0x00, 0x00, 0x00, 0x00, 0x00, 0x00, 0x00, 0x00,
    0x00, 0x00, 0x00, 0x00, 0x00, 0x00, 0x00, 0x00, 0x00, 0x00, 0x00, 0x00, 0x00, 0x00, 0x00, 0x00,
    0x00, 0x00, 0x00, 0x00, 0x00, 0x00, 0x00, 0x00, 0x00, 0x00, 0x00, 0x00, 0x00, 0x00, 0x00, 0x00,
    0x00, 0x00, 0x00, 0x00, 0x00, 0x00, 0x00, 0x00, 0x00, 0x00, 0x00, 0x00, 0x00, 0x00, 0x00, 0x00,
    0x00, 0x00, 0x00, 0x00, 0x00, 0x00, 0x00, 0x00, 0x00, 0x00, 0x00, 0x00, 0x00, 0x00, 0x00, 0x00,
    0x00, 0x00, 0x00, 0x00, 0x00, 0x00, 0x00, 0x00, 0x00, 0x00, 0x00, 0x00, 0x00, 0x00, 0x00, 0x00,
    0x00, 0x00, 0x00, 0x00, 0x00, 0x00, 0x00, 0x00, 0x00, 0x00, 0x00, 0x00, 0x00, 0x00, 0x00, 0x00,
    0x00, 0x00, 0x00, 0x00, 0x00, 0x00, 0x00, 0x00, 0x00, 0x00, 0x00, 0x00, 0x00, 0x00, 0x00, 0x00,
    0x00, 0x00, 0x00, 0x00, 0x00, 0x00, 0x00, 0x00, 0x00, 0x00, 0x00, 0x00, 0x00, 0x00, 0x00, 0x00,
    0x00, 0x00, 0x00, 0x00, 0x00, 0x00, 0x00, 0x00, 0x00, 0x00, 0x00, 0x00, 0x00, 0x00, 0x00, 0x00,
    0x00, 0x00, 0x00, 0x00, 0x00, 0x00, 0x00, 0x00, 0x00, 0x00, 0x00, 0x00, 0x00, 0x00, 0x00, 0x00,
    0x00, 0x00, 0x00, 0x00, 0x00, 0x00, 0x00, 0x00, 0x00, 0x00, 0x00, 0x00, 0x00, 0x00, 0x00, 0x00,
    0x00, 0x00, 0x00, 0x00, 0x00, 0x00, 0x00, 0x00, 0x00, 0x00, 0x00, 0x00, 0x00, 0x00, 0x00, 0x00,
    0x00, 0x00, 0x00, 0x00, 0x00, 0x00, 0x00, 0x00, 0x00, 0x00, 0x00, 0x00, 0x00, 0x00, 0x00, 0x00,
    0x00, 0x00, 0x00, 0x00, 0x00, 0x00, 0x00, 0x00, 0x00, 0x00, 0x00, 0x00, 0x00, 0x00, 0x00, 0x00,
    0x00, 0x00, 0x00, 0x00, 0x00, 0x00, 0x00, 0x00, 0x00, 0x00, 0x00, 0x00, 0x00, 0x00, 0x00, 0x00,
    0x00, 0x00, 0x00, 0x00, 0x00, 0x00, 0x00, 0x00, 0x00, 0x00, 0x00, 0x00, 0x00, 0x00, 0x00, 0x00,
    0x00, 0x00, 0x00, 0x00, 0x00, 0x00, 0x00, 0x00, 0x00, 0x00, 0x00, 0x00, 0x00, 0x00, 0x00, 0x00,
    0x00, 0x00, 0x00, 0x00, 0x00, 0x00, 0x00, 0x00, 0x00, 0x00, 0x00, 0x00, 0x00, 0x00, 0x00, 0x00,
    0x00, 0x00, 0x00, 0x00, 0x00, 0x00, 0x00, 0x00, 0x00, 0x00, 0x00, 0x00, 0x00, 0x00, 0x00, 0x00,
    0x00, 0x00, 0x00, 0x00, 0x00, 0x00, 0x00, 0x00, 0x00, 0x00, 0x00, 0x00, 0x00, 0x00, 0x00, 0x00,
    0x00, 0x00, 0x00, 0x00, 0x00, 0x00, 0x00, 0x00, 0x00, 0x00, 0x00, 0x00, 0x00, 0x00, 0x00, 0x00,
    0x00, 0x00, 0x00, 0x00, 0x00, 0x00, 0x00, 0x00, 0x00, 0x00, 0x00, 0x00, 0x00, 0x00, 0x00, 0x00,
    0x00, 0x00, 0x00, 0x00, 0x00, 0x00, 0x00, 0x00, 0x00, 0x00, 0x00, 0x00, 0x00, 0x00, 0x00, 0x00,
    0x00, 0x00, 0x00, 0x00, 0x00, 0x00, 0x00, 0x00, 0x00, 0x00, 0x00, 0x00, 0x00, 0x00, 0x00, 0x00,
    0x00, 0x00, 0x00, 0x00, 0x00, 0x00, 0x00, 0x00, 0x00, 0x00, 0x00, 0x00, 0x00, 0x00, 0x00, 0x00,
    0x00, 0x00, 0x00, 0x00, 0x00, 0x00, 0x00, 0x00, 0x00, 0x00, 0x00, 0x00, 0x00, 0x00, 0x00, 0x00,
    0x00, 0x00, 0x00, 0x00, 0x00, 0x00, 0x00, 0x00, 0x00, 0x00, 0x00, 0x00, 0x00, 0x00, 0x00, 0x00,
    0x00, 0x00, 0x00, 0x00, 0x00, 0x00, 0x00, 0x00, 0x00, 0x00, 0x00, 0x00, 0x00, 0x00, 0x00, 0x00,
    0x00, 0x00, 0x00, 0x00, 0x00, 0x00, 0x00, 0x00, 0x00, 0x00, 0x00, 0x00, 0x00, 0x00, 0x00, 0x00,
    0x00, 0x00, 0x00, 0x00, 0x00, 0x00, 0x00, 0x00, 0x00, 0x00, 0x00, 0x00, 0x00, 0x00, 0x00, 0x00,
    0x00, 0x00, 0x00, 0x00, 0x00, 0x00, 0x00, 0x00, 0x00, 0x00, 0x00, 0x00, 0x00, 0x00, 0x00, 0x00,
    0x00, 0x00, 0x00, 0x00, 0x00, 0x00, 0x00, 0x00, 0x00, 0x00, 0x00, 0x00, 0x00, 0x00, 0x00, 0x00,
    0x00, 0x00, 0x00, 0x00, 0x00, 0x00, 0x00, 0x00, 0x00, 0x00, 0x00, 0x00, 0x00, 0x00, 0x00, 0x00,
    0x00, 0x00, 0x00, 0x00, 0x00, 0x00, 0x00, 0x00, 0x00, 0x00, 0x00, 0x00, 0x00, 0x00, 0x00, 0x00,
    0x00, 0x00, 0x00, 0x00, 0x00, 0x00, 0x00, 0x00, 0x00, 0x00, 0x00, 0x00, 0x00, 0x00, 0x00, 0x00,
    0x00, 0x00, 0x00, 0x00, 0x00, 0x00, 0x00, 0x00, 0x00, 0x00, 0x00, 0x00, 0x00, 0x00, 0x00, 0x00,
    0x00, 0x00, 0x00, 0x00, 0x00, 0x00, 0x00, 0x00, 0x00, 0x00, 0x00, 0x00, 0x00, 0x00, 0x00, 0x00,
    0x00, 0x00, 0x00, 0x00, 0x00, 0x00, 0x00, 0x00, 0x00, 0x00, 0x00, 0x00, 0x00, 0x00, 0x00, 0x00,
    0x00, 0x00, 0x00, 0x00, 0x00, 0x00, 0x00, 0x00, 0x00, 0x00, 0x00, 0x00, 0x00, 0x00, 0x00, 0x00,
    0x00, 0x00, 0x00, 0x00, 0x00, 0x00, 0x00, 0x00, 0x00, 0x00, 0x00, 0x00, 0x00, 0x00, 0x00, 0x00,
    0x00, 0x00, 0x00, 0x00, 0x00, 0x00, 0x00, 0x00, 0x00, 0x00, 0x00, 0x00, 0x00, 0x00, 0x00, 0x00,
    0x00, 0x00, 0x00, 0x00, 0x00, 0x00, 0x00, 0x00, 0x00, 0x00, 0x00, 0x00, 0x00, 0x00, 0x00, 0x00,
    0x00, 0x00, 0x00, 0x00, 0x00, 0x00, 0x00, 0x00, 0x00, 0x00, 0x00, 0x00, 0x00, 0x00, 0x00, 0x00,
    0x00, 0x00, 0x00, 0x00, 0x00, 0x00, 0x00, 0x00, 0x00, 0x00, 0x00, 0x00, 0x00, 0x00, 0x00, 0x00,
    0x00, 0x00, 0x00, 0x00, 0x00, 0x00, 0x00, 0x00, 0x00, 0x00, 0x00, 0x00, 0x00, 0x00, 0x00, 0x00,
    0x00, 0x00, 0x00, 0x00, 0x00, 0x00, 0x00, 0x00, 0x00, 0x00, 0x00, 0x00, 0x00, 0x00, 0x00, 0x00,
    0x00, 0x00, 0x00, 0x00, 0x00, 0x00, 0x00, 0x00, 0x00, 0x00, 0x00, 0x00, 0x00, 0x00, 0x00, 0x00,
    0x00, 0x00, 0x00, 0x00, 0x00, 0x00, 0x00, 0x00, 0x00, 0x00, 0x00, 0x00, 0x00, 0x00, 0x00, 0x00,
    0x00, 0x00, 0x00, 0x00, 0x00, 0x00, 0x00, 0x00, 0x00, 0x00, 0x00, 0x00, 0x00, 0x00, 0x00, 0x00,
    0x00, 0x00, 0x00, 0x00, 0x00, 0x00, 0x00, 0x00, 0x00, 0x00, 0x00, 0x00, 0x00, 0x00, 0x00, 0x00,
    0x00, 0x00, 0x00, 0x00, 0x00, 0x00, 0x00, 0x00, 0x00, 0x00, 0x00, 0x00, 0x00, 0x00, 0x00, 0x00,
    0x00, 0x00, 0x00, 0x00, 0x00, 0x00, 0x00, 0x00, 0x00, 0x00, 0x00, 0x00, 0x00, 0x00, 0x00, 0x00,
    0x00, 0x00, 0x00, 0x00, 0x00, 0x00, 0x00, 0x00, 0x00, 0x00, 0x00, 0x00, 0x00, 0x00, 0x00, 0x00,
    0x00, 0x00, 0x00, 0x00, 0x00, 0x00, 0x00, 0x00, 0x00, 0x00, 0x00, 0x00, 0x00, 0x00, 0x00, 0x00,
    0x00, 0x00, 0x00, 0x00, 0x00, 0x00, 0x00, 0x00, 0x00, 0x00, 0x00, 0x00, 0x00, 0x00, 0x00, 0x00,
    0x00, 0x00, 0x00, 0x00, 0x00, 0x00, 0x00, 0x00, 0x00, 0x00, 0x00, 0x00, 0x00, 0x00, 0x00, 0x00,
    0x00, 0x00, 0x00, 0x00, 0x00, 0x00, 0x00, 0x00, 0x00, 0x00, 0x00, 0x00, 0x00, 0x00, 0x00, 0x00,
    0x00, 0x00, 0x00, 0x00, 0x00, 0x00, 0x00, 0x00, 0x00, 0x00, 0x00, 0x00, 0x00, 0x00, 0x00, 0x00,
    0x00, 0x00, 0x00, 0x00, 0x00, 0x00, 0x00, 0x00, 0x00, 0x00, 0x00, 0x00, 0x00, 0x00, 0x00, 0x00,
    0x00, 0x00, 0x00, 0x00, 0x00, 0x00, 0x00, 0x00, 0x00, 0x00, 0x00, 0x00, 0x00, 0x00, 0x00, 0x00,
    0x00, 0x00, 0x00, 0x00, 0x00, 0x00, 0x00, 0x00, 0x00, 0x00, 0x00, 0x00, 0x00, 0x00, 0x00, 0x00,
    0x00, 0x00, 0x00, 0x00, 0x00, 0x00, 0x00, 0x00, 0x00, 0x00, 0x00, 0x00, 0x00, 0x00, 0x00, 0x00,
    0x00, 0x00, 0x00, 0x00, 0x00, 0x00, 0x00, 0x00, 0x00, 0x00, 0x00, 0x00, 0x00, 0x00, 0x00, 0x00,
    0x00, 0x00, 0x00, 0x00, 0x00, 0x00, 0x00, 0x00, 0x00, 0x00, 0x00, 0x00, 0x00, 0x00, 0x00, 0x00,
    0x00, 0x00, 0x00, 0x00, 0x00, 0x00, 0x00, 0x00, 0x00, 0x00, 0x00, 0x00, 0x00, 0x00, 0x00, 0x00,
    0x00, 0x00, 0x00, 0x00, 0x00, 0x00, 0x00, 0x00, 0x00, 0x00, 0x00, 0x00, 0x00, 0x00, 0x00, 0x00,
    0x00, 0x00, 0x00, 0x00, 0x00, 0x00, 0x00, 0x00, 0x00, 0x00, 0x00, 0x00, 0x00, 0x00, 0x00, 0x00,
    0x00, 0x00, 0x00, 0x00, 0x00, 0x00, 0x00, 0x00, 0x00, 0x00, 0x00, 0x00, 0x00, 0x00, 0x00, 0x00,
    0x00, 0x00, 0x00, 0x00, 0x00, 0x00, 0x00, 0x00, 0x00, 0x00, 0x00, 0x00, 0x00, 0x00, 0x00, 0x00,
    0x00, 0x00, 0x00, 0x00, 0x00, 0x00, 0x00, 0x00, 0x00, 0x00, 0x00, 0x00, 0x00, 0x00, 0x00, 0x00,
    0x00, 0x00, 0x00, 0x00, 0x00, 0x00, 0x00, 0x00, 0x00, 0x00, 0x00, 0x00, 0x00, 0x00, 0x00, 0x00,
    0x00, 0x00, 0x00, 0x00, 0x00, 0x00, 0x00, 0x00, 0x00, 0x00, 0x00, 0x00, 0x00, 0x00, 0x00, 0x00,
    0x00, 0x00, 0x00, 0x00, 0x00, 0x00, 0x00, 0x00, 0x00, 0x00, 0x00, 0x00, 0x00, 0x00, 0x00, 0x00,
    0x00, 0x00, 0x00, 0x00, 0x00, 0x00, 0x00, 0x00, 0x00, 0x00, 0x00, 0x00, 0x00, 0x00, 0x00, 0x00,
    0x00, 0x00, 0x00, 0x00, 0x00, 0x00, 0x00, 0x00, 0x00, 0x00, 0x00, 0x00, 0x00, 0x00, 0x00, 0x00,
    0x00, 0x00, 0x00, 0x00, 0x00, 0x00, 0x00, 0x00, 0x00, 0x00, 0x00, 0x00, 0x00, 0x00, 0x00, 0x00,
    0x00, 0x00, 0x00, 0x00, 0x00, 0x00, 0x00, 0x00, 0x00, 0x00, 0x00, 0x00, 0x00, 0x00, 0x00, 0x00,
    0x00, 0x00, 0x00, 0x00, 0x00, 0x00, 0x00, 0x00, 0x00, 0x00, 0x00, 0x00, 0x00, 0x00, 0x00, 0x00,
    0x00, 0x00, 0x00, 0x00, 0x00, 0x00, 0x00, 0x00, 0x00, 0x00, 0x00, 0x00, 0x00, 0x00, 0x00, 0x00,
    0x00, 0x00, 0x00, 0x00, 0x00, 0x00, 0x00, 0x00, 0x00, 0x00, 0x00, 0x00, 0x00, 0x00, 0x00, 0x00,
    0x00, 0x00, 0x00, 0x00, 0x00, 0x00, 0x00, 0x00, 0x00, 0x00, 0x00, 0x00, 0x00, 0x00, 0x00, 0x00,
    0x00, 0x00, 0x00, 0x00, 0x00, 0x00, 0x00, 0x00, 0x00, 0x00, 0x00, 0x00, 0x00, 0x00, 0x00, 0x00,
    0x00, 0x00, 0x00, 0x00, 0x00, 0x00, 0x00, 0x00, 0x00, 0x00, 0x00, 0x00, 0x00, 0x00, 0x00, 0x00,
    0x00, 0x00, 0x00, 0x00, 0x00, 0x00, 0x00, 0x00, 0x00, 0x00, 0x00, 0x00, 0x00, 0x00, 0x00, 0x00,
    0x00, 0x00, 0x00, 0x00, 0x00, 0x00, 0x00, 0x00, 0x00, 0x00, 0x00, 0x00, 0x00, 0x00, 0x00, 0x00,
    0x00, 0x00, 0x00, 0x00, 0x00, 0x00, 0x00, 0x00, 0x00, 0x00, 0x00, 0x00, 0x00, 0x00, 0x00, 0x00,
    0x00, 0x00, 0x00, 0x00, 0x00, 0x00, 0x00, 0x00, 0x00, 0x00, 0x00, 0x00, 0x00, 0x00, 0x00, 0x00,
    0x00, 0x00, 0x00, 0x00, 0x00, 0x00, 0x00, 0x00, 0x00, 0x00, 0x00, 0x00, 0x00, 0x00, 0x00, 0x00,
    0x00, 0x00, 0x00, 0x00, 0x00, 0x00, 0x00, 0x00, 0x00, 0x00, 0x00, 0x00, 0x00, 0x00, 0x00, 0x00,
    0x00, 0x00, 0x00, 0x00, 0x00, 0x00, 0x00, 0x00, 0x00, 0x00, 0x00, 0x00, 0x00, 0x00, 0x00, 0x00,
    0x00, 0x00, 0x00, 0x00, 0x00, 0x00, 0x00, 0x00, 0x00, 0x00, 0x00, 0x00, 0x00, 0x00, 0x00, 0x00,
    0x00, 0x00, 0x00, 0x00, 0x00, 0x00, 0x00, 0x00, 0x00, 0x00, 0x00, 0x00, 0x00, 0x00, 0x00, 0x00,
    0x00, 0x00, 0x00, 0x00, 0x00, 0x00, 0x00, 0x00, 0x00, 0x00, 0x00, 0x00, 0x00, 0x00, 0x00, 0x00,
    0x00, 0x00, 0x00, 0x00, 0x00, 0x00, 0x00, 0x00, 0x00, 0x00, 0x00, 0x00, 0x00, 0x00, 0x00, 0x00,
    0x00, 0x00, 0x00, 0x00, 0x00, 0x00, 0x00, 0x00, 0x00, 0x00, 0x00, 0x00, 0x00, 0x00, 0x00, 0x00,
    0x00, 0x00, 0x00, 0x00, 0x00, 0x00, 0x00, 0x00, 0x00, 0x00, 0x00, 0x00, 0x00, 0x00, 0x00, 0x00,
    0x00, 0x00, 0x00, 0x00, 0x00, 0x00, 0x00, 0x00, 0x00, 0x00, 0x00, 0x00, 0x00, 0x00, 0x00, 0x00,
    0x00, 0x00, 0x00, 0x00, 0x00, 0x00, 0x00, 0x00, 0x00, 0x00, 0x00, 0x00, 0x00, 0x00, 0x00, 0x00,
    0x00, 0x00, 0x00, 0x00, 0x00, 0x00, 0x00, 0x00, 0x00, 0x00, 0x00, 0x00, 0x00, 0x00, 0x00, 0x00,
    0x00, 0x00, 0x00, 0x00, 0x00, 0x00, 0x00, 0x00, 0x00, 0x00, 0x00, 0x00, 0x00, 0x00, 0x00, 0x00,
    0x00, 0x00, 0x00, 0x00, 0x00, 0x00, 0x00, 0x00, 0x00, 0x00, 0x00, 0x00, 0x00, 0x00, 0x00, 0x00,
    0x00, 0x00, 0x00, 0x00, 0x00, 0x00, 0x00, 0x00, 0x00, 0x00, 0x00, 0x00, 0x00, 0x00, 0x00, 0x00,
    0x00, 0x00, 0x00, 0x00, 0x00, 0x00, 0x00, 0x00, 0x00, 0x00, 0x00, 0x00, 0x00, 0x00, 0x00, 0x00,
    0x00, 0x00, 0x00, 0x00, 0x00, 0x00, 0x00, 0x00, 0x00, 0x00, 0x00, 0x00, 0x00, 0x00, 0x00, 0x00,
    0x00, 0x00, 0x00, 0x00, 0x00, 0x00, 0x00, 0x00, 0x00, 0x00, 0x00, 0x00, 0x00, 0x00, 0x00, 0x00,
    0x00, 0x00, 0x00, 0x00, 0x00, 0x00, 0x00, 0x00, 0x00, 0x00, 0x00, 0x00, 0x00, 0x00, 0x00, 0x00,
    0x00, 0x00, 0x00, 0x00, 0x00, 0x00, 0x00, 0x00, 0x00, 0x00, 0x00, 0x00, 0x00, 0x00, 0x00, 0x00,
    0x00, 0x00, 0x00, 0x00, 0x00, 0x00, 0x00, 0x00, 0x00, 0x00, 0x00, 0x00, 0x00, 0x00, 0x00, 0x00,
    0x00, 0x00, 0x00, 0x00, 0x00, 0x00, 0x00, 0x00, 0x00, 0x00, 0x00, 0x00, 0x00, 0x00, 0x00, 0x00,
    0x00, 0x00, 0x00, 0x00, 0x00, 0x00, 0x00, 0x00, 0x00, 0x00, 0x00, 0x00, 0x00, 0x00, 0x00, 0x00,
    0x00, 0x00, 0x00, 0x00, 0x00, 0x00, 0x00, 0x00, 0x00, 0x00, 0x00, 0x00, 0x00, 0x00, 0x00, 0x00,
    0x00, 0x00, 0x00, 0x00, 0x00, 0x00, 0x00, 0x00, 0x00, 0x00, 0x00, 0x00, 0x00, 0x00, 0x00, 0x00,
    0x00, 0x00, 0x00, 0x00, 0x00, 0x00, 0x00, 0x00, 0x00, 0x00, 0x00, 0x00, 0x00, 0x00, 0x00, 0x00,
    0x00, 0x00, 0x00, 0x00, 0x00, 0x00, 0x00, 0x00, 0x00, 0x00, 0x00, 0x00, 0x00, 0x00, 0x00, 0x00,
    0x00, 0x00, 0x00, 0x00, 0x00, 0x00, 0x00, 0x00, 0x00, 0x00, 0x00, 0x00, 0x00, 0x00, 0x00, 0x00,
    0x00, 0x00, 0x00, 0x00, 0x00, 0x00, 0x00, 0x00, 0x00, 0x00, 0x00, 0x00, 0x00, 0x00, 0x00, 0x00,
    0x00, 0x00, 0x00, 0x00, 0x00, 0x00, 0x00, 0x00, 0x00, 0x00, 0x00, 0x00, 0x00, 0x00, 0x00, 0x00,
    0x00, 0x00, 0x00, 0x00, 0x00, 0x00, 0x00, 0x00, 0x00, 0x00, 0x00, 0x00, 0x00, 0x00, 0x00, 0x00,
    0x00, 0x00, 0x00, 0x00, 0x00, 0x00, 0x00, 0x00, 0x00, 0x00, 0x00, 0x00, 0x00, 0x00, 0x00, 0x00,
    0x00, 0x00, 0x00, 0x00, 0x00, 0x00, 0x00, 0x00, 0x00, 0x00, 0x00, 0x00, 0x00, 0x00, 0x00, 0x00,
    0x00, 0x00, 0x00, 0x00, 0x00, 0x00, 0x00, 0x00, 0x00, 0x00, 0x00, 0x00, 0x00, 0x00, 0x00, 0x00,
    0x00, 0x00, 0x00, 0x00, 0x00, 0x00, 0x00, 0x00, 0x00, 0x00, 0x00, 0x00, 0x00, 0x00, 0x00, 0x00,
    0x00, 0x00, 0x00, 0x00, 0x00, 0x00, 0x00, 0x00, 0x00, 0x00, 0x00, 0x00, 0x00, 0x00, 0x00, 0x00,
    0x00, 0x00, 0x00, 0x00, 0x00, 0x00, 0x00, 0x00, 0x00, 0x00, 0x00, 0x00, 0x00, 0x00, 0x00, 0x00,
    0x00, 0x00, 0x00, 0x00, 0x00, 0x00, 0x00, 0x00, 0x00, 0x00, 0x00, 0x00, 0x00, 0x00, 0x00, 0x00,
    0x00, 0x00, 0x00, 0x00, 0x00, 0x00, 0x00, 0x00, 0x00, 0x00, 0x00, 0x00, 0x00, 0x00, 0x00, 0x00,
    0x00, 0x00, 0x00, 0x00, 0x00, 0x00, 0x00, 0x00, 0x00, 0x00, 0x00, 0x00, 0x00, 0x00, 0x00, 0x00,
    0x00, 0x00, 0x00, 0x00, 0x00, 0x00, 0x00, 0x00, 0x00, 0x00, 0x00, 0x00, 0x00, 0x00, 0x00, 0x00,
    0x00, 0x00, 0x00, 0x00, 0x00, 0x00, 0x00, 0x00, 0x00, 0x00, 0x00, 0x00, 0x00, 0x00, 0x00, 0x00,
    0x00, 0x00, 0x00, 0x00, 0x00, 0x00, 0x00, 0x00, 0x00, 0x00, 0x00, 0x00, 0x00, 0x00, 0x00, 0x00,
    0x00, 0x00, 0x00, 0x00, 0x00, 0x00, 0x00, 0x00, 0x00, 0x00, 0x00, 0x00, 0x00, 0x00, 0x00, 0x00,
    0x00, 0x00, 0x00, 0x00, 0x00, 0x00, 0x00, 0x00, 0x00, 0x00, 0x00, 0x00, 0x00, 0x00, 0x00, 0x00,
    0x00, 0x00, 0x00, 0x00, 0x00, 0x00, 0x00, 0x00, 0x00, 0x00, 0x00, 0x00, 0x00, 0x00, 0x00, 0x00,
    0x00, 0x00, 0x00, 0x00, 0x00, 0x00, 0x00, 0x00, 0x00, 0x00, 0x00, 0x00, 0x00, 0x00, 0x00, 0x00,
    0x00, 0x00, 0x00, 0x00, 0x00, 0x00, 0x00, 0x00, 0x00, 0x00, 0x00, 0x00, 0x00, 0x00, 0x00, 0x00,
    0x00, 0x00, 0x00, 0x00, 0x00, 0x00, 0x00, 0x00, 0x00, 0x00, 0x00, 0x00, 0x00, 0x00, 0x00, 0x00,
    0x00, 0x00, 0x00, 0x00, 0x00, 0x00, 0x00, 0x00, 0x00, 0x00, 0x00, 0x00, 0x00, 0x00, 0x00, 0x00,
    0x00, 0x00, 0x00, 0x00, 0x00, 0x00, 0x00, 0x00, 0x00, 0x00, 0x00, 0x00, 0x00, 0x00, 0x00, 0x00,
    0x00, 0x00, 0x00, 0x00, 0x00, 0x00, 0x00, 0x00, 0x00, 0x00, 0x00, 0x00, 0x00, 0x00, 0x00, 0x00,
    0x00, 0x00, 0x00, 0x00, 0x00, 0x00, 0x00, 0x00, 0x00, 0x00, 0x00, 0x00, 0x00, 0x00, 0x00, 0x00,
    0x00, 0x00, 0x00, 0x00, 0x00, 0x00, 0x00, 0x00, 0x00, 0x00, 0x00, 0x00, 0x00, 0x00, 0x00, 0x00,
    0x00, 0x00, 0x00, 0x00, 0x00, 0x00, 0x00, 0x00, 0x00, 0x00, 0x00, 0x00, 0x00, 0x00, 0x00, 0x00,
    0x00, 0x00, 0x00, 0x00, 0x00, 0x00, 0x00, 0x00, 0x00, 0x00, 0x00, 0x00, 0x00, 0x00, 0x00, 0x00,
    0x00, 0x00, 0x00, 0x00, 0x00, 0x00, 0x00, 0x00, 0x00, 0x00, 0x00, 0x00, 0x00, 0x00, 0x00, 0x00,
    0x00, 0x00, 0x00, 0x00, 0x00, 0x00, 0x00, 0x00, 0x00, 0x00, 0x00, 0x00, 0x00, 0x00, 0x00, 0x00,
    0x00, 0x00, 0x00, 0x00, 0x00, 0x00, 0x00, 0x00, 0x00, 0x00, 0x00, 0x00, 0x00, 0x00, 0x00, 0x00,
    0x00, 0x00, 0x00, 0x00, 0x00, 0x00, 0x00, 0x00, 0x00, 0x00, 0x00, 0x00, 0x00, 0x00, 0x00, 0x00,
    0x00, 0x00, 0x00, 0x00, 0x00, 0x00, 0x00, 0x00, 0x00, 0x00, 0x00, 0x00, 0x00, 0x00, 0x00, 0x00,
    0x00, 0x00, 0x00, 0x00, 0x00, 0x00, 0x00, 0x00, 0x00, 0x00, 0x00, 0x00, 0x00, 0x00, 0x00, 0x00,
    0x00, 0x00, 0x00, 0x00, 0x00, 0x00, 0x00, 0x00, 0x00, 0x00, 0x00, 0x00, 0x00, 0x00, 0x00, 0x00,
    0x00, 0x00, 0x00, 0x00, 0x00, 0x00, 0x00, 0x00, 0x00, 0x00, 0x00, 0x00, 0x00, 0x00, 0x00, 0x00,
    0x00, 0x00, 0x00, 0x00, 0x00, 0x00, 0x00, 0x00, 0x00, 0x00, 0x00, 0x00, 0x00, 0x00, 0x00, 0x00,
    0x00, 0x00, 0x00, 0x00, 0x00, 0x00, 0x00, 0x00, 0x00, 0x00, 0x00, 0x00, 0x00, 0x00, 0x00, 0x00,
    0x00, 0x00, 0x00, 0x00, 0x00, 0x00, 0x00, 0x00, 0x00, 0x00, 0x00, 0x00, 0x00, 0x00, 0x00, 0x00,
    0x00, 0x00, 0x00, 0x00, 0x00, 0x00, 0x00, 0x00, 0x00, 0x00, 0x00, 0x00, 0x00, 0x00, 0x00, 0x00,
    0x00, 0x00, 0x00, 0x00, 0x00, 0x00, 0x00, 0x00, 0x00, 0x00, 0x00, 0x00, 0x00, 0x00, 0x00, 0x00,
    0x00, 0x00, 0x00, 0x00, 0x00, 0x00, 0x00, 0x00, 0x00, 0x00, 0x00, 0x00, 0x00, 0x00, 0x00, 0x00,
    0x00, 0x00, 0x00, 0x00, 0x00, 0x00, 0x00, 0x00, 0x00, 0x00, 0x00, 0x00, 0x00, 0x00, 0x00, 0x00,
    0x00, 0x00, 0x00, 0x00, 0x00, 0x00, 0x00, 0x00, 0x00, 0x00, 0x00, 0x00, 0x00, 0x00, 0x00, 0x00,
    0x00, 0x00, 0x00, 0x00, 0x00, 0x00, 0x00, 0x00, 0x00, 0x00, 0x00, 0x00, 0x00, 0x00, 0x00, 0x00,
    0x00, 0x00, 0x00, 0x00, 0x00, 0x00, 0x00, 0x00, 0x00, 0x00, 0x00, 0x00, 0x00, 0x00, 0x00, 0x00,
    0x00, 0x00, 0x00, 0x00, 0x00, 0x00, 0x00, 0x00, 0x00, 0x00, 0x00, 0x00, 0x00, 0x00, 0x00, 0x00,
    0x00, 0x00, 0x00, 0x00, 0x00, 0x00, 0x00, 0x00, 0x00, 0x00, 0x00, 0x00, 0x00, 0x00, 0x00, 0x00,
    0x00, 0x00, 0x00, 0x00, 0x00, 0x00, 0x00, 0x00, 0x00, 0x00, 0x00, 0x00, 0x00, 0x00, 0x00, 0x00,
    0x00, 0x00, 0x00, 0x00, 0x00, 0x00, 0x00, 0x00, 0x00, 0x00, 0x00, 0x00, 0x00, 0x00, 0x00, 0x00,
    0x00, 0x00, 0x00, 0x00, 0x00, 0x00, 0x00, 0x00, 0x00, 0x00, 0x00, 0x00, 0x00, 0x00, 0x00, 0x00,
    0x00, 0x00, 0x00, 0x00, 0x00, 0x00, 0x00, 0x00, 0x00, 0x00, 0x00, 0x00, 0x00, 0x00, 0x00, 0x00,
    0x00, 0x00, 0x00, 0x00, 0x00, 0x00, 0x00, 0x00, 0x00, 0x00, 0x00, 0x00, 0x00, 0x00, 0x00, 0x00,
    0x00, 0x00, 0x00, 0x00, 0x00, 0x00, 0x00, 0x00, 0x00, 0x00, 0x00, 0x00, 0x00, 0x00, 0x00, 0x00,
    0x00, 0x00, 0x00, 0x00, 0x00, 0x00, 0x00, 0x00, 0x00, 0x00, 0x00, 0x00, 0x00, 0x00, 0x00, 0x00,
    0x00, 0x00, 0x00, 0x00, 0x00, 0x00, 0x00, 0x00, 0x00, 0x00, 0x00, 0x00, 0x00, 0x00, 0x00, 0x00,
    0x00, 0x00, 0x00, 0x00, 0x00, 0x00, 0x00, 0x00, 0x00, 0x00, 0x00, 0x00, 0x00, 0x00, 0x00, 0x00,
    0x00, 0x00, 0x00, 0x00, 0x00, 0x00, 0x00, 0x00, 0x00, 0x00, 0x00, 0x00, 0x00, 0x00, 0x00, 0x00,
    0x00, 0x00, 0x00, 0x00, 0x00, 0x00, 0x00, 0x00, 0x00, 0x00, 0x00, 0x00, 0x00, 0x00, 0x00, 0x00,
    0x00, 0x00, 0x00, 0x00, 0x00, 0x00, 0x00, 0x00, 0x00, 0x00, 0x00, 0x00, 0x00, 0x00, 0x00, 0x00,
    0x00, 0x00, 0x00, 0x00, 0x00, 0x00, 0x00, 0x00, 0x00, 0x00, 0x00, 0x00, 0x00, 0x00, 0x00, 0x00,
    0x00, 0x00, 0x00, 0x00, 0x00, 0x00, 0x00, 0x00, 0x00, 0x00, 0x00, 0x00, 0x00, 0x00, 0x00, 0x00,
    0x00, 0x00, 0x00, 0x00, 0x00, 0x00, 0x00, 0x00, 0x00, 0x00, 0x00, 0x00, 0x00, 0x00, 0x00, 0x00,
    0x00, 0x00, 0x00, 0x00, 0x00, 0x00, 0x00, 0x00, 0x00, 0x00, 0x00, 0x00, 0x00, 0x00, 0x00, 0x00,
    0x00, 0x00, 0x00, 0x00, 0x00, 0x00, 0x00, 0x00, 0x00, 0x00, 0x00, 0x00, 0x00, 0x00, 0x00, 0x00,
    0x00, 0x00, 0x00, 0x00, 0x00, 0x00, 0x00, 0x00, 0x00, 0x00, 0x00, 0x00, 0x00, 0x00, 0x00, 0x00,
    0x00, 0x00, 0x00, 0x00, 0x00, 0x00, 0x00, 0x00, 0x00, 0x00, 0x00, 0x00, 0x00, 0x00, 0x00, 0x00,
    0x00, 0x00, 0x00, 0x00, 0x00, 0x00, 0x00, 0x00, 0x00, 0x00, 0x00, 0x00, 0x00, 0x00, 0x00, 0x00,
    0x00, 0x00, 0x00, 0x00, 0x00, 0x00, 0x00, 0x00, 0x00, 0x00, 0x00, 0x00, 0x00, 0x00, 0x00, 0x00,
    0x00, 0x00, 0x00, 0x00, 0x00, 0x00, 0x00, 0x00, 0x00, 0x00, 0x00, 0x00, 0x00, 0x00, 0x00, 0x00,
    0x00, 0x00, 0x00, 0x00, 0x00, 0x00, 0x00, 0x00, 0x00, 0x00, 0x00, 0x00, 0x00, 0x00, 0x00, 0x00,
    0x00, 0x00, 0x00, 0x00, 0x00, 0x00, 0x00, 0x00, 0x00, 0x00, 0x00, 0x00, 0x00, 0x00, 0x00, 0x00,
    0x00, 0x00, 0x00, 0x00, 0x00, 0x00, 0x00, 0x00, 0x00, 0x00, 0x00, 0x00, 0x00, 0x00, 0x00, 0x00,
    0x00, 0x00, 0x00, 0x00, 0x00, 0x00, 0x00, 0x00, 0x00, 0x00, 0x00, 0x00, 0x00, 0x00, 0x00, 0x00,
    0x00, 0x00, 0x00, 0x00, 0x00, 0x00, 0x00, 0x00, 0x00, 0x00, 0x00, 0x00, 0x00, 0x00, 0x00, 0x00,
    0x00, 0x00, 0x00, 0x00, 0x00, 0x00, 0x00, 0x00, 0x00, 0x00, 0x00, 0x00, 0x00, 0x00, 0x00, 0x00,
    0x00, 0x00, 0x00, 0x00, 0x00, 0x00, 0x00, 0x00, 0x00, 0x00, 0x00, 0x00, 0x00, 0x00, 0x00, 0x00,
    0x00, 0x00, 0x00, 0x00, 0x00, 0x00, 0x00, 0x00, 0x00, 0x00, 0x00, 0x00, 0x00, 0x00, 0x00, 0x00,
    0x00, 0x00, 0x00, 0x00, 0x00, 0x00, 0x00, 0x00, 0x00, 0x00, 0x00, 0x00, 0x00, 0x00, 0x00, 0x00,
    0x00, 0x00, 0x00, 0x00, 0x00, 0x00, 0x00, 0x00, 0x00, 0x00, 0x00, 0x00, 0x00, 0x00, 0x00, 0x00,
    0x00, 0x00, 0x00, 0x00, 0x00, 0x00, 0x00, 0x00, 0x00, 0x00, 0x00, 0x00, 0x00, 0x00, 0x00, 0x00,
    0x00, 0x00, 0x00, 0x00, 0x00, 0x00, 0x00, 0x00, 0x00, 0x00, 0x00, 0x00, 0x00, 0x00, 0x00, 0x00,
    0x00, 0x00, 0x00, 0x00, 0x00, 0x00, 0x00, 0x00, 0x00, 0x00, 0x00, 0x00, 0x00, 0x00, 0x00, 0x00,
    0x00, 0x00, 0x00, 0x00, 0x00, 0x00, 0x00, 0x00, 0x00, 0x00, 0x00, 0x00, 0x00, 0x00, 0x00, 0x00,
    0x00, 0x00, 0x00, 0x00, 0x00, 0x00, 0x00, 0x00, 0x00, 0x00, 0x00, 0x00, 0x00, 0x00, 0x00, 0x00,
    0x00, 0x00, 0x00, 0x00, 0x00, 0x00, 0x00, 0x00, 0x00, 0x00, 0x00, 0x00, 0x00, 0x00, 0x00, 0x00,
    0x00, 0x00, 0x00, 0x00, 0x00, 0x00, 0x00, 0x00, 0x00, 0x00, 0x00, 0x00, 0x00, 0x00, 0x00, 0x00,
    0x00, 0x00, 0x00, 0x00, 0x00, 0x00, 0x00, 0x00, 0x00, 0x00, 0x00, 0x00, 0x00, 0x00, 0x00, 0x00,
    0x00, 0x00, 0x00, 0x00, 0x00, 0x00, 0x00, 0x00, 0x00, 0x00, 0x00, 0x00, 0x00, 0x00, 0x00, 0x00,
    0x00, 0x00, 0x00, 0x00, 0x00, 0x00, 0x00, 0x00, 0x00, 0x00, 0x00, 0x00, 0x00, 0x00, 0x00, 0x00,
    0x00, 0x00, 0x00, 0x00, 0x00, 0x00, 0x00, 0x00, 0x00, 0x00, 0x00, 0x00, 0x00, 0x00, 0x00, 0x00,
    0x00, 0x00, 0x00, 0x00, 0x00, 0x00, 0x00, 0x00, 0x00, 0x00, 0x00, 0x00, 0x00, 0x00, 0x00, 0x00,
    0x00, 0x00, 0x00, 0x00, 0x00, 0x00, 0x00, 0x00, 0x00, 0x00, 0x00, 0x00, 0x00, 0x00, 0x00, 0x00,
    0x00, 0x00, 0x00, 0x00, 0x00, 0x00, 0x00, 0x00, 0x00, 0x00, 0x00, 0x00, 0x00, 0x00, 0x00, 0x00,
    0x00, 0x00, 0x00, 0x00, 0x00, 0x00, 0x00, 0x00, 0x00, 0x00, 0x00, 0x00, 0x00, 0x00, 0x00, 0x00,
    0x00, 0x00, 0x00, 0x00, 0x00, 0x00, 0x00, 0x00, 0x00, 0x00, 0x00, 0x00, 0x00, 0x00, 0x00, 0x00,
    0x00, 0x00, 0x00, 0x00, 0x00, 0x00, 0x00, 0x00, 0x00, 0x00, 0x00, 0x00, 0x00, 0x00, 0x00, 0x00,
    0x00, 0x00, 0x00, 0x00, 0x00, 0x00, 0x00, 0x00, 0x00, 0x00, 0x00, 0x00, 0x00, 0x00, 0x00, 0x00,
    0x00, 0x00, 0x00, 0x00, 0x00, 0x00, 0x00, 0x00, 0x00, 0x00, 0x00, 0x00, 0x00, 0x00, 0x00, 0x00,
    0x00, 0x00, 0x00, 0x00, 0x00, 0x00, 0x00, 0x00, 0x00, 0x00, 0x00, 0x00, 0x00, 0x00, 0x00, 0x00,
    0x00, 0x00, 0x00, 0x00, 0x00, 0x00, 0x00, 0x00, 0x00, 0x00, 0x00, 0x00, 0x00, 0x00, 0x00, 0x00,
    0x00, 0x00, 0x00, 0x00, 0x00, 0x00, 0x00, 0x00, 0x00, 0x00, 0x00, 0x00, 0x00, 0x00, 0x00, 0x00,
    0x00, 0x00, 0x00, 0x00, 0x00, 0x00, 0x00, 0x00, 0x00, 0x00, 0x00, 0x00, 0x00, 0x00, 0x00, 0x00,
    0x00, 0x00, 0x00, 0x00, 0x00, 0x00, 0x00, 0x00, 0x00, 0x00, 0x00, 0x00, 0x00, 0x00, 0x00, 0x00,
    0x00, 0x00, 0x00, 0x00, 0x00, 0x00, 0x00, 0x00, 0x00, 0x00, 0x00, 0x00, 0x00, 0x00, 0x00, 0x00,
    0x00, 0x00, 0x00, 0x00, 0x00, 0x00, 0x00, 0x00, 0x00, 0x00, 0x00, 0x00, 0x00, 0x00, 0x00, 0x00,
    0x00, 0x00, 0x00, 0x00, 0x00, 0x00, 0x00, 0x00, 0x00, 0x00, 0x00, 0x00, 0x00, 0x00, 0x00, 0x00,
    0x00, 0x00, 0x00, 0x00, 0x00, 0x00, 0x00, 0x00, 0x00, 0x00, 0x00, 0x00, 0x00, 0x00, 0x00, 0x00,
    0x00, 0x00, 0x00, 0x00, 0x00, 0x00, 0x00, 0x00, 0x00, 0x00, 0x00, 0x00, 0x00, 0x00, 0x00, 0x00,
    0x00, 0x00, 0x00, 0x00, 0x00, 0x00, 0x00, 0x00, 0x00, 0x00, 0x00, 0x00, 0x00, 0x00, 0x00, 0x00,
    0x00, 0x00, 0x00, 0x00, 0x00, 0x00, 0x00, 0x00, 0x00, 0x00, 0x00, 0x00, 0x00, 0x00, 0x00, 0x00,
    0x00, 0x00, 0x00, 0x00, 0x00, 0x00, 0x00, 0x00, 0x00, 0x00, 0x00, 0x00, 0x00, 0x00, 0x00, 0x00,
    0x00, 0x00, 0x00, 0x00, 0x00, 0x00, 0x00, 0x00, 0x00, 0x00, 0x00, 0x00, 0x00, 0x00, 0x00, 0x00,
    0x00, 0x00, 0x00, 0x00, 0x00, 0x00, 0x00, 0x00, 0x00, 0x00, 0x00, 0x00, 0x00, 0x00, 0x00, 0x00,
    0x00, 0x00, 0x00, 0x00, 0x00, 0x00, 0x00, 0x00, 0x00, 0x00, 0x00, 0x00, 0x00, 0x00, 0x00, 0x00,
    0x00, 0x00, 0x00, 0x00, 0x00, 0x00, 0x00, 0x00, 0x00, 0x00, 0x00, 0x00, 0x00, 0x00, 0x00, 0x00,
    0x00, 0x00, 0x00, 0x00, 0x00, 0x00, 0x00, 0x00, 0x00, 0x00, 0x00, 0x00, 0x00, 0x00, 0x00, 0x00,
    0x00, 0x00, 0x00, 0x00, 0x00, 0x00, 0x00, 0x00, 0x00, 0x00, 0x00, 0x00, 0x00, 0x00, 0x00, 0x00,
    0x00, 0x00, 0x00, 0x00, 0x00, 0x00, 0x00, 0x00, 0x00, 0x00, 0x00, 0x00, 0x00, 0x00, 0x00, 0x00,
    0x00, 0x00, 0x00, 0x00, 0x00, 0x00, 0x00, 0x00, 0x00, 0x00, 0x00, 0x00, 0x00, 0x00, 0x00, 0x00,
    0x00, 0x00, 0x00, 0x00, 0x00, 0x00, 0x00, 0x00, 0x00, 0x00, 0x00, 0x00, 0x00, 0x00, 0x00, 0x00,
    0x00, 0x00, 0x00, 0x00, 0x00, 0x00, 0x00, 0x00, 0x00, 0x00, 0x00, 0x00, 0x00, 0x00, 0x00, 0x00,
    0x00, 0x00, 0x00, 0x00, 0x00, 0x00, 0x00, 0x00, 0x00, 0x00, 0x00, 0x00, 0x00, 0x00, 0x00, 0x00,
    0x00, 0x00, 0x00, 0x00, 0x00, 0x00, 0x00, 0x00, 0x00, 0x00, 0x00, 0x00, 0x00, 0x00, 0x00, 0x00,
    0x00, 0x00, 0x00, 0x00, 0x00, 0x00, 0x00, 0x00, 0x00, 0x00, 0x00, 0x00, 0x00, 0x00, 0x00, 0x00,
    0x00, 0x00, 0x00, 0x00, 0x00, 0x00, 0x00, 0x00, 0x00, 0x00, 0x00, 0x00, 0x00, 0x00, 0x00, 0x00,
    0x00, 0x00, 0x00, 0x00, 0x00, 0x00, 0x00, 0x00, 0x00, 0x00, 0x00, 0x00, 0x00, 0x00, 0x00, 0x00,
    0x00, 0x00, 0x00, 0x00, 0x00, 0x00, 0x00, 0x00, 0x00, 0x00, 0x00, 0x00, 0x00, 0x00, 0x00, 0x00,
    0x00, 0x00, 0x00, 0x00, 0x00, 0x00, 0x00, 0x00, 0x00, 0x00, 0x00, 0x00, 0x00, 0x00, 0x00, 0x00,
    0x00, 0x00, 0x00, 0x00, 0x00, 0x00, 0x00, 0x00, 0x00, 0x00, 0x00, 0x00, 0x00, 0x00, 0x00, 0x00,
    0x00, 0x00, 0x00, 0x00, 0x00, 0x00, 0x00, 0x00, 0x00, 0x00, 0x00, 0x00, 0x00, 0x00, 0x00, 0x00,
    0x00, 0x00, 0x00, 0x00, 0x00, 0x00, 0x00, 0x00, 0x00, 0x00, 0x00, 0x00, 0x00, 0x00, 0x00, 0x00,
    0x00, 0x00, 0x00, 0x00, 0x00, 0x00, 0x00, 0x00, 0x00, 0x00, 0x00, 0x00, 0x00, 0x00, 0x00, 0x00,
    0x00, 0x00, 0x00, 0x00, 0x00, 0x00, 0x00, 0x00, 0x00, 0x00, 0x00, 0x00, 0x00, 0x00, 0x00, 0x00,
    0x00, 0x00, 0x00, 0x00, 0x00, 0x00, 0x00, 0x00, 0x00, 0x00, 0x00, 0x00, 0x00, 0x00, 0x00, 0x00,
    0x00, 0x00, 0x00, 0x00, 0x00, 0x00, 0x00, 0x00, 0x00, 0x00, 0x00, 0x00, 0x00, 0x00, 0x00, 0x00,
    0x00, 0x00, 0x00, 0x00, 0x00, 0x00, 0x00, 0x00, 0x00, 0x00, 0x00, 0x00, 0x00, 0x00, 0x00, 0x00,
    0x00, 0x00, 0x00, 0x00, 0x00, 0x00, 0x00, 0x00, 0x00, 0x00, 0x00, 0x00, 0x00, 0x00, 0x00, 0x00,
    0x00, 0x00, 0x00, 0x00, 0x00, 0x00, 0x00, 0x00, 0x00, 0x00, 0x00, 0x00, 0x00, 0x00, 0x00, 0x00,
    0x00, 0x00, 0x00, 0x00, 0x00, 0x00, 0x00, 0x00, 0x00, 0x00, 0x00, 0x00, 0x00, 0x00, 0x00, 0x00,
    0x00, 0x00, 0x00, 0x00, 0x00, 0x00, 0x00, 0x00, 0x00, 0x00, 0x00, 0x00, 0x00, 0x00, 0x00, 0x00,
    0x00, 0x00, 0x00, 0x00, 0x00, 0x00, 0x00, 0x00, 0x00, 0x00, 0x00, 0x00, 0x00, 0x00, 0x00, 0x00,
    0x00, 0x00, 0x00, 0x00, 0x00, 0x00, 0x00, 0x00, 0x00, 0x00, 0x00, 0x00, 0x00, 0x00, 0x00, 0x00,
    0x00, 0x00, 0x00, 0x00, 0x00, 0x00, 0x00, 0x00, 0x00, 0x00, 0x00, 0x00, 0x00, 0x00, 0x00, 0x00,
    0x00, 0x00, 0x00, 0x00, 0x00, 0x00, 0x00, 0x00, 0x00, 0x00, 0x00, 0x00, 0x00, 0x00, 0x00, 0x00,
    0x00, 0x00, 0x00, 0x00, 0x00, 0x00, 0x00, 0x00, 0x00, 0x00, 0x00, 0x00, 0x00, 0x00, 0x00, 0x00,
    0x00, 0x00, 0x00, 0x00, 0x00, 0x00, 0x00, 0x00, 0x00, 0x00, 0x00, 0x00, 0x00, 0x00, 0x00, 0x00,
    0x00, 0x00, 0x00, 0x00, 0x00, 0x00, 0x00, 0x00, 0x00, 0x00, 0x00, 0x00, 0x00, 0x00, 0x00, 0x00,
    0x00, 0x00, 0x00, 0x00, 0x00, 0x00, 0x00, 0x00, 0x00, 0x00, 0x00, 0x00, 0x00, 0x00, 0x00, 0x00,
    0x00, 0x00, 0x00, 0x00, 0x00, 0x00, 0x00, 0x00, 0x00, 0x00, 0x00, 0x00, 0x00, 0x00, 0x00, 0x00,
    0x00, 0x00, 0x00, 0x00, 0x00, 0x00, 0x00, 0x00, 0x00, 0x00, 0x00, 0x00, 0x00, 0x00, 0x00, 0x00,
    0x00, 0x00, 0x00, 0x00, 0x00, 0x00, 0x00, 0x00, 0x00, 0x00, 0x00, 0x00, 0x00, 0x00, 0x00, 0x00,
    0x00, 0x00, 0x00, 0x00, 0x00, 0x00, 0x00, 0x00, 0x00, 0x00, 0x00, 0x00, 0x00, 0x00, 0x00, 0x00,
    0x00, 0x00, 0x00, 0x00, 0x00, 0x00, 0x00, 0x00, 0x00, 0x00, 0x00, 0x00, 0x00, 0x00, 0x00, 0x00,
    0x00, 0x00, 0x00, 0x00, 0x00, 0x00, 0x00, 0x00, 0x00, 0x00, 0x00, 0x00, 0x00, 0x00, 0x00, 0x00,
    0x00, 0x00, 0x00, 0x00, 0x00, 0x00, 0x00, 0x00, 0x00, 0x00, 0x00, 0x00, 0x00, 0x00, 0x00, 0x00,
    0x00, 0x00, 0x00, 0x00, 0x00, 0x00, 0x00, 0x00, 0x00, 0x00, 0x00, 0x00, 0x00, 0x00, 0x00, 0x00,
    0x00, 0x00, 0x00, 0x00, 0x00, 0x00, 0x00, 0x00, 0x00, 0x00, 0x00, 0x00, 0x00, 0x00, 0x00, 0x00,
    0x00, 0x00, 0x00, 0x00, 0x00, 0x00, 0x00, 0x00, 0x00, 0x00, 0x00, 0x00, 0x00, 0x00, 0x00, 0x00,
    0x00, 0x00, 0x00, 0x00, 0x00, 0x00, 0x00, 0x00, 0x00, 0x00, 0x00, 0x00, 0x00, 0x00, 0x00, 0x00,
    0x00, 0x00, 0x00, 0x00, 0x00, 0x00, 0x00, 0x00, 0x00, 0x00, 0x00, 0x00, 0x00, 0x00, 0x00, 0x00,
    0x00, 0x00, 0x00, 0x00, 0x00, 0x00, 0x00, 0x00, 0x00, 0x00, 0x00, 0x00, 0x00, 0x00, 0x00, 0x00,
    0x00, 0x00, 0x00, 0x00, 0x00, 0x00, 0x00, 0x00, 0x00, 0x00, 0x00, 0x00, 0x00, 0x00, 0x00, 0x00,
    0x00, 0x00, 0x00, 0x00, 0x00, 0x00, 0x00, 0x00, 0x00, 0x00, 0x00, 0x00, 0x00, 0x00, 0x00, 0x00,
    0x00, 0x00, 0x00, 0x00, 0x00, 0x00, 0x00, 0x00, 0x00, 0x00, 0x00, 0x00, 0x00, 0x00, 0x00, 0x00,
    0x00, 0x00, 0x00, 0x00, 0x00, 0x00, 0x00, 0x00, 0x00, 0x00, 0x00, 0x00, 0x00, 0x00, 0x00, 0x00,
    0x00, 0x00, 0x00, 0x00, 0x00, 0x00, 0x00, 0x00, 0x00, 0x00, 0x00, 0x00, 0x00, 0x00, 0x00, 0x00,
    0x00, 0x00, 0x00, 0x00, 0x00, 0x00, 0x00, 0x00, 0x00, 0x00, 0x00, 0x00, 0x00, 0x00, 0x00, 0x00,
    0x00, 0x00, 0x00, 0x00, 0x00, 0x00, 0x00, 0x00, 0x00, 0x00, 0x00, 0x00, 0x00, 0x00, 0x00, 0x00,
    0x00, 0x00, 0x00, 0x00, 0x00, 0x00, 0x00, 0x00, 0x00, 0x00, 0x00, 0x00, 0x00, 0x00, 0x00, 0x00,
    0x00, 0x00, 0x00, 0x00, 0x00, 0x00, 0x00, 0x00, 0x00, 0x00, 0x00, 0x00, 0x00, 0x00, 0x00, 0x00,
    0x00, 0x00, 0x00, 0x00, 0x00, 0x00, 0x00, 0x00, 0x00, 0x00, 0x00, 0x00, 0x00, 0x00, 0x00, 0x00,
    0x00, 0x00, 0x00, 0x00, 0x00, 0x00, 0x00, 0x00, 0x00, 0x00, 0x00, 0x00, 0x00, 0x00, 0x00, 0x00,
    0x00, 0x00, 0x00, 0x00, 0x00, 0x00, 0x00, 0x00, 0x00, 0x00, 0x00, 0x00, 0x00, 0x00, 0x00, 0x00,
    0x00, 0x00, 0x00, 0x00, 0x00, 0x00, 0x00, 0x00, 0x00, 0x00, 0x00, 0x00, 0x00, 0x00, 0x00, 0x00,
    0x00, 0x00, 0x00, 0x00, 0x00, 0x00, 0x00, 0x00, 0x00, 0x00, 0x00, 0x00, 0x00, 0x00, 0x00, 0x00,
    0x00, 0x00, 0x00, 0x00, 0x00, 0x00, 0x00, 0x00, 0x00, 0x00, 0x00, 0x00, 0x00, 0x00, 0x00, 0x00,
    0x00, 0x00, 0x00, 0x00, 0x00, 0x00, 0x00, 0x00, 0x00, 0x00, 0x00, 0x00, 0x00, 0x00, 0x00, 0x00,
    0x00, 0x00, 0x00, 0x00, 0x00, 0x00, 0x00, 0x00, 0x00, 0x00, 0x00, 0x00, 0x00, 0x00, 0x00, 0x00,
    0x00, 0x00, 0x00, 0x00, 0x00, 0x00, 0x00, 0x00, 0x00, 0x00, 0x00, 0x00, 0x00, 0x00, 0x00, 0x00,
    0x00, 0x00, 0x00, 0x00, 0x00, 0x00, 0x00, 0x00, 0x00, 0x00, 0x00, 0x00, 0x00, 0x00, 0x00, 0x00,
    0x00, 0x00, 0x00, 0x00, 0x00, 0x00, 0x00, 0x00, 0x00, 0x00, 0x00, 0x00, 0x00, 0x00, 0x00, 0x00,
    0x00, 0x00, 0x00, 0x00, 0x00, 0x00, 0x00, 0x00, 0x00, 0x00, 0x00, 0x00, 0x00, 0x00, 0x00, 0x00,
    0x00, 0x00, 0x00, 0x00, 0x00, 0x00, 0x00, 0x00, 0x00, 0x00, 0x00, 0x00, 0x00, 0x00, 0x00, 0x00,
    0x00, 0x00, 0x00, 0x00, 0x00, 0x00, 0x00, 0x00, 0x00, 0x00, 0x00, 0x00, 0x00, 0x00, 0x00, 0x00,
    0x00, 0x00, 0x00, 0x00, 0x00, 0x00, 0x00, 0x00, 0x00, 0x00, 0x00, 0x00, 0x00, 0x00, 0x00, 0x00,
    0x00, 0x00, 0x00, 0x00, 0x00, 0x00, 0x00, 0x00, 0x00, 0x00, 0x00, 0x00, 0x00, 0x00, 0x00, 0x00,
    0x00, 0x00, 0x00, 0x00, 0x00, 0x00, 0x00, 0x00, 0x00, 0x00, 0x00, 0x00, 0x00, 0x00, 0x00, 0x00,
    0x00, 0x00, 0x00, 0x00, 0x00, 0x00, 0x00, 0x00, 0x00, 0x00, 0x00, 0x00, 0x00, 0x00, 0x00, 0x00,
    0x00, 0x00, 0x00, 0x00, 0x00, 0x00, 0x00, 0x00, 0x00, 0x00, 0x00, 0x00, 0x00, 0x00, 0x00, 0x00,
    0x00, 0x00, 0x00, 0x00, 0x00, 0x00, 0x00, 0x00, 0x00, 0x00, 0x00, 0x00, 0x00, 0x00, 0x00, 0x00,
    0x00, 0x00, 0x00, 0x00, 0x00, 0x00, 0x00, 0x00, 0x00, 0x00, 0x00, 0x00, 0x00, 0x00, 0x00, 0x00,
    0x00, 0x00, 0x00, 0x00, 0x00, 0x00, 0x00, 0x00, 0x00, 0x00, 0x00, 0x00, 0x00, 0x00, 0x00, 0x00,
    0x00, 0x00, 0x00, 0x00, 0x00, 0x00, 0x00, 0x00, 0x00, 0x00, 0x00, 0x00, 0x00, 0x00, 0x00, 0x00,
    0x00, 0x00, 0x00, 0x00, 0x00, 0x00, 0x00, 0x00, 0x00, 0x00, 0x00, 0x00, 0x00, 0x00, 0x00, 0x00,
    0x00, 0x00, 0x00, 0x00, 0x00, 0x00, 0x00, 0x00, 0x00, 0x00, 0x00, 0x00, 0x00, 0x00, 0x00, 0x00,
    0x00, 0x00, 0x00, 0x00, 0x00, 0x00, 0x00, 0x00, 0x00, 0x00, 0x00, 0x00, 0x00, 0x00, 0x00, 0x00,
    0x00, 0x00, 0x00, 0x00, 0x00, 0x00, 0x00, 0x00, 0x00, 0x00, 0x00, 0x00, 0x00, 0x00, 0x00, 0x00,
    0x00, 0x00, 0x00, 0x00, 0x00, 0x00, 0x00, 0x00, 0x00, 0x00, 0x00, 0x00, 0x00, 0x00, 0x00, 0x00,
    0x00, 0x00, 0x00, 0x00, 0x00, 0x00, 0x00, 0x00, 0x00, 0x00, 0x00, 0x00, 0x00, 0x00, 0x00, 0x00,
    0x00, 0x00, 0x00, 0x00, 0x00, 0x00, 0x00, 0x00, 0x00, 0x00, 0x00, 0x00, 0x00, 0x00, 0x00, 0x00,
    0x00, 0x00, 0x00, 0x00, 0x00, 0x00, 0x00, 0x00, 0x00, 0x00, 0x00, 0x00, 0x00, 0x00, 0x00, 0x00,
    0x00, 0x00, 0x00, 0x00, 0x00, 0x00, 0x00, 0x00, 0x00, 0x00, 0x00, 0x00, 0x00, 0x00, 0x00, 0x00,
    0x00, 0x00, 0x00, 0x00, 0x00, 0x00, 0x00, 0x00, 0x00, 0x00, 0x00, 0x00, 0x00, 0x00, 0x00, 0x00,
    0x00, 0x00, 0x00, 0x00, 0x00, 0x00, 0x00, 0x00, 0x00, 0x00, 0x00, 0x00, 0x00, 0x00, 0x00, 0x00,
    0x00, 0x00, 0x00, 0x00, 0x00, 0x00, 0x00, 0x00, 0x00, 0x00, 0x00, 0x00, 0x00, 0x00, 0x00, 0x00,
    0x00, 0x00, 0x00, 0x00, 0x00, 0x00, 0x00, 0x00, 0x00, 0x00, 0x00, 0x00, 0x00, 0x00, 0x00, 0x00,
    0x00, 0x00, 0x00, 0x00, 0x00, 0x00, 0x00, 0x00, 0x00, 0x00, 0x00, 0x00, 0x00, 0x00, 0x00, 0x00,
    0x00, 0x00, 0x00, 0x00, 0x00, 0x00, 0x00, 0x00, 0x00, 0x00, 0x00, 0x00, 0x00, 0x00, 0x00, 0x00,
    0x00, 0x00, 0x00, 0x00, 0x00, 0x00, 0x00, 0x00, 0x00, 0x00, 0x00, 0x00, 0x00, 0x00, 0x00, 0x00,
    0x00, 0x00, 0x00, 0x00, 0x00, 0x00, 0x00, 0x00, 0x00, 0x00, 0x00, 0x00, 0x00, 0x00, 0x00, 0x00,
    0x00, 0x00, 0x00, 0x00, 0x00, 0x00, 0x00, 0x00, 0x00, 0x00, 0x00, 0x00, 0x00, 0x00, 0x00, 0x00,
    0x00, 0x00, 0x00, 0x00, 0x00, 0x00, 0x00, 0x00, 0x00, 0x00, 0x00, 0x00, 0x00, 0x00, 0x00, 0x00,
    0x00, 0x00, 0x00, 0x00, 0x00, 0x00, 0x00, 0x00, 0x00, 0x00, 0x00, 0x00, 0x00, 0x00, 0x00, 0x00,
    0x00, 0x00, 0x00, 0x00, 0x00, 0x00, 0x00, 0x00, 0x00, 0x00, 0x00, 0x00, 0x00, 0x00, 0x00, 0x00,
    0x00, 0x00, 0x00, 0x00, 0x00, 0x00, 0x00, 0x00, 0x00, 0x00, 0x00, 0x00, 0x00, 0x00, 0x00, 0x00,
    0x00, 0x00, 0x00, 0x00, 0x00, 0x00, 0x00, 0x00, 0x00, 0x00, 0x00, 0x00, 0x00, 0x00, 0x00, 0x00,
    0x00, 0x00, 0x00, 0x00, 0x00, 0x00, 0x00, 0x00, 0x00, 0x00, 0x00, 0x00, 0x00, 0x00, 0x00, 0x00,
    0x00, 0x00, 0x00, 0x00, 0x00, 0x00, 0x00, 0x00, 0x00, 0x00, 0x00, 0x00, 0x00, 0x00, 0x00, 0x00,
    0x00, 0x00, 0x00, 0x00, 0x00, 0x00, 0x00, 0x00, 0x00, 0x00, 0x00, 0x00, 0x00, 0x00, 0x00, 0x00,
    0x00, 0x00, 0x00, 0x00, 0x00, 0x00, 0x00, 0x00, 0x00, 0x00, 0x00, 0x00, 0x00, 0x00, 0x00, 0x00,
    0x00, 0x00, 0x00, 0x00, 0x00, 0x00, 0x00, 0x00, 0x00, 0x00, 0x00, 0x00, 0x00, 0x00, 0x00, 0x00,
    0x00, 0x00, 0x00, 0x00, 0x00, 0x00, 0x00, 0x00, 0x00, 0x00, 0x00, 0x00, 0x00, 0x00, 0x00, 0x00,
    0x00, 0x00, 0x00, 0x00, 0x00, 0x00, 0x00, 0x00, 0x00, 0x00, 0x00, 0x00, 0x00, 0x00, 0x00, 0x00,
    0x00, 0x00, 0x00, 0x00, 0x00, 0x00, 0x00, 0x00, 0x00, 0x00, 0x00, 0x00, 0x00, 0x00, 0x00, 0x00,
    0x00, 0x00, 0x00, 0x00, 0x00, 0x00, 0x00, 0x00, 0x00, 0x00, 0x00, 0x00, 0x00, 0x00, 0x00, 0x00,
    0x00, 0x00, 0x00, 0x00, 0x00, 0x00, 0x00, 0x00, 0x00, 0x00, 0x00, 0x00, 0x00, 0x00, 0x00, 0x00,
    0x00, 0x00, 0x00, 0x00, 0x00, 0x00, 0x00, 0x00, 0x00, 0x00, 0x00, 0x00, 0x00, 0x00, 0x00, 0x00,
    0x00, 0x00, 0x00, 0x00, 0x00, 0x00, 0x00, 0x00, 0x00, 0x00, 0x00, 0x00, 0x00, 0x00, 0x00, 0x00,
    0x00, 0x00, 0x00, 0x00, 0x00, 0x00, 0x00, 0x00, 0x00, 0x00, 0x00, 0x00, 0x00, 0x00, 0x00, 0x00,
    0x00, 0x00, 0x00, 0x00, 0x00, 0x00, 0x00, 0x00, 0x00, 0x00, 0x00, 0x00, 0x00, 0x00, 0x00, 0x00,
    0x00, 0x00, 0x00, 0x00, 0x00, 0x00, 0x00, 0x00, 0x00, 0x00, 0x00, 0x00, 0x00, 0x00, 0x00, 0x00,
    0x00, 0x00, 0x00, 0x00, 0x00, 0x00, 0x00, 0x00, 0x00, 0x00, 0x00, 0x00, 0x00, 0x00, 0x00, 0x00,
    0x00, 0x00, 0x00, 0x00, 0x00, 0x00, 0x00, 0x00, 0x00, 0x00, 0x00, 0x00, 0x00, 0x00, 0x00, 0x00,
    0x00, 0x00, 0x00, 0x00, 0x00, 0x00, 0x00, 0x00, 0x00, 0x00, 0x00, 0x00, 0x00, 0x00, 0x00, 0x00,
    0x00, 0x00, 0x00, 0x00, 0x00, 0x00, 0x00, 0x00, 0x00, 0x00, 0x00, 0x00, 0x00, 0x00, 0x00, 0x00,
    0x00, 0x00, 0x00, 0x00, 0x00, 0x00, 0x00, 0x00, 0x00, 0x00, 0x00, 0x00, 0x00, 0x00, 0x00, 0x00,
    0x00, 0x00, 0x00, 0x00, 0x00, 0x00, 0x00, 0x00, 0x00, 0x00, 0x00, 0x00, 0x00, 0x00, 0x00, 0x00,
    0x00, 0x00, 0x00, 0x00, 0x00, 0x00, 0x00, 0x00, 0x00, 0x00, 0x00, 0x00, 0x00, 0x00, 0x00, 0x00,
    0x00, 0x00, 0x00, 0x00, 0x00, 0x00, 0x00, 0x00, 0x00, 0x00, 0x00, 0x00, 0x00, 0x00, 0x00, 0x00,
    0x00, 0x00, 0x00, 0x00, 0x00, 0x00, 0x00, 0x00, 0x00, 0x00, 0x00, 0x00, 0x00, 0x00, 0x00, 0x00,
    0x00, 0x00, 0x00, 0x00, 0x00, 0x00, 0x00, 0x00, 0x00, 0x00, 0x00, 0x00, 0x00, 0x00, 0x00, 0x00,
    0x00, 0x00, 0x00, 0x00, 0x00, 0x00, 0x00, 0x00, 0x00, 0x00, 0x00, 0x00, 0x00, 0x00, 0x00, 0x00,
    0x00, 0x00, 0x00, 0x00, 0x00, 0x00, 0x00, 0x00, 0x00, 0x00, 0x00, 0x00, 0x00, 0x00, 0x00, 0x00,
    0x00, 0x00, 0x00, 0x00, 0x00, 0x00, 0x00, 0x00, 0x00, 0x00, 0x00, 0x00, 0x00, 0x00, 0x00, 0x00,
    0x00, 0x00, 0x00, 0x00, 0x00, 0x00, 0x00, 0x00, 0x00, 0x00, 0x00, 0x00, 0x00, 0x00, 0x00, 0x00,
    0x00, 0x00, 0x00, 0x00, 0x00, 0x00, 0x00, 0x00, 0x00, 0x00, 0x00, 0x00, 0x00, 0x00, 0x00, 0x00,
    0x00, 0x00, 0x00, 0x00, 0x00, 0x00, 0x00, 0x00, 0x00, 0x00, 0x00, 0x00, 0x00, 0x00, 0x00, 0x00,
    0x00, 0x00, 0x00, 0x00, 0x00, 0x00, 0x00, 0x00, 0x00, 0x00, 0x00, 0x00, 0x00, 0x00, 0x00, 0x00,
    0x00, 0x00, 0x00, 0x00, 0x00, 0x00, 0x00, 0x00, 0x00, 0x00, 0x00, 0x00, 0x00, 0x00, 0x00, 0x00,
    0x00, 0x00, 0x00, 0x00, 0x00, 0x00, 0x00, 0x00, 0x00, 0x00, 0x00, 0x00, 0x00, 0x00, 0x00, 0x00,
    0x00, 0x00, 0x00, 0x00, 0x00, 0x00, 0x00, 0x00, 0x00, 0x00, 0x00, 0x00, 0x00, 0x00, 0x00, 0x00,
    0x00, 0x00, 0x00, 0x00, 0x00, 0x00, 0x00, 0x00, 0x00, 0x00, 0x00, 0x00, 0x00, 0x00, 0x00, 0x00,
    0x00, 0x00, 0x00, 0x00, 0x00, 0x00, 0x00, 0x00, 0x00, 0x00, 0x00, 0x00, 0x00, 0x00, 0x00, 0x00,
    0x00, 0x00, 0x00, 0x00, 0x00, 0x00, 0x00, 0x00, 0x00, 0x00, 0x00, 0x00, 0x00, 0x00, 0x00, 0x00,
    0x00, 0x00, 0x00, 0x00, 0x00, 0x00, 0x00, 0x00, 0x00, 0x00, 0x00, 0x00, 0x00, 0x00, 0x00, 0x00,
    0x00, 0x00, 0x00, 0x00, 0x00, 0x00, 0x00, 0x00, 0x00, 0x00, 0x00, 0x00, 0x00, 0x00, 0x00, 0x00,
    0x00, 0x00, 0x00, 0x00, 0x00, 0x00, 0x00, 0x00, 0x00, 0x00, 0x00, 0x00, 0x00, 0x00, 0x00, 0x00,
    0x00, 0x00, 0x00, 0x00, 0x00, 0x00, 0x00, 0x00, 0x00, 0x00, 0x00, 0x00, 0x00, 0x00, 0x00, 0x00,
    0x00, 0x00, 0x00, 0x00, 0x00, 0x00, 0x00, 0x00, 0x00, 0x00, 0x00, 0x00, 0x00, 0x00, 0x00, 0x00,
    0x00, 0x00, 0x00, 0x00, 0x00, 0x00, 0x00, 0x00, 0x00, 0x00, 0x00, 0x00, 0x00, 0x00, 0x00, 0x00,
    0x00, 0x00, 0x00, 0x00, 0x00, 0x00, 0x00, 0x00, 0x00, 0x00, 0x00, 0x00, 0x00, 0x00, 0x00, 0x00,
    0x00, 0x00, 0x00, 0x00, 0x00, 0x00, 0x00, 0x00, 0x00, 0x00, 0x00, 0x00, 0x00, 0x00, 0x00, 0x00,
    0x00, 0x00, 0x00, 0x00, 0x00, 0x00, 0x00, 0x00, 0x00, 0x00, 0x00, 0x00, 0x00, 0x00, 0x00, 0x00,
    0x00, 0x00, 0x00, 0x00, 0x00, 0x00, 0x00, 0x00, 0x00, 0x00, 0x00, 0x00, 0x00, 0x00, 0x00, 0x00,
    0x00, 0x00, 0x00, 0x00, 0x00, 0x00, 0x00, 0x00, 0x00, 0x00, 0x00, 0x00, 0x00, 0x00, 0x00, 0x00,
    0x00, 0x00, 0x00, 0x00, 0x00, 0x00, 0x00, 0x00, 0x00, 0x00, 0x00, 0x00, 0x00, 0x00, 0x00, 0x00,
    0x00, 0x00, 0x00, 0x00, 0x00, 0x00, 0x00, 0x00, 0x00, 0x00, 0x00, 0x00, 0x00, 0x00, 0x00, 0x00,
    0x00, 0x00, 0x00, 0x00, 0x00, 0x00, 0x00, 0x00, 0x00, 0x00, 0x00, 0x00, 0x00, 0x00, 0x00, 0x00,
    0x00, 0x00, 0x00, 0x00, 0x00, 0x00, 0x00, 0x00, 0x00, 0x00, 0x00, 0x00, 0x00, 0x00, 0x00, 0x00,
    0x00, 0x00, 0x00, 0x00, 0x00, 0x00, 0x00, 0x00, 0x00, 0x00, 0x00, 0x00, 0x00, 0x00, 0x00, 0x00,
    0x00, 0x00, 0x00, 0x00, 0x00, 0x00, 0x00, 0x00, 0x00, 0x00, 0x00, 0x00, 0x00, 0x00, 0x00, 0x00,
    0x00, 0x00, 0x00, 0x00, 0x00, 0x00, 0x00, 0x00, 0x00, 0x00, 0x00, 0x00, 0x00, 0x00, 0x00, 0x00,
    0x00, 0x00, 0x00, 0x00, 0x00, 0x00, 0x00, 0x00, 0x00, 0x00, 0x00, 0x00, 0x00, 0x00, 0x00, 0x00,
    0x00, 0x00, 0x00, 0x00, 0x00, 0x00, 0x00, 0x00, 0x00, 0x00, 0x00, 0x00, 0x00, 0x00, 0x00, 0x00,
    0x00, 0x00, 0x00, 0x00, 0x00, 0x00, 0x00, 0x00, 0x00, 0x00, 0x00, 0x00, 0x00, 0x00, 0x00, 0x00,
    0x00, 0x00, 0x00, 0x00, 0x00, 0x00, 0x00, 0x00, 0x00, 0x00, 0x00, 0x00, 0x00, 0x00, 0x00, 0x00,
    0x00, 0x00, 0x00, 0x00, 0x00, 0x00, 0x00, 0x00, 0x00, 0x00, 0x00, 0x00, 0x00, 0x00, 0x00, 0x00,
    0x00, 0x00, 0x00, 0x00, 0x00, 0x00, 0x00, 0x00, 0x00, 0x00, 0x00, 0x00, 0x00, 0x00, 0x00, 0x00,
    0x00, 0x00, 0x00, 0x00, 0x00, 0x00, 0x00, 0x00, 0x00, 0x00, 0x00, 0x00, 0x00, 0x00, 0x00, 0x00,
    0x00, 0x00, 0x00, 0x00, 0x00, 0x00, 0x00, 0x00, 0x00, 0x00, 0x00, 0x00, 0x00, 0x00, 0x00, 0x00,
    0x00, 0x00, 0x00, 0x00, 0x00, 0x00, 0x00, 0x00, 0x00, 0x00, 0x00, 0x00, 0x00, 0x00, 0x00, 0x00,
    0x00, 0x00, 0x00, 0x00, 0x00, 0x00, 0x00, 0x00, 0x00, 0x00, 0x00, 0x00, 0x00, 0x00, 0x00, 0x00,
    0x00, 0x00, 0x00, 0x00, 0x00, 0x00, 0x00, 0x00, 0x00, 0x00, 0x00, 0x00, 0x00, 0x00, 0x00, 0x00,
    0x00, 0x00, 0x00, 0x00, 0x00, 0x00, 0x00, 0x00, 0x00, 0x00, 0x00, 0x00, 0x00, 0x00, 0x00, 0x00,
    0x00, 0x00, 0x00, 0x00, 0x00, 0x00, 0x00, 0x00, 0x00, 0x00, 0x00, 0x00, 0x00, 0x00, 0x00, 0x00,
    0x00, 0x00, 0x00, 0x00, 0x00, 0x00, 0x00, 0x00, 0x00, 0x00, 0x00, 0x00, 0x00, 0x00, 0x00, 0x00,
    0x00, 0x00, 0x00, 0x00, 0x00, 0x00, 0x00, 0x00, 0x00, 0x00, 0x00, 0x00, 0x00, 0x00, 0x00, 0x00,
    0x00, 0x00, 0x00, 0x00, 0x00, 0x00, 0x00, 0x00, 0x00, 0x00, 0x00, 0x00, 0x00, 0x00, 0x00, 0x00,
    0x00, 0x00, 0x00, 0x00, 0x00, 0x00, 0x00, 0x00, 0x00, 0x00, 0x00, 0x00, 0x00, 0x00, 0x00, 0x00,
    0x00, 0x00, 0x00, 0x00, 0x00, 0x00, 0x00, 0x00, 0x00, 0x00, 0x00, 0x00, 0x00, 0x00, 0x00, 0x00,
    0x00, 0x00, 0x00, 0x00, 0x00, 0x00, 0x00, 0x00, 0x00, 0x00, 0x00, 0x00, 0x00, 0x00, 0x00, 0x00,
    0x00, 0x00, 0x00, 0x00, 0x00, 0x00, 0x00, 0x00, 0x00, 0x00, 0x00, 0x00, 0x00, 0x00, 0x00, 0x00,
    0x00, 0x00, 0x00, 0x00, 0x00, 0x00, 0x00, 0x00, 0x00, 0x00, 0x00, 0x00, 0x00, 0x00, 0x00, 0x00,
    0x00, 0x00, 0x00, 0x00, 0x00, 0x00, 0x00, 0x00, 0x00, 0x00, 0x00, 0x00, 0x00, 0x00, 0x00, 0x00,
    0x00, 0x00, 0x00, 0x00, 0x00, 0x00, 0x00, 0x00, 0x00, 0x00, 0x00, 0x00, 0x00, 0x00, 0x00, 0x00,
    0x00, 0x00, 0x00, 0x00, 0x00, 0x00, 0x00, 0x00, 0x00, 0x00, 0x00, 0x00, 0x00, 0x00, 0x00, 0x00,
    0x00, 0x00, 0x00, 0x00, 0x00, 0x00, 0x00, 0x00, 0x00, 0x00, 0x00, 0x00, 0x00, 0x00, 0x00, 0x00,
    0x00, 0x00, 0x00, 0x00, 0x00, 0x00, 0x00, 0x00, 0x00, 0x00, 0x00, 0x00, 0x00, 0x00, 0x00, 0x00,
    0x00, 0x00, 0x00, 0x00, 0x00, 0x00, 0x00, 0x00, 0x00, 0x00, 0x00, 0x00, 0x00, 0x00, 0x00, 0x00,
    0x00, 0x00, 0x00, 0x00, 0x00, 0x00, 0x00, 0x00, 0x00, 0x00, 0x00, 0x00, 0x00, 0x00, 0x00, 0x00,
    0x00, 0x00, 0x00, 0x00, 0x00, 0x00, 0x00, 0x00, 0x00, 0x00, 0x00, 0x00, 0x00, 0x00, 0x00, 0x00,
    0x00, 0x00, 0x00, 0x00, 0x00, 0x00, 0x00, 0x00, 0x00, 0x00, 0x00, 0x00, 0x00, 0x00, 0x00, 0x00,
    0x00, 0x00, 0x00, 0x00, 0x00, 0x00, 0x00, 0x00, 0x00, 0x00, 0x00, 0x00, 0x00, 0x00, 0x00, 0x00,
    0x00, 0x00, 0x00, 0x00, 0x00, 0x00, 0x00, 0x00, 0x00, 0x00, 0x00, 0x00, 0x00, 0x00, 0x00, 0x00,
    0x00, 0x00, 0x00, 0x00, 0x00, 0x00, 0x00, 0x00, 0x00, 0x00, 0x00, 0x00, 0x00, 0x00, 0x00, 0x00,
    0x00, 0x00, 0x00, 0x00, 0x00, 0x00, 0x00, 0x00, 0x00, 0x00, 0x00, 0x00, 0x00, 0x00, 0x00, 0x00,
    0x00, 0x00, 0x00, 0x00, 0x00, 0x00, 0x00, 0x00, 0x00, 0x00, 0x00, 0x00, 0x00, 0x00, 0x00, 0x00,
    0x00, 0x00, 0x00, 0x00, 0x00, 0x00, 0x00, 0x00, 0x00, 0x00, 0x00, 0x00, 0x00, 0x00, 0x00, 0x00,
    0x00, 0x00, 0x00, 0x00, 0x00, 0x00, 0x00, 0x00, 0x00, 0x00, 0x00, 0x00, 0x00, 0x00, 0x00, 0x00,
    0x00, 0x00, 0x00, 0x00, 0x00, 0x00, 0x00, 0x00, 0x00, 0x00, 0x00, 0x00, 0x00, 0x00, 0x00, 0x00,
    0x00, 0x00, 0x00, 0x00, 0x00, 0x00, 0x00, 0x00, 0x00, 0x00, 0x00, 0x00, 0x00, 0x00, 0x00, 0x00,
    0x00, 0x00, 0x00, 0x00, 0x00, 0x00, 0x00, 0x00, 0x00, 0x00, 0x00, 0x00, 0x00, 0x00, 0x00, 0x00,
    0x00, 0x00, 0x00, 0x00, 0x00, 0x00, 0x00, 0x00, 0x00, 0x00, 0x00, 0x00, 0x00, 0x00, 0x00, 0x00,
    0x00, 0x00, 0x00, 0x00, 0x00, 0x00, 0x00, 0x00, 0x00, 0x00, 0x00, 0x00, 0x00, 0x00, 0x00, 0x00,
    0x00, 0x00, 0x00, 0x00, 0x00, 0x00, 0x00, 0x00, 0x00, 0x00, 0x00, 0x00, 0x00, 0x00, 0x00, 0x00,
    0x00, 0x00, 0x00, 0x00, 0x00, 0x00, 0x00, 0x00, 0x00, 0x00, 0x00, 0x00, 0x00, 0x00, 0x00, 0x00,
    0x00, 0x00, 0x00, 0x00, 0x00, 0x00, 0x00, 0x00, 0x00, 0x00, 0x00, 0x00, 0x00, 0x00, 0x00, 0x00,
    0x00, 0x00, 0x00, 0x00, 0x00, 0x00, 0x00, 0x00, 0x00, 0x00, 0x00, 0x00, 0x00, 0x00, 0x00, 0x00,
    0x00, 0x00, 0x00, 0x00, 0x00, 0x00, 0x00, 0x00, 0x00, 0x00, 0x00, 0x00, 0x00, 0x00, 0x00, 0x00,
    0x00, 0x00, 0x00, 0x00, 0x00, 0x00, 0x00, 0x00, 0x00, 0x00, 0x00, 0x00, 0x00, 0x00, 0x00, 0x00,
    0x00, 0x00, 0x00, 0x00, 0x00, 0x00, 0x00, 0x00, 0x00, 0x00, 0x00, 0x00, 0x00, 0x00, 0x00, 0x00,
    0x00, 0x00, 0x00, 0x00, 0x00, 0x00, 0x00, 0x00, 0x00, 0x00, 0x00, 0x00, 0x00, 0x00, 0x00, 0x00,
    0x00, 0x00, 0x00, 0x00, 0x00, 0x00, 0x00, 0x00, 0x00, 0x00, 0x00, 0x00, 0x00, 0x00, 0x00, 0x00,
    0x00, 0x00, 0x00, 0x00, 0x00, 0x00, 0x00, 0x00, 0x00, 0x00, 0x00, 0x00, 0x00, 0x00, 0x00, 0x00,
    0x00, 0x00, 0x00, 0x00, 0x00, 0x00, 0x00, 0x00, 0x00, 0x00, 0x00, 0x00, 0x00, 0x00, 0x00, 0x00,
    0x00, 0x00, 0x00, 0x00, 0x00, 0x00, 0x00, 0x00, 0x00, 0x00, 0x00, 0x00, 0x00, 0x00, 0x00, 0x00,
    0x00, 0x00, 0x00, 0x00, 0x00, 0x00, 0x00, 0x00, 0x00, 0x00, 0x00, 0x00, 0x00, 0x00, 0x00, 0x00,
    0x00, 0x00, 0x00, 0x00, 0x00, 0x00, 0x00, 0x00, 0x00, 0x00, 0x00, 0x00, 0x00, 0x00, 0x00, 0x00,
    0x00, 0x00, 0x00, 0x00, 0x00, 0x00, 0x00, 0x00, 0x00, 0x00, 0x00, 0x00, 0x00, 0x00, 0x00, 0x00,
    0x00, 0x00, 0x00, 0x00, 0x00, 0x00, 0x00, 0x00, 0x00, 0x00, 0x00, 0x00, 0x00, 0x00, 0x00, 0x00,
    0x00, 0x00, 0x00, 0x00, 0x00, 0x00, 0x00, 0x00, 0x00, 0x00, 0x00, 0x00, 0x00, 0x00, 0x00, 0x00,
    0x00, 0x00, 0x00, 0x00, 0x00, 0x00, 0x00, 0x00, 0x00, 0x00, 0x00, 0x00, 0x00, 0x00, 0x00, 0x00,
    0x00, 0x00, 0x00, 0x00, 0x00, 0x00, 0x00, 0x00, 0x00, 0x00, 0x00, 0x00, 0x00, 0x00, 0x00, 0x00,
    0x00, 0x00, 0x00, 0x00, 0x00, 0x00, 0x00, 0x00, 0x00, 0x00, 0x00, 0x00, 0x00, 0x00, 0x00, 0x00,
    0x00, 0x00, 0x00, 0x00, 0x00, 0x00, 0x00, 0x00, 0x00, 0x00, 0x00, 0x00, 0x00, 0x00, 0x00, 0x00,
    0x00, 0x00, 0x00, 0x00, 0x00, 0x00, 0x00, 0x00, 0x00, 0x00, 0x00, 0x00, 0x00, 0x00, 0x00, 0x00,
    0x00, 0x00, 0x00, 0x00, 0x00, 0x00, 0x00, 0x00, 0x00, 0x00, 0x00, 0x00, 0x00, 0x00, 0x00, 0x00,
    0x00, 0x00, 0x00, 0x00, 0x00, 0x00, 0x00, 0x00, 0x00, 0x00, 0x00, 0x00, 0x00, 0x00, 0x00, 0x00,
    0x00, 0x00, 0x00, 0x00, 0x00, 0x00, 0x00, 0x00, 0x00, 0x00, 0x00, 0x00, 0x00, 0x00, 0x00, 0x00,
    0x00, 0x00, 0x00, 0x00, 0x00, 0x00, 0x00, 0x00, 0x00, 0x00, 0x00, 0x00, 0x00, 0x00, 0x00, 0x00,
    0x00, 0x00, 0x00, 0x00, 0x00, 0x00, 0x00, 0x00, 0x00, 0x00, 0x00, 0x00, 0x00, 0x00, 0x00, 0x00,
    0x00, 0x00, 0x00, 0x00, 0x00, 0x00, 0x00, 0x00, 0x00, 0x00, 0x00, 0x00, 0x00, 0x00, 0x00, 0x00,
    0x00, 0x00, 0x00, 0x00, 0x00, 0x00, 0x00, 0x00, 0x00, 0x00, 0x00, 0x00, 0x00, 0x00, 0x00, 0x00,
    0x00, 0x00, 0x00, 0x00, 0x00, 0x00, 0x00, 0x00, 0x00, 0x00, 0x00, 0x00, 0x00, 0x00, 0x00, 0x00,
    0x00, 0x00, 0x00, 0x00, 0x00, 0x00, 0x00, 0x00, 0x00, 0x00, 0x00, 0x00, 0x00, 0x00, 0x00, 0x00,
    0x00, 0x00, 0x00, 0x00, 0x00, 0x00, 0x00, 0x00, 0x00, 0x00, 0x00, 0x00, 0x00, 0x00, 0x00, 0x00,
    0x00, 0x00, 0x00, 0x00, 0x00, 0x00, 0x00, 0x00, 0x00, 0x00, 0x00, 0x00, 0x00, 0x00, 0x00, 0x00,
    0x00, 0x00, 0x00, 0x00, 0x00, 0x00, 0x00, 0x00, 0x00, 0x00, 0x00, 0x00, 0x00, 0x00, 0x00, 0x00,
    0x00, 0x00, 0x00, 0x00, 0x00, 0x00, 0x00, 0x00, 0x00, 0x00, 0x00, 0x00, 0x00, 0x00, 0x00, 0x00,
    0x00, 0x00, 0x00, 0x00, 0x00, 0x00, 0x00, 0x00, 0x00, 0x00, 0x00, 0x00, 0x00, 0x00, 0x00, 0x00,
    0x00, 0x00, 0x00, 0x00, 0x00, 0x00, 0x00, 0x00, 0x00, 0x00, 0x00, 0x00, 0x00, 0x00, 0x00, 0x00,
    0x00, 0x00, 0x00, 0x00, 0x00, 0x00, 0x00, 0x00, 0x00, 0x00, 0x00, 0x00, 0x00, 0x00, 0x00, 0x00,
    0x00, 0x00, 0x00, 0x00, 0x00, 0x00, 0x00, 0x00, 0x00, 0x00, 0x00, 0x00, 0x00, 0x00, 0x00, 0x00,
    0x00, 0x00, 0x00, 0x00, 0x00, 0x00, 0x00, 0x00, 0x00, 0x00, 0x00, 0x00, 0x00, 0x00, 0x00, 0x00,
    0x00, 0x00, 0x00, 0x00, 0x00, 0x00, 0x00, 0x00, 0x00, 0x00, 0x00, 0x00, 0x00, 0x00, 0x00, 0x00,
    0x00, 0x00, 0x00, 0x00, 0x00, 0x00, 0x00, 0x00, 0x00, 0x00, 0x00, 0x00, 0x00, 0x00, 0x00, 0x00,
    0x00, 0x00, 0x00, 0x00, 0x00, 0x00, 0x00, 0x00, 0x00, 0x00, 0x00, 0x00, 0x00, 0x00, 0x00, 0x00,
    0x00, 0x00, 0x00, 0x00, 0x00, 0x00, 0x00, 0x00, 0x00, 0x00, 0x00, 0x00, 0x00, 0x00, 0x00, 0x00,
    0x00, 0x00, 0x00, 0x00, 0x00, 0x00, 0x00, 0x00, 0x00, 0x00, 0x00, 0x00, 0x00, 0x00, 0x00, 0x00,
    0x00, 0x00, 0x00, 0x00, 0x00, 0x00, 0x00, 0x00, 0x00, 0x00, 0x00, 0x00, 0x00, 0x00, 0x00, 0x00,
    0x00, 0x00, 0x00, 0x00, 0x00, 0x00, 0x00, 0x00, 0x00, 0x00, 0x00, 0x00, 0x00, 0x00, 0x00, 0x00,
    0x00, 0x00, 0x00, 0x00, 0x00, 0x00, 0x00, 0x00, 0x00, 0x00, 0x00, 0x00, 0x00, 0x00, 0x00, 0x00,
    0x00, 0x00, 0x00, 0x00, 0x00, 0x00, 0x00, 0x00, 0x00, 0x00, 0x00, 0x00, 0x00, 0x00, 0x00, 0x00,
    0x00, 0x00, 0x00, 0x00, 0x00, 0x00, 0x00, 0x00, 0x00, 0x00, 0x00, 0x00, 0x00, 0x00, 0x00, 0x00,
    0x00, 0x00, 0x00, 0x00, 0x00, 0x00, 0x00, 0x00, 0x00, 0x00, 0x00, 0x00, 0x00, 0x00, 0x00, 0x00,
    0x00, 0x00, 0x00, 0x00, 0x00, 0x00, 0x00, 0x00, 0x00, 0x00, 0x00, 0x00, 0x00, 0x00, 0x00, 0x00,
    0x00, 0x00, 0x00, 0x00, 0x00, 0x00, 0x00, 0x00, 0x00, 0x00, 0x00, 0x00, 0x00, 0x00, 0x00, 0x00,
    0x00, 0x00, 0x00, 0x00, 0x00, 0x00, 0x00, 0x00, 0x00, 0x00, 0x00, 0x00, 0x00, 0x00, 0x00, 0x00,
    0x00, 0x00, 0x00, 0x00, 0x00, 0x00, 0x00, 0x00, 0x00, 0x00, 0x00, 0x00, 0x00, 0x00, 0x00, 0x00,
    0x00, 0x00, 0x00, 0x00, 0x00, 0x00, 0x00, 0x00, 0x00, 0x00, 0x00, 0x00, 0x00, 0x00, 0x00, 0x00,
    0x00, 0x00, 0x00, 0x00, 0x00, 0x00, 0x00, 0x00, 0x00, 0x00, 0x00, 0x00, 0x00, 0x00, 0x00, 0x00,
    0x00, 0x00, 0x00, 0x00, 0x00, 0x00, 0x00, 0x00, 0x00, 0x00, 0x00, 0x00, 0x00, 0x00, 0x00, 0x00,
    0x00, 0x00, 0x00, 0x00, 0x00, 0x00, 0x00, 0x00, 0x00, 0x00, 0x00, 0x00, 0x00, 0x00, 0x00, 0x00,
    0x00, 0x00, 0x00, 0x00, 0x00, 0x00, 0x00, 0x00, 0x00, 0x00, 0x00, 0x00, 0x00, 0x00, 0x00, 0x00,
    0x00, 0x00, 0x00, 0x00, 0x00, 0x00, 0x00, 0x00, 0x00, 0x00, 0x00, 0x00, 0x00, 0x00, 0x00, 0x00,
    0x00, 0x00, 0x00, 0x00, 0x00, 0x00, 0x00, 0x00, 0x00, 0x00, 0x00, 0x00, 0x00, 0x00, 0x00, 0x00,
    0x00, 0x00, 0x00, 0x00, 0x00, 0x00, 0x00, 0x00, 0x00, 0x00, 0x00, 0x00, 0x00, 0x00, 0x00, 0x00,
    0x00, 0x00, 0x00, 0x00, 0x00, 0x00, 0x00, 0x00, 0x00, 0x00, 0x00, 0x00, 0x00, 0x00, 0x00, 0x00,
    0x00, 0x00, 0x00, 0x00, 0x00, 0x00, 0x00, 0x00, 0x00, 0x00, 0x00, 0x00, 0x00, 0x00, 0x00, 0x00,
    0x00, 0x00, 0x00, 0x00, 0x00, 0x00, 0x00, 0x00, 0x00, 0x00, 0x00, 0x00, 0x00, 0x00, 0x00, 0x00,
    0x00, 0x00, 0x00, 0x00, 0x00, 0x00, 0x00, 0x00, 0x00, 0x00, 0x00, 0x00, 0x00, 0x00, 0x00, 0x00,
    0x00, 0x00, 0x00, 0x00, 0x00, 0x00, 0x00, 0x00, 0x00, 0x00, 0x00, 0x00, 0x00, 0x00, 0x00, 0x00,
    0x00, 0x00, 0x00, 0x00, 0x00, 0x00, 0x00, 0x00, 0x00, 0x00, 0x00, 0x00, 0x00, 0x00, 0x00, 0x00,
    0x00, 0x00, 0x00, 0x00, 0x00, 0x00, 0x00, 0x00, 0x00, 0x00, 0x00, 0x00, 0x00, 0x00, 0x00, 0x00,
    0x00, 0x00, 0x00, 0x00, 0x00, 0x00, 0x00, 0x00, 0x00, 0x00, 0x00, 0x00, 0x00, 0x00, 0x00, 0x00,
    0x00, 0x00, 0x00, 0x00, 0x00, 0x00, 0x00, 0x00, 0x00, 0x00, 0x00, 0x00, 0x00, 0x00, 0x00, 0x00,
    0x00, 0x00, 0x00, 0x00, 0x00, 0x00, 0x00, 0x00, 0x00, 0x00, 0x00, 0x00, 0x00, 0x00, 0x00, 0x00,
    0x00, 0x00, 0x00, 0x00, 0x00, 0x00, 0x00, 0x00, 0x00, 0x00, 0x00, 0x00, 0x00, 0x00, 0x00, 0x00,
    0x00, 0x00, 0x00, 0x00, 0x00, 0x00, 0x00, 0x00, 0x00, 0x00, 0x00, 0x00, 0x00, 0x00, 0x00, 0x00,
    0x00, 0x00, 0x00, 0x00, 0x00, 0x00, 0x00, 0x00, 0x00, 0x00, 0x00, 0x00, 0x00, 0x00, 0x00, 0x00,
    0x00, 0x00, 0x00, 0x00, 0x00, 0x00, 0x00, 0x00, 0x00, 0x00, 0x00, 0x00, 0x00, 0x00, 0x00, 0x00,
    0x00, 0x00, 0x00, 0x00, 0x00, 0x00, 0x00, 0x00, 0x00, 0x00, 0x00, 0x00, 0x00, 0x00, 0x00, 0x00,
    0x00, 0x00, 0x00, 0x00, 0x00, 0x00, 0x00, 0x00, 0x00, 0x00, 0x00, 0x00, 0x00, 0x00, 0x00, 0x00,
    0x00, 0x00, 0x00, 0x00, 0x00, 0x00, 0x00, 0x00, 0x00, 0x00, 0x00, 0x00, 0x00, 0x00, 0x00, 0x00,
    0x00, 0x00, 0x00, 0x00, 0x00, 0x00, 0x00, 0x00, 0x00, 0x00, 0x00, 0x00, 0x00, 0x00, 0x00, 0x00,
    0x00, 0x00, 0x00, 0x00, 0x00, 0x00, 0x00, 0x00, 0x00, 0x00, 0x00, 0x00, 0x00, 0x00, 0x00, 0x00,
    0x00, 0x00, 0x00, 0x00, 0x00, 0x00, 0x00, 0x00, 0x00, 0x00, 0x00, 0x00, 0x00, 0x00, 0x00, 0x00,
    0x00, 0x00, 0x00, 0x00, 0x00, 0x00, 0x00, 0x00, 0x00, 0x00, 0x00, 0x00, 0x00, 0x00, 0x00, 0x00,
    0x00, 0x00, 0x00, 0x00, 0x00, 0x00, 0x00, 0x00, 0x00, 0x00, 0x00, 0x00, 0x00, 0x00, 0x00, 0x00,
    0x00, 0x00, 0x00, 0x00, 0x00, 0x00, 0x00, 0x00, 0x00, 0x00, 0x00, 0x00, 0x00, 0x00, 0x00, 0x00,
    0x00, 0x00, 0x00, 0x00, 0x00, 0x00, 0x00, 0x00, 0x00, 0x00, 0x00, 0x00, 0x00, 0x00, 0x00, 0x00,
    0x00, 0x00, 0x00, 0x00, 0x00, 0x00, 0x00, 0x00, 0x00, 0x00, 0x00, 0x00, 0x00, 0x00, 0x00, 0x00,
    0x00, 0x00, 0x00, 0x00, 0x00, 0x00, 0x00, 0x00, 0x00, 0x00, 0x00, 0x00, 0x00, 0x00, 0x00, 0x00,
    0x00, 0x00, 0x00, 0x00, 0x00, 0x00, 0x00, 0x00, 0x00, 0x00, 0x00, 0x00, 0x00, 0x00, 0x00, 0x00,
    0x00, 0x00, 0x00, 0x00, 0x00, 0x00, 0x00, 0x00, 0x00, 0x00, 0x00, 0x00, 0x00, 0x00, 0x00, 0x00,
    0x00, 0x00, 0x00, 0x00, 0x00, 0x00, 0x00, 0x00, 0x00, 0x00, 0x00, 0x00, 0x00, 0x00, 0x00, 0x00,
    0x00, 0x00, 0x00, 0x00, 0x00, 0x00, 0x00, 0x00, 0x00, 0x00, 0x00, 0x00, 0x00, 0x00, 0x00, 0x00,
    0x00, 0x00, 0x00, 0x00, 0x00, 0x00, 0x00, 0x00, 0x00, 0x00, 0x00, 0x00, 0x00, 0x00, 0x00, 0x00,
    0x00, 0x00, 0x00, 0x00, 0x00, 0x00, 0x00, 0x00, 0x00, 0x00, 0x00, 0x00, 0x00, 0x00, 0x00, 0x00,
    0x00, 0x00, 0x00, 0x00, 0x00, 0x00, 0x00, 0x00, 0x00, 0x00, 0x00, 0x00, 0x00, 0x00, 0x00, 0x00,
    0x00, 0x00, 0x00, 0x00, 0x00, 0x00, 0x00, 0x00, 0x00, 0x00, 0x00, 0x00, 0x00, 0x00, 0x00, 0x00,
    0x00, 0x00, 0x00, 0x00, 0x00, 0x00, 0x00, 0x00, 0x00, 0x00, 0x00, 0x00, 0x00, 0x00, 0x00, 0x00,
    0x00, 0x00, 0x00, 0x00, 0x00, 0x00, 0x00, 0x00, 0x00, 0x00, 0x00, 0x00, 0x00, 0x00, 0x00, 0x00,
    0x00, 0x00, 0x00, 0x00, 0x00, 0x00, 0x00, 0x00, 0x00, 0x00, 0x00, 0x00, 0x00, 0x00, 0x00, 0x00,
    0x00, 0x00, 0x00, 0x00, 0x00, 0x00, 0x00, 0x00, 0x00, 0x00, 0x00, 0x00, 0x00, 0x00, 0x00, 0x00,
    0x00, 0x00, 0x00, 0x00, 0x00, 0x00, 0x00, 0x00, 0x00, 0x00, 0x00, 0x00, 0x00, 0x00, 0x00, 0x00,
    0x00, 0x00, 0x00, 0x00, 0x00, 0x00, 0x00, 0x00, 0x00, 0x00, 0x00, 0x00, 0x00, 0x00, 0x00, 0x00,
    0x00, 0x00, 0x00, 0x00, 0x00, 0x00, 0x00, 0x00, 0x00, 0x00, 0x00, 0x00, 0x00, 0x00, 0x00, 0x00,
    0x00, 0x00, 0x00, 0x00, 0x00, 0x00, 0x00, 0x00, 0x00, 0x00, 0x00, 0x00, 0x00, 0x00, 0x00, 0x00,
    0x00, 0x00, 0x00, 0x00, 0x00, 0x00, 0x00, 0x00, 0x00, 0x00, 0x00, 0x00, 0x00, 0x00, 0x00, 0x00,
    0x00, 0x00, 0x00, 0x00, 0x00, 0x00, 0x00, 0x00, 0x00, 0x00, 0x00, 0x00, 0x00, 0x00, 0x00, 0x00,
    0x00, 0x00, 0x00, 0x00, 0x00, 0x00, 0x00, 0x00, 0x00, 0x00, 0x00, 0x00, 0x00, 0x00, 0x00, 0x00,
    0x00, 0x00, 0x00, 0x00, 0x00, 0x00, 0x00, 0x00, 0x00, 0x00, 0x00, 0x00, 0x00, 0x00, 0x00, 0x00,
    0x00, 0x00, 0x00, 0x00, 0x00, 0x00, 0x00, 0x00, 0x00, 0x00, 0x00, 0x00, 0x00, 0x00, 0x00, 0x00,
    0x00, 0x00, 0x00, 0x00, 0x00, 0x00, 0x00, 0x00, 0x00, 0x00, 0x00, 0x00, 0x00, 0x00, 0x00, 0x00,
    0x00, 0x00, 0x00, 0x00, 0x00, 0x00, 0x00, 0x00, 0x00, 0x00, 0x00, 0x00, 0x00, 0x00, 0x00, 0x00,
    0x00, 0x00, 0x00, 0x00, 0x00, 0x00, 0x00, 0x00, 0x00, 0x00, 0x00, 0x00, 0x00, 0x00, 0x00, 0x00,
    0x00, 0x00, 0x00, 0x00, 0x00, 0x00, 0x00, 0x00, 0x00, 0x00, 0x00, 0x00, 0x00, 0x00, 0x00, 0x00,
    0x00, 0x00, 0x00, 0x00, 0x00, 0x00, 0x00, 0x00, 0x00, 0x00, 0x00, 0x00, 0x00, 0x00, 0x00, 0x00,
    0x00, 0x00, 0x00, 0x00, 0x00, 0x00, 0x00, 0x00, 0x00, 0x00, 0x00, 0x00, 0x00, 0x00, 0x00, 0x00,
    0x00, 0x00, 0x00, 0x00, 0x00, 0x00, 0x00, 0x00, 0x00, 0x00, 0x00, 0x00, 0x00, 0x00, 0x00, 0x00,
    0x00, 0x00, 0x00, 0x00, 0x00, 0x00, 0x00, 0x00, 0x00, 0x00, 0x00, 0x00, 0x00, 0x00, 0x00, 0x00,
    0x00, 0x00, 0x00, 0x00, 0x00, 0x00, 0x00, 0x00, 0x00, 0x00, 0x00, 0x00, 0x00, 0x00, 0x00, 0x00,
    0x00, 0x00, 0x00, 0x00, 0x00, 0x00, 0x00, 0x00, 0x00, 0x00, 0x00, 0x00, 0x00, 0x00, 0x00, 0x00,
    0x00, 0x00, 0x00, 0x00, 0x00, 0x00, 0x00, 0x00, 0x00, 0x00, 0x00, 0x00, 0x00, 0x00, 0x00, 0x00,
    0x00, 0x00, 0x00, 0x00, 0x00, 0x00, 0x00, 0x00, 0x00, 0x00, 0x00, 0x00, 0x00, 0x00, 0x00, 0x00,
    0x00, 0x00, 0x00, 0x00, 0x00, 0x00, 0x00, 0x00, 0x00, 0x00, 0x00, 0x00, 0x00, 0x00, 0x00, 0x00,
    0x00, 0x00, 0x00, 0x00, 0x00, 0x00, 0x00, 0x00, 0x00, 0x00, 0x00, 0x00, 0x00, 0x00, 0x00, 0x00,
    0x00, 0x00, 0x00, 0x00, 0x00, 0x00, 0x00, 0x00, 0x00, 0x00, 0x00, 0x00, 0x00, 0x00, 0x00, 0x00,
    0x00, 0x00, 0x00, 0x00, 0x00, 0x00, 0x00, 0x00, 0x00, 0x00, 0x00, 0x00, 0x00, 0x00, 0x00, 0x00,
    0x00, 0x00, 0x00, 0x00, 0x00, 0x00, 0x00, 0x00, 0x00, 0x00, 0x00, 0x00, 0x00, 0x00, 0x00, 0x00,
    0x00, 0x00, 0x00, 0x00, 0x00, 0x00, 0x00, 0x00, 0x00, 0x00, 0x00, 0x00, 0x00, 0x00, 0x00, 0x00,
    0x00, 0x00, 0x00, 0x00, 0x00, 0x00, 0x00, 0x00, 0x00, 0x00, 0x00, 0x00, 0x00, 0x00, 0x00, 0x00,
    0x00, 0x00, 0x00, 0x00, 0x00, 0x00, 0x00, 0x00, 0x00, 0x00, 0x00, 0x00, 0x00, 0x00, 0x00, 0x00,
    0x00, 0x00, 0x00, 0x00, 0x00, 0x00, 0x00, 0x00, 0x00, 0x00, 0x00, 0x00, 0x00, 0x00, 0x00, 0x00,
    0x00, 0x00, 0x00, 0x00, 0x00, 0x00, 0x00, 0x00, 0x00, 0x00, 0x00, 0x00, 0x00, 0x00, 0x00, 0x00,
    0x00, 0x00, 0x00, 0x00, 0x00, 0x00, 0x00, 0x00, 0x00, 0x00, 0x00, 0x00, 0x00, 0x00, 0x00, 0x00,
    0x00, 0x00, 0x00, 0x00, 0x00, 0x00, 0x00, 0x00, 0x00, 0x00, 0x00, 0x00, 0x00, 0x00, 0x00, 0x00,
    0x00, 0x00, 0x00, 0x00, 0x00, 0x00, 0x00, 0x00, 0x00, 0x00, 0x00, 0x00, 0x00, 0x00, 0x00, 0x00,
    0x00, 0x00, 0x00, 0x00, 0x00, 0x00, 0x00, 0x00, 0x00, 0x00, 0x00, 0x00, 0x00, 0x00, 0x00, 0x00,
    0x00, 0x00, 0x00, 0x00, 0x00, 0x00, 0x00, 0x00, 0x00, 0x00, 0x00, 0x00, 0x00, 0x00, 0x00, 0x00,
    0x00, 0x00, 0x00, 0x00, 0x00, 0x00, 0x00, 0x00, 0x00, 0x00, 0x00, 0x00, 0x00, 0x00, 0x00, 0x00,
    0x00, 0x00, 0x00, 0x00, 0x00, 0x00, 0x00, 0x00, 0x00, 0x00, 0x00, 0x00, 0x00, 0x00, 0x00, 0x00,
    0x00, 0x00, 0x00, 0x00, 0x00, 0x00, 0x00, 0x00, 0x00, 0x00, 0x00, 0x00, 0x00, 0x00, 0x00, 0x00,
    0x00, 0x00, 0x00, 0x00, 0x00, 0x00, 0x00, 0x00, 0x00, 0x00, 0x00, 0x00, 0x00, 0x00, 0x00, 0x00,
    0x00, 0x00, 0x00, 0x00, 0x00, 0x00, 0x00, 0x00, 0x00, 0x00, 0x00, 0x00, 0x00, 0x00, 0x00, 0x00,
    0x00, 0x00, 0x00, 0x00, 0x00, 0x00, 0x00, 0x00, 0x00, 0x00, 0x00, 0x00, 0x00, 0x00, 0x00, 0x00,
    0x00, 0x00, 0x00, 0x00, 0x00, 0x00, 0x00, 0x00, 0x00, 0x00, 0x00, 0x00, 0x00, 0x00, 0x00, 0x00,
    0x00, 0x00, 0x00, 0x00, 0x00, 0x00, 0x00, 0x00, 0x00, 0x00, 0x00, 0x00, 0x00, 0x00, 0x00, 0x00,
    0x00, 0x00, 0x00, 0x00, 0x00, 0x00, 0x00, 0x00, 0x00, 0x00, 0x00, 0x00, 0x00, 0x00, 0x00, 0x00,
    0x00, 0x00, 0x00, 0x00, 0x00, 0x00, 0x00, 0x00, 0x00, 0x00, 0x00, 0x00, 0x00, 0x00, 0x00, 0x00,
    0x00, 0x00, 0x00, 0x00, 0x00, 0x00, 0x00, 0x00, 0x00, 0x00, 0x00, 0x00, 0x00, 0x00, 0x00, 0x00,
    0x00, 0x00, 0x00, 0x00, 0x00, 0x00, 0x00, 0x00, 0x00, 0x00, 0x00, 0x00, 0x00, 0x00, 0x00, 0x00,
    0x00, 0x00, 0x00, 0x00, 0x00, 0x00, 0x00, 0x00, 0x00, 0x00, 0x00, 0x00, 0x00, 0x00, 0x00, 0x00,
    0x00, 0x00, 0x00, 0x00, 0x00, 0x00, 0x00, 0x00, 0x00, 0x00, 0x00, 0x00, 0x00, 0x00, 0x00, 0x00,
    0x00, 0x00, 0x00, 0x00, 0x00, 0x00, 0x00, 0x00, 0x00, 0x00, 0x00, 0x00, 0x00, 0x00, 0x00, 0x00,
    0x00, 0x00, 0x00, 0x00, 0x00, 0x00, 0x00, 0x00, 0x00, 0x00, 0x00, 0x00, 0x00, 0x00, 0x00, 0x00,
    0x00, 0x00, 0x00, 0x00, 0x00, 0x00, 0x00, 0x00, 0x00, 0x00, 0x00, 0x00, 0x00, 0x00, 0x00, 0x00,
    0x00, 0x00, 0x00, 0x00, 0x00, 0x00, 0x00, 0x00, 0x00, 0x00, 0x00, 0x00, 0x00, 0x00, 0x00, 0x00,
    0x00, 0x00, 0x00, 0x00, 0x00, 0x00, 0x00, 0x00, 0x00, 0x00, 0x00, 0x00, 0x00, 0x00, 0x00, 0x00,
    0x00, 0x00, 0x00, 0x00, 0x00, 0x00, 0x00, 0x00, 0x00, 0x00, 0x00, 0x00, 0x00, 0x00, 0x00, 0x00,
    0x00, 0x00, 0x00, 0x00, 0x00, 0x00, 0x00, 0x00, 0x00, 0x00, 0x00, 0x00, 0x00, 0x00, 0x00, 0x00,
    0x00, 0x00, 0x00, 0x00, 0x00, 0x00, 0x00, 0x00, 0x00, 0x00, 0x00, 0x00, 0x00, 0x00, 0x00, 0x00,
    0x00, 0x00, 0x00, 0x00, 0x00, 0x00, 0x00, 0x00, 0x00, 0x00, 0x00, 0x00, 0x00, 0x00, 0x00, 0x00,
    0x00, 0x00, 0x00, 0x00, 0x00, 0x00, 0x00, 0x00, 0x00, 0x00, 0x00, 0x00, 0x00, 0x00, 0x00, 0x00,
    0x00, 0x00, 0x00, 0x00, 0x00, 0x00, 0x00, 0x00, 0x00, 0x00, 0x00, 0x00, 0x00, 0x00, 0x00, 0x00,
    0x00, 0x00, 0x00, 0x00, 0x00, 0x00, 0x00, 0x00, 0x00, 0x00, 0x00, 0x00, 0x00, 0x00, 0x00, 0x00,
    0x00, 0x00, 0x00, 0x00, 0x00, 0x00, 0x00, 0x00, 0x00, 0x00, 0x00, 0x00, 0x00, 0x00, 0x00, 0x00,
    0x00, 0x00, 0x00, 0x00, 0x00, 0x00, 0x00, 0x00, 0x00, 0x00, 0x00, 0x00, 0x00, 0x00, 0x00, 0x00,
    0x00, 0x00, 0x00, 0x00, 0x00, 0x00, 0x00, 0x00, 0x00, 0x00, 0x00, 0x00, 0x00, 0x00, 0x00, 0x00,
    0x00, 0x00, 0x00, 0x00, 0x00, 0x00, 0x00, 0x00, 0x00, 0x00, 0x00, 0x00, 0x00, 0x00, 0x00, 0x00,
    0x00, 0x00, 0x00, 0x00, 0x00, 0x00, 0x00, 0x00, 0x00, 0x00, 0x00, 0x00, 0x00, 0x00, 0x00, 0x00,
    0x00, 0x00, 0x00, 0x00, 0x00, 0x00, 0x00, 0x00, 0x00, 0x00, 0x00, 0x00, 0x00, 0x00, 0x00, 0x00,
    0x00, 0x00, 0x00, 0x00, 0x00, 0x00, 0x00, 0x00, 0x00, 0x00, 0x00, 0x00, 0x00, 0x00, 0x00, 0x00,
    0x00, 0x00, 0x00, 0x00, 0x00, 0x00, 0x00, 0x00, 0x00, 0x00, 0x00, 0x00, 0x00, 0x00, 0x00, 0x00,
    0x00, 0x00, 0x00, 0x00, 0x00, 0x00, 0x00, 0x00, 0x00, 0x00, 0x00, 0x00, 0x00, 0x00, 0x00, 0x00,
    0x00, 0x00, 0x00, 0x00, 0x00, 0x00, 0x00, 0x00, 0x00, 0x00, 0x00, 0x00, 0x00, 0x00, 0x00, 0x00,
    0x00, 0x00, 0x00, 0x00, 0x00, 0x00, 0x00, 0x00, 0x00, 0x00, 0x00, 0x00, 0x00, 0x00, 0x00, 0x00,
    0x00, 0x00, 0x00, 0x00, 0x00, 0x00, 0x00, 0x00, 0x00, 0x00, 0x00, 0x00, 0x00, 0x00, 0x00, 0x00,
    0x00, 0x00, 0x00, 0x00, 0x00, 0x00, 0x00, 0x00, 0x00, 0x00, 0x00, 0x00, 0x00, 0x00, 0x00, 0x00,
    0x00, 0x00, 0x00, 0x00, 0x00, 0x00, 0x00, 0x00, 0x00, 0x00, 0x00, 0x00, 0x00, 0x00, 0x00, 0x00,
    0x00, 0x00, 0x00, 0x00, 0x00, 0x00, 0x00, 0x00, 0x00, 0x00, 0x00, 0x00, 0x00, 0x00, 0x00, 0x00,
    0x00, 0x00, 0x00, 0x00, 0x00, 0x00, 0x00, 0x00, 0x00, 0x00, 0x00, 0x00, 0x00, 0x00, 0x00, 0x00,
    0x00, 0x00, 0x00, 0x00, 0x00, 0x00, 0x00, 0x00, 0x00, 0x00, 0x00, 0x00, 0x00, 0x00, 0x00, 0x00,
    0x00, 0x00, 0x00, 0x00, 0x00, 0x00, 0x00, 0x00, 0x00, 0x00, 0x00, 0x00, 0x00, 0x00, 0x00, 0x00,
    0x00, 0x00, 0x00, 0x00, 0x00, 0x00, 0x00, 0x00, 0x00, 0x00, 0x00, 0x00, 0x00, 0x00, 0x00, 0x00,
    0x00, 0x00, 0x00, 0x00, 0x00, 0x00, 0x00, 0x00, 0x00, 0x00, 0x00, 0x00, 0x00, 0x00, 0x00, 0x00,
    0x00, 0x00, 0x00, 0x00, 0x00, 0x00, 0x00, 0x00, 0x00, 0x00, 0x00, 0x00, 0x00, 0x00, 0x00, 0x00,
    0x00, 0x00, 0x00, 0x00, 0x00, 0x00, 0x00, 0x00, 0x00, 0x00, 0x00, 0x00, 0x00, 0x00, 0x00, 0x00,
    0x00, 0x00, 0x00, 0x00, 0x00, 0x00, 0x00, 0x00, 0x00, 0x00, 0x00, 0x00, 0x00, 0x00, 0x00, 0x00,
    0x00, 0x00, 0x00, 0x00, 0x00, 0x00, 0x00, 0x00, 0x00, 0x00, 0x00, 0x00, 0x00, 0x00, 0x00, 0x00,
    0x00, 0x00, 0x00, 0x00, 0x00, 0x00, 0x00, 0x00, 0x00, 0x00, 0x00, 0x00, 0x00, 0x00, 0x00, 0x00,
    0x00, 0x00, 0x00, 0x00, 0x00, 0x00, 0x00, 0x00, 0x00, 0x00, 0x00, 0x00, 0x00, 0x00, 0x00, 0x00,
    0x00, 0x00, 0x00, 0x00, 0x00, 0x00, 0x00, 0x00, 0x00, 0x00, 0x00, 0x00, 0x00, 0x00, 0x00, 0x00,
    0x00, 0x00, 0x00, 0x00, 0x00, 0x00, 0x00, 0x00, 0x00, 0x00, 0x00, 0x00, 0x00, 0x00, 0x00, 0x00,
    0x00, 0x00, 0x00, 0x00, 0x00, 0x00, 0x00, 0x00, 0x00, 0x00, 0x00, 0x00, 0x00, 0x00, 0x00, 0x00,
    0x00, 0x00, 0x00, 0x00, 0x00, 0x00, 0x00, 0x00, 0x00, 0x00, 0x00, 0x00, 0x00, 0x00, 0x00, 0x00,
    0x00, 0x00, 0x00, 0x00, 0x00, 0x00, 0x00, 0x00, 0x00, 0x00, 0x00, 0x00, 0x00, 0x00, 0x00, 0x00,
    0x00, 0x00, 0x00, 0x00, 0x00, 0x00, 0x00, 0x00, 0x00, 0x00, 0x00, 0x00, 0x00, 0x00, 0x00, 0x00,
    0x00, 0x00, 0x00, 0x00, 0x00, 0x00, 0x00, 0x00, 0x00, 0x00, 0x00, 0x00, 0x00, 0x00, 0x00, 0x00,
    0x00, 0x00, 0x00, 0x00, 0x00, 0x00, 0x00, 0x00, 0x00, 0x00, 0x00, 0x00, 0x00, 0x00, 0x00, 0x00,
    0x00, 0x00, 0x00, 0x00, 0x00, 0x00, 0x00, 0x00, 0x00, 0x00, 0x00, 0x00, 0x00, 0x00, 0x00, 0x00,
    0x00, 0x00, 0x00, 0x00, 0x00, 0x00, 0x00, 0x00, 0x00, 0x00, 0x00, 0x00, 0x00, 0x00, 0x00, 0x00,
    0x00, 0x00, 0x00, 0x00, 0x00, 0x00, 0x00, 0x00, 0x00, 0x00, 0x00, 0x00, 0x00, 0x00, 0x00, 0x00,
    0x00, 0x00, 0x00, 0x00, 0x00, 0x00, 0x00, 0x00, 0x00, 0x00, 0x00, 0x00, 0x00, 0x00, 0x00, 0x00,
    0x00, 0x00, 0x00, 0x00, 0x00, 0x00, 0x00, 0x00, 0x00, 0x00, 0x00, 0x00, 0x00, 0x00, 0x00, 0x00,
    0x00, 0x00, 0x00, 0x00, 0x00, 0x00, 0x00, 0x00, 0x00, 0x00, 0x00, 0x00, 0x00, 0x00, 0x00, 0x00,
    0x00, 0x00, 0x00, 0x00, 0x00, 0x00, 0x00, 0x00, 0x00, 0x00, 0x00, 0x00, 0x00, 0x00, 0x00, 0x00,
    0x00, 0x00, 0x00, 0x00, 0x00, 0x00, 0x00, 0x00, 0x00, 0x00, 0x00, 0x00, 0x00, 0x00, 0x00, 0x00,
    0x00, 0x00, 0x00, 0x00, 0x00, 0x00, 0x00, 0x00, 0x00, 0x00, 0x00, 0x00, 0x00, 0x00, 0x00, 0x00,
    0x00, 0x00, 0x00, 0x00, 0x00, 0x00, 0x00, 0x00, 0x00, 0x00, 0x00, 0x00, 0x00, 0x00, 0x00, 0x00,
    0x00, 0x00, 0x00, 0x00, 0x00, 0x00, 0x00, 0x00, 0x00, 0x00, 0x00, 0x00, 0x00, 0x00, 0x00, 0x00,
    0x00, 0x00, 0x00, 0x00, 0x00, 0x00, 0x00, 0x00, 0x00, 0x00, 0x00, 0x00, 0x00, 0x00, 0x00, 0x00,
    0x00, 0x00, 0x00, 0x00, 0x00, 0x00, 0x00, 0x00, 0x00, 0x00, 0x00, 0x00, 0x00, 0x00, 0x00, 0x00,
    0x00, 0x00, 0x00, 0x00, 0x00, 0x00, 0x00, 0x00, 0x00, 0x00, 0x00, 0x00, 0x00, 0x00, 0x00, 0x00,
};

static const uint8_t* const coup_bg_tables[COUP_BG_SCENE_COUNT] = {
    coup_bg_tbl_game,
};

static const uint16_t* const coup_bg_palettes[COUP_BG_SCENE_COUNT] = {
    coup_bg_pal_game,
};

#endif /* COUP_BG_DATA_H */
